date,campaign_id,campaign_name,campaign_type,targeting_type,asin,impressions,clicks,spend,orders,sales
2026-01-01,C-1001,SP | Auto | Electronics Catch-All,Sponsored Products,Auto,B0R5E97R3C,4244,17,17.16,2,179.57
2026-01-01,C-1002,SP | Manual | Office Hero SKU,Sponsored Products,Manual,B0E48MCY15,2752,17,12.82,0,0.0
2026-01-01,C-1003,SP | Auto | Toys Discovery,Sponsored Products,Auto,B0C9DBLSN2,0,0,0.0,0,0.0
2026-01-01,C-1004,SP | Manual | Home & Kitchen Brand Defense,Sponsored Products,Manual,B0DDA4EXPW,2262,13,12.15,0,0.0
2026-01-01,C-1005,SP | Auto | Pet Supplies,Sponsored Products,Auto,B0LD11QTH5,2552,14,8.44,0,0.0
2026-01-01,C-1006,SP | Manual | Sports & Outdoors,Sponsored Products,Manual,B0SSL9ZZJT,1643,10,7.25,0,0.0
2026-01-01,C-1007,SP | Auto | Beauty Explorers,Sponsored Products,Auto,B0KMG3BBNV,8376,24,41.11,0,0.0
2026-01-01,C-1008,SP | Auto | Electronics Diversification,Sponsored Products,Auto,B055PLDLF8,2670,7,6.66,0,0.0
2026-01-01,C-1009,SP | Manual | Kitchen Launch,Sponsored Products,Manual,B0GDNTQUXZ,3514,25,25.37,6,440.59
2026-01-01,C-1010,SB | Brand | AuroraTech,Sponsored Brands,Keyword,B0R5E97R3C,1237,5,5.3,1,97.09
2026-01-01,C-1011,SB | Brand | Nordic Home,Sponsored Brands,Keyword,B0SFWKQDD5,844,3,3.63,0,0.0
2026-01-01,C-1012,SD | Retargeting | Electronics,Sponsored Display,Views remarketing,B0NL5Q5CZM,2774,13,6.63,1,98.09
2026-01-02,C-1001,SP | Auto | Electronics Catch-All,Sponsored Products,Auto,B0R5E97R3C,4759,25,24.04,2,176.48
2026-01-02,C-1002,SP | Manual | Office Hero SKU,Sponsored Products,Manual,B0E48MCY15,1914,11,8.89,3,142.81
2026-01-02,C-1003,SP | Auto | Toys Discovery,Sponsored Products,Auto,B0C9DBLSN2,4567,18,12.98,2,20.27
2026-01-02,C-1004,SP | Manual | Home & Kitchen Brand Defense,Sponsored Products,Manual,B0DDA4EXPW,1637,12,11.73,3,170.98
2026-01-02,C-1005,SP | Auto | Pet Supplies,Sponsored Products,Auto,B0LD11QTH5,6543,29,19.8,2,54.7
2026-01-02,C-1006,SP | Manual | Sports & Outdoors,Sponsored Products,Manual,B0SSL9ZZJT,3899,19,15.08,2,33.55
2026-01-02,C-1007,SP | Auto | Beauty Explorers,Sponsored Products,Auto,B0KMG3BBNV,0,0,0.0,0,0.0
2026-01-02,C-1008,SP | Auto | Electronics Diversification,Sponsored Products,Auto,B055PLDLF8,6886,24,28.74,0,0.0
2026-01-02,C-1009,SP | Manual | Kitchen Launch,Sponsored Products,Manual,B0GDNTQUXZ,1350,7,5.91,0,0.0
2026-01-02,C-1010,SB | Brand | AuroraTech,Sponsored Brands,Keyword,B0R5E97R3C,554,2,2.74,0,0.0
2026-01-02,C-1011,SB | Brand | Nordic Home,Sponsored Brands,Keyword,B0SFWKQDD5,1290,3,3.85,0,0.0
2026-01-02,C-1012,SD | Retargeting | Electronics,Sponsored Display,Views remarketing,B0NL5Q5CZM,2544,10,5.04,1,108.29
2026-01-03,C-1001,SP | Auto | Electronics Catch-All,Sponsored Products,Auto,B0R5E97R3C,4228,16,14.8,1,86.34
2026-01-03,C-1002,SP | Manual | Office Hero SKU,Sponsored Products,Manual,B0E48MCY15,4297,28,17.55,5,249.13
2026-01-03,C-1003,SP | Auto | Toys Discovery,Sponsored Products,Auto,B0C9DBLSN2,3683,17,12.31,0,0.0
2026-01-03,C-1004,SP | Manual | Home & Kitchen Brand Defense,Sponsored Products,Manual,B0DDA4EXPW,1430,10,9.79,1,57.74
2026-01-03,C-1005,SP | Auto | Pet Supplies,Sponsored Products,Auto,B0LD11QTH5,7347,45,27.04,2,53.96
2026-01-03,C-1006,SP | Manual | Sports & Outdoors,Sponsored Products,Manual,B0SSL9ZZJT,1018,5,4.57,1,17.64
2026-01-03,C-1007,SP | Auto | Beauty Explorers,Sponsored Products,Auto,B0KMG3BBNV,8193,17,21.64,0,0.0
2026-01-03,C-1008,SP | Auto | Electronics Diversification,Sponsored Products,Auto,B055PLDLF8,5236,20,24.74,0,0.0
2026-01-03,C-1009,SP | Manual | Kitchen Launch,Sponsored Products,Manual,B0GDNTQUXZ,0,0,0.0,0,0.0
2026-01-03,C-1010,SB | Brand | AuroraTech,Sponsored Brands,Keyword,B0R5E97R3C,854,3,3.24,0,0.0
2026-01-03,C-1011,SB | Brand | Nordic Home,Sponsored Brands,Keyword,B0SFWKQDD5,378,1,1.37,0,0.0
2026-01-03,C-1012,SD | Retargeting | Electronics,Sponsored Display,Views remarketing,B0NL5Q5CZM,4085,16,8.94,4,455.89
2026-01-04,C-1001,SP | Auto | Electronics Catch-All,Sponsored Products,Auto,B0R5E97R3C,6067,19,17.48,2,167.55
2026-01-04,C-1002,SP | Manual | Office Hero SKU,Sponsored Products,Manual,B0E48MCY15,0,0,0.0,0,0.0
2026-01-04,C-1003,SP | Auto | Toys Discovery,Sponsored Products,Auto,B0C9DBLSN2,3680,10,7.1,2,20.92
2026-01-04,C-1004,SP | Manual | Home & Kitchen Brand Defense,Sponsored Products,Manual,B0DDA4EXPW,1056,6,5.06,0,0.0
2026-01-04,C-1005,SP | Auto | Pet Supplies,Sponsored Products,Auto,B0LD11QTH5,4543,24,18.18,2,56.5
2026-01-04,C-1006,SP | Manual | Sports & Outdoors,Sponsored Products,Manual,B0SSL9ZZJT,1272,7,6.5,1,16.05
2026-01-04,C-1007,SP | Auto | Beauty Explorers,Sponsored Products,Auto,B0KMG3BBNV,4043,11,17.58,1,36.92
2026-01-04,C-1008,SP | Auto | Electronics Diversification,Sponsored Products,Auto,B055PLDLF8,3900,16,15.24,0,0.0
2026-01-04,C-1009,SP | Manual | Kitchen Launch,Sponsored Products,Manual,B0GDNTQUXZ,1271,8,8.52,1,75.59
2026-01-04,C-1010,SB | Brand | AuroraTech,Sponsored Brands,Keyword,B0R5E97R3C,1099,5,6.64,0,0.0
2026-01-04,C-1011,SB | Brand | Nordic Home,Sponsored Brands,Keyword,B0SFWKQDD5,362,1,1.07,0,0.0
2026-01-04,C-1012,SD | Retargeting | Electronics,Sponsored Display,Views remarketing,B0NL5Q5CZM,2450,14,7.87,1,102.23
2026-01-05,C-1001,SP | Auto | Electronics Catch-All,Sponsored Products,Auto,B0R5E97R3C,15838,86,63.17,9,833.32
2026-01-05,C-1002,SP | Manual | Office Hero SKU,Sponsored Products,Manual,B0E48MCY15,3341,18,12.69,3,160.89
2026-01-05,C-1003,SP | Auto | Toys Discovery,Sponsored Products,Auto,B0C9DBLSN2,4470,17,10.86,1,10.02
2026-01-05,C-1004,SP | Manual | Home & Kitchen Brand Defense,Sponsored Products,Manual,B0DDA4EXPW,3388,15,16.32,2,113.82
2026-01-05,C-1005,SP | Auto | Pet Supplies,Sponsored Products,Auto,B0LD11QTH5,3380,12,9.73,0,0.0
2026-01-05,C-1006,SP | Manual | Sports & Outdoors,Sponsored Products,Manual,B0SSL9ZZJT,2791,14,9.67,0,0.0
2026-01-05,C-1007,SP | Auto | Beauty Explorers,Sponsored Products,Auto,B0KMG3BBNV,7571,12,18.77,0,0.0
2026-01-05,C-1008,SP | Auto | Electronics Diversification,Sponsored Products,Auto,B055PLDLF8,5034,15,17.33,1,42.37
2026-01-05,C-1009,SP | Manual | Kitchen Launch,Sponsored Products,Manual,B0GDNTQUXZ,0,0,0.0,0,0.0
2026-01-05,C-1010,SB | Brand | AuroraTech,Sponsored Brands,Keyword,B0R5E97R3C,977,4,4.98,0,0.0
2026-01-05,C-1011,SB | Brand | Nordic Home,Sponsored Brands,Keyword,B0SFWKQDD5,821,2,2.7,0,0.0
2026-01-05,C-1012,SD | Retargeting | Electronics,Sponsored Display,Views remarketing,B0NL5Q5CZM,5368,27,13.81,4,447.12
2026-01-06,C-1001,SP | Auto | Electronics Catch-All,Sponsored Products,Auto,B0R5E97R3C,3991,18,14.23,1,89.76
2026-01-06,C-1002,SP | Manual | Office Hero SKU,Sponsored Products,Manual,B0E48MCY15,2022,8,5.44,0,0.0
2026-01-06,C-1003,SP | Auto | Toys Discovery,Sponsored Products,Auto,B0C9DBLSN2,0,0,0.0,0,0.0
2026-01-06,C-1004,SP | Manual | Home & Kitchen Brand Defense,Sponsored Products,Manual,B0DDA4EXPW,2226,17,17.86,1,57.0
2026-01-06,C-1005,SP | Auto | Pet Supplies,Sponsored Products,Auto,B0LD11QTH5,7185,29,23.83,2,52.98
2026-01-06,C-1006,SP | Manual | Sports & Outdoors,Sponsored Products,Manual,B0SSL9ZZJT,1323,7,5.75,0,0.0
2026-01-06,C-1007,SP | Auto | Beauty Explorers,Sponsored Products,Auto,B0KMG3BBNV,6760,17,23.66,0,0.0
2026-01-06,C-1008,SP | Auto | Electronics Diversification,Sponsored Products,Auto,B055PLDLF8,3574,13,12.87,0,0.0
2026-01-06,C-1009,SP | Manual | Kitchen Launch,Sponsored Products,Manual,B0GDNTQUXZ,1845,10,8.77,1,74.72
2026-01-06,C-1010,SB | Brand | AuroraTech,Sponsored Brands,Keyword,B0R5E97R3C,878,3,3.88,0,0.0
2026-01-06,C-1011,SB | Brand | Nordic Home,Sponsored Brands,Keyword,B0SFWKQDD5,732,3,3.28,0,0.0
2026-01-06,C-1012,SD | Retargeting | Electronics,Sponsored Display,Views remarketing,B0NL5Q5CZM,1295,7,3.41,0,0.0
2026-01-07,C-1001,SP | Auto | Electronics Catch-All,Sponsored Products,Auto,B0R5E97R3C,5576,23,21.85,2,187.04
2026-01-07,C-1002,SP | Manual | Office Hero SKU,Sponsored Products,Manual,B0E48MCY15,3433,20,16.97,2,96.15
2026-01-07,C-1003,SP | Auto | Toys Discovery,Sponsored Products,Auto,B0C9DBLSN2,11881,51,38.73,3,28.72
2026-01-07,C-1004,SP | Manual | Home & Kitchen Brand Defense,Sponsored Products,Manual,B0DDA4EXPW,620,4,4.54,0,0.0
2026-01-07,C-1005,SP | Auto | Pet Supplies,Sponsored Products,Auto,B0LD11QTH5,4966,18,12.83,3,82.09
2026-01-07,C-1006,SP | Manual | Sports & Outdoors,Sponsored Products,Manual,B0SSL9ZZJT,2269,10,9.01,1,16.39
2026-01-07,C-1007,SP | Auto | Beauty Explorers,Sponsored Products,Auto,B0KMG3BBNV,8125,18,27.19,0,0.0
2026-01-07,C-1008,SP | Auto | Electronics Diversification,Sponsored Products,Auto,B055PLDLF8,4621,23,27.28,1,39.21
2026-01-07,C-1009,SP | Manual | Kitchen Launch,Sponsored Products,Manual,B0GDNTQUXZ,1461,11,9.89,1,72.02
2026-01-07,C-1010,SB | Brand | AuroraTech,Sponsored Brands,Keyword,B0R5E97R3C,518,1,1.39,0,0.0
2026-01-07,C-1011,SB | Brand | Nordic Home,Sponsored Brands,Keyword,B0SFWKQDD5,970,3,3.06,0,0.0
2026-01-07,C-1012,SD | Retargeting | Electronics,Sponsored Display,Views remarketing,B0NL5Q5CZM,3946,24,14.5,1,105.82
2026-01-08,C-1001,SP | Auto | Electronics Catch-All,Sponsored Products,Auto,B0R5E97R3C,5162,20,18.31,3,279.84
2026-01-08,C-1002,SP | Manual | Office Hero SKU,Sponsored Products,Manual,B0E48MCY15,2416,11,8.76,2,91.18
2026-01-08,C-1003,SP | Auto | Toys Discovery,Sponsored Products,Auto,B0C9DBLSN2,5767,25,18.69,1,9.56
2026-01-08,C-1004,SP | Manual | Home & Kitchen Brand Defense,Sponsored Products,Manual,B0DDA4EXPW,4053,29,26.27,2,130.52
2026-01-08,C-1005,SP | Auto | Pet Supplies,Sponsored Products,Auto,B0LD11QTH5,5607,30,23.31,2,55.05
2026-01-08,C-1006,SP | Manual | Sports & Outdoors,Sponsored Products,Manual,B0SSL9ZZJT,2522,12,9.4,1,16.75
2026-01-08,C-1007,SP | Auto | Beauty Explorers,Sponsored Products,Auto,B0KMG3BBNV,6429,15,23.12,0,0.0
2026-01-08,C-1008,SP | Auto | Electronics Diversification,Sponsored Products,Auto,B055PLDLF8,3740,15,14.89,0,0.0
2026-01-08,C-1009,SP | Manual | Kitchen Launch,Sponsored Products,Manual,B0GDNTQUXZ,1225,5,3.91,0,0.0
2026-01-08,C-1010,SB | Brand | AuroraTech,Sponsored Brands,Keyword,B0R5E97R3C,441,2,2.72,1,94.7
2026-01-08,C-1011,SB | Brand | Nordic Home,Sponsored Brands,Keyword,B0SFWKQDD5,681,2,1.97,0,0.0
2026-01-08,C-1012,SD | Retargeting | Electronics,Sponsored Display,Views remarketing,B0NL5Q5CZM,3076,14,8.63,0,0.0
2026-01-09,C-1001,SP | Auto | Electronics Catch-All,Sponsored Products,Auto,B0R5E97R3C,9716,46,46.79,1,94.1
2026-01-09,C-1002,SP | Manual | Office Hero SKU,Sponsored Products,Manual,B0E48MCY15,2102,10,6.34,3,152.74
2026-01-09,C-1003,SP | Auto | Toys Discovery,Sponsored Products,Auto,B0C9DBLSN2,6397,30,21.93,3,31.44
2026-01-09,C-1004,SP | Manual | Home & Kitchen Brand Defense,Sponsored Products,Manual,B0DDA4EXPW,2532,18,18.1,2,114.35
2026-01-09,C-1005,SP | Auto | Pet Supplies,Sponsored Products,Auto,B0LD11QTH5,5846,20,14.01,1,27.33
2026-01-09,C-1006,SP | Manual | Sports & Outdoors,Sponsored Products,Manual,B0SSL9ZZJT,5098,34,23.25,0,0.0
2026-01-09,C-1007,SP | Auto | Beauty Explorers,Sponsored Products,Auto,B0KMG3BBNV,6296,14,17.48,0,0.0
2026-01-09,C-1008,SP | Auto | Electronics Diversification,Sponsored Products,Auto,B055PLDLF8,4375,21,20.03,0,0.0
2026-01-09,C-1009,SP | Manual | Kitchen Launch,Sponsored Products,Manual,B0GDNTQUXZ,2635,11,9.54,0,0.0
2026-01-09,C-1010,SB | Brand | AuroraTech,Sponsored Brands,Keyword,B0R5E97R3C,1188,3,3.31,0,0.0
2026-01-09,C-1011,SB | Brand | Nordic Home,Sponsored Brands,Keyword,B0SFWKQDD5,721,2,2.44,0,0.0
2026-01-09,C-1012,SD | Retargeting | Electronics,Sponsored Display,Views remarketing,B0NL5Q5CZM,2158,14,8.39,1,98.51
2026-01-10,C-1001,SP | Auto | Electronics Catch-All,Sponsored Products,Auto,B0R5E97R3C,3520,17,15.79,0,0.0
2026-01-10,C-1002,SP | Manual | Office Hero SKU,Sponsored Products,Manual,B0E48MCY15,2290,12,9.94,1,48.05
2026-01-10,C-1003,SP | Auto | Toys Discovery,Sponsored Products,Auto,B0C9DBLSN2,7122,25,17.07,4,42.06
2026-01-10,C-1004,SP | Manual | Home & Kitchen Brand Defense,Sponsored Products,Manual,B0DDA4EXPW,2354,12,11.32,1,62.7
2026-01-10,C-1005,SP | Auto | Pet Supplies,Sponsored Products,Auto,B0LD11QTH5,3428,13,9.74,1,24.44
2026-01-10,C-1006,SP | Manual | Sports & Outdoors,Sponsored Products,Manual,B0SSL9ZZJT,3138,19,13.75,1,16.5
2026-01-10,C-1007,SP | Auto | Beauty Explorers,Sponsored Products,Auto,B0KMG3BBNV,7437,17,21.93,0,0.0
2026-01-10,C-1008,SP | Auto | Electronics Diversification,Sponsored Products,Auto,B055PLDLF8,2142,9,9.01,1,43.18
2026-01-10,C-1009,SP | Manual | Kitchen Launch,Sponsored Products,Manual,B0GDNTQUXZ,1492,8,6.24,0,0.0
2026-01-10,C-1010,SB | Brand | AuroraTech,Sponsored Brands,Keyword,B0R5E97R3C,487,2,2.3,0,0.0
2026-01-10,C-1011,SB | Brand | Nordic Home,Sponsored Brands,Keyword,B0SFWKQDD5,343,1,1.13,0,0.0
2026-01-10,C-1012,SD | Retargeting | Electronics,Sponsored Display,Views remarketing,B0NL5Q5CZM,2826,13,8.41,3,294.78
2026-01-11,C-1001,SP | Auto | Electronics Catch-All,Sponsored Products,Auto,B0R5E97R3C,3277,18,18.3,0,0.0
2026-01-11,C-1002,SP | Manual | Office Hero SKU,Sponsored Products,Manual,B0E48MCY15,3122,22,16.47,3,147.53
2026-01-11,C-1003,SP | Auto | Toys Discovery,Sponsored Products,Auto,B0C9DBLSN2,3821,17,12.18,3,27.48
2026-01-11,C-1004,SP | Manual | Home & Kitchen Brand Defense,Sponsored Products,Manual,B0DDA4EXPW,930,5,4.48,0,0.0
2026-01-11,C-1005,SP | Auto | Pet Supplies,Sponsored Products,Auto,B0LD11QTH5,5125,28,21.56,0,0.0
2026-01-11,C-1006,SP | Manual | Sports & Outdoors,Sponsored Products,Manual,B0SSL9ZZJT,7020,46,38.36,5,83.7
2026-01-11,C-1007,SP | Auto | Beauty Explorers,Sponsored Products,Auto,B0KMG3BBNV,6064,17,22.67,1,39.04
2026-01-11,C-1008,SP | Auto | Electronics Diversification,Sponsored Products,Auto,B055PLDLF8,1925,6,6.09,0,0.0
2026-01-11,C-1009,SP | Manual | Kitchen Launch,Sponsored Products,Manual,B0GDNTQUXZ,1384,10,9.47,1,69.38
2026-01-11,C-1010,SB | Brand | AuroraTech,Sponsored Brands,Keyword,B0R5E97R3C,720,2,2.37,0,0.0
2026-01-11,C-1011,SB | Brand | Nordic Home,Sponsored Brands,Keyword,B0SFWKQDD5,724,3,3.89,0,0.0
2026-01-11,C-1012,SD | Retargeting | Electronics,Sponsored Display,Views remarketing,B0NL5Q5CZM,3564,15,8.09,1,109.85
2026-01-12,C-1001,SP | Auto | Electronics Catch-All,Sponsored Products,Auto,B0R5E97R3C,0,0,0.0,0,0.0
2026-01-12,C-1002,SP | Manual | Office Hero SKU,Sponsored Products,Manual,B0E48MCY15,4008,25,16.59,4,212.31
2026-01-12,C-1003,SP | Auto | Toys Discovery,Sponsored Products,Auto,B0C9DBLSN2,3629,15,10.48,0,0.0
2026-01-12,C-1004,SP | Manual | Home & Kitchen Brand Defense,Sponsored Products,Manual,B0DDA4EXPW,2590,14,12.62,2,129.65
2026-01-12,C-1005,SP | Auto | Pet Supplies,Sponsored Products,Auto,B0LD11QTH5,2205,10,6.54,2,56.88
2026-01-12,C-1006,SP | Manual | Sports & Outdoors,Sponsored Products,Manual,B0SSL9ZZJT,1658,6,5.25,1,15.48
2026-01-12,C-1007,SP | Auto | Beauty Explorers,Sponsored Products,Auto,B0KMG3BBNV,4946,14,22.26,0,0.0
2026-01-12,C-1008,SP | Auto | Electronics Diversification,Sponsored Products,Auto,B055PLDLF8,4254,17,20.2,0,0.0
2026-01-12,C-1009,SP | Manual | Kitchen Launch,Sponsored Products,Manual,B0GDNTQUXZ,1407,6,6.05,0,0.0
2026-01-12,C-1010,SB | Brand | AuroraTech,Sponsored Brands,Keyword,B0R5E97R3C,783,3,3.21,1,88.06
2026-01-12,C-1011,SB | Brand | Nordic Home,Sponsored Brands,Keyword,B0SFWKQDD5,0,0,0.0,0,0.0
2026-01-12,C-1012,SD | Retargeting | Electronics,Sponsored Display,Views remarketing,B0NL5Q5CZM,3108,16,9.72,1,112.91
2026-01-13,C-1001,SP | Auto | Electronics Catch-All,Sponsored Products,Auto,B0R5E97R3C,4576,20,17.53,3,260.29
2026-01-13,C-1002,SP | Manual | Office Hero SKU,Sponsored Products,Manual,B0E48MCY15,0,0,0.0,0,0.0
2026-01-13,C-1003,SP | Auto | Toys Discovery,Sponsored Products,Auto,B0C9DBLSN2,11179,33,23.11,2,18.83
2026-01-13,C-1004,SP | Manual | Home & Kitchen Brand Defense,Sponsored Products,Manual,B0DDA4EXPW,2146,10,8.43,1,63.24
2026-01-13,C-1005,SP | Auto | Pet Supplies,Sponsored Products,Auto,B0LD11QTH5,4437,23,15.97,1,25.19
2026-01-13,C-1006,SP | Manual | Sports & Outdoors,Sponsored Products,Manual,B0SSL9ZZJT,3495,17,16.24,2,35.94
2026-01-13,C-1007,SP | Auto | Beauty Explorers,Sponsored Products,Auto,B0KMG3BBNV,3158,9,14.14,0,0.0
2026-01-13,C-1008,SP | Auto | Electronics Diversification,Sponsored Products,Auto,B055PLDLF8,1890,8,8.73,0,0.0
2026-01-13,C-1009,SP | Manual | Kitchen Launch,Sponsored Products,Manual,B0GDNTQUXZ,902,4,3.08,0,0.0
2026-01-13,C-1010,SB | Brand | AuroraTech,Sponsored Brands,Keyword,B0R5E97R3C,657,3,3.88,0,0.0
2026-01-13,C-1011,SB | Brand | Nordic Home,Sponsored Brands,Keyword,B0SFWKQDD5,789,3,4.1,1,27.29
2026-01-13,C-1012,SD | Retargeting | Electronics,Sponsored Display,Views remarketing,B0NL5Q5CZM,5022,20,11.55,0,0.0
2026-01-14,C-1001,SP | Auto | Electronics Catch-All,Sponsored Products,Auto,B0R5E97R3C,7598,39,39.09,4,369.36
2026-01-14,C-1002,SP | Manual | Office Hero SKU,Sponsored Products,Manual,B0E48MCY15,5722,41,29.15,4,195.92
2026-01-14,C-1003,SP | Auto | Toys Discovery,Sponsored Products,Auto,B0C9DBLSN2,10733,43,31.72,4,42.39
2026-01-14,C-1004,SP | Manual | Home & Kitchen Brand Defense,Sponsored Products,Manual,B0DDA4EXPW,3759,24,22.64,2,116.97
2026-01-14,C-1005,SP | Auto | Pet Supplies,Sponsored Products,Auto,B0LD11QTH5,3027,16,12.35,0,0.0
2026-01-14,C-1006,SP | Manual | Sports & Outdoors,Sponsored Products,Manual,B0SSL9ZZJT,1962,11,10.02,1,17.16
2026-01-14,C-1007,SP | Auto | Beauty Explorers,Sponsored Products,Auto,B0KMG3BBNV,2758,7,11.46,0,0.0
2026-01-14,C-1008,SP | Auto | Electronics Diversification,Sponsored Products,Auto,B055PLDLF8,2668,10,11.68,0,0.0
2026-01-14,C-1009,SP | Manual | Kitchen Launch,Sponsored Products,Manual,B0GDNTQUXZ,907,6,5.47,1,75.79
2026-01-14,C-1010,SB | Brand | AuroraTech,Sponsored Brands,Keyword,B0R5E97R3C,755,3,3.52,0,0.0
2026-01-14,C-1011,SB | Brand | Nordic Home,Sponsored Brands,Keyword,B0SFWKQDD5,0,0,0.0,0,0.0
2026-01-14,C-1012,SD | Retargeting | Electronics,Sponsored Display,Views remarketing,B0NL5Q5CZM,3076,14,7.41,4,441.61
2026-01-15,C-1001,SP | Auto | Electronics Catch-All,Sponsored Products,Auto,B0R5E97R3C,5076,18,18.06,0,0.0
2026-01-15,C-1002,SP | Manual | Office Hero SKU,Sponsored Products,Manual,B0E48MCY15,5530,33,21.1,5,245.86
2026-01-15,C-1003,SP | Auto | Toys Discovery,Sponsored Products,Auto,B0C9DBLSN2,6297,23,14.1,3,28.37
2026-01-15,C-1004,SP | Manual | Home & Kitchen Brand Defense,Sponsored Products,Manual,B0DDA4EXPW,4481,28,25.68,3,184.43
2026-01-15,C-1005,SP | Auto | Pet Supplies,Sponsored Products,Auto,B0LD11QTH5,3798,18,13.37,1,24.94
2026-01-15,C-1006,SP | Manual | Sports & Outdoors,Sponsored Products,Manual,B0SSL9ZZJT,1771,11,9.56,2,30.92
2026-01-15,C-1007,SP | Auto | Beauty Explorers,Sponsored Products,Auto,B0KMG3BBNV,5838,15,21.08,0,0.0
2026-01-15,C-1008,SP | Auto | Electronics Diversification,Sponsored Products,Auto,B055PLDLF8,2532,12,11.48,0,0.0
2026-01-15,C-1009,SP | Manual | Kitchen Launch,Sponsored Products,Manual,B0GDNTQUXZ,0,0,0.0,0,0.0
2026-01-15,C-1010,SB | Brand | AuroraTech,Sponsored Brands,Keyword,B0R5E97R3C,1010,3,4.01,0,0.0
2026-01-15,C-1011,SB | Brand | Nordic Home,Sponsored Brands,Keyword,B0SFWKQDD5,1037,4,5.13,1,30.57
2026-01-15,C-1012,SD | Retargeting | Electronics,Sponsored Display,Views remarketing,B0NL5Q5CZM,1889,10,5.61,1,100.71
2026-01-16,C-1001,SP | Auto | Electronics Catch-All,Sponsored Products,Auto,B0R5E97R3C,5353,28,20.96,1,83.45
2026-01-16,C-1002,SP | Manual | Office Hero SKU,Sponsored Products,Manual,B0E48MCY15,956,7,5.47,1,46.07
2026-01-16,C-1003,SP | Auto | Toys Discovery,Sponsored Products,Auto,B0C9DBLSN2,4071,20,12.12,2,20.76
2026-01-16,C-1004,SP | Manual | Home & Kitchen Brand Defense,Sponsored Products,Manual,B0DDA4EXPW,923,6,6.26,0,0.0
2026-01-16,C-1005,SP | Auto | Pet Supplies,Sponsored Products,Auto,B0LD11QTH5,13004,57,42.84,5,131.93
2026-01-16,C-1006,SP | Manual | Sports & Outdoors,Sponsored Products,Manual,B0SSL9ZZJT,4839,23,18.79,2,32.19
2026-01-16,C-1007,SP | Auto | Beauty Explorers,Sponsored Products,Auto,B0KMG3BBNV,6854,15,22.35,0,0.0
2026-01-16,C-1008,SP | Auto | Electronics Diversification,Sponsored Products,Auto,B055PLDLF8,6712,22,24.03,2,74.03
2026-01-16,C-1009,SP | Manual | Kitchen Launch,Sponsored Products,Manual,B0GDNTQUXZ,2947,17,17.3,1,72.95
2026-01-16,C-1010,SB | Brand | AuroraTech,Sponsored Brands,Keyword,B0R5E97R3C,805,3,3.4,0,0.0
2026-01-16,C-1011,SB | Brand | Nordic Home,Sponsored Brands,Keyword,B0SFWKQDD5,731,2,2.17,1,30.35
2026-01-16,C-1012,SD | Retargeting | Electronics,Sponsored Display,Views remarketing,B0NL5Q5CZM,3257,18,8.58,2,194.31
2026-01-17,C-1001,SP | Auto | Electronics Catch-All,Sponsored Products,Auto,B0R5E97R3C,7636,39,32.44,5,416.31
2026-01-17,C-1002,SP | Manual | Office Hero SKU,Sponsored Products,Manual,B0E48MCY15,1015,5,4.11,0,0.0
2026-01-17,C-1003,SP | Auto | Toys Discovery,Sponsored Products,Auto,B0C9DBLSN2,5154,18,13.64,1,10.61
2026-01-17,C-1004,SP | Manual | Home & Kitchen Brand Defense,Sponsored Products,Manual,B0DDA4EXPW,793,4,3.67,1,55.09
2026-01-17,C-1005,SP | Auto | Pet Supplies,Sponsored Products,Auto,B0LD11QTH5,5329,21,14.71,2,53.01
2026-01-17,C-1006,SP | Manual | Sports & Outdoors,Sponsored Products,Manual,B0SSL9ZZJT,3278,15,11.89,1,16.85
2026-01-17,C-1007,SP | Auto | Beauty Explorers,Sponsored Products,Auto,B0KMG3BBNV,5849,16,21.3,0,0.0
2026-01-17,C-1008,SP | Auto | Electronics Diversification,Sponsored Products,Auto,B055PLDLF8,3130,15,18.48,0,0.0
2026-01-17,C-1009,SP | Manual | Kitchen Launch,Sponsored Products,Manual,B0GDNTQUXZ,2363,13,10.71,1,72.75
2026-01-17,C-1010,SB | Brand | AuroraTech,Sponsored Brands,Keyword,B0R5E97R3C,720,3,3.55,0,0.0
2026-01-17,C-1011,SB | Brand | Nordic Home,Sponsored Brands,Keyword,B0SFWKQDD5,0,0,0.0,0,0.0
2026-01-17,C-1012,SD | Retargeting | Electronics,Sponsored Display,Views remarketing,B0NL5Q5CZM,1957,11,7.12,1,105.44
2026-01-18,C-1001,SP | Auto | Electronics Catch-All,Sponsored Products,Auto,B0R5E97R3C,11717,49,44.39,1,89.93
2026-01-18,C-1002,SP | Manual | Office Hero SKU,Sponsored Products,Manual,B0E48MCY15,1177,6,4.71,0,0.0
2026-01-18,C-1003,SP | Auto | Toys Discovery,Sponsored Products,Auto,B0C9DBLSN2,5605,20,14.26,4,38.66
2026-01-18,C-1004,SP | Manual | Home & Kitchen Brand Defense,Sponsored Products,Manual,B0DDA4EXPW,825,4,4.18,0,0.0
2026-01-18,C-1005,SP | Auto | Pet Supplies,Sponsored Products,Auto,B0LD11QTH5,3635,20,13.15,1,27.55
2026-01-18,C-1006,SP | Manual | Sports & Outdoors,Sponsored Products,Manual,B0SSL9ZZJT,6662,33,31.31,2,35.18
2026-01-18,C-1007,SP | Auto | Beauty Explorers,Sponsored Products,Auto,B0KMG3BBNV,11367,23,39.53,0,0.0
2026-01-18,C-1008,SP | Auto | Electronics Diversification,Sponsored Products,Auto,B055PLDLF8,2051,10,12.61,0,0.0
2026-01-18,C-1009,SP | Manual | Kitchen Launch,Sponsored Products,Manual,B0GDNTQUXZ,1131,6,6.4,4,272.84
2026-01-18,C-1010,SB | Brand | AuroraTech,Sponsored Brands,Keyword,B0R5E97R3C,1412,4,4.72,1,85.88
2026-01-18,C-1011,SB | Brand | Nordic Home,Sponsored Brands,Keyword,B0SFWKQDD5,0,0,0.0,0,0.0
2026-01-18,C-1012,SD | Retargeting | Electronics,Sponsored Display,Views remarketing,B0NL5Q5CZM,2026,12,6.63,4,439.67
2026-01-19,C-1001,SP | Auto | Electronics Catch-All,Sponsored Products,Auto,B0R5E97R3C,14847,86,78.42,10,894.06
2026-01-19,C-1002,SP | Manual | Office Hero SKU,Sponsored Products,Manual,B0E48MCY15,1895,9,6.07,0,0.0
2026-01-19,C-1003,SP | Auto | Toys Discovery,Sponsored Products,Auto,B0C9DBLSN2,5345,18,12.64,2,20.44
2026-01-19,C-1004,SP | Manual | Home & Kitchen Brand Defense,Sponsored Products,Manual,B0DDA4EXPW,897,6,5.92,2,115.36
2026-01-19,C-1005,SP | Auto | Pet Supplies,Sponsored Products,Auto,B0LD11QTH5,4829,18,10.73,1,24.4
2026-01-19,C-1006,SP | Manual | Sports & Outdoors,Sponsored Products,Manual,B0SSL9ZZJT,4779,21,16.82,4,67.45
2026-01-19,C-1007,SP | Auto | Beauty Explorers,Sponsored Products,Auto,B0KMG3BBNV,4002,7,10.88,0,0.0
2026-01-19,C-1008,SP | Auto | Electronics Diversification,Sponsored Products,Auto,B055PLDLF8,8374,24,28.29,0,0.0
2026-01-19,C-1009,SP | Manual | Kitchen Launch,Sponsored Products,Manual,B0GDNTQUXZ,2308,13,11.94,3,199.93
2026-01-19,C-1010,SB | Brand | AuroraTech,Sponsored Brands,Keyword,B0R5E97R3C,0,0,0.0,0,0.0
2026-01-19,C-1011,SB | Brand | Nordic Home,Sponsored Brands,Keyword,B0SFWKQDD5,678,2,1.99,0,0.0
2026-01-19,C-1012,SD | Retargeting | Electronics,Sponsored Display,Views remarketing,B0NL5Q5CZM,3592,17,8.87,2,212.56
2026-01-20,C-1001,SP | Auto | Electronics Catch-All,Sponsored Products,Auto,B0R5E97R3C,10078,33,27.17,2,187.03
2026-01-20,C-1002,SP | Manual | Office Hero SKU,Sponsored Products,Manual,B0E48MCY15,3893,23,15.63,2,107.45
2026-01-20,C-1003,SP | Auto | Toys Discovery,Sponsored Products,Auto,B0C9DBLSN2,8468,37,26.24,5,53.24
2026-01-20,C-1004,SP | Manual | Home & Kitchen Brand Defense,Sponsored Products,Manual,B0DDA4EXPW,1628,9,10.15,2,130.66
2026-01-20,C-1005,SP | Auto | Pet Supplies,Sponsored Products,Auto,B0LD11QTH5,6281,31,24.39,0,0.0
2026-01-20,C-1006,SP | Manual | Sports & Outdoors,Sponsored Products,Manual,B0SSL9ZZJT,2458,11,10.18,0,0.0
2026-01-20,C-1007,SP | Auto | Beauty Explorers,Sponsored Products,Auto,B0KMG3BBNV,7056,14,21.53,0,0.0
2026-01-20,C-1008,SP | Auto | Electronics Diversification,Sponsored Products,Auto,B055PLDLF8,2758,9,9.75,0,0.0
2026-01-20,C-1009,SP | Manual | Kitchen Launch,Sponsored Products,Manual,B0GDNTQUXZ,930,5,4.37,2,139.81
2026-01-20,C-1010,SB | Brand | AuroraTech,Sponsored Brands,Keyword,B0R5E97R3C,676,2,2.24,0,0.0
2026-01-20,C-1011,SB | Brand | Nordic Home,Sponsored Brands,Keyword,B0SFWKQDD5,1494,5,6.37,1,26.26
2026-01-20,C-1012,SD | Retargeting | Electronics,Sponsored Display,Views remarketing,B0NL5Q5CZM,3664,16,10.48,5,487.93
2026-01-21,C-1001,SP | Auto | Electronics Catch-All,Sponsored Products,Auto,B0R5E97R3C,3982,15,13.59,1,85.67
2026-01-21,C-1002,SP | Manual | Office Hero SKU,Sponsored Products,Manual,B0E48MCY15,4100,24,20.13,5,243.71
2026-01-21,C-1003,SP | Auto | Toys Discovery,Sponsored Products,Auto,B0C9DBLSN2,3093,16,11.11,1,9.27
2026-01-21,C-1004,SP | Manual | Home & Kitchen Brand Defense,Sponsored Products,Manual,B0DDA4EXPW,2425,11,11.55,1,59.64
2026-01-21,C-1005,SP | Auto | Pet Supplies,Sponsored Products,Auto,B0LD11QTH5,4643,19,12.01,2,51.25
2026-01-21,C-1006,SP | Manual | Sports & Outdoors,Sponsored Products,Manual,B0SSL9ZZJT,2585,11,10.12,1,15.37
2026-01-21,C-1007,SP | Auto | Beauty Explorers,Sponsored Products,Auto,B0KMG3BBNV,5401,12,16.04,0,0.0
2026-01-21,C-1008,SP | Auto | Electronics Diversification,Sponsored Products,Auto,B055PLDLF8,3588,15,14.1,0,0.0
2026-01-21,C-1009,SP | Manual | Kitchen Launch,Sponsored Products,Manual,B0GDNTQUXZ,1377,8,7.23,1,66.71
2026-01-21,C-1010,SB | Brand | AuroraTech,Sponsored Brands,Keyword,B0R5E97R3C,880,2,2.21,0,0.0
2026-01-21,C-1011,SB | Brand | Nordic Home,Sponsored Brands,Keyword,B0SFWKQDD5,614,2,1.99,0,0.0
2026-01-21,C-1012,SD | Retargeting | Electronics,Sponsored Display,Views remarketing,B0NL5Q5CZM,0,0,0.0,0,0.0
2026-01-22,C-1001,SP | Auto | Electronics Catch-All,Sponsored Products,Auto,B0R5E97R3C,4904,23,17.39,1,85.26
2026-01-22,C-1002,SP | Manual | Office Hero SKU,Sponsored Products,Manual,B0E48MCY15,3684,22,17.87,3,160.46
2026-01-22,C-1003,SP | Auto | Toys Discovery,Sponsored Products,Auto,B0C9DBLSN2,8805,33,20.55,4,36.79
2026-01-22,C-1004,SP | Manual | Home & Kitchen Brand Defense,Sponsored Products,Manual,B0DDA4EXPW,1031,6,5.1,1,63.88
2026-01-22,C-1005,SP | Auto | Pet Supplies,Sponsored Products,Auto,B0LD11QTH5,4692,25,20.09,2,51.86
2026-01-22,C-1006,SP | Manual | Sports & Outdoors,Sponsored Products,Manual,B0SSL9ZZJT,6931,42,33.47,3,53.67
2026-01-22,C-1007,SP | Auto | Beauty Explorers,Sponsored Products,Auto,B0KMG3BBNV,6879,18,28.69,0,0.0
2026-01-22,C-1008,SP | Auto | Electronics Diversification,Sponsored Products,Auto,B055PLDLF8,4022,13,13.57,0,0.0
2026-01-22,C-1009,SP | Manual | Kitchen Launch,Sponsored Products,Manual,B0GDNTQUXZ,1270,6,4.84,1,70.13
2026-01-22,C-1010,SB | Brand | AuroraTech,Sponsored Brands,Keyword,B0R5E97R3C,452,2,2.14,0,0.0
2026-01-22,C-1011,SB | Brand | Nordic Home,Sponsored Brands,Keyword,B0SFWKQDD5,715,3,3.09,0,0.0
2026-01-22,C-1012,SD | Retargeting | Electronics,Sponsored Display,Views remarketing,B0NL5Q5CZM,0,0,0.0,0,0.0
2026-01-23,C-1001,SP | Auto | Electronics Catch-All,Sponsored Products,Auto,B0R5E97R3C,10076,43,32.4,4,373.33
2026-01-23,C-1002,SP | Manual | Office Hero SKU,Sponsored Products,Manual,B0E48MCY15,1581,7,5.49,2,91.78
2026-01-23,C-1003,SP | Auto | Toys Discovery,Sponsored Products,Auto,B0C9DBLSN2,9112,35,22.73,6,59.67
2026-01-23,C-1004,SP | Manual | Home & Kitchen Brand Defense,Sponsored Products,Manual,B0DDA4EXPW,656,4,4.46,0,0.0
2026-01-23,C-1005,SP | Auto | Pet Supplies,Sponsored Products,Auto,B0LD11QTH5,5054,19,14.72,1,25.99
2026-01-23,C-1006,SP | Manual | Sports & Outdoors,Sponsored Products,Manual,B0SSL9ZZJT,1494,10,8.89,1,16.46
2026-01-23,C-1007,SP | Auto | Beauty Explorers,Sponsored Products,Auto,B0KMG3BBNV,6316,14,22.14,0,0.0
2026-01-23,C-1008,SP | Auto | Electronics Diversification,Sponsored Products,Auto,B055PLDLF8,5061,18,21.63,0,0.0
2026-01-23,C-1009,SP | Manual | Kitchen Launch,Sponsored Products,Manual,B0GDNTQUXZ,785,4,3.58,0,0.0
2026-01-23,C-1010,SB | Brand | AuroraTech,Sponsored Brands,Keyword,B0R5E97R3C,900,4,4.51,0,0.0
2026-01-23,C-1011,SB | Brand | Nordic Home,Sponsored Brands,Keyword,B0SFWKQDD5,688,2,2.09,0,0.0
2026-01-23,C-1012,SD | Retargeting | Electronics,Sponsored Display,Views remarketing,B0NL5Q5CZM,3091,17,10.7,2,217.92
2026-01-24,C-1001,SP | Auto | Electronics Catch-All,Sponsored Products,Auto,B0R5E97R3C,3016,16,12.69,0,0.0
2026-01-24,C-1002,SP | Manual | Office Hero SKU,Sponsored Products,Manual,B0E48MCY15,1666,10,7.12,0,0.0
2026-01-24,C-1003,SP | Auto | Toys Discovery,Sponsored Products,Auto,B0C9DBLSN2,4939,22,15.52,1,9.9
2026-01-24,C-1004,SP | Manual | Home & Kitchen Brand Defense,Sponsored Products,Manual,B0DDA4EXPW,1805,14,13.61,2,120.86
2026-01-24,C-1005,SP | Auto | Pet Supplies,Sponsored Products,Auto,B0LD11QTH5,3070,11,8.09,1,24.66
2026-01-24,C-1006,SP | Manual | Sports & Outdoors,Sponsored Products,Manual,B0SSL9ZZJT,3377,13,12.44,3,46.54
2026-01-24,C-1007,SP | Auto | Beauty Explorers,Sponsored Products,Auto,B0KMG3BBNV,2521,6,8.45,0,0.0
2026-01-24,C-1008,SP | Auto | Electronics Diversification,Sponsored Products,Auto,B055PLDLF8,2848,12,13.77,0,0.0
2026-01-24,C-1009,SP | Manual | Kitchen Launch,Sponsored Products,Manual,B0GDNTQUXZ,1441,7,6.11,0,0.0
2026-01-24,C-1010,SB | Brand | AuroraTech,Sponsored Brands,Keyword,B0R5E97R3C,1152,3,4.08,0,0.0
2026-01-24,C-1011,SB | Brand | Nordic Home,Sponsored Brands,Keyword,B0SFWKQDD5,632,2,2.5,1,27.81
2026-01-24,C-1012,SD | Retargeting | Electronics,Sponsored Display,Views remarketing,B0NL5Q5CZM,3840,18,9.37,3,
2026-01-25,C-1001,SP | Auto | Electronics Catch-All,Sponsored Products,Auto,B0R5E97R3C,4534,25,22.98,0,0.0
2026-01-25,C-1002,SP | Manual | Office Hero SKU,Sponsored Products,Manual,B0E48MCY15,2019,8,6.11,0,0.0
2026-01-25,C-1003,SP | Auto | Toys Discovery,Sponsored Products,Auto,B0C9DBLSN2,3148,9,5.61,0,0.0
2026-01-25,C-1004,SP | Manual | Home & Kitchen Brand Defense,Sponsored Products,Manual,B0DDA4EXPW,1616,9,8.36,2,112.77
2026-01-25,C-1005,SP | Auto | Pet Supplies,Sponsored Products,Auto,B0LD11QTH5,6988,26,21.18,1,28.93
2026-01-25,C-1006,SP | Manual | Sports & Outdoors,Sponsored Products,Manual,B0SSL9ZZJT,2923,11,8.95,0,0.0
2026-01-25,C-1007,SP | Auto | Beauty Explorers,Sponsored Products,Auto,B0KMG3BBNV,3007,6,7.73,0,0.0
2026-01-25,C-1008,SP | Auto | Electronics Diversification,Sponsored Products,Auto,B055PLDLF8,2150,9,8.91,0,0.0
2026-01-25,C-1009,SP | Manual | Kitchen Launch,Sponsored Products,Manual,B0GDNTQUXZ,2086,14,12.27,0,0.0
2026-01-25,C-1010,SB | Brand | AuroraTech,Sponsored Brands,Keyword,B0R5E97R3C,743,2,2.51,0,0.0
2026-01-25,C-1011,SB | Brand | Nordic Home,Sponsored Brands,Keyword,B0SFWKQDD5,891,2,2.41,0,0.0
2026-01-25,C-1012,SD | Retargeting | Electronics,Sponsored Display,Views remarketing,B0NL5Q5CZM,5106,21,10.7,3,301.08
2026-01-26,C-1001,SP | Auto | Electronics Catch-All,Sponsored Products,Auto,B0R5E97R3C,2334,11,10.11,0,0.0
2026-01-26,C-1002,SP | Manual | Office Hero SKU,Sponsored Products,Manual,B0E48MCY15,2821,11,8.91,2,98.53
2026-01-26,C-1003,SP | Auto | Toys Discovery,Sponsored Products,Auto,B0C9DBLSN2,5011,22,15.0,1,10.05
2026-01-26,C-1004,SP | Manual | Home & Kitchen Brand Defense,Sponsored Products,Manual,B0DDA4EXPW,1980,12,11.85,1,59.69
2026-01-26,C-1005,SP | Auto | Pet Supplies,Sponsored Products,Auto,B0LD11QTH5,2766,11,8.78,0,0.0
2026-01-26,C-1006,SP | Manual | Sports & Outdoors,Sponsored Products,Manual,B0SSL9ZZJT,4697,30,26.63,4,66.91
2026-01-26,C-1007,SP | Auto | Beauty Explorers,Sponsored Products,Auto,B0KMG3BBNV,2518,6,9.32,0,0.0
2026-01-26,C-1008,SP | Auto | Electronics Diversification,Sponsored Products,Auto,B055PLDLF8,8570,42,52.01,0,0.0
2026-01-26,C-1009,SP | Manual | Kitchen Launch,Sponsored Products,Manual,B0GDNTQUXZ,3535,15,12.0,1,75.58
2026-01-26,C-1010,SB | Brand | AuroraTech,Sponsored Brands,Keyword,B0R5E97R3C,532,2,2.65,0,0.0
2026-01-26,C-1011,SB | Brand | Nordic Home,Sponsored Brands,Keyword,B0SFWKQDD5,352,1,0.98,0,0.0
2026-01-26,C-1012,SD | Retargeting | Electronics,Sponsored Display,Views remarketing,B0NL5Q5CZM,3113,20,11.95,2,197.14
2026-01-27,C-1001,SP | Auto | Electronics Catch-All,Sponsored Products,Auto,B0R5E97R3C,0,0,0.0,0,0.0
2026-01-27,C-1002,SP | Manual | Office Hero SKU,Sponsored Products,Manual,B0E48MCY15,2121,9,5.53,0,0.0
2026-01-27,C-1003,SP | Auto | Toys Discovery,Sponsored Products,Auto,B0C9DBLSN2,5984,30,21.89,3,32.06
2026-01-27,C-1004,SP | Manual | Home & Kitchen Brand Defense,Sponsored Products,Manual,B0DDA4EXPW,2184,11,9.45,1,59.46
2026-01-27,C-1005,SP | Auto | Pet Supplies,Sponsored Products,Auto,B0LD11QTH5,2377,15,12.56,1,28.32
2026-01-27,C-1006,SP | Manual | Sports & Outdoors,Sponsored Products,Manual,B0SSL9ZZJT,1564,6,4.21,3,49.07
2026-01-27,C-1007,SP | Auto | Beauty Explorers,Sponsored Products,Auto,B0KMG3BBNV,6359,14,22.44,1,39.45
2026-01-27,C-1008,SP | Auto | Electronics Diversification,Sponsored Products,Auto,B055PLDLF8,5116,23,23.15,0,0.0
2026-01-27,C-1009,SP | Manual | Kitchen Launch,Sponsored Products,Manual,B0GDNTQUXZ,4006,28,26.71,3,205.4
2026-01-27,C-1010,SB | Brand | AuroraTech,Sponsored Brands,Keyword,B0R5E97R3C,820,4,5.37,0,0.0
2026-01-27,C-1011,SB | Brand | Nordic Home,Sponsored Brands,Keyword,B0SFWKQDD5,315,1,1.15,0,0.0
2026-01-27,C-1012,SD | Retargeting | Electronics,Sponsored Display,Views remarketing,B0NL5Q5CZM,5427,19,9.69,3,287.69
2026-01-28,C-1001,SP | Auto | Electronics Catch-All,Sponsored Products,Auto,B0R5E97R3C,6262,26,25.9,0,0.0
2026-01-28,C-1002,SP | Manual | Office Hero SKU,Sponsored Products,Manual,B0E48MCY15,2035,10,6.41,1,52.83
2026-01-28,C-1003,SP | Auto | Toys Discovery,Sponsored Products,Auto,B0C9DBLSN2,9036,29,20.52,6,62.08
2026-01-28,C-1004,SP | Manual | Home & Kitchen Brand Defense,Sponsored Products,Manual,B0DDA4EXPW,2482,14,15.1,2,123.54
2026-01-28,C-1005,SP | Auto | Pet Supplies,Sponsored Products,Auto,B0LD11QTH5,4210,21,13.18,3,82.54
2026-01-28,C-1006,SP | Manual | Sports & Outdoors,Sponsored Products,Manual,B0SSL9ZZJT,2999,20,18.66,0,0.0
2026-01-28,C-1007,SP | Auto | Beauty Explorers,Sponsored Products,Auto,B0KMG3BBNV,10440,16,25.28,0,0.0
2026-01-28,C-1008,SP | Auto | Electronics Diversification,Sponsored Products,Auto,B055PLDLF8,2718,10,10.34,0,0.0
2026-01-28,C-1009,SP | Manual | Kitchen Launch,Sponsored Products,Manual,B0GDNTQUXZ,1111,6,4.61,0,0.0
2026-01-28,C-1010,SB | Brand | AuroraTech,Sponsored Brands,Keyword,B0R5E97R3C,589,2,2.24,0,0.0
2026-01-28,C-1011,SB | Brand | Nordic Home,Sponsored Brands,Keyword,B0SFWKQDD5,898,2,2.19,0,0.0
2026-01-28,C-1012,SD | Retargeting | Electronics,Sponsored Display,Views remarketing,B0NL5Q5CZM,2235,8,4.98,0,0.0
2026-01-29,C-1001,SP | Auto | Electronics Catch-All,Sponsored Products,Auto,B0R5E97R3C,8175,29,23.8,4,377.57
2026-01-29,C-1002,SP | Manual | Office Hero SKU,Sponsored Products,Manual,B0E48MCY15,2192,15,10.5,3,147.45
2026-01-29,C-1003,SP | Auto | Toys Discovery,Sponsored Products,Auto,B0C9DBLSN2,3244,10,7.48,1,10.04
2026-01-29,C-1004,SP | Manual | Home & Kitchen Brand Defense,Sponsored Products,Manual,B0DDA4EXPW,951,6,6.21,0,0.0
2026-01-29,C-1005,SP | Auto | Pet Supplies,Sponsored Products,Auto,B0LD11QTH5,5997,21,13.85,1,25.55
2026-01-29,C-1006,SP | Manual | Sports & Outdoors,Sponsored Products,Manual,B0SSL9ZZJT,1178,5,3.7,1,17.65
2026-01-29,C-1007,SP | Auto | Beauty Explorers,Sponsored Products,Auto,B0KMG3BBNV,11716,28,38.8,0,0.0
2026-01-29,C-1008,SP | Auto | Electronics Diversification,Sponsored Products,Auto,B055PLDLF8,2828,11,14.47,0,0.0
2026-01-29,C-1009,SP | Manual | Kitchen Launch,Sponsored Products,Manual,B0GDNTQUXZ,1576,8,6.8,1,70.73
2026-01-29,C-1010,SB | Brand | AuroraTech,Sponsored Brands,Keyword,B0R5E97R3C,700,2,2.57,0,0.0
2026-01-29,C-1011,SB | Brand | Nordic Home,Sponsored Brands,Keyword,B0SFWKQDD5,0,0,0.0,0,0.0
2026-01-29,C-1012,SD | Retargeting | Electronics,Sponsored Display,Views remarketing,B0NL5Q5CZM,1958,12,6.98,2,214.78
2026-01-30,C-1001,SP | Auto | Electronics Catch-All,Sponsored Products,Auto,B0R5E97R3C,5224,28,25.57,0,0.0
2026-01-30,C-1002,SP | Manual | Office Hero SKU,Sponsored Products,Manual,B0E48MCY15,5442,23,16.36,6,317.46
2026-01-30,C-1003,SP | Auto | Toys Discovery,Sponsored Products,Auto,B0C9DBLSN2,7739,28,19.09,2,19.02
2026-01-30,C-1004,SP | Manual | Home & Kitchen Brand Defense,Sponsored Products,Manual,B0DDA4EXPW,2333,10,9.47,2,126.14
2026-01-30,C-1005,SP | Auto | Pet Supplies,Sponsored Products,Auto,B0LD11QTH5,4958,21,16.38,1,26.74
2026-01-30,C-1006,SP | Manual | Sports & Outdoors,Sponsored Products,Manual,B0SSL9ZZJT,3653,23,17.23,4,72.54
2026-01-30,C-1007,SP | Auto | Beauty Explorers,Sponsored Products,Auto,B0KMG3BBNV,3544,7,10.62,0,0.0
2026-01-30,C-1008,SP | Auto | Electronics Diversification,Sponsored Products,Auto,B055PLDLF8,1814,6,6.46,0,0.0
2026-01-30,C-1009,SP | Manual | Kitchen Launch,Sponsored Products,Manual,B0GDNTQUXZ,1110,6,5.38,1,75.66
2026-01-30,C-1010,SB | Brand | AuroraTech,Sponsored Brands,Keyword,B0R5E97R3C,590,2,2.35,1,91.68
2026-01-30,C-1011,SB | Brand | Nordic Home,Sponsored Brands,Keyword,B0SFWKQDD5,0,0,0.0,0,0.0
2026-01-30,C-1012,SD | Retargeting | Electronics,Sponsored Display,Views remarketing,B0NL5Q5CZM,2034,12,7.58,1,
2026-01-31,C-1001,SP | Auto | Electronics Catch-All,Sponsored Products,Auto,B0R5E97R3C,3526,13,10.49,1,97.5
2026-01-31,C-1002,SP | Manual | Office Hero SKU,Sponsored Products,Manual,B0E48MCY15,2698,14,10.52,0,0.0
2026-01-31,C-1003,SP | Auto | Toys Discovery,Sponsored Products,Auto,B0C9DBLSN2,0,0,0.0,0,0.0
2026-01-31,C-1004,SP | Manual | Home & Kitchen Brand Defense,Sponsored Products,Manual,B0DDA4EXPW,4013,20,17.41,3,179.79
2026-01-31,C-1005,SP | Auto | Pet Supplies,Sponsored Products,Auto,B0LD11QTH5,2649,12,7.9,2,55.11
2026-01-31,C-1006,SP | Manual | Sports & Outdoors,Sponsored Products,Manual,B0SSL9ZZJT,4612,24,22.39,0,0.0
2026-01-31,C-1007,SP | Auto | Beauty Explorers,Sponsored Products,Auto,B0KMG3BBNV,11278,19,31.19,0,0.0
2026-01-31,C-1008,SP | Auto | Electronics Diversification,Sponsored Products,Auto,B055PLDLF8,3342,16,16.82,0,0.0
2026-01-31,C-1009,SP | Manual | Kitchen Launch,Sponsored Products,Manual,B0GDNTQUXZ,820,4,3.78,0,0.0
2026-01-31,C-1010,SB | Brand | AuroraTech,Sponsored Brands,Keyword,B0R5E97R3C,1494,4,4.41,1,93.85
2026-01-31,C-1011,SB | Brand | Nordic Home,Sponsored Brands,Keyword,B0SFWKQDD5,502,2,2.21,0,0.0
2026-01-31,C-1012,SD | Retargeting | Electronics,Sponsored Display,Views remarketing,B0NL5Q5CZM,2637,9,5.42,1,95.87
2026-02-01,C-1001,SP | Auto | Electronics Catch-All,Sponsored Products,Auto,B0R5E97R3C,5314,25,18.92,1,84.77
2026-02-01,C-1002,SP | Manual | Office Hero SKU,Sponsored Products,Manual,B0E48MCY15,2097,12,7.75,0,0.0
2026-02-01,C-1003,SP | Auto | Toys Discovery,Sponsored Products,Auto,B0C9DBLSN2,4401,20,12.8,0,0.0
2026-02-01,C-1004,SP | Manual | Home & Kitchen Brand Defense,Sponsored Products,Manual,B0DDA4EXPW,1395,10,9.91,0,0.0
2026-02-01,C-1005,SP | Auto | Pet Supplies,Sponsored Products,Auto,B0LD11QTH5,5650,23,15.59,1,25.44
2026-02-01,C-1006,SP | Manual | Sports & Outdoors,Sponsored Products,Manual,B0SSL9ZZJT,2571,15,12.85,0,0.0
2026-02-01,C-1007,SP | Auto | Beauty Explorers,Sponsored Products,Auto,B0KMG3BBNV,6015,14,17.73,0,0.0
2026-02-01,C-1008,SP | Auto | Electronics Diversification,Sponsored Products,Auto,B055PLDLF8,4399,17,16.71,0,0.0
2026-02-01,C-1009,SP | Manual | Kitchen Launch,Sponsored Products,Manual,B0GDNTQUXZ,0,0,0.0,0,0.0
2026-02-01,C-1010,SB | Brand | AuroraTech,Sponsored Brands,Keyword,B0R5E97R3C,1099,4,4.61,1,87.23
2026-02-01,C-1011,SB | Brand | Nordic Home,Sponsored Brands,Keyword,B0SFWKQDD5,485,2,2.65,0,0.0
2026-02-01,C-1012,SD | Retargeting | Electronics,Sponsored Display,Views remarketing,B0NL5Q5CZM,4222,22,11.28,3,240.98
2026-02-02,C-1001,SP | Auto | Electronics Catch-All,Sponsored Products,Auto,B0R5E97R3C,6461,32,28.17,1,98.37
2026-02-02,C-1002,SP | Manual | Office Hero SKU,Sponsored Products,Manual,B0E48MCY15,4959,34,23.65,5,252.28
2026-02-02,C-1003,SP | Auto | Toys Discovery,Sponsored Products,Auto,B0C9DBLSN2,3162,13,9.13,3,28.39
2026-02-02,C-1004,SP | Manual | Home & Kitchen Brand Defense,Sponsored Products,Manual,B0DDA4EXPW,1925,12,13.45,3,181.55
2026-02-02,C-1005,SP | Auto | Pet Supplies,Sponsored Products,Auto,B0LD11QTH5,7196,39,32.53,3,83.52
2026-02-02,C-1006,SP | Manual | Sports & Outdoors,Sponsored Products,Manual,B0SSL9ZZJT,5279,25,21.09,1,14.84
2026-02-02,C-1007,SP | Auto | Beauty Explorers,Sponsored Products,Auto,B0KMG3BBNV,2609,5,7.19,0,0.0
2026-02-02,C-1008,SP | Auto | Electronics Diversification,Sponsored Products,Auto,B055PLDLF8,5148,19,21.96,1,38.5
2026-02-02,C-1009,SP | Manual | Kitchen Launch,Sponsored Products,Manual,B0GDNTQUXZ,2010,11,10.13,0,0.0
2026-02-02,C-1010,SB | Brand | AuroraTech,Sponsored Brands,Keyword,B0R5E97R3C,1581,6,8.09,1,87.58
2026-02-02,C-1011,SB | Brand | Nordic Home,Sponsored Brands,Keyword,B0SFWKQDD5,561,1,1.36,0,0.0
2026-02-02,C-1012,SD | Retargeting | Electronics,Sponsored Display,Views remarketing,B0NL5Q5CZM,4207,16,7.91,1,68.0
2026-02-03,C-1001,SP | Auto | Electronics Catch-All,Sponsored Products,Auto,B0R5E97R3C,10175,53,39.66,6,496.08
2026-02-03,C-1002,SP | Manual | Office Hero SKU,Sponsored Products,Manual,B0E48MCY15,3027,21,16.02,4,210.61
2026-02-03,C-1003,SP | Auto | Toys Discovery,Sponsored Products,Auto,B0C9DBLSN2,3145,16,9.85,0,0.0
2026-02-03,C-1004,SP | Manual | Home & Kitchen Brand Defense,Sponsored Products,Manual,B0DDA4EXPW,1844,10,9.87,2,114.6
2026-02-03,C-1005,SP | Auto | Pet Supplies,Sponsored Products,Auto,B0LD11QTH5,0,0,0.0,0,0.0
2026-02-03,C-1006,SP | Manual | Sports & Outdoors,Sponsored Products,Manual,B0SSL9ZZJT,2728,10,6.82,3,40.45
2026-02-03,C-1007,SP | Auto | Beauty Explorers,Sponsored Products,Auto,B0KMG3BBNV,2396,5,6.92,0,0.0
2026-02-03,C-1008,SP | Auto | Electronics Diversification,Sponsored Products,Auto,B055PLDLF8,3621,17,19.4,0,0.0
2026-02-03,C-1009,SP | Manual | Kitchen Launch,Sponsored Products,Manual,B0GDNTQUXZ,4863,25,19.7,4,279.44
2026-02-03,C-1010,SB | Brand | AuroraTech,Sponsored Brands,Keyword,B0R5E97R3C,973,4,5.38,1,90.04
2026-02-03,C-1011,SB | Brand | Nordic Home,Sponsored Brands,Keyword,B0SFWKQDD5,1336,5,6.26,0,0.0
2026-02-03,C-1012,SD | Retargeting | Electronics,Sponsored Display,Views remarketing,B0NL5Q5CZM,2182,10,5.47,3,238.01
2026-02-04,C-1001,SP | Auto | Electronics Catch-All,Sponsored Products,Auto,B0R5E97R3C,8955,50,40.23,1,89.65
2026-02-04,C-1002,SP | Manual | Office Hero SKU,Sponsored Products,Manual,B0E48MCY15,2187,15,12.15,1,46.13
2026-02-04,C-1003,SP | Auto | Toys Discovery,Sponsored Products,Auto,B0C9DBLSN2,3942,20,15.43,4,38.97
2026-02-04,C-1004,SP | Manual | Home & Kitchen Brand Defense,Sponsored Products,Manual,B0DDA4EXPW,2358,17,14.45,2,112.43
2026-02-04,C-1005,SP | Auto | Pet Supplies,Sponsored Products,Auto,B0LD11QTH5,7820,42,28.02,0,0.0
2026-02-04,C-1006,SP | Manual | Sports & Outdoors,Sponsored Products,Manual,B0SSL9ZZJT,0,0,0.0,0,0.0
2026-02-04,C-1007,SP | Auto | Beauty Explorers,Sponsored Products,Auto,B0KMG3BBNV,6469,13,20.71,0,0.0
2026-02-04,C-1008,SP | Auto | Electronics Diversification,Sponsored Products,Auto,B055PLDLF8,2302,9,9.13,0,0.0
2026-02-04,C-1009,SP | Manual | Kitchen Launch,Sponsored Products,Manual,B0GDNTQUXZ,582,2,1.95,0,0.0
2026-02-04,C-1010,SB | Brand | AuroraTech,Sponsored Brands,Keyword,B0R5E97R3C,936,4,5.3,0,0.0
2026-02-04,C-1011,SB | Brand | Nordic Home,Sponsored Brands,Keyword,B0SFWKQDD5,1113,3,3.99,0,0.0
2026-02-04,C-1012,SD | Retargeting | Electronics,Sponsored Display,Views remarketing,B0NL5Q5CZM,0,0,0.0,0,0.0
2026-02-05,C-1001,SP | Auto | Electronics Catch-All,Sponsored Products,Auto,B0R5E97R3C,4360,15,13.87,3,283.16
2026-02-05,C-1002,SP | Manual | Office Hero SKU,Sponsored Products,Manual,B0E48MCY15,1321,9,6.71,0,0.0
2026-02-05,C-1003,SP | Auto | Toys Discovery,Sponsored Products,Auto,B0C9DBLSN2,7882,36,22.91,4,41.19
2026-02-05,C-1004,SP | Manual | Home & Kitchen Brand Defense,Sponsored Products,Manual,B0DDA4EXPW,4501,25,20.28,2,120.07
2026-02-05,C-1005,SP | Auto | Pet Supplies,Sponsored Products,Auto,B0LD11QTH5,3927,20,12.76,2,49.69
2026-02-05,C-1006,SP | Manual | Sports & Outdoors,Sponsored Products,Manual,B0SSL9ZZJT,2111,14,10.58,0,0.0
2026-02-05,C-1007,SP | Auto | Beauty Explorers,Sponsored Products,Auto,B0KMG3BBNV,2921,6,9.71,0,0.0
2026-02-05,C-1008,SP | Auto | Electronics Diversification,Sponsored Products,Auto,B055PLDLF8,4545,13,13.49,0,0.0
2026-02-05,C-1009,SP | Manual | Kitchen Launch,Sponsored Products,Manual,B0GDNTQUXZ,1049,8,6.69,0,0.0
2026-02-05,C-1010,SB | Brand | AuroraTech,Sponsored Brands,Keyword,B0R5E97R3C,1540,5,5.29,1,86.04
2026-02-05,C-1011,SB | Brand | Nordic Home,Sponsored Brands,Keyword,B0SFWKQDD5,665,2,2.5,0,0.0
2026-02-05,C-1012,SD | Retargeting | Electronics,Sponsored Display,Views remarketing,B0NL5Q5CZM,3196,15,9.5,0,0.0
2026-02-06,C-1001,SP | Auto | Electronics Catch-All,Sponsored Products,Auto,B0R5E97R3C,3561,15,12.38,1,83.02
2026-02-06,C-1002,SP | Manual | Office Hero SKU,Sponsored Products,Manual,B0E48MCY15,3221,21,17.22,2,93.86
2026-02-06,C-1003,SP | Auto | Toys Discovery,Sponsored Products,Auto,B0C9DBLSN2,6758,32,24.25,4,38.19
2026-02-06,C-1004,SP | Manual | Home & Kitchen Brand Defense,Sponsored Products,Manual,B0DDA4EXPW,1607,10,8.22,0,0.0
2026-02-06,C-1005,SP | Auto | Pet Supplies,Sponsored Products,Auto,B0LD11QTH5,6866,32,26.2,2,51.88
2026-02-06,C-1006,SP | Manual | Sports & Outdoors,Sponsored Products,Manual,B0SSL9ZZJT,0,0,0.0,0,0.0
2026-02-06,C-1007,SP | Auto | Beauty Explorers,Sponsored Products,Auto,B0KMG3BBNV,9145,20,31.02,0,0.0
2026-02-06,C-1008,SP | Auto | Electronics Diversification,Sponsored Products,Auto,B055PLDLF8,6992,23,23.39,0,0.0
2026-02-06,C-1009,SP | Manual | Kitchen Launch,Sponsored Products,Manual,B0GDNTQUXZ,2203,15,13.24,2,153.02
2026-02-06,C-1010,SB | Brand | AuroraTech,Sponsored Brands,Keyword,B0R5E97R3C,1236,3,3.79,0,0.0
2026-02-06,C-1011,SB | Brand | Nordic Home,Sponsored Brands,Keyword,B0SFWKQDD5,640,2,2.17,0,0.0
2026-02-06,C-1012,SD | Retargeting | Electronics,Sponsored Display,Views remarketing,B0NL5Q5CZM,0,0,0.0,0,0.0
2026-02-07,C-1001,SP | Auto | Electronics Catch-All,Sponsored Products,Auto,B0R5E97R3C,5251,28,24.69,5,474.17
2026-02-07,C-1002,SP | Manual | Office Hero SKU,Sponsored Products,Manual,B0E48MCY15,2496,12,9.82,0,0.0
2026-02-07,C-1003,SP | Auto | Toys Discovery,Sponsored Products,Auto,B0C9DBLSN2,4905,19,12.92,2,18.0
2026-02-07,C-1004,SP | Manual | Home & Kitchen Brand Defense,Sponsored Products,Manual,B0DDA4EXPW,1601,11,10.62,1,61.85
2026-02-07,C-1005,SP | Auto | Pet Supplies,Sponsored Products,Auto,B0LD11QTH5,3940,24,15.08,4,111.21
2026-02-07,C-1006,SP | Manual | Sports & Outdoors,Sponsored Products,Manual,B0SSL9ZZJT,2812,18,12.33,1,
2026-02-07,C-1007,SP | Auto | Beauty Explorers,Sponsored Products,Auto,B0KMG3BBNV,10497,20,28.0,0,0.0
2026-02-07,C-1008,SP | Auto | Electronics Diversification,Sponsored Products,Auto,B055PLDLF8,1939,9,10.53,0,0.0
2026-02-07,C-1009,SP | Manual | Kitchen Launch,Sponsored Products,Manual,B0GDNTQUXZ,982,7,5.6,0,0.0
2026-02-07,C-1010,SB | Brand | AuroraTech,Sponsored Brands,Keyword,B0R5E97R3C,667,2,2.58,0,0.0
2026-02-07,C-1011,SB | Brand | Nordic Home,Sponsored Brands,Keyword,B0SFWKQDD5,438,1,1.27,0,0.0
2026-02-07,C-1012,SD | Retargeting | Electronics,Sponsored Display,Views remarketing,B0NL5Q5CZM,2404,11,5.34,2,149.54
2026-02-08,C-1001,SP | Auto | Electronics Catch-All,Sponsored Products,Auto,B0R5E97R3C,6008,32,29.51,1,84.04
2026-02-08,C-1002,SP | Manual | Office Hero SKU,Sponsored Products,Manual,B0E48MCY15,1785,8,6.22,0,0.0
2026-02-08,C-1003,SP | Auto | Toys Discovery,Sponsored Products,Auto,B0C9DBLSN2,2664,11,6.48,1,10.13
2026-02-08,C-1004,SP | Manual | Home & Kitchen Brand Defense,Sponsored Products,Manual,B0DDA4EXPW,1409,9,8.34,4,254.22
2026-02-08,C-1005,SP | Auto | Pet Supplies,Sponsored Products,Auto,B0LD11QTH5,5190,31,23.6,6,156.42
2026-02-08,C-1006,SP | Manual | Sports & Outdoors,Sponsored Products,Manual,B0SSL9ZZJT,2243,12,10.11,0,0.0
2026-02-08,C-1007,SP | Auto | Beauty Explorers,Sponsored Products,Auto,B0KMG3BBNV,15148,24,38.82,0,0.0
2026-02-08,C-1008,SP | Auto | Electronics Diversification,Sponsored Products,Auto,B055PLDLF8,2263,7,6.63,0,0.0
2026-02-08,C-1009,SP | Manual | Kitchen Launch,Sponsored Products,Manual,B0GDNTQUXZ,989,7,7.04,1,66.31
2026-02-08,C-1010,SB | Brand | AuroraTech,Sponsored Brands,Keyword,B0R5E97R3C,413,1,1.12,0,0.0
2026-02-08,C-1011,SB | Brand | Nordic Home,Sponsored Brands,Keyword,B0SFWKQDD5,908,3,3.06,0,0.0
2026-02-08,C-1012,SD | Retargeting | Electronics,Sponsored Display,Views remarketing,B0NL5Q5CZM,5102,29,14.54,3,209.58
2026-02-09,C-1001,SP | Auto | Electronics Catch-All,Sponsored Products,Auto,B0R5E97R3C,6517,25,18.89,1,84.08
2026-02-09,C-1002,SP | Manual | Office Hero SKU,Sponsored Products,Manual,B0E48MCY15,2625,15,9.77,3,149.33
2026-02-09,C-1003,SP | Auto | Toys Discovery,Sponsored Products,Auto,B0C9DBLSN2,3823,12,8.89,1,9.03
2026-02-09,C-1004,SP | Manual | Home & Kitchen Brand Defense,Sponsored Products,Manual,B0DDA4EXPW,879,5,4.25,0,0.0
2026-02-09,C-1005,SP | Auto | Pet Supplies,Sponsored Products,Auto,B0LD11QTH5,4109,14,8.61,2,54.24
2026-02-09,C-1006,SP | Manual | Sports & Outdoors,Sponsored Products,Manual,B0SSL9ZZJT,844,4,2.9,0,0.0
2026-02-09,C-1007,SP | Auto | Beauty Explorers,Sponsored Products,Auto,B0KMG3BBNV,6180,16,20.44,0,0.0
2026-02-09,C-1008,SP | Auto | Electronics Diversification,Sponsored Products,Auto,B055PLDLF8,4046,20,19.85,0,0.0
2026-02-09,C-1009,SP | Manual | Kitchen Launch,Sponsored Products,Manual,B0GDNTQUXZ,3468,18,16.77,2,135.87
2026-02-09,C-1010,SB | Brand | AuroraTech,Sponsored Brands,Keyword,B0R5E97R3C,1104,5,7.11,0,0.0
2026-02-09,C-1011,SB | Brand | Nordic Home,Sponsored Brands,Keyword,B0SFWKQDD5,681,2,2.2,0,0.0
2026-02-09,C-1012,SD | Retargeting | Electronics,Sponsored Display,Views remarketing,B0NL5Q5CZM,1546,7,4.43,0,0.0
2026-02-10,C-1001,SP | Auto | Electronics Catch-All,Sponsored Products,Auto,B0R5E97R3C,6328,32,26.89,5,454.84
2026-02-10,C-1002,SP | Manual | Office Hero SKU,Sponsored Products,Manual,B0E48MCY15,2868,12,7.35,2,106.83
2026-02-10,C-1003,SP | Auto | Toys Discovery,Sponsored Products,Auto,B0C9DBLSN2,5439,21,12.03,2,20.08
2026-02-10,C-1004,SP | Manual | Home & Kitchen Brand Defense,Sponsored Products,Manual,B0DDA4EXPW,1263,6,6.24,0,0.0
2026-02-10,C-1005,SP | Auto | Pet Supplies,Sponsored Products,Auto,B0LD11QTH5,4391,21,14.94,0,0.0
2026-02-10,C-1006,SP | Manual | Sports & Outdoors,Sponsored Products,Manual,B0SSL9ZZJT,2594,15,13.9,0,0.0
2026-02-10,C-1007,SP | Auto | Beauty Explorers,Sponsored Products,Auto,B0KMG3BBNV,3396,5,7.89,0,0.0
2026-02-10,C-1008,SP | Auto | Electronics Diversification,Sponsored Products,Auto,B055PLDLF8,8781,39,41.22,2,81.5
2026-02-10,C-1009,SP | Manual | Kitchen Launch,Sponsored Products,Manual,B0GDNTQUXZ,971,4,3.96,1,67.38
2026-02-10,C-1010,SB | Brand | AuroraTech,Sponsored Brands,Keyword,B0R5E97R3C,0,0,0.0,0,0.0
2026-02-10,C-1011,SB | Brand | Nordic Home,Sponsored Brands,Keyword,B0SFWKQDD5,1470,5,5.11,0,0.0
2026-02-10,C-1012,SD | Retargeting | Electronics,Sponsored Display,Views remarketing,B0NL5Q5CZM,2631,16,7.73,2,152.66
2026-02-11,C-1001,SP | Auto | Electronics Catch-All,Sponsored Products,Auto,B0R5E97R3C,4133,21,16.04,2,184.53
2026-02-11,C-1002,SP | Manual | Office Hero SKU,Sponsored Products,Manual,B0E48MCY15,3885,26,21.87,2,98.53
2026-02-11,C-1003,SP | Auto | Toys Discovery,Sponsored Products,Auto,B0C9DBLSN2,6011,30,17.48,2,19.77
2026-02-11,C-1004,SP | Manual | Home & Kitchen Brand Defense,Sponsored Products,Manual,B0DDA4EXPW,1295,10,10.76,0,0.0
2026-02-11,C-1005,SP | Auto | Pet Supplies,Sponsored Products,Auto,B0LD11QTH5,3010,16,12.58,3,86.73
2026-02-11,C-1006,SP | Manual | Sports & Outdoors,Sponsored Products,Manual,B0SSL9ZZJT,3370,17,13.13,1,13.55
2026-02-11,C-1007,SP | Auto | Beauty Explorers,Sponsored Products,Auto,B0KMG3BBNV,6265,13,21.17,0,0.0
2026-02-11,C-1008,SP | Auto | Electronics Diversification,Sponsored Products,Auto,B055PLDLF8,8818,33,36.44,2,83.49
2026-02-11,C-1009,SP | Manual | Kitchen Launch,Sponsored Products,Manual,B0GDNTQUXZ,1434,11,10.0,1,
2026-02-11,C-1010,SB | Brand | AuroraTech,Sponsored Brands,Keyword,B0R5E97R3C,903,2,2.76,0,0.0
2026-02-11,C-1011,SB | Brand | Nordic Home,Sponsored Brands,Keyword,B0SFWKQDD5,1259,5,6.8,0,0.0
2026-02-11,C-1012,SD | Retargeting | Electronics,Sponsored Display,Views remarketing,B0NL5Q5CZM,5252,21,13.48,2,143.41
2026-02-12,C-1001,SP | Auto | Electronics Catch-All,Sponsored Products,Auto,B0R5E97R3C,9283,48,38.47,4,360.28
2026-02-12,C-1002,SP | Manual | Office Hero SKU,Sponsored Products,Manual,B0E48MCY15,1527,8,6.18,1,45.38
2026-02-12,C-1003,SP | Auto | Toys Discovery,Sponsored Products,Auto,B0C9DBLSN2,13658,44,34.09,3,31.53
2026-02-12,C-1004,SP | Manual | Home & Kitchen Brand Defense,Sponsored Products,Manual,B0DDA4EXPW,2294,14,13.2,2,127.95
2026-02-12,C-1005,SP | Auto | Pet Supplies,Sponsored Products,Auto,B0LD11QTH5,2592,11,7.31,5,125.02
2026-02-12,C-1006,SP | Manual | Sports & Outdoors,Sponsored Products,Manual,B0SSL9ZZJT,8769,55,39.89,6,85.71
2026-02-12,C-1007,SP | Auto | Beauty Explorers,Sponsored Products,Auto,B0KMG3BBNV,7165,18,23.01,0,0.0
2026-02-12,C-1008,SP | Auto | Electronics Diversification,Sponsored Products,Auto,B055PLDLF8,8861,27,28.32,0,0.0
2026-02-12,C-1009,SP | Manual | Kitchen Launch,Sponsored Products,Manual,B0GDNTQUXZ,577,3,2.96,0,0.0
2026-02-12,C-1010,SB | Brand | AuroraTech,Sponsored Brands,Keyword,B0R5E97R3C,1496,4,5.3,0,0.0
2026-02-12,C-1011,SB | Brand | Nordic Home,Sponsored Brands,Keyword,B0SFWKQDD5,762,3,2.99,0,0.0
2026-02-12,C-1012,SD | Retargeting | Electronics,Sponsored Display,Views remarketing,B0NL5Q5CZM,2313,9,4.7,1,79.87
2026-02-13,C-1001,SP | Auto | Electronics Catch-All,Sponsored Products,Auto,B0R5E97R3C,6302,22,19.78,2,173.97
2026-02-13,C-1002,SP | Manual | Office Hero SKU,Sponsored Products,Manual,B0E48MCY15,3374,17,10.89,1,46.41
2026-02-13,C-1003,SP | Auto | Toys Discovery,Sponsored Products,Auto,B0C9DBLSN2,8271,29,19.6,1,9.76
2026-02-13,C-1004,SP | Manual | Home & Kitchen Brand Defense,Sponsored Products,Manual,B0DDA4EXPW,2645,12,11.12,1,59.68
2026-02-13,C-1005,SP | Auto | Pet Supplies,Sponsored Products,Auto,B0LD11QTH5,7994,38,26.63,2,54.54
2026-02-13,C-1006,SP | Manual | Sports & Outdoors,Sponsored Products,Manual,B0SSL9ZZJT,4219,18,16.86,2,26.08
2026-02-13,C-1007,SP | Auto | Beauty Explorers,Sponsored Products,Auto,B0KMG3BBNV,7111,13,16.99,0,0.0
2026-02-13,C-1008,SP | Auto | Electronics Diversification,Sponsored Products,Auto,B055PLDLF8,5458,24,31.57,0,0.0
2026-02-13,C-1009,SP | Manual | Kitchen Launch,Sponsored Products,Manual,B0GDNTQUXZ,1009,6,5.25,1,71.58
2026-02-13,C-1010,SB | Brand | AuroraTech,Sponsored Brands,Keyword,B0R5E97R3C,576,3,4.05,0,0.0
2026-02-13,C-1011,SB | Brand | Nordic Home,Sponsored Brands,Keyword,B0SFWKQDD5,906,3,3.46,0,0.0
2026-02-13,C-1012,SD | Retargeting | Electronics,Sponsored Display,Views remarketing,B0NL5Q5CZM,1451,8,4.22,0,0.0
2026-02-14,C-1001,SP | Auto | Electronics Catch-All,Sponsored Products,Auto,B0R5E97R3C,4175,24,24.34,6,575.38
2026-02-14,C-1002,SP | Manual | Office Hero SKU,Sponsored Products,Manual,B0E48MCY15,6698,41,29.44,2,99.19
2026-02-14,C-1003,SP | Auto | Toys Discovery,Sponsored Products,Auto,B0C9DBLSN2,8473,34,19.14,4,42.61
2026-02-14,C-1004,SP | Manual | Home & Kitchen Brand Defense,Sponsored Products,Manual,B0DDA4EXPW,1492,8,8.29,3,187.1
2026-02-14,C-1005,SP | Auto | Pet Supplies,Sponsored Products,Auto,B0LD11QTH5,6020,23,19.08,1,28.32
2026-02-14,C-1006,SP | Manual | Sports & Outdoors,Sponsored Products,Manual,B0SSL9ZZJT,1258,7,6.72,0,0.0
2026-02-14,C-1007,SP | Auto | Beauty Explorers,Sponsored Products,Auto,B0KMG3BBNV,5901,13,18.79,0,0.0
2026-02-14,C-1008,SP | Auto | Electronics Diversification,Sponsored Products,Auto,B055PLDLF8,2652,9,8.57,1,42.28
2026-02-14,C-1009,SP | Manual | Kitchen Launch,Sponsored Products,Manual,B0GDNTQUXZ,1384,7,7.0,1,64.55
2026-02-14,C-1010,SB | Brand | AuroraTech,Sponsored Brands,Keyword,B0R5E97R3C,578,1,1.19,0,0.0
2026-02-14,C-1011,SB | Brand | Nordic Home,Sponsored Brands,Keyword,B0SFWKQDD5,626,1,1.37,0,0.0
2026-02-14,C-1012,SD | Retargeting | Electronics,Sponsored Display,Views remarketing,B0NL5Q5CZM,1207,7,3.42,0,0.0
2026-02-15,C-1001,SP | Auto | Electronics Catch-All,Sponsored Products,Auto,B0R5E97R3C,5355,30,26.35,4,335.1
2026-02-15,C-1002,SP | Manual | Office Hero SKU,Sponsored Products,Manual,B0E48MCY15,1627,8,4.91,0,0.0
2026-02-15,C-1003,SP | Auto | Toys Discovery,Sponsored Products,Auto,B0C9DBLSN2,14309,40,29.45,5,49.59
2026-02-15,C-1004,SP | Manual | Home & Kitchen Brand Defense,Sponsored Products,Manual,B0DDA4EXPW,1466,11,9.16,3,174.33
2026-02-15,C-1005,SP | Auto | Pet Supplies,Sponsored Products,Auto,B0LD11QTH5,2614,13,10.65,1,26.98
2026-02-15,C-1006,SP | Manual | Sports & Outdoors,Sponsored Products,Manual,B0SSL9ZZJT,1849,7,5.55,1,13.83
2026-02-15,C-1007,SP | Auto | Beauty Explorers,Sponsored Products,Auto,B0KMG3BBNV,8201,15,24.23,1,41.23
2026-02-15,C-1008,SP | Auto | Electronics Diversification,Sponsored Products,Auto,B055PLDLF8,3308,12,14.66,0,0.0
2026-02-15,C-1009,SP | Manual | Kitchen Launch,Sponsored Products,Manual,B0GDNTQUXZ,1653,8,7.46,0,0.0
2026-02-15,C-1010,SB | Brand | AuroraTech,Sponsored Brands,Keyword,B0R5E97R3C,378,1,1.36,0,0.0
2026-02-15,C-1011,SB | Brand | Nordic Home,Sponsored Brands,Keyword,B0SFWKQDD5,780,2,2.0,0,0.0
2026-02-15,C-1012,SD | Retargeting | Electronics,Sponsored Display,Views remarketing,B0NL5Q5CZM,4614,21,9.82,2,146.99
2026-02-16,C-1001,SP | Auto | Electronics Catch-All,Sponsored Products,Auto,B0R5E97R3C,6363,35,27.37,4,393.48
2026-02-16,C-1002,SP | Manual | Office Hero SKU,Sponsored Products,Manual,B0E48MCY15,3222,15,10.44,0,0.0
2026-02-16,C-1003,SP | Auto | Toys Discovery,Sponsored Products,Auto,B0C9DBLSN2,0,0,0.0,0,0.0
2026-02-16,C-1004,SP | Manual | Home & Kitchen Brand Defense,Sponsored Products,Manual,B0DDA4EXPW,2032,15,12.29,3,165.97
2026-02-16,C-1005,SP | Auto | Pet Supplies,Sponsored Products,Auto,B0LD11QTH5,3187,13,9.85,1,26.72
2026-02-16,C-1006,SP | Manual | Sports & Outdoors,Sponsored Products,Manual,B0SSL9ZZJT,4373,28,24.61,1,13.51
2026-02-16,C-1007,SP | Auto | Beauty Explorers,Sponsored Products,Auto,B0KMG3BBNV,5604,12,15.64,0,0.0
2026-02-16,C-1008,SP | Auto | Electronics Diversification,Sponsored Products,Auto,B055PLDLF8,7215,20,25.36,0,0.0
2026-02-16,C-1009,SP | Manual | Kitchen Launch,Sponsored Products,Manual,B0GDNTQUXZ,992,7,6.35,1,65.4
2026-02-16,C-1010,SB | Brand | AuroraTech,Sponsored Brands,Keyword,B0R5E97R3C,584,2,2.42,0,0.0
2026-02-16,C-1011,SB | Brand | Nordic Home,Sponsored Brands,Keyword,B0SFWKQDD5,619,2,2.23,0,0.0
2026-02-16,C-1012,SD | Retargeting | Electronics,Sponsored Display,Views remarketing,B0NL5Q5CZM,4619,18,11.4,3,234.55
2026-02-17,C-1001,SP | Auto | Electronics Catch-All,Sponsored Products,Auto,B0R5E97R3C,3600,17,12.5,0,0.0
2026-02-17,C-1002,SP | Manual | Office Hero SKU,Sponsored Products,Manual,B0E48MCY15,1075,8,5.09,0,0.0
2026-02-17,C-1003,SP | Auto | Toys Discovery,Sponsored Products,Auto,B0C9DBLSN2,6526,28,17.03,1,9.49
2026-02-17,C-1004,SP | Manual | Home & Kitchen Brand Defense,Sponsored Products,Manual,B0DDA4EXPW,1343,7,6.64,2,124.51
2026-02-17,C-1005,SP | Auto | Pet Supplies,Sponsored Products,Auto,B0LD11QTH5,5945,24,17.13,1,27.17
2026-02-17,C-1006,SP | Manual | Sports & Outdoors,Sponsored Products,Manual,B0SSL9ZZJT,1590,11,10.38,1,13.24
2026-02-17,C-1007,SP | Auto | Beauty Explorers,Sponsored Products,Auto,B0KMG3BBNV,4144,6,7.62,0,0.0
2026-02-17,C-1008,SP | Auto | Electronics Diversification,Sponsored Products,Auto,B055PLDLF8,3438,13,12.6,1,41.92
2026-02-17,C-1009,SP | Manual | Kitchen Launch,Sponsored Products,Manual,B0GDNTQUXZ,1468,7,7.23,1,71.08
2026-02-17,C-1010,SB | Brand | AuroraTech,Sponsored Brands,Keyword,B0R5E97R3C,1167,4,5.49,0,0.0
2026-02-17,C-1011,SB | Brand | Nordic Home,Sponsored Brands,Keyword,B0SFWKQDD5,499,2,2.15,0,0.0
2026-02-17,C-1012,SD | Retargeting | Electronics,Sponsored Display,Views remarketing,B0NL5Q5CZM,0,0,0.0,0,0.0
2026-02-18,C-1001,SP | Auto | Electronics Catch-All,Sponsored Products,Auto,B0R5E97R3C,6166,20,19.27,2,195.34
2026-02-18,C-1002,SP | Manual | Office Hero SKU,Sponsored Products,Manual,B0E48MCY15,0,0,0.0,0,0.0
2026-02-18,C-1003,SP | Auto | Toys Discovery,Sponsored Products,Auto,B0C9DBLSN2,4282,12,8.07,0,0.0
2026-02-18,C-1004,SP | Manual | Home & Kitchen Brand Defense,Sponsored Products,Manual,B0DDA4EXPW,1754,8,8.27,1,57.87
2026-02-18,C-1005,SP | Auto | Pet Supplies,Sponsored Products,Auto,B0LD11QTH5,8131,36,22.18,2,55.3
2026-02-18,C-1006,SP | Manual | Sports & Outdoors,Sponsored Products,Manual,B0SSL9ZZJT,2996,20,14.67,1,13.99
2026-02-18,C-1007,SP | Auto | Beauty Explorers,Sponsored Products,Auto,B0KMG3BBNV,4600,11,17.58,0,0.0
2026-02-18,C-1008,SP | Auto | Electronics Diversification,Sponsored Products,Auto,B055PLDLF8,3500,15,14.35,0,0.0
2026-02-18,C-1009,SP | Manual | Kitchen Launch,Sponsored Products,Manual,B0GDNTQUXZ,906,5,4.89,1,74.62
2026-02-18,C-1010,SB | Brand | AuroraTech,Sponsored Brands,Keyword,B0R5E97R3C,1158,4,4.74,2,192.07
2026-02-18,C-1011,SB | Brand | Nordic Home,Sponsored Brands,Keyword,B0SFWKQDD5,482,1,1.15,0,0.0
2026-02-18,C-1012,SD | Retargeting | Electronics,Sponsored Display,Views remarketing,B0NL5Q5CZM,3280,14,7.3,3,238.67
2026-02-19,C-1001,SP | Auto | Electronics Catch-All,Sponsored Products,Auto,B0R5E97R3C,2567,9,8.76,0,0.0
2026-02-19,C-1002,SP | Manual | Office Hero SKU,Sponsored Products,Manual,B0E48MCY15,0,0,0.0,0,0.0
2026-02-19,C-1003,SP | Auto | Toys Discovery,Sponsored Products,Auto,B0C9DBLSN2,2426,8,5.75,0,0.0
2026-02-19,C-1004,SP | Manual | Home & Kitchen Brand Defense,Sponsored Products,Manual,B0DDA4EXPW,2145,14,15.71,2,113.12
2026-02-19,C-1005,SP | Auto | Pet Supplies,Sponsored Products,Auto,B0LD11QTH5,2186,8,4.9,0,0.0
2026-02-19,C-1006,SP | Manual | Sports & Outdoors,Sponsored Products,Manual,B0SSL9ZZJT,1820,9,6.27,1,14.83
2026-02-19,C-1007,SP | Auto | Beauty Explorers,Sponsored Products,Auto,B0KMG3BBNV,6580,14,18.44,0,0.0
2026-02-19,C-1008,SP | Auto | Electronics Diversification,Sponsored Products,Auto,B055PLDLF8,0,0,0.0,0,0.0
2026-02-19,C-1009,SP | Manual | Kitchen Launch,Sponsored Products,Manual,B0GDNTQUXZ,1184,5,4.4,0,0.0
2026-02-19,C-1010,SB | Brand | AuroraTech,Sponsored Brands,Keyword,B0R5E97R3C,1282,6,7.67,0,0.0
2026-02-19,C-1011,SB | Brand | Nordic Home,Sponsored Brands,Keyword,B0SFWKQDD5,496,1,1.03,0,0.0
2026-02-19,C-1012,SD | Retargeting | Electronics,Sponsored Display,Views remarketing,B0NL5Q5CZM,1415,6,3.42,1,73.68
2026-02-20,C-1001,SP | Auto | Electronics Catch-All,Sponsored Products,Auto,B0R5E97R3C,5417,28,21.23,3,252.9
2026-02-20,C-1002,SP | Manual | Office Hero SKU,Sponsored Products,Manual,B0E48MCY15,2766,14,10.97,1,48.01
2026-02-20,C-1003,SP | Auto | Toys Discovery,Sponsored Products,Auto,B0C9DBLSN2,4274,16,10.08,1,9.41
2026-02-20,C-1004,SP | Manual | Home & Kitchen Brand Defense,Sponsored Products,Manual,B0DDA4EXPW,1785,8,7.53,3,174.1
2026-02-20,C-1005,SP | Auto | Pet Supplies,Sponsored Products,Auto,B0LD11QTH5,3471,17,12.67,1,26.68
2026-02-20,C-1006,SP | Manual | Sports & Outdoors,Sponsored Products,Manual,B0SSL9ZZJT,4077,22,19.42,2,26.47
2026-02-20,C-1007,SP | Auto | Beauty Explorers,Sponsored Products,Auto,B0KMG3BBNV,13101,26,36.71,0,0.0
2026-02-20,C-1008,SP | Auto | Electronics Diversification,Sponsored Products,Auto,B055PLDLF8,3293,12,15.11,0,0.0
2026-02-20,C-1009,SP | Manual | Kitchen Launch,Sponsored Products,Manual,B0GDNTQUXZ,1578,7,7.06,0,0.0
2026-02-20,C-1010,SB | Brand | AuroraTech,Sponsored Brands,Keyword,B0R5E97R3C,2588,7,9.67,0,0.0
2026-02-20,C-1011,SB | Brand | Nordic Home,Sponsored Brands,Keyword,B0SFWKQDD5,742,2,2.31,0,0.0
2026-02-20,C-1012,SD | Retargeting | Electronics,Sponsored Display,Views remarketing,B0NL5Q5CZM,3681,15,7.95,2,144.57
2026-02-21,C-1001,SP | Auto | Electronics Catch-All,Sponsored Products,Auto,B0R5E97R3C,6067,19,17.22,0,0.0
2026-02-21,C-1002,SP | Manual | Office Hero SKU,Sponsored Products,Manual,B0E48MCY15,3882,26,16.79,2,95.21
2026-02-21,C-1003,SP | Auto | Toys Discovery,Sponsored Products,Auto,B0C9DBLSN2,5603,27,19.81,1,9.83
2026-02-21,C-1004,SP | Manual | Home & Kitchen Brand Defense,Sponsored Products,Manual,B0DDA4EXPW,2121,13,13.15,1,61.92
2026-02-21,C-1005,SP | Auto | Pet Supplies,Sponsored Products,Auto,B0LD11QTH5,4184,25,19.21,3,73.71
2026-02-21,C-1006,SP | Manual | Sports & Outdoors,Sponsored Products,Manual,B0SSL9ZZJT,3079,13,8.95,1,13.1
2026-02-21,C-1007,SP | Auto | Beauty Explorers,Sponsored Products,Auto,B0KMG3BBNV,4840,12,18.11,0,0.0
2026-02-21,C-1008,SP | Auto | Electronics Diversification,Sponsored Products,Auto,B055PLDLF8,6313,26,26.91,0,0.0
2026-02-21,C-1009,SP | Manual | Kitchen Launch,Sponsored Products,Manual,B0GDNTQUXZ,2433,13,11.81,2,143.67
2026-02-21,C-1010,SB | Brand | AuroraTech,Sponsored Brands,Keyword,B0R5E97R3C,979,4,5.51,0,0.0
2026-02-21,C-1011,SB | Brand | Nordic Home,Sponsored Brands,Keyword,B0SFWKQDD5,624,2,2.41,0,0.0
2026-02-21,C-1012,SD | Retargeting | Electronics,Sponsored Display,Views remarketing,B0NL5Q5CZM,4260,21,13.29,2,136.7
2026-02-22,C-1001,SP | Auto | Electronics Catch-All,Sponsored Products,Auto,B0R5E97R3C,6582,24,21.35,4,389.14
2026-02-22,C-1002,SP | Manual | Office Hero SKU,Sponsored Products,Manual,B0E48MCY15,857,4,3.17,1,48.31
2026-02-22,C-1003,SP | Auto | Toys Discovery,Sponsored Products,Auto,B0C9DBLSN2,3159,11,7.53,0,0.0
2026-02-22,C-1004,SP | Manual | Home & Kitchen Brand Defense,Sponsored Products,Manual,B0DDA4EXPW,2693,20,17.9,0,0.0
2026-02-22,C-1005,SP | Auto | Pet Supplies,Sponsored Products,Auto,B0LD11QTH5,7355,25,15.45,2,50.09
2026-02-22,C-1006,SP | Manual | Sports & Outdoors,Sponsored Products,Manual,B0SSL9ZZJT,4585,25,20.47,2,26.57
2026-02-22,C-1007,SP | Auto | Beauty Explorers,Sponsored Products,Auto,B0KMG3BBNV,5383,12,20.4,0,0.0
2026-02-22,C-1008,SP | Auto | Electronics Diversification,Sponsored Products,Auto,B055PLDLF8,7364,35,42.41,1,41.2
2026-02-22,C-1009,SP | Manual | Kitchen Launch,Sponsored Products,Manual,B0GDNTQUXZ,1159,7,6.72,2,128.77
2026-02-22,C-1010,SB | Brand | AuroraTech,Sponsored Brands,Keyword,B0R5E97R3C,1302,5,6.98,0,0.0
2026-02-22,C-1011,SB | Brand | Nordic Home,Sponsored Brands,Keyword,B0SFWKQDD5,338,1,1.02,0,0.0
2026-02-22,C-1012,SD | Retargeting | Electronics,Sponsored Display,Views remarketing,B0NL5Q5CZM,3597,20,9.87,2,137.95
2026-02-23,C-1001,SP | Auto | Electronics Catch-All,Sponsored Products,Auto,B0R5E97R3C,12021,60,60.27,6,557.69
2026-02-23,C-1002,SP | Manual | Office Hero SKU,Sponsored Products,Manual,B0E48MCY15,3170,13,9.49,3,136.18
2026-02-23,C-1003,SP | Auto | Toys Discovery,Sponsored Products,Auto,B0C9DBLSN2,3135,15,11.09,0,0.0
2026-02-23,C-1004,SP | Manual | Home & Kitchen Brand Defense,Sponsored Products,Manual,B0DDA4EXPW,1113,8,9.03,1,65.6
2026-02-23,C-1005,SP | Auto | Pet Supplies,Sponsored Products,Auto,B0LD11QTH5,5500,22,13.76,0,0.0
2026-02-23,C-1006,SP | Manual | Sports & Outdoors,Sponsored Products,Manual,B0SSL9ZZJT,5844,30,22.16,0,0.0
2026-02-23,C-1007,SP | Auto | Beauty Explorers,Sponsored Products,Auto,B0KMG3BBNV,9139,17,22.53,0,0.0
2026-02-23,C-1008,SP | Auto | Electronics Diversification,Sponsored Products,Auto,B055PLDLF8,1955,5,6.27,0,0.0
2026-02-23,C-1009,SP | Manual | Kitchen Launch,Sponsored Products,Manual,B0GDNTQUXZ,1320,8,6.71,1,73.75
2026-02-23,C-1010,SB | Brand | AuroraTech,Sponsored Brands,Keyword,B0R5E97R3C,1087,4,4.13,0,0.0
2026-02-23,C-1011,SB | Brand | Nordic Home,Sponsored Brands,Keyword,B0SFWKQDD5,435,1,1.29,0,0.0
2026-02-23,C-1012,SD | Retargeting | Electronics,Sponsored Display,Views remarketing,B0NL5Q5CZM,4807,26,12.72,4,292.18
2026-02-24,C-1001,SP | Auto | Electronics Catch-All,Sponsored Products,Auto,B0R5E97R3C,4116,17,17.2,3,269.95
2026-02-24,C-1002,SP | Manual | Office Hero SKU,Sponsored Products,Manual,B0E48MCY15,1844,8,6.03,1,49.54
2026-02-24,C-1003,SP | Auto | Toys Discovery,Sponsored Products,Auto,B0C9DBLSN2,4005,13,7.55,2,18.43
2026-02-24,C-1004,SP | Manual | Home & Kitchen Brand Defense,Sponsored Products,Manual,B0DDA4EXPW,1524,7,6.19,0,0.0
2026-02-24,C-1005,SP | Auto | Pet Supplies,Sponsored Products,Auto,B0LD11QTH5,6343,33,24.35,2,55.19
2026-02-24,C-1006,SP | Manual | Sports & Outdoors,Sponsored Products,Manual,B0SSL9ZZJT,3055,15,14.22,3,43.27
2026-02-24,C-1007,SP | Auto | Beauty Explorers,Sponsored Products,Auto,B0KMG3BBNV,7080,14,22.43,0,0.0
2026-02-24,C-1008,SP | Auto | Electronics Diversification,Sponsored Products,Auto,B055PLDLF8,8061,22,26.21,0,0.0
2026-02-24,C-1009,SP | Manual | Kitchen Launch,Sponsored Products,Manual,B0GDNTQUXZ,1642,8,6.85,2,144.79
2026-02-24,C-1010,SB | Brand | AuroraTech,Sponsored Brands,Keyword,B0R5E97R3C,844,3,3.16,1,
2026-02-24,C-1011,SB | Brand | Nordic Home,Sponsored Brands,Keyword,B0SFWKQDD5,800,3,3.37,0,0.0
2026-02-24,C-1012,SD | Retargeting | Electronics,Sponsored Display,Views remarketing,B0NL5Q5CZM,4292,25,16.4,2,153.0
2026-02-25,C-1001,SP | Auto | Electronics Catch-All,Sponsored Products,Auto,B0R5E97R3C,10566,56,53.16,3,285.35
2026-02-25,C-1002,SP | Manual | Office Hero SKU,Sponsored Products,Manual,B0E48MCY15,2098,13,9.43,2,93.89
2026-02-25,C-1003,SP | Auto | Toys Discovery,Sponsored Products,Auto,B0C9DBLSN2,10165,42,30.79,6,57.64
2026-02-25,C-1004,SP | Manual | Home & Kitchen Brand Defense,Sponsored Products,Manual,B0DDA4EXPW,2653,18,17.19,4,228.89
2026-02-25,C-1005,SP | Auto | Pet Supplies,Sponsored Products,Auto,B0LD11QTH5,3919,13,9.02,1,24.56
2026-02-25,C-1006,SP | Manual | Sports & Outdoors,Sponsored Products,Manual,B0SSL9ZZJT,7659,50,37.87,5,71.74
2026-02-25,C-1007,SP | Auto | Beauty Explorers,Sponsored Products,Auto,B0KMG3BBNV,5421,15,19.42,1,39.15
2026-02-25,C-1008,SP | Auto | Electronics Diversification,Sponsored Products,Auto,B055PLDLF8,6538,19,20.32,0,0.0
2026-02-25,C-1009,SP | Manual | Kitchen Launch,Sponsored Products,Manual,B0GDNTQUXZ,2985,18,18.75,1,72.27
2026-02-25,C-1010,SB | Brand | AuroraTech,Sponsored Brands,Keyword,B0R5E97R3C,415,2,2.56,1,93.46
2026-02-25,C-1011,SB | Brand | Nordic Home,Sponsored Brands,Keyword,B0SFWKQDD5,1149,2,2.58,0,0.0
2026-02-25,C-1012,SD | Retargeting | Electronics,Sponsored Display,Views remarketing,B0NL5Q5CZM,4280,26,13.79,2,144.96
2026-02-26,C-1001,SP | Auto | Electronics Catch-All,Sponsored Products,Auto,B0R5E97R3C,5518,26,24.54,4,342.3
2026-02-26,C-1002,SP | Manual | Office Hero SKU,Sponsored Products,Manual,B0E48MCY15,2642,15,10.69,2,98.59
2026-02-26,C-1003,SP | Auto | Toys Discovery,Sponsored Products,Auto,B0C9DBLSN2,10129,45,28.07,5,51.44
2026-02-26,C-1004,SP | Manual | Home & Kitchen Brand Defense,Sponsored Products,Manual,B0DDA4EXPW,2144,11,11.92,1,59.11
2026-02-26,C-1005,SP | Auto | Pet Supplies,Sponsored Products,Auto,B0LD11QTH5,5000,27,18.93,3,84.02
2026-02-26,C-1006,SP | Manual | Sports & Outdoors,Sponsored Products,Manual,B0SSL9ZZJT,3349,17,15.57,3,40.58
2026-02-26,C-1007,SP | Auto | Beauty Explorers,Sponsored Products,Auto,B0KMG3BBNV,2448,6,9.59,0,0.0
2026-02-26,C-1008,SP | Auto | Electronics Diversification,Sponsored Products,Auto,B055PLDLF8,3973,11,12.74,0,0.0
2026-02-26,C-1009,SP | Manual | Kitchen Launch,Sponsored Products,Manual,B0GDNTQUXZ,1592,7,6.22,1,66.83
2026-02-26,C-1010,SB | Brand | AuroraTech,Sponsored Brands,Keyword,B0R5E97R3C,857,3,4.26,0,0.0
2026-02-26,C-1011,SB | Brand | Nordic Home,Sponsored Brands,Keyword,B0SFWKQDD5,1498,4,4.1,1,29.37
2026-02-26,C-1012,SD | Retargeting | Electronics,Sponsored Display,Views remarketing,B0NL5Q5CZM,4224,22,10.68,6,408.42
2026-02-27,C-1001,SP | Auto | Electronics Catch-All,Sponsored Products,Auto,B0R5E97R3C,6217,29,26.72,3,263.97
2026-02-27,C-1002,SP | Manual | Office Hero SKU,Sponsored Products,Manual,B0E48MCY15,2776,13,8.4,0,0.0
2026-02-27,C-1003,SP | Auto | Toys Discovery,Sponsored Products,Auto,B0C9DBLSN2,6886,31,22.8,3,31.96
2026-02-27,C-1004,SP | Manual | Home & Kitchen Brand Defense,Sponsored Products,Manual,B0DDA4EXPW,2100,15,16.43,2,125.34
2026-02-27,C-1005,SP | Auto | Pet Supplies,Sponsored Products,Auto,B0LD11QTH5,4220,16,11.03,3,80.2
2026-02-27,C-1006,SP | Manual | Sports & Outdoors,Sponsored Products,Manual,B0SSL9ZZJT,2400,9,7.96,3,42.87
2026-02-27,C-1007,SP | Auto | Beauty Explorers,Sponsored Products,Auto,B0KMG3BBNV,4579,9,12.04,0,0.0
2026-02-27,C-1008,SP | Auto | Electronics Diversification,Sponsored Products,Auto,B055PLDLF8,3894,10,11.18,0,0.0
2026-02-27,C-1009,SP | Manual | Kitchen Launch,Sponsored Products,Manual,B0GDNTQUXZ,815,6,4.85,1,66.98
2026-02-27,C-1010,SB | Brand | AuroraTech,Sponsored Brands,Keyword,B0R5E97R3C,942,3,3.36,0,0.0
2026-02-27,C-1011,SB | Brand | Nordic Home,Sponsored Brands,Keyword,B0SFWKQDD5,1023,3,3.63,0,0.0
2026-02-27,C-1012,SD | Retargeting | Electronics,Sponsored Display,Views remarketing,B0NL5Q5CZM,2191,8,4.2,0,0.0
2026-02-28,C-1001,SP | Auto | Electronics Catch-All,Sponsored Products,Auto,B0R5E97R3C,9022,43,33.14,4,333.09
2026-02-28,C-1002,SP | Manual | Office Hero SKU,Sponsored Products,Manual,B0E48MCY15,699,4,3.12,0,0.0
2026-02-28,C-1003,SP | Auto | Toys Discovery,Sponsored Products,Auto,B0C9DBLSN2,4631,13,8.53,4,38.36
2026-02-28,C-1004,SP | Manual | Home & Kitchen Brand Defense,Sponsored Products,Manual,B0DDA4EXPW,1158,8,8.71,2,116.6
2026-02-28,C-1005,SP | Auto | Pet Supplies,Sponsored Products,Auto,B0LD11QTH5,4361,23,15.22,2,54.23
2026-02-28,C-1006,SP | Manual | Sports & Outdoors,Sponsored Products,Manual,B0SSL9ZZJT,1905,12,10.53,1,15.41
2026-02-28,C-1007,SP | Auto | Beauty Explorers,Sponsored Products,Auto,B0KMG3BBNV,7495,19,29.56,1,38.74
2026-02-28,C-1008,SP | Auto | Electronics Diversification,Sponsored Products,Auto,B055PLDLF8,1527,7,6.63,0,0.0
2026-02-28,C-1009,SP | Manual | Kitchen Launch,Sponsored Products,Manual,B0GDNTQUXZ,1119,8,7.84,0,0.0
2026-02-28,C-1010,SB | Brand | AuroraTech,Sponsored Brands,Keyword,B0R5E97R3C,758,2,2.09,0,0.0
2026-02-28,C-1011,SB | Brand | Nordic Home,Sponsored Brands,Keyword,B0SFWKQDD5,380,1,1.33,0,0.0
2026-02-28,C-1012,SD | Retargeting | Electronics,Sponsored Display,Views remarketing,B0NL5Q5CZM,3092,20,11.03,4,293.83
2026-03-01,C-1001,SP | Auto | Electronics Catch-All,Sponsored Products,Auto,B0R5E97R3C,6902,33,33.52,2,196.73
2026-03-01,C-1002,SP | Manual | Office Hero SKU,Sponsored Products,Manual,B0E48MCY15,1111,7,5.62,1,45.61
2026-03-01,C-1003,SP | Auto | Toys Discovery,Sponsored Products,Auto,B0C9DBLSN2,4096,19,11.64,3,31.86
2026-03-01,C-1004,SP | Manual | Home & Kitchen Brand Defense,Sponsored Products,Manual,B0DDA4EXPW,1138,7,6.38,2,117.79
2026-03-01,C-1005,SP | Auto | Pet Supplies,Sponsored Products,Auto,B0LD11QTH5,5403,19,15.92,3,73.47
2026-03-01,C-1006,SP | Manual | Sports & Outdoors,Sponsored Products,Manual,B0SSL9ZZJT,2473,16,14.71,1,17.0
2026-03-01,C-1007,SP | Auto | Beauty Explorers,Sponsored Products,Auto,B0KMG3BBNV,4968,14,19.84,0,0.0
2026-03-01,C-1008,SP | Auto | Electronics Diversification,Sponsored Products,Auto,B055PLDLF8,4990,23,28.9,0,0.0
2026-03-01,C-1009,SP | Manual | Kitchen Launch,Sponsored Products,Manual,B0GDNTQUXZ,1921,11,8.54,3,220.26
2026-03-01,C-1010,SB | Brand | AuroraTech,Sponsored Brands,Keyword,B0R5E97R3C,725,2,2.21,0,0.0
2026-03-01,C-1011,SB | Brand | Nordic Home,Sponsored Brands,Keyword,B0SFWKQDD5,401,1,1.28,0,0.0
2026-03-01,C-1012,SD | Retargeting | Electronics,Sponsored Display,Views remarketing,B0NL5Q5CZM,3057,13,8.32,0,0.0
2026-03-02,C-1001,SP | Auto | Electronics Catch-All,Sponsored Products,Auto,B0R5E97R3C,13679,69,67.49,11,1041.33
2026-03-02,C-1002,SP | Manual | Office Hero SKU,Sponsored Products,Manual,B0E48MCY15,2171,9,7.45,2,98.82
2026-03-02,C-1003,SP | Auto | Toys Discovery,Sponsored Products,Auto,B0C9DBLSN2,6225,23,13.55,1,9.76
2026-03-02,C-1004,SP | Manual | Home & Kitchen Brand Defense,Sponsored Products,Manual,B0DDA4EXPW,1662,10,10.42,2,120.55
2026-03-02,C-1005,SP | Auto | Pet Supplies,Sponsored Products,Auto,B0LD11QTH5,1622,6,3.98,1,24.49
2026-03-02,C-1006,SP | Manual | Sports & Outdoors,Sponsored Products,Manual,B0SSL9ZZJT,3875,22,20.78,1,16.24
2026-03-02,C-1007,SP | Auto | Beauty Explorers,Sponsored Products,Auto,B0KMG3BBNV,7596,19,25.02,0,0.0
2026-03-02,C-1008,SP | Auto | Electronics Diversification,Sponsored Products,Auto,B055PLDLF8,3662,12,15.07,0,0.0
2026-03-02,C-1009,SP | Manual | Kitchen Launch,Sponsored Products,Manual,B0GDNTQUXZ,2067,12,11.92,2,149.34
2026-03-02,C-1010,SB | Brand | AuroraTech,Sponsored Brands,Keyword,B0R5E97R3C,811,3,3.48,0,0.0
2026-03-02,C-1011,SB | Brand | Nordic Home,Sponsored Brands,Keyword,B0SFWKQDD5,507,1,1.08,0,0.0
2026-03-02,C-1012,SD | Retargeting | Electronics,Sponsored Display,Views remarketing,B0NL5Q5CZM,9227,58,28.82,5,401.72
2026-03-03,C-1001,SP | Auto | Electronics Catch-All,Sponsored Products,Auto,B0R5E97R3C,8488,31,24.29,4,367.77
2026-03-03,C-1002,SP | Manual | Office Hero SKU,Sponsored Products,Manual,B0E48MCY15,3012,16,9.84,1,50.97
2026-03-03,C-1003,SP | Auto | Toys Discovery,Sponsored Products,Auto,B0C9DBLSN2,4866,25,19.17,0,0.0
2026-03-03,C-1004,SP | Manual | Home & Kitchen Brand Defense,Sponsored Products,Manual,B0DDA4EXPW,995,7,6.44,0,0.0
2026-03-03,C-1005,SP | Auto | Pet Supplies,Sponsored Products,Auto,B0LD11QTH5,5602,33,20.0,2,53.07
2026-03-03,C-1006,SP | Manual | Sports & Outdoors,Sponsored Products,Manual,B0SSL9ZZJT,2718,17,15.03,0,0.0
2026-03-03,C-1007,SP | Auto | Beauty Explorers,Sponsored Products,Auto,B0KMG3BBNV,7297,18,26.08,0,0.0
2026-03-03,C-1008,SP | Auto | Electronics Diversification,Sponsored Products,Auto,B055PLDLF8,2611,10,13.18,0,0.0
2026-03-03,C-1009,SP | Manual | Kitchen Launch,Sponsored Products,Manual,B0GDNTQUXZ,1692,11,9.37,1,64.57
2026-03-03,C-1010,SB | Brand | AuroraTech,Sponsored Brands,Keyword,B0R5E97R3C,982,3,3.53,0,0.0
2026-03-03,C-1011,SB | Brand | Nordic Home,Sponsored Brands,Keyword,B0SFWKQDD5,0,0,0.0,0,0.0
2026-03-03,C-1012,SD | Retargeting | Electronics,Sponsored Display,Views remarketing,B0NL5Q5CZM,1874,7,4.31,3,239.1
2026-03-04,C-1001,SP | Auto | Electronics Catch-All,Sponsored Products,Auto,B0R5E97R3C,5128,19,18.98,2,179.91
2026-03-04,C-1002,SP | Manual | Office Hero SKU,Sponsored Products,Manual,B0E48MCY15,1071,5,4.01,1,49.55
2026-03-04,C-1003,SP | Auto | Toys Discovery,Sponsored Products,Auto,B0C9DBLSN2,7174,34,25.47,2,18.88
2026-03-04,C-1004,SP | Manual | Home & Kitchen Brand Defense,Sponsored Products,Manual,B0DDA4EXPW,775,5,5.56,0,0.0
2026-03-04,C-1005,SP | Auto | Pet Supplies,Sponsored Products,Auto,B0LD11QTH5,2117,12,9.8,2,52.4
2026-03-04,C-1006,SP | Manual | Sports & Outdoors,Sponsored Products,Manual,B0SSL9ZZJT,0,0,0.0,0,0.0
2026-03-04,C-1007,SP | Auto | Beauty Explorers,Sponsored Products,Auto,B0KMG3BBNV,7229,19,26.47,0,0.0
2026-03-04,C-1008,SP | Auto | Electronics Diversification,Sponsored Products,Auto,B055PLDLF8,7921,36,37.37,1,42.55
2026-03-04,C-1009,SP | Manual | Kitchen Launch,Sponsored Products,Manual,B0GDNTQUXZ,2121,11,9.97,2,150.06
2026-03-04,C-1010,SB | Brand | AuroraTech,Sponsored Brands,Keyword,B0R5E97R3C,1160,3,3.25,0,0.0
2026-03-04,C-1011,SB | Brand | Nordic Home,Sponsored Brands,Keyword,B0SFWKQDD5,632,2,2.05,0,0.0
2026-03-04,C-1012,SD | Retargeting | Electronics,Sponsored Display,Views remarketing,B0NL5Q5CZM,3351,19,9.96,2,157.97
2026-03-05,C-1001,SP | Auto | Electronics Catch-All,Sponsored Products,Auto,B0R5E97R3C,5876,30,24.53,4,378.33
2026-03-05,C-1002,SP | Manual | Office Hero SKU,Sponsored Products,Manual,B0E48MCY15,2088,14,9.49,2,105.51
2026-03-05,C-1003,SP | Auto | Toys Discovery,Sponsored Products,Auto,B0C9DBLSN2,5967,30,21.19,2,19.29
2026-03-05,C-1004,SP | Manual | Home & Kitchen Brand Defense,Sponsored Products,Manual,B0DDA4EXPW,1656,11,11.81,1,57.39
2026-03-05,C-1005,SP | Auto | Pet Supplies,Sponsored Products,Auto,B0LD11QTH5,6251,33,25.03,2,53.41
2026-03-05,C-1006,SP | Manual | Sports & Outdoors,Sponsored Products,Manual,B0SSL9ZZJT,4066,27,20.56,3,48.04
2026-03-05,C-1007,SP | Auto | Beauty Explorers,Sponsored Products,Auto,B0KMG3BBNV,3073,5,6.6,0,0.0
2026-03-05,C-1008,SP | Auto | Electronics Diversification,Sponsored Products,Auto,B055PLDLF8,2352,8,7.76,0,0.0
2026-03-05,C-1009,SP | Manual | Kitchen Launch,Sponsored Products,Manual,B0GDNTQUXZ,2271,13,12.83,2,147.22
2026-03-05,C-1010,SB | Brand | AuroraTech,Sponsored Brands,Keyword,B0R5E97R3C,776,3,3.28,0,0.0
2026-03-05,C-1011,SB | Brand | Nordic Home,Sponsored Brands,Keyword,B0SFWKQDD5,0,0,0.0,0,0.0
2026-03-05,C-1012,SD | Retargeting | Electronics,Sponsored Display,Views remarketing,B0NL5Q5CZM,4380,15,7.1,3,229.15
2026-03-06,C-1001,SP | Auto | Electronics Catch-All,Sponsored Products,Auto,B0R5E97R3C,7929,35,27.93,4,351.69
2026-03-06,C-1002,SP | Manual | Office Hero SKU,Sponsored Products,Manual,B0E48MCY15,2393,16,10.44,0,0.0
2026-03-06,C-1003,SP | Auto | Toys Discovery,Sponsored Products,Auto,B0C9DBLSN2,7788,36,22.67,4,37.95
2026-03-06,C-1004,SP | Manual | Home & Kitchen Brand Defense,Sponsored Products,Manual,B0DDA4EXPW,1936,9,9.72,0,0.0
2026-03-06,C-1005,SP | Auto | Pet Supplies,Sponsored Products,Auto,B0LD11QTH5,5886,26,17.68,2,49.29
2026-03-06,C-1006,SP | Manual | Sports & Outdoors,Sponsored Products,Manual,B0SSL9ZZJT,3263,12,8.3,1,16.58
2026-03-06,C-1007,SP | Auto | Beauty Explorers,Sponsored Products,Auto,B0KMG3BBNV,4904,8,11.73,0,0.0
2026-03-06,C-1008,SP | Auto | Electronics Diversification,Sponsored Products,Auto,B055PLDLF8,3541,14,13.36,0,0.0
2026-03-06,C-1009,SP | Manual | Kitchen Launch,Sponsored Products,Manual,B0GDNTQUXZ,3180,14,12.87,1,76.04
2026-03-06,C-1010,SB | Brand | AuroraTech,Sponsored Brands,Keyword,B0R5E97R3C,1399,5,6.98,0,0.0
2026-03-06,C-1011,SB | Brand | Nordic Home,Sponsored Brands,Keyword,B0SFWKQDD5,368,1,1.02,0,0.0
2026-03-06,C-1012,SD | Retargeting | Electronics,Sponsored Display,Views remarketing,B0NL5Q5CZM,3124,18,10.0,2,141.22
2026-03-07,C-1001,SP | Auto | Electronics Catch-All,Sponsored Products,Auto,B0R5E97R3C,4839,27,22.46,2,170.31
2026-03-07,C-1002,SP | Manual | Office Hero SKU,Sponsored Products,Manual,B0E48MCY15,4250,28,18.05,3,145.69
2026-03-07,C-1003,SP | Auto | Toys Discovery,Sponsored Products,Auto,B0C9DBLSN2,6461,29,18.75,2,20.48
2026-03-07,C-1004,SP | Manual | Home & Kitchen Brand Defense,Sponsored Products,Manual,B0DDA4EXPW,1944,9,8.04,1,64.12
2026-03-07,C-1005,SP | Auto | Pet Supplies,Sponsored Products,Auto,B0LD11QTH5,6400,27,21.38,1,28.49
2026-03-07,C-1006,SP | Manual | Sports & Outdoors,Sponsored Products,Manual,B0SSL9ZZJT,1673,6,4.12,0,0.0
2026-03-07,C-1007,SP | Auto | Beauty Explorers,Sponsored Products,Auto,B0KMG3BBNV,3777,9,12.57,0,0.0
2026-03-07,C-1008,SP | Auto | Electronics Diversification,Sponsored Products,Auto,B055PLDLF8,4254,17,16.42,0,0.0
2026-03-07,C-1009,SP | Manual | Kitchen Launch,Sponsored Products,Manual,B0GDNTQUXZ,1192,6,5.0,0,0.0
2026-03-07,C-1010,SB | Brand | AuroraTech,Sponsored Brands,Keyword,B0R5E97R3C,1103,5,6.45,0,0.0
2026-03-07,C-1011,SB | Brand | Nordic Home,Sponsored Brands,Keyword,B0SFWKQDD5,493,2,2.26,0,0.0
2026-03-07,C-1012,SD | Retargeting | Electronics,Sponsored Display,Views remarketing,B0NL5Q5CZM,3195,19,11.53,2,144.52
2026-03-08,C-1001,SP | Auto | Electronics Catch-All,Sponsored Products,Auto,B0R5E97R3C,8002,39,32.38,3,249.88
2026-03-08,C-1002,SP | Manual | Office Hero SKU,Sponsored Products,Manual,B0E48MCY15,1984,10,7.45,1,48.08
2026-03-08,C-1003,SP | Auto | Toys Discovery,Sponsored Products,Auto,B0C9DBLSN2,5023,18,14.08,1,9.12
2026-03-08,C-1004,SP | Manual | Home & Kitchen Brand Defense,Sponsored Products,Manual,B0DDA4EXPW,2747,19,16.16,5,312.26
2026-03-08,C-1005,SP | Auto | Pet Supplies,Sponsored Products,Auto,B0LD11QTH5,6926,34,22.05,4,111.71
2026-03-08,C-1006,SP | Manual | Sports & Outdoors,Sponsored Products,Manual,B0SSL9ZZJT,2494,12,11.15,0,0.0
2026-03-08,C-1007,SP | Auto | Beauty Explorers,Sponsored Products,Auto,B0KMG3BBNV,3469,8,10.81,1,38.12
2026-03-08,C-1008,SP | Auto | Electronics Diversification,Sponsored Products,Auto,B055PLDLF8,3591,11,13.3,0,0.0
2026-03-08,C-1009,SP | Manual | Kitchen Launch,Sponsored Products,Manual,B0GDNTQUXZ,1704,11,8.78,3,201.0
2026-03-08,C-1010,SB | Brand | AuroraTech,Sponsored Brands,Keyword,B0R5E97R3C,745,2,2.54,0,0.0
2026-03-08,C-1011,SB | Brand | Nordic Home,Sponsored Brands,Keyword,B0SFWKQDD5,446,2,2.1,0,0.0
2026-03-08,C-1012,SD | Retargeting | Electronics,Sponsored Display,Views remarketing,B0NL5Q5CZM,6454,41,22.57,2,141.61
2026-03-09,C-1001,SP | Auto | Electronics Catch-All,Sponsored Products,Auto,B0R5E97R3C,3933,18,14.96,1,82.88
2026-03-09,C-1002,SP | Manual | Office Hero SKU,Sponsored Products,Manual,B0E48MCY15,3406,15,11.17,2,100.72
2026-03-09,C-1003,SP | Auto | Toys Discovery,Sponsored Products,Auto,B0C9DBLSN2,6509,21,13.65,5,50.55
2026-03-09,C-1004,SP | Manual | Home & Kitchen Brand Defense,Sponsored Products,Manual,B0DDA4EXPW,1866,11,9.85,2,114.84
2026-03-09,C-1005,SP | Auto | Pet Supplies,Sponsored Products,Auto,B0LD11QTH5,5231,28,16.66,4,115.5
2026-03-09,C-1006,SP | Manual | Sports & Outdoors,Sponsored Products,Manual,B0SSL9ZZJT,3940,21,15.33,2,35.71
2026-03-09,C-1007,SP | Auto | Beauty Explorers,Sponsored Products,Auto,B0KMG3BBNV,5387,12,17.0,0,0.0
2026-03-09,C-1008,SP | Auto | Electronics Diversification,Sponsored Products,Auto,B055PLDLF8,2147,10,10.09,0,0.0
2026-03-09,C-1009,SP | Manual | Kitchen Launch,Sponsored Products,Manual,B0GDNTQUXZ,2426,15,12.06,2,140.86
2026-03-09,C-1010,SB | Brand | AuroraTech,Sponsored Brands,Keyword,B0R5E97R3C,329,1,1.32,1,98.18
2026-03-09,C-1011,SB | Brand | Nordic Home,Sponsored Brands,Keyword,B0SFWKQDD5,502,1,1.33,0,0.0
2026-03-09,C-1012,SD | Retargeting | Electronics,Sponsored Display,Views remarketing,B0NL5Q5CZM,0,0,0.0,0,0.0
2026-03-10,C-1001,SP | Auto | Electronics Catch-All,Sponsored Products,Auto,B0R5E97R3C,7325,28,23.43,3,269.5
2026-03-10,C-1002,SP | Manual | Office Hero SKU,Sponsored Products,Manual,B0E48MCY15,1279,7,5.29,1,46.64
2026-03-10,C-1003,SP | Auto | Toys Discovery,Sponsored Products,Auto,B0C9DBLSN2,4373,19,13.51,1,9.71
2026-03-10,C-1004,SP | Manual | Home & Kitchen Brand Defense,Sponsored Products,Manual,B0DDA4EXPW,1425,9,9.49,1,59.05
2026-03-10,C-1005,SP | Auto | Pet Supplies,Sponsored Products,Auto,B0LD11QTH5,2692,12,7.47,2,
2026-03-10,C-1006,SP | Manual | Sports & Outdoors,Sponsored Products,Manual,B0SSL9ZZJT,4767,30,24.63,2,35.35
2026-03-10,C-1007,SP | Auto | Beauty Explorers,Sponsored Products,Auto,B0KMG3BBNV,4176,7,9.52,0,0.0
2026-03-10,C-1008,SP | Auto | Electronics Diversification,Sponsored Products,Auto,B055PLDLF8,4970,20,24.95,0,0.0
2026-03-10,C-1009,SP | Manual | Kitchen Launch,Sponsored Products,Manual,B0GDNTQUXZ,1243,9,9.61,0,0.0
2026-03-10,C-1010,SB | Brand | AuroraTech,Sponsored Brands,Keyword,B0R5E97R3C,1204,5,5.61,0,0.0
2026-03-10,C-1011,SB | Brand | Nordic Home,Sponsored Brands,Keyword,B0SFWKQDD5,498,2,1.98,0,0.0
2026-03-10,C-1012,SD | Retargeting | Electronics,Sponsored Display,Views remarketing,B0NL5Q5CZM,3142,17,10.15,2,147.24
2026-03-11,C-1001,SP | Auto | Electronics Catch-All,Sponsored Products,Auto,B0R5E97R3C,7814,41,39.78,4,367.83
2026-03-11,C-1002,SP | Manual | Office Hero SKU,Sponsored Products,Manual,B0E48MCY15,1731,10,7.5,1,49.39
2026-03-11,C-1003,SP | Auto | Toys Discovery,Sponsored Products,Auto,B0C9DBLSN2,10658,53,34.94,4,42.41
2026-03-11,C-1004,SP | Manual | Home & Kitchen Brand Defense,Sponsored Products,Manual,B0DDA4EXPW,0,0,0.0,0,0.0
2026-03-11,C-1005,SP | Auto | Pet Supplies,Sponsored Products,Auto,B0LD11QTH5,8210,29,20.4,4,100.03
2026-03-11,C-1006,SP | Manual | Sports & Outdoors,Sponsored Products,Manual,B0SSL9ZZJT,4089,16,11.59,1,16.75
2026-03-11,C-1007,SP | Auto | Beauty Explorers,Sponsored Products,Auto,B0KMG3BBNV,3518,6,9.41,0,0.0
2026-03-11,C-1008,SP | Auto | Electronics Diversification,Sponsored Products,Auto,B055PLDLF8,5143,14,15.67,0,0.0
2026-03-11,C-1009,SP | Manual | Kitchen Launch,Sponsored Products,Manual,B0GDNTQUXZ,2402,17,13.57,3,220.88
2026-03-11,C-1010,SB | Brand | AuroraTech,Sponsored Brands,Keyword,B0R5E97R3C,838,3,4.09,0,0.0
2026-03-11,C-1011,SB | Brand | Nordic Home,Sponsored Brands,Keyword,B0SFWKQDD5,415,1,1.29,0,0.0
2026-03-11,C-1012,SD | Retargeting | Electronics,Sponsored Display,Views remarketing,B0NL5Q5CZM,3995,22,11.6,0,0.0
2026-03-12,C-1001,SP | Auto | Electronics Catch-All,Sponsored Products,Auto,B0R5E97R3C,5454,22,18.72,1,83.91
2026-03-12,C-1002,SP | Manual | Office Hero SKU,Sponsored Products,Manual,B0E48MCY15,1094,5,3.49,0,0.0
2026-03-12,C-1003,SP | Auto | Toys Discovery,Sponsored Products,Auto,B0C9DBLSN2,11967,39,26.34,6,
2026-03-12,C-1004,SP | Manual | Home & Kitchen Brand Defense,Sponsored Products,Manual,B0DDA4EXPW,1017,6,6.32,0,0.0
2026-03-12,C-1005,SP | Auto | Pet Supplies,Sponsored Products,Auto,B0LD11QTH5,2381,11,7.14,1,27.94
2026-03-12,C-1006,SP | Manual | Sports & Outdoors,Sponsored Products,Manual,B0SSL9ZZJT,2986,19,17.43,2,35.85
2026-03-12,C-1007,SP | Auto | Beauty Explorers,Sponsored Products,Auto,B0KMG3BBNV,7294,18,25.04,0,0.0
2026-03-12,C-1008,SP | Auto | Electronics Diversification,Sponsored Products,Auto,B055PLDLF8,2882,13,15.24,1,
2026-03-12,C-1009,SP | Manual | Kitchen Launch,Sponsored Products,Manual,B0GDNTQUXZ,1144,5,4.94,0,0.0
2026-03-12,C-1010,SB | Brand | AuroraTech,Sponsored Brands,Keyword,B0R5E97R3C,1199,5,5.11,0,0.0
2026-03-12,C-1011,SB | Brand | Nordic Home,Sponsored Brands,Keyword,B0SFWKQDD5,687,2,2.3,0,0.0
2026-03-12,C-1012,SD | Retargeting | Electronics,Sponsored Display,Views remarketing,B0NL5Q5CZM,2182,12,7.05,2,141.69
2026-03-13,C-1001,SP | Auto | Electronics Catch-All,Sponsored Products,Auto,B0R5E97R3C,6044,33,26.93,4,337.89
2026-03-13,C-1002,SP | Manual | Office Hero SKU,Sponsored Products,Manual,B0E48MCY15,3106,21,16.02,3,138.45
2026-03-13,C-1003,SP | Auto | Toys Discovery,Sponsored Products,Auto,B0C9DBLSN2,3358,14,10.37,1,9.52
2026-03-13,C-1004,SP | Manual | Home & Kitchen Brand Defense,Sponsored Products,Manual,B0DDA4EXPW,1010,7,6.18,0,0.0
2026-03-13,C-1005,SP | Auto | Pet Supplies,Sponsored Products,Auto,B0LD11QTH5,3530,14,9.56,2,55.58
2026-03-13,C-1006,SP | Manual | Sports & Outdoors,Sponsored Products,Manual,B0SSL9ZZJT,5047,18,14.86,2,36.1
2026-03-13,C-1007,SP | Auto | Beauty Explorers,Sponsored Products,Auto,B0KMG3BBNV,3573,8,10.57,0,0.0
2026-03-13,C-1008,SP | Auto | Electronics Diversification,Sponsored Products,Auto,B055PLDLF8,4028,11,13.04,0,0.0
2026-03-13,C-1009,SP | Manual | Kitchen Launch,Sponsored Products,Manual,B0GDNTQUXZ,818,5,4.39,1,65.34
2026-03-13,C-1010,SB | Brand | AuroraTech,Sponsored Brands,Keyword,B0R5E97R3C,723,2,2.55,0,0.0
2026-03-13,C-1011,SB | Brand | Nordic Home,Sponsored Brands,Keyword,B0SFWKQDD5,1143,4,4.26,0,0.0
2026-03-13,C-1012,SD | Retargeting | Electronics,Sponsored Display,Views remarketing,B0NL5Q5CZM,4418,22,11.9,4,304.12
2026-03-14,C-1001,SP | Auto | Electronics Catch-All,Sponsored Products,Auto,B0R5E97R3C,3712,16,13.34,0,0.0
2026-03-14,C-1002,SP | Manual | Office Hero SKU,Sponsored Products,Manual,B0E48MCY15,1610,9,7.34,0,0.0
2026-03-14,C-1003,SP | Auto | Toys Discovery,Sponsored Products,Auto,B0C9DBLSN2,5964,20,15.44,5,48.64
2026-03-14,C-1004,SP | Manual | Home & Kitchen Brand Defense,Sponsored Products,Manual,B0DDA4EXPW,1845,9,7.67,0,0.0
2026-03-14,C-1005,SP | Auto | Pet Supplies,Sponsored Products,Auto,B0LD11QTH5,3528,19,12.96,2,55.72
2026-03-14,C-1006,SP | Manual | Sports & Outdoors,Sponsored Products,Manual,B0SSL9ZZJT,2918,18,12.63,1,15.66
2026-03-14,C-1007,SP | Auto | Beauty Explorers,Sponsored Products,Auto,B0KMG3BBNV,5201,9,11.52,0,0.0
2026-03-14,C-1008,SP | Auto | Electronics Diversification,Sponsored Products,Auto,B055PLDLF8,2367,8,7.51,0,0.0
2026-03-14,C-1009,SP | Manual | Kitchen Launch,Sponsored Products,Manual,B0GDNTQUXZ,0,0,0.0,0,0.0
2026-03-14,C-1010,SB | Brand | AuroraTech,Sponsored Brands,Keyword,B0R5E97R3C,785,3,3.08,0,0.0
2026-03-14,C-1011,SB | Brand | Nordic Home,Sponsored Brands,Keyword,B0SFWKQDD5,424,2,2.46,1,25.89
2026-03-14,C-1012,SD | Retargeting | Electronics,Sponsored Display,Views remarketing,B0NL5Q5CZM,3733,17,9.72,1,79.76
2026-03-15,C-1001,SP | Auto | Electronics Catch-All,Sponsored Products,Auto,B0R5E97R3C,9693,37,35.55,1,95.11
2026-03-15,C-1002,SP | Manual | Office Hero SKU,Sponsored Products,Manual,B0E48MCY15,1285,8,6.87,0,0.0
2026-03-15,C-1003,SP | Auto | Toys Discovery,Sponsored Products,Auto,B0C9DBLSN2,5709,26,16.26,1,10.28
2026-03-15,C-1004,SP | Manual | Home & Kitchen Brand Defense,Sponsored Products,Manual,B0DDA4EXPW,1565,10,10.52,1,56.85
2026-03-15,C-1005,SP | Auto | Pet Supplies,Sponsored Products,Auto,B0LD11QTH5,1857,10,7.12,1,26.13
2026-03-15,C-1006,SP | Manual | Sports & Outdoors,Sponsored Products,Manual,B0SSL9ZZJT,4402,21,17.78,0,0.0
2026-03-15,C-1007,SP | Auto | Beauty Explorers,Sponsored Products,Auto,B0KMG3BBNV,13584,27,44.17,0,0.0
2026-03-15,C-1008,SP | Auto | Electronics Diversification,Sponsored Products,Auto,B055PLDLF8,4662,18,21.82,0,0.0
2026-03-15,C-1009,SP | Manual | Kitchen Launch,Sponsored Products,Manual,B0GDNTQUXZ,2022,13,13.41,1,71.09
2026-03-15,C-1010,SB | Brand | AuroraTech,Sponsored Brands,Keyword,B0R5E97R3C,637,2,2.71,0,0.0
2026-03-15,C-1011,SB | Brand | Nordic Home,Sponsored Brands,Keyword,B0SFWKQDD5,544,2,2.15,0,0.0
2026-03-15,C-1012,SD | Retargeting | Electronics,Sponsored Display,Views remarketing,B0NL5Q5CZM,2006,9,5.57,1,72.05
2026-03-16,C-1001,SP | Auto | Electronics Catch-All,Sponsored Products,Auto,B0R5E97R3C,2838,10,9.88,3,273.48
2026-03-16,C-1002,SP | Manual | Office Hero SKU,Sponsored Products,Manual,B0E48MCY15,2521,12,8.21,1,47.25
2026-03-16,C-1003,SP | Auto | Toys Discovery,Sponsored Products,Auto,B0C9DBLSN2,4350,21,13.63,1,10.22
2026-03-16,C-1004,SP | Manual | Home & Kitchen Brand Defense,Sponsored Products,Manual,B0DDA4EXPW,2947,14,13.61,2,111.12
2026-03-16,C-1005,SP | Auto | Pet Supplies,Sponsored Products,Auto,B0LD11QTH5,7855,48,36.29,4,108.98
2026-03-16,C-1006,SP | Manual | Sports & Outdoors,Sponsored Products,Manual,B0SSL9ZZJT,2327,12,10.87,0,0.0
2026-03-16,C-1007,SP | Auto | Beauty Explorers,Sponsored Products,Auto,B0KMG3BBNV,5630,12,16.08,0,0.0
2026-03-16,C-1008,SP | Auto | Electronics Diversification,Sponsored Products,Auto,B055PLDLF8,3129,11,13.46,0,0.0
2026-03-16,C-1009,SP | Manual | Kitchen Launch,Sponsored Products,Manual,B0GDNTQUXZ,1316,7,7.03,0,0.0
2026-03-16,C-1010,SB | Brand | AuroraTech,Sponsored Brands,Keyword,B0R5E97R3C,1671,4,4.37,0,0.0
2026-03-16,C-1011,SB | Brand | Nordic Home,Sponsored Brands,Keyword,B0SFWKQDD5,375,1,1.36,0,0.0
2026-03-16,C-1012,SD | Retargeting | Electronics,Sponsored Display,Views remarketing,B0NL5Q5CZM,2984,16,9.15,2,
2026-03-17,C-1001,SP | Auto | Electronics Catch-All,Sponsored Products,Auto,B0R5E97R3C,5495,21,16.77,2,193.46
2026-03-17,C-1002,SP | Manual | Office Hero SKU,Sponsored Products,Manual,B0E48MCY15,1854,12,7.41,0,0.0
2026-03-17,C-1003,SP | Auto | Toys Discovery,Sponsored Products,Auto,B0C9DBLSN2,3990,16,11.16,1,9.86
2026-03-17,C-1004,SP | Manual | Home & Kitchen Brand Defense,Sponsored Products,Manual,B0DDA4EXPW,1719,12,10.03,2,125.65
2026-03-17,C-1005,SP | Auto | Pet Supplies,Sponsored Products,Auto,B0LD11QTH5,4418,25,17.46,3,76.17
2026-03-17,C-1006,SP | Manual | Sports & Outdoors,Sponsored Products,Manual,B0SSL9ZZJT,5986,33,25.11,3,47.07
2026-03-17,C-1007,SP | Auto | Beauty Explorers,Sponsored Products,Auto,B0KMG3BBNV,3906,8,11.88,0,0.0
2026-03-17,C-1008,SP | Auto | Electronics Diversification,Sponsored Products,Auto,B055PLDLF8,2166,10,12.06,0,0.0
2026-03-17,C-1009,SP | Manual | Kitchen Launch,Sponsored Products,Manual,B0GDNTQUXZ,943,4,3.56,0,0.0
2026-03-17,C-1010,SB | Brand | AuroraTech,Sponsored Brands,Keyword,B0R5E97R3C,421,2,2.04,0,0.0
2026-03-17,C-1011,SB | Brand | Nordic Home,Sponsored Brands,Keyword,B0SFWKQDD5,391,1,1.23,0,0.0
2026-03-17,C-1012,SD | Retargeting | Electronics,Sponsored Display,Views remarketing,B0NL5Q5CZM,5181,29,17.9,1,78.33
2026-03-18,C-1001,SP | Auto | Electronics Catch-All,Sponsored Products,Auto,B0R5E97R3C,6673,33,31.96,1,84.16
2026-03-18,C-1002,SP | Manual | Office Hero SKU,Sponsored Products,Manual,B0E48MCY15,1679,8,6.56,1,51.87
2026-03-18,C-1003,SP | Auto | Toys Discovery,Sponsored Products,Auto,B0C9DBLSN2,2883,10,6.6,0,0.0
2026-03-18,C-1004,SP | Manual | Home & Kitchen Brand Defense,Sponsored Products,Manual,B0DDA4EXPW,1393,7,7.72,0,0.0
2026-03-18,C-1005,SP | Auto | Pet Supplies,Sponsored Products,Auto,B0LD11QTH5,2293,13,8.97,0,0.0
2026-03-18,C-1006,SP | Manual | Sports & Outdoors,Sponsored Products,Manual,B0SSL9ZZJT,2435,10,7.69,0,0.0
2026-03-18,C-1007,SP | Auto | Beauty Explorers,Sponsored Products,Auto,B0KMG3BBNV,5513,10,16.79,0,0.0
2026-03-18,C-1008,SP | Auto | Electronics Diversification,Sponsored Products,Auto,B055PLDLF8,0,0,0.0,0,0.0
2026-03-18,C-1009,SP | Manual | Kitchen Launch,Sponsored Products,Manual,B0GDNTQUXZ,1446,9,9.46,0,0.0
2026-03-18,C-1010,SB | Brand | AuroraTech,Sponsored Brands,Keyword,B0R5E97R3C,488,2,2.41,0,0.0
2026-03-18,C-1011,SB | Brand | Nordic Home,Sponsored Brands,Keyword,B0SFWKQDD5,745,3,2.99,0,0.0
2026-03-18,C-1012,SD | Retargeting | Electronics,Sponsored Display,Views remarketing,B0NL5Q5CZM,2345,15,9.83,3,222.86
2026-03-19,C-1001,SP | Auto | Electronics Catch-All,Sponsored Products,Auto,B0R5E97R3C,9553,45,37.61,6,589.71
2026-03-19,C-1002,SP | Manual | Office Hero SKU,Sponsored Products,Manual,B0E48MCY15,783,5,3.22,1,48.06
2026-03-19,C-1003,SP | Auto | Toys Discovery,Sponsored Products,Auto,B0C9DBLSN2,3394,11,8.22,1,10.37
2026-03-19,C-1004,SP | Manual | Home & Kitchen Brand Defense,Sponsored Products,Manual,B0DDA4EXPW,1351,10,8.17,0,0.0
2026-03-19,C-1005,SP | Auto | Pet Supplies,Sponsored Products,Auto,B0LD11QTH5,2251,13,10.6,1,25.11
2026-03-19,C-1006,SP | Manual | Sports & Outdoors,Sponsored Products,Manual,B0SSL9ZZJT,2249,13,9.29,0,0.0
2026-03-19,C-1007,SP | Auto | Beauty Explorers,Sponsored Products,Auto,B0KMG3BBNV,3155,6,7.81,0,0.0
2026-03-19,C-1008,SP | Auto | Electronics Diversification,Sponsored Products,Auto,B055PLDLF8,0,0,0.0,0,0.0
2026-03-19,C-1009,SP | Manual | Kitchen Launch,Sponsored Products,Manual,B0GDNTQUXZ,1475,6,4.89,1,69.6
2026-03-19,C-1010,SB | Brand | AuroraTech,Sponsored Brands,Keyword,B0R5E97R3C,622,2,2.2,0,0.0
2026-03-19,C-1011,SB | Brand | Nordic Home,Sponsored Brands,Keyword,B0SFWKQDD5,470,1,1.08,0,0.0
2026-03-19,C-1012,SD | Retargeting | Electronics,Sponsored Display,Views remarketing,B0NL5Q5CZM,3823,16,10.48,3,213.15
2026-03-20,C-1001,SP | Auto | Electronics Catch-All,Sponsored Products,Auto,B0R5E97R3C,3906,18,15.5,4,383.11
2026-03-20,C-1002,SP | Manual | Office Hero SKU,Sponsored Products,Manual,B0E48MCY15,2113,13,9.68,4,201.9
2026-03-20,C-1003,SP | Auto | Toys Discovery,Sponsored Products,Auto,B0C9DBLSN2,4156,14,9.19,2,17.97
2026-03-20,C-1004,SP | Manual | Home & Kitchen Brand Defense,Sponsored Products,Manual,B0DDA4EXPW,1763,10,8.85,1,57.91
2026-03-20,C-1005,SP | Auto | Pet Supplies,Sponsored Products,Auto,B0LD11QTH5,3361,13,8.89,2,51.93
2026-03-20,C-1006,SP | Manual | Sports & Outdoors,Sponsored Products,Manual,B0SSL9ZZJT,670,4,3.22,1,16.69
2026-03-20,C-1007,SP | Auto | Beauty Explorers,Sponsored Products,Auto,B0KMG3BBNV,4466,8,11.28,0,0.0
2026-03-20,C-1008,SP | Auto | Electronics Diversification,Sponsored Products,Auto,B055PLDLF8,6924,24,28.0,0,0.0
2026-03-20,C-1009,SP | Manual | Kitchen Launch,Sponsored Products,Manual,B0GDNTQUXZ,1969,14,11.34,3,200.29
2026-03-20,C-1010,SB | Brand | AuroraTech,Sponsored Brands,Keyword,B0R5E97R3C,1573,5,5.52,0,0.0
2026-03-20,C-1011,SB | Brand | Nordic Home,Sponsored Brands,Keyword,B0SFWKQDD5,706,3,3.3,0,0.0
2026-03-20,C-1012,SD | Retargeting | Electronics,Sponsored Display,Views remarketing,B0NL5Q5CZM,3053,13,7.47,0,0.0
2026-03-21,C-1001,SP | Auto | Electronics Catch-All,Sponsored Products,Auto,B0R5E97R3C,2675,13,9.57,1,92.1
2026-03-21,C-1002,SP | Manual | Office Hero SKU,Sponsored Products,Manual,B0E48MCY15,1976,11,7.36,2,95.59
2026-03-21,C-1003,SP | Auto | Toys Discovery,Sponsored Products,Auto,B0C9DBLSN2,3410,12,8.43,1,9.0
2026-03-21,C-1004,SP | Manual | Home & Kitchen Brand Defense,Sponsored Products,Manual,B0DDA4EXPW,2090,16,13.31,1,59.51
2026-03-21,C-1005,SP | Auto | Pet Supplies,Sponsored Products,Auto,B0LD11QTH5,6734,31,25.9,2,56.08
2026-03-21,C-1006,SP | Manual | Sports & Outdoors,Sponsored Products,Manual,B0SSL9ZZJT,4257,22,16.86,4,62.18
2026-03-21,C-1007,SP | Auto | Beauty Explorers,Sponsored Products,Auto,B0KMG3BBNV,16167,32,40.98,0,0.0
2026-03-21,C-1008,SP | Auto | Electronics Diversification,Sponsored Products,Auto,B055PLDLF8,1510,4,4.32,0,0.0
2026-03-21,C-1009,SP | Manual | Kitchen Launch,Sponsored Products,Manual,B0GDNTQUXZ,879,6,4.74,0,0.0
2026-03-21,C-1010,SB | Brand | AuroraTech,Sponsored Brands,Keyword,B0R5E97R3C,379,2,2.28,0,0.0
2026-03-21,C-1011,SB | Brand | Nordic Home,Sponsored Brands,Keyword,B0SFWKQDD5,377,1,1.34,0,0.0
2026-03-21,C-1012,SD | Retargeting | Electronics,Sponsored Display,Views remarketing,B0NL5Q5CZM,3005,11,6.29,0,0.0
2026-03-22,C-1001,SP | Auto | Electronics Catch-All,Sponsored Products,Auto,B0R5E97R3C,14967,52,40.06,3,275.48
2026-03-22,C-1002,SP | Manual | Office Hero SKU,Sponsored Products,Manual,B0E48MCY15,2478,14,10.27,2,100.87
2026-03-22,C-1003,SP | Auto | Toys Discovery,Sponsored Products,Auto,B0C9DBLSN2,4894,25,15.73,1,9.71
2026-03-22,C-1004,SP | Manual | Home & Kitchen Brand Defense,Sponsored Products,Manual,B0DDA4EXPW,2216,15,14.21,0,0.0
2026-03-22,C-1005,SP | Auto | Pet Supplies,Sponsored Products,Auto,B0LD11QTH5,2378,14,9.89,1,27.77
2026-03-22,C-1006,SP | Manual | Sports & Outdoors,Sponsored Products,Manual,B0SSL9ZZJT,1913,10,7.07,2,36.4
2026-03-22,C-1007,SP | Auto | Beauty Explorers,Sponsored Products,Auto,B0KMG3BBNV,3163,6,9.1,0,0.0
2026-03-22,C-1008,SP | Auto | Electronics Diversification,Sponsored Products,Auto,B055PLDLF8,0,0,0.0,0,0.0
2026-03-22,C-1009,SP | Manual | Kitchen Launch,Sponsored Products,Manual,B0GDNTQUXZ,1190,5,4.75,2,145.6
2026-03-22,C-1010,SB | Brand | AuroraTech,Sponsored Brands,Keyword,B0R5E97R3C,453,1,1.09,0,0.0
2026-03-22,C-1011,SB | Brand | Nordic Home,Sponsored Brands,Keyword,B0SFWKQDD5,892,3,3.55,1,28.02
2026-03-22,C-1012,SD | Retargeting | Electronics,Sponsored Display,Views remarketing,B0NL5Q5CZM,3164,18,9.95,0,0.0
2026-03-23,C-1001,SP | Auto | Electronics Catch-All,Sponsored Products,Auto,B0R5E97R3C,5940,24,18.79,2,179.06
2026-03-23,C-1002,SP | Manual | Office Hero SKU,Sponsored Products,Manual,B0E48MCY15,2790,12,8.74,0,0.0
2026-03-23,C-1003,SP | Auto | Toys Discovery,Sponsored Products,Auto,B0C9DBLSN2,3334,17,11.65,1,9.91
2026-03-23,C-1004,SP | Manual | Home & Kitchen Brand Defense,Sponsored Products,Manual,B0DDA4EXPW,1415,7,6.04,2,126.47
2026-03-23,C-1005,SP | Auto | Pet Supplies,Sponsored Products,Auto,B0LD11QTH5,4450,20,16.52,1,28.83
2026-03-23,C-1006,SP | Manual | Sports & Outdoors,Sponsored Products,Manual,B0SSL9ZZJT,3811,15,10.36,3,46.2
2026-03-23,C-1007,SP | Auto | Beauty Explorers,Sponsored Products,Auto,B0KMG3BBNV,0,0,0.0,0,0.0
2026-03-23,C-1008,SP | Auto | Electronics Diversification,Sponsored Products,Auto,B055PLDLF8,3634,11,12.97,0,0.0
2026-03-23,C-1009,SP | Manual | Kitchen Launch,Sponsored Products,Manual,B0GDNTQUXZ,2542,14,13.82,3,211.84
2026-03-23,C-1010,SB | Brand | AuroraTech,Sponsored Brands,Keyword,B0R5E97R3C,1469,4,4.25,0,0.0
2026-03-23,C-1011,SB | Brand | Nordic Home,Sponsored Brands,Keyword,B0SFWKQDD5,1129,3,4.02,0,0.0
2026-03-23,C-1012,SD | Retargeting | Electronics,Sponsored Display,Views remarketing,B0NL5Q5CZM,4756,31,19.25,8,609.91
2026-03-24,C-1001,SP | Auto | Electronics Catch-All,Sponsored Products,Auto,B0R5E97R3C,3140,11,9.04,3,266.17
2026-03-24,C-1002,SP | Manual | Office Hero SKU,Sponsored Products,Manual,B0E48MCY15,1027,6,5.11,0,0.0
2026-03-24,C-1003,SP | Auto | Toys Discovery,Sponsored Products,Auto,B0C9DBLSN2,1298,6,3.82,0,0.0
2026-03-24,C-1004,SP | Manual | Home & Kitchen Brand Defense,Sponsored Products,Manual,B0DDA4EXPW,1339,9,9.76,1,55.61
2026-03-24,C-1005,SP | Auto | Pet Supplies,Sponsored Products,Auto,B0LD11QTH5,2677,15,9.32,3,82.83
2026-03-24,C-1006,SP | Manual | Sports & Outdoors,Sponsored Products,Manual,B0SSL9ZZJT,2718,11,8.86,2,34.98
2026-03-24,C-1007,SP | Auto | Beauty Explorers,Sponsored Products,Auto,B0KMG3BBNV,6679,15,19.23,0,0.0
2026-03-24,C-1008,SP | Auto | Electronics Diversification,Sponsored Products,Auto,B055PLDLF8,4389,21,25.41,0,0.0
2026-03-24,C-1009,SP | Manual | Kitchen Launch,Sponsored Products,Manual,B0GDNTQUXZ,2110,10,9.4,1,68.86
2026-03-24,C-1010,SB | Brand | AuroraTech,Sponsored Brands,Keyword,B0R5E97R3C,618,2,2.66,0,0.0
2026-03-24,C-1011,SB | Brand | Nordic Home,Sponsored Brands,Keyword,B0SFWKQDD5,1077,2,2.19,0,0.0
2026-03-24,C-1012,SD | Retargeting | Electronics,Sponsored Display,Views remarketing,B0NL5Q5CZM,2872,11,5.85,1,96.2
2026-03-25,C-1001,SP | Auto | Electronics Catch-All,Sponsored Products,Auto,B0R5E97R3C,5051,21,16.61,1,85.29
2026-03-25,C-1002,SP | Manual | Office Hero SKU,Sponsored Products,Manual,B0E48MCY15,0,0,0.0,0,0.0
2026-03-25,C-1003,SP | Auto | Toys Discovery,Sponsored Products,Auto,B0C9DBLSN2,7212,30,18.7,3,27.7
2026-03-25,C-1004,SP | Manual | Home & Kitchen Brand Defense,Sponsored Products,Manual,B0DDA4EXPW,1891,13,11.86,1,55.31
2026-03-25,C-1005,SP | Auto | Pet Supplies,Sponsored Products,Auto,B0LD11QTH5,6543,23,15.57,1,26.24
2026-03-25,C-1006,SP | Manual | Sports & Outdoors,Sponsored Products,Manual,B0SSL9ZZJT,1159,5,3.83,0,0.0
2026-03-25,C-1007,SP | Auto | Beauty Explorers,Sponsored Products,Auto,B0KMG3BBNV,3311,6,9.1,0,0.0
2026-03-25,C-1008,SP | Auto | Electronics Diversification,Sponsored Products,Auto,B055PLDLF8,2689,13,16.8,2,86.07
2026-03-25,C-1009,SP | Manual | Kitchen Launch,Sponsored Products,Manual,B0GDNTQUXZ,895,5,3.85,0,0.0
2026-03-25,C-1010,SB | Brand | AuroraTech,Sponsored Brands,Keyword,B0R5E97R3C,663,2,2.48,0,0.0
2026-03-25,C-1011,SB | Brand | Nordic Home,Sponsored Brands,Keyword,B0SFWKQDD5,405,2,2.27,0,0.0
2026-03-25,C-1012,SD | Retargeting | Electronics,Sponsored Display,Views remarketing,B0NL5Q5CZM,4001,16,8.68,2,215.61
2026-03-26,C-1001,SP | Auto | Electronics Catch-All,Sponsored Products,Auto,B0R5E97R3C,5327,30,21.92,2,192.78
2026-03-26,C-1002,SP | Manual | Office Hero SKU,Sponsored Products,Manual,B0E48MCY15,2519,11,9.01,2,93.37
2026-03-26,C-1003,SP | Auto | Toys Discovery,Sponsored Products,Auto,B0C9DBLSN2,11835,51,35.13,3,28.91
2026-03-26,C-1004,SP | Manual | Home & Kitchen Brand Defense,Sponsored Products,Manual,B0DDA4EXPW,1705,10,11.18,0,0.0
2026-03-26,C-1005,SP | Auto | Pet Supplies,Sponsored Products,Auto,B0LD11QTH5,5224,21,17.11,0,0.0
2026-03-26,C-1006,SP | Manual | Sports & Outdoors,Sponsored Products,Manual,B0SSL9ZZJT,2422,9,8.11,0,0.0
2026-03-26,C-1007,SP | Auto | Beauty Explorers,Sponsored Products,Auto,B0KMG3BBNV,3683,7,10.9,0,0.0
2026-03-26,C-1008,SP | Auto | Electronics Diversification,Sponsored Products,Auto,B055PLDLF8,4471,19,18.93,0,0.0
2026-03-26,C-1009,SP | Manual | Kitchen Launch,Sponsored Products,Manual,B0GDNTQUXZ,863,6,5.42,1,64.44
2026-03-26,C-1010,SB | Brand | AuroraTech,Sponsored Brands,Keyword,B0R5E97R3C,620,3,3.14,0,0.0
2026-03-26,C-1011,SB | Brand | Nordic Home,Sponsored Brands,Keyword,B0SFWKQDD5,708,2,2.32,0,0.0
2026-03-26,C-1012,SD | Retargeting | Electronics,Sponsored Display,Views remarketing,B0NL5Q5CZM,1836,11,7.09,1,100.03
2026-03-27,C-1001,SP | Auto | Electronics Catch-All,Sponsored Products,Auto,B0R5E97R3C,4278,24,17.89,2,173.39
2026-03-27,C-1002,SP | Manual | Office Hero SKU,Sponsored Products,Manual,B0E48MCY15,1435,10,8.61,1,51.6
2026-03-27,C-1003,SP | Auto | Toys Discovery,Sponsored Products,Auto,B0C9DBLSN2,1615,5,2.9,2,18.24
2026-03-27,C-1004,SP | Manual | Home & Kitchen Brand Defense,Sponsored Products,Manual,B0DDA4EXPW,3225,18,15.53,2,126.86
2026-03-27,C-1005,SP | Auto | Pet Supplies,Sponsored Products,Auto,B0LD11QTH5,4997,17,12.01,1,28.7
2026-03-27,C-1006,SP | Manual | Sports & Outdoors,Sponsored Products,Manual,B0SSL9ZZJT,4728,30,27.84,1,18.12
2026-03-27,C-1007,SP | Auto | Beauty Explorers,Sponsored Products,Auto,B0KMG3BBNV,4455,11,17.91,0,0.0
2026-03-27,C-1008,SP | Auto | Electronics Diversification,Sponsored Products,Auto,B055PLDLF8,7221,31,37.29,1,44.04
2026-03-27,C-1009,SP | Manual | Kitchen Launch,Sponsored Products,Manual,B0GDNTQUXZ,1398,6,5.88,1,69.25
2026-03-27,C-1010,SB | Brand | AuroraTech,Sponsored Brands,Keyword,B0R5E97R3C,392,2,2.6,0,0.0
2026-03-27,C-1011,SB | Brand | Nordic Home,Sponsored Brands,Keyword,B0SFWKQDD5,644,2,2.72,0,0.0
2026-03-27,C-1012,SD | Retargeting | Electronics,Sponsored Display,Views remarketing,B0NL5Q5CZM,3599,14,8.91,2,222.47
2026-03-28,C-1001,SP | Auto | Electronics Catch-All,Sponsored Products,Auto,B0R5E97R3C,5386,24,20.61,2,178.29
2026-03-28,C-1002,SP | Manual | Office Hero SKU,Sponsored Products,Manual,B0E48MCY15,1346,8,5.03,2,107.26
2026-03-28,C-1003,SP | Auto | Toys Discovery,Sponsored Products,Auto,B0C9DBLSN2,0,0,0.0,0,0.0
2026-03-28,C-1004,SP | Manual | Home & Kitchen Brand Defense,Sponsored Products,Manual,B0DDA4EXPW,1197,9,8.31,1,56.73
2026-03-28,C-1005,SP | Auto | Pet Supplies,Sponsored Products,Auto,B0LD11QTH5,2076,12,10.05,0,0.0
2026-03-28,C-1006,SP | Manual | Sports & Outdoors,Sponsored Products,Manual,B0SSL9ZZJT,4215,18,16.06,0,0.0
2026-03-28,C-1007,SP | Auto | Beauty Explorers,Sponsored Products,Auto,B0KMG3BBNV,3959,10,15.36,0,0.0
2026-03-28,C-1008,SP | Auto | Electronics Diversification,Sponsored Products,Auto,B055PLDLF8,2365,8,10.04,0,0.0
2026-03-28,C-1009,SP | Manual | Kitchen Launch,Sponsored Products,Manual,B0GDNTQUXZ,1660,9,7.1,0,0.0
2026-03-28,C-1010,SB | Brand | AuroraTech,Sponsored Brands,Keyword,B0R5E97R3C,578,3,3.55,0,0.0
2026-03-28,C-1011,SB | Brand | Nordic Home,Sponsored Brands,Keyword,B0SFWKQDD5,109,0,0.0,0,0.0
2026-03-28,C-1012,SD | Retargeting | Electronics,Sponsored Display,Views remarketing,B0NL5Q5CZM,2036,12,6.38,1,113.66
2026-03-29,C-1001,SP | Auto | Electronics Catch-All,Sponsored Products,Auto,B0R5E97R3C,7782,42,36.45,4,350.76
2026-03-29,C-1002,SP | Manual | Office Hero SKU,Sponsored Products,Manual,B0E48MCY15,1874,12,9.05,1,52.45
2026-03-29,C-1003,SP | Auto | Toys Discovery,Sponsored Products,Auto,B0C9DBLSN2,12962,66,51.74,8,74.24
2026-03-29,C-1004,SP | Manual | Home & Kitchen Brand Defense,Sponsored Products,Manual,B0DDA4EXPW,1980,12,11.52,1,55.23
2026-03-29,C-1005,SP | Auto | Pet Supplies,Sponsored Products,Auto,B0LD11QTH5,2593,14,9.48,1,26.79
2026-03-29,C-1006,SP | Manual | Sports & Outdoors,Sponsored Products,Manual,B0SSL9ZZJT,2645,15,13.86,1,17.08
2026-03-29,C-1007,SP | Auto | Beauty Explorers,Sponsored Products,Auto,B0KMG3BBNV,3235,9,12.02,0,0.0
2026-03-29,C-1008,SP | Auto | Electronics Diversification,Sponsored Products,Auto,B055PLDLF8,6423,20,24.82,0,0.0
2026-03-29,C-1009,SP | Manual | Kitchen Launch,Sponsored Products,Manual,B0GDNTQUXZ,1134,6,6.4,0,0.0
2026-03-29,C-1010,SB | Brand | AuroraTech,Sponsored Brands,Keyword,B0R5E97R3C,565,2,2.29,0,0.0
2026-03-29,C-1011,SB | Brand | Nordic Home,Sponsored Brands,Keyword,B0SFWKQDD5,395,1,1.3,0,0.0
2026-03-29,C-1012,SD | Retargeting | Electronics,Sponsored Display,Views remarketing,B0NL5Q5CZM,3353,20,10.62,1,97.25
2026-03-30,C-1001,SP | Auto | Electronics Catch-All,Sponsored Products,Auto,B0R5E97R3C,2865,10,8.95,2,180.69
2026-03-30,C-1002,SP | Manual | Office Hero SKU,Sponsored Products,Manual,B0E48MCY15,2286,14,9.91,4,210.56
2026-03-30,C-1003,SP | Auto | Toys Discovery,Sponsored Products,Auto,B0C9DBLSN2,5552,22,13.39,3,30.77
2026-03-30,C-1004,SP | Manual | Home & Kitchen Brand Defense,Sponsored Products,Manual,B0DDA4EXPW,2605,15,14.25,1,55.97
2026-03-30,C-1005,SP | Auto | Pet Supplies,Sponsored Products,Auto,B0LD11QTH5,3541,18,12.65,5,123.95
2026-03-30,C-1006,SP | Manual | Sports & Outdoors,Sponsored Products,Manual,B0SSL9ZZJT,2853,15,12.26,1,17.03
2026-03-30,C-1007,SP | Auto | Beauty Explorers,Sponsored Products,Auto,B0KMG3BBNV,11061,21,32.49,0,0.0
2026-03-30,C-1008,SP | Auto | Electronics Diversification,Sponsored Products,Auto,B055PLDLF8,7278,31,36.43,1,39.14
2026-03-30,C-1009,SP | Manual | Kitchen Launch,Sponsored Products,Manual,B0GDNTQUXZ,1374,8,6.78,0,0.0
2026-03-30,C-1010,SB | Brand | AuroraTech,Sponsored Brands,Keyword,B0R5E97R3C,771,2,2.67,0,0.0
2026-03-30,C-1011,SB | Brand | Nordic Home,Sponsored Brands,Keyword,B0SFWKQDD5,414,1,1.32,0,0.0
2026-03-30,C-1012,SD | Retargeting | Electronics,Sponsored Display,Views remarketing,B0NL5Q5CZM,2861,13,7.15,1,95.62
2026-03-31,C-1001,SP | Auto | Electronics Catch-All,Sponsored Products,Auto,B0R5E97R3C,3957,19,18.52,1,85.41
2026-03-31,C-1002,SP | Manual | Office Hero SKU,Sponsored Products,Manual,B0E48MCY15,0,0,0.0,0,0.0
2026-03-31,C-1003,SP | Auto | Toys Discovery,Sponsored Products,Auto,B0C9DBLSN2,0,0,0.0,0,0.0
2026-03-31,C-1004,SP | Manual | Home & Kitchen Brand Defense,Sponsored Products,Manual,B0DDA4EXPW,2147,10,10.74,1,61.33
2026-03-31,C-1005,SP | Auto | Pet Supplies,Sponsored Products,Auto,B0LD11QTH5,4301,19,14.9,2,51.12
2026-03-31,C-1006,SP | Manual | Sports & Outdoors,Sponsored Products,Manual,B0SSL9ZZJT,1368,6,5.51,0,0.0
2026-03-31,C-1007,SP | Auto | Beauty Explorers,Sponsored Products,Auto,B0KMG3BBNV,7311,15,23.71,0,0.0
2026-03-31,C-1008,SP | Auto | Electronics Diversification,Sponsored Products,Auto,B055PLDLF8,0,0,0.0,0,0.0
2026-03-31,C-1009,SP | Manual | Kitchen Launch,Sponsored Products,Manual,B0GDNTQUXZ,770,5,4.49,1,64.39
2026-03-31,C-1010,SB | Brand | AuroraTech,Sponsored Brands,Keyword,B0R5E97R3C,308,1,1.31,0,0.0
2026-03-31,C-1011,SB | Brand | Nordic Home,Sponsored Brands,Keyword,B0SFWKQDD5,1122,3,3.14,0,0.0
2026-03-31,C-1012,SD | Retargeting | Electronics,Sponsored Display,Views remarketing,B0NL5Q5CZM,1633,9,5.16,2,204.12
2026-04-01,C-1001,SP | Auto | Electronics Catch-All,Sponsored Products,Auto,B0R5E97R3C,9129,34,27.2,1,89.22
2026-04-01,C-1002,SP | Manual | Office Hero SKU,Sponsored Products,Manual,B0E48MCY15,2365,10,7.68,2,91.57
2026-04-01,C-1003,SP | Auto | Toys Discovery,Sponsored Products,Auto,B0C9DBLSN2,5062,21,14.59,4,36.82
2026-04-01,C-1004,SP | Manual | Home & Kitchen Brand Defense,Sponsored Products,Manual,B0DDA4EXPW,2001,13,12.16,4,253.87
2026-04-01,C-1005,SP | Auto | Pet Supplies,Sponsored Products,Auto,B0LD11QTH5,3375,17,11.43,2,51.03
2026-04-01,C-1006,SP | Manual | Sports & Outdoors,Sponsored Products,Manual,B0SSL9ZZJT,2218,10,8.31,1,16.88
2026-04-01,C-1007,SP | Auto | Beauty Explorers,Sponsored Products,Auto,B0KMG3BBNV,6624,12,17.26,0,0.0
2026-04-01,C-1008,SP | Auto | Electronics Diversification,Sponsored Products,Auto,B055PLDLF8,2479,7,8.27,0,0.0
2026-04-01,C-1009,SP | Manual | Kitchen Launch,Sponsored Products,Manual,B0GDNTQUXZ,1130,5,5.03,0,0.0
2026-04-01,C-1010,SB | Brand | AuroraTech,Sponsored Brands,Keyword,B0R5E97R3C,404,2,2.87,1,84.16
2026-04-01,C-1011,SB | Brand | Nordic Home,Sponsored Brands,Keyword,B0SFWKQDD5,386,1,1.26,0,0.0
2026-04-01,C-1012,SD | Retargeting | Electronics,Sponsored Display,Views remarketing,B0NL5Q5CZM,2952,12,7.1,0,0.0
2026-04-02,C-1001,SP | Auto | Electronics Catch-All,Sponsored Products,Auto,B0R5E97R3C,9375,46,37.6,5,491.52
2026-04-02,C-1002,SP | Manual | Office Hero SKU,Sponsored Products,Manual,B0E48MCY15,0,0,0.0,0,0.0
2026-04-02,C-1003,SP | Auto | Toys Discovery,Sponsored Products,Auto,B0C9DBLSN2,6222,30,20.27,1,9.19
2026-04-02,C-1004,SP | Manual | Home & Kitchen Brand Defense,Sponsored Products,Manual,B0DDA4EXPW,1067,5,4.29,1,55.23
2026-04-02,C-1005,SP | Auto | Pet Supplies,Sponsored Products,Auto,B0LD11QTH5,7324,44,31.81,2,51.62
2026-04-02,C-1006,SP | Manual | Sports & Outdoors,Sponsored Products,Manual,B0SSL9ZZJT,2990,18,16.61,2,36.31
2026-04-02,C-1007,SP | Auto | Beauty Explorers,Sponsored Products,Auto,B0KMG3BBNV,0,0,0.0,0,0.0
2026-04-02,C-1008,SP | Auto | Electronics Diversification,Sponsored Products,Auto,B055PLDLF8,3837,19,22.26,0,0.0
2026-04-02,C-1009,SP | Manual | Kitchen Launch,Sponsored Products,Manual,B0GDNTQUXZ,2514,14,10.91,1,66.8
2026-04-02,C-1010,SB | Brand | AuroraTech,Sponsored Brands,Keyword,B0R5E97R3C,1042,5,6.8,1,94.59
2026-04-02,C-1011,SB | Brand | Nordic Home,Sponsored Brands,Keyword,B0SFWKQDD5,585,2,2.13,0,0.0
2026-04-02,C-1012,SD | Retargeting | Electronics,Sponsored Display,Views remarketing,B0NL5Q5CZM,4061,20,10.41,2,203.72
2026-04-03,C-1001,SP | Auto | Electronics Catch-All,Sponsored Products,Auto,B0R5E97R3C,15588,52,41.66,7,602.14
2026-04-03,C-1002,SP | Manual | Office Hero SKU,Sponsored Products,Manual,B0E48MCY15,2158,9,6.59,0,0.0
2026-04-03,C-1003,SP | Auto | Toys Discovery,Sponsored Products,Auto,B0C9DBLSN2,10776,31,21.33,4,37.46
2026-04-03,C-1004,SP | Manual | Home & Kitchen Brand Defense,Sponsored Products,Manual,B0DDA4EXPW,1212,5,4.42,0,0.0
2026-04-03,C-1005,SP | Auto | Pet Supplies,Sponsored Products,Auto,B0LD11QTH5,7207,33,20.33,0,0.0
2026-04-03,C-1006,SP | Manual | Sports & Outdoors,Sponsored Products,Manual,B0SSL9ZZJT,4985,33,30.87,1,17.84
2026-04-03,C-1007,SP | Auto | Beauty Explorers,Sponsored Products,Auto,B0KMG3BBNV,2746,8,11.36,0,0.0
2026-04-03,C-1008,SP | Auto | Electronics Diversification,Sponsored Products,Auto,B055PLDLF8,3683,14,15.81,0,0.0
2026-04-03,C-1009,SP | Manual | Kitchen Launch,Sponsored Products,Manual,B0GDNTQUXZ,1496,7,6.89,1,67.06
2026-04-03,C-1010,SB | Brand | AuroraTech,Sponsored Brands,Keyword,B0R5E97R3C,918,3,4.21,0,0.0
2026-04-03,C-1011,SB | Brand | Nordic Home,Sponsored Brands,Keyword,B0SFWKQDD5,1121,4,4.87,0,0.0
2026-04-03,C-1012,SD | Retargeting | Electronics,Sponsored Display,Views remarketing,B0NL5Q5CZM,3038,18,9.09,1,110.33
2026-04-04,C-1001,SP | Auto | Electronics Catch-All,Sponsored Products,Auto,B0R5E97R3C,22589,114,89.38,5,443.57
2026-04-04,C-1002,SP | Manual | Office Hero SKU,Sponsored Products,Manual,B0E48MCY15,2220,13,9.27,0,0.0
2026-04-04,C-1003,SP | Auto | Toys Discovery,Sponsored Products,Auto,B0C9DBLSN2,2993,15,10.77,0,0.0
2026-04-04,C-1004,SP | Manual | Home & Kitchen Brand Defense,Sponsored Products,Manual,B0DDA4EXPW,2639,17,19.0,3,183.8
2026-04-04,C-1005,SP | Auto | Pet Supplies,Sponsored Products,Auto,B0LD11QTH5,3405,11,7.89,0,0.0
2026-04-04,C-1006,SP | Manual | Sports & Outdoors,Sponsored Products,Manual,B0SSL9ZZJT,4912,23,16.2,2,34.28
2026-04-04,C-1007,SP | Auto | Beauty Explorers,Sponsored Products,Auto,B0KMG3BBNV,9152,17,22.53,0,0.0
2026-04-04,C-1008,SP | Auto | Electronics Diversification,Sponsored Products,Auto,B055PLDLF8,4386,19,19.9,0,0.0
2026-04-04,C-1009,SP | Manual | Kitchen Launch,Sponsored Products,Manual,B0GDNTQUXZ,1669,12,11.29,2,150.1
2026-04-04,C-1010,SB | Brand | AuroraTech,Sponsored Brands,Keyword,B0R5E97R3C,388,1,1.1,0,0.0
2026-04-04,C-1011,SB | Brand | Nordic Home,Sponsored Brands,Keyword,B0SFWKQDD5,555,2,2.59,0,0.0
2026-04-04,C-1012,SD | Retargeting | Electronics,Sponsored Display,Views remarketing,B0NL5Q5CZM,2670,12,7.18,1,106.18
2026-04-05,C-1001,SP | Auto | Electronics Catch-All,Sponsored Products,Auto,B0R5E97R3C,4834,27,23.58,1,98.2
2026-04-05,C-1002,SP | Manual | Office Hero SKU,Sponsored Products,Manual,B0E48MCY15,1549,7,5.18,1,48.15
2026-04-05,C-1003,SP | Auto | Toys Discovery,Sponsored Products,Auto,B0C9DBLSN2,1962,6,4.26,0,0.0
2026-04-05,C-1004,SP | Manual | Home & Kitchen Brand Defense,Sponsored Products,Manual,B0DDA4EXPW,4597,23,25.12,2,125.42
2026-04-05,C-1005,SP | Auto | Pet Supplies,Sponsored Products,Auto,B0LD11QTH5,2019,11,7.34,1,27.74
2026-04-05,C-1006,SP | Manual | Sports & Outdoors,Sponsored Products,Manual,B0SSL9ZZJT,3333,15,12.24,1,17.48
2026-04-05,C-1007,SP | Auto | Beauty Explorers,Sponsored Products,Auto,B0KMG3BBNV,1946,3,4.78,0,0.0
2026-04-05,C-1008,SP | Auto | Electronics Diversification,Sponsored Products,Auto,B055PLDLF8,4599,16,15.53,0,0.0
2026-04-05,C-1009,SP | Manual | Kitchen Launch,Sponsored Products,Manual,B0GDNTQUXZ,1114,5,4.96,0,0.0
2026-04-05,C-1010,SB | Brand | AuroraTech,Sponsored Brands,Keyword,B0R5E97R3C,1304,4,4.82,1,94.5
2026-04-05,C-1011,SB | Brand | Nordic Home,Sponsored Brands,Keyword,B0SFWKQDD5,0,0,0.0,0,0.0
2026-04-05,C-1012,SD | Retargeting | Electronics,Sponsored Display,Views remarketing,B0NL5Q5CZM,4375,26,13.66,3,302.82
2026-04-06,C-1001,SP | Auto | Electronics Catch-All,Sponsored Products,Auto,B0R5E97R3C,7865,46,40.16,6,565.45
2026-04-06,C-1002,SP | Manual | Office Hero SKU,Sponsored Products,Manual,B0E48MCY15,3085,20,15.49,4,189.02
2026-04-06,C-1003,SP | Auto | Toys Discovery,Sponsored Products,Auto,B0C9DBLSN2,4311,18,10.32,1,9.13
2026-04-06,C-1004,SP | Manual | Home & Kitchen Brand Defense,Sponsored Products,Manual,B0DDA4EXPW,2985,23,21.48,2,123.29
2026-04-06,C-1005,SP | Auto | Pet Supplies,Sponsored Products,Auto,B0LD11QTH5,3989,23,15.19,3,77.48
2026-04-06,C-1006,SP | Manual | Sports & Outdoors,Sponsored Products,Manual,B0SSL9ZZJT,1870,12,11.33,1,16.03
2026-04-06,C-1007,SP | Auto | Beauty Explorers,Sponsored Products,Auto,B0KMG3BBNV,16746,33,45.78,1,38.03
2026-04-06,C-1008,SP | Auto | Electronics Diversification,Sponsored Products,Auto,B055PLDLF8,3577,17,17.71,0,0.0
2026-04-06,C-1009,SP | Manual | Kitchen Launch,Sponsored Products,Manual,B0GDNTQUXZ,1364,7,7.4,1,76.53
2026-04-06,C-1010,SB | Brand | AuroraTech,Sponsored Brands,Keyword,B0R5E97R3C,1408,4,5.39,1,91.42
2026-04-06,C-1011,SB | Brand | Nordic Home,Sponsored Brands,Keyword,B0SFWKQDD5,198,1,1.35,0,0.0
2026-04-06,C-1012,SD | Retargeting | Electronics,Sponsored Display,Views remarketing,B0NL5Q5CZM,5519,22,12.78,2,219.76
2026-04-07,C-1001,SP | Auto | Electronics Catch-All,Sponsored Products,Auto,B0R5E97R3C,10428,54,47.12,5,480.63
2026-04-07,C-1002,SP | Manual | Office Hero SKU,Sponsored Products,Manual,B0E48MCY15,1694,11,7.2,0,0.0
2026-04-07,C-1003,SP | Auto | Toys Discovery,Sponsored Products,Auto,B0C9DBLSN2,9249,42,23.64,7,65.79
2026-04-07,C-1004,SP | Manual | Home & Kitchen Brand Defense,Sponsored Products,Manual,B0DDA4EXPW,0,0,0.0,0,0.0
2026-04-07,C-1005,SP | Auto | Pet Supplies,Sponsored Products,Auto,B0LD11QTH5,7045,31,20.22,3,87.11
2026-04-07,C-1006,SP | Manual | Sports & Outdoors,Sponsored Products,Manual,B0SSL9ZZJT,4545,21,17.35,3,54.47
2026-04-07,C-1007,SP | Auto | Beauty Explorers,Sponsored Products,Auto,B0KMG3BBNV,6595,11,16.89,0,0.0
2026-04-07,C-1008,SP | Auto | Electronics Diversification,Sponsored Products,Auto,B055PLDLF8,0,0,0.0,0,0.0
2026-04-07,C-1009,SP | Manual | Kitchen Launch,Sponsored Products,Manual,B0GDNTQUXZ,2578,11,10.21,0,0.0
2026-04-07,C-1010,SB | Brand | AuroraTech,Sponsored Brands,Keyword,B0R5E97R3C,1039,3,4.0,1,84.66
2026-04-07,C-1011,SB | Brand | Nordic Home,Sponsored Brands,Keyword,B0SFWKQDD5,540,2,2.05,0,0.0
2026-04-07,C-1012,SD | Retargeting | Electronics,Sponsored Display,Views remarketing,B0NL5Q5CZM,4263,16,9.01,0,0.0
2026-04-08,C-1001,SP | Auto | Electronics Catch-All,Sponsored Products,Auto,B0R5E97R3C,5496,22,20.4,1,85.35
2026-04-08,C-1002,SP | Manual | Office Hero SKU,Sponsored Products,Manual,B0E48MCY15,2296,14,11.75,2,98.23
2026-04-08,C-1003,SP | Auto | Toys Discovery,Sponsored Products,Auto,B0C9DBLSN2,4289,19,14.21,2,20.1
2026-04-08,C-1004,SP | Manual | Home & Kitchen Brand Defense,Sponsored Products,Manual,B0DDA4EXPW,1300,7,6.95,0,0.0
2026-04-08,C-1005,SP | Auto | Pet Supplies,Sponsored Products,Auto,B0LD11QTH5,2495,9,7.53,3,85.53
2026-04-08,C-1006,SP | Manual | Sports & Outdoors,Sponsored Products,Manual,B0SSL9ZZJT,3394,21,14.63,4,68.79
2026-04-08,C-1007,SP | Auto | Beauty Explorers,Sponsored Products,Auto,B0KMG3BBNV,7112,16,24.08,0,0.0
2026-04-08,C-1008,SP | Auto | Electronics Diversification,Sponsored Products,Auto,B055PLDLF8,6368,28,33.14,0,0.0
2026-04-08,C-1009,SP | Manual | Kitchen Launch,Sponsored Products,Manual,B0GDNTQUXZ,1272,8,7.63,0,0.0
2026-04-08,C-1010,SB | Brand | AuroraTech,Sponsored Brands,Keyword,B0R5E97R3C,1228,4,5.71,0,0.0
2026-04-08,C-1011,SB | Brand | Nordic Home,Sponsored Brands,Keyword,B0SFWKQDD5,613,2,2.18,0,0.0
2026-04-08,C-1012,SD | Retargeting | Electronics,Sponsored Display,Views remarketing,B0NL5Q5CZM,7817,33,20.4,4,449.25
2026-04-09,C-1001,SP | Auto | Electronics Catch-All,Sponsored Products,Auto,B0R5E97R3C,5068,25,18.08,3,271.72
2026-04-09,C-1002,SP | Manual | Office Hero SKU,Sponsored Products,Manual,B0E48MCY15,1631,11,8.03,0,0.0
2026-04-09,C-1003,SP | Auto | Toys Discovery,Sponsored Products,Auto,B0C9DBLSN2,9667,40,30.43,5,49.53
2026-04-09,C-1004,SP | Manual | Home & Kitchen Brand Defense,Sponsored Products,Manual,B0DDA4EXPW,3585,26,28.94,1,57.59
2026-04-09,C-1005,SP | Auto | Pet Supplies,Sponsored Products,Auto,B0LD11QTH5,7296,39,29.72,3,79.9
2026-04-09,C-1006,SP | Manual | Sports & Outdoors,Sponsored Products,Manual,B0SSL9ZZJT,4264,19,18.08,2,31.06
2026-04-09,C-1007,SP | Auto | Beauty Explorers,Sponsored Products,Auto,B0KMG3BBNV,5842,10,15.0,0,0.0
2026-04-09,C-1008,SP | Auto | Electronics Diversification,Sponsored Products,Auto,B055PLDLF8,4327,21,23.52,0,0.0
2026-04-09,C-1009,SP | Manual | Kitchen Launch,Sponsored Products,Manual,B0GDNTQUXZ,1273,9,9.32,0,0.0
2026-04-09,C-1010,SB | Brand | AuroraTech,Sponsored Brands,Keyword,B0R5E97R3C,894,4,4.23,0,0.0
2026-04-09,C-1011,SB | Brand | Nordic Home,Sponsored Brands,Keyword,B0SFWKQDD5,314,1,1.12,0,0.0
2026-04-09,C-1012,SD | Retargeting | Electronics,Sponsored Display,Views remarketing,B0NL5Q5CZM,0,0,0.0,0,0.0
2026-04-10,C-1001,SP | Auto | Electronics Catch-All,Sponsored Products,Auto,B0R5E97R3C,8243,41,39.21,0,0.0
2026-04-10,C-1002,SP | Manual | Office Hero SKU,Sponsored Products,Manual,B0E48MCY15,0,0,0.0,0,0.0
2026-04-10,C-1003,SP | Auto | Toys Discovery,Sponsored Products,Auto,B0C9DBLSN2,3820,18,12.53,3,28.87
2026-04-10,C-1004,SP | Manual | Home & Kitchen Brand Defense,Sponsored Products,Manual,B0DDA4EXPW,2786,16,17.2,1,58.52
2026-04-10,C-1005,SP | Auto | Pet Supplies,Sponsored Products,Auto,B0LD11QTH5,2840,16,10.32,2,55.33
2026-04-10,C-1006,SP | Manual | Sports & Outdoors,Sponsored Products,Manual,B0SSL9ZZJT,3238,15,11.99,4,62.1
2026-04-10,C-1007,SP | Auto | Beauty Explorers,Sponsored Products,Auto,B0KMG3BBNV,5302,9,12.7,0,0.0
2026-04-10,C-1008,SP | Auto | Electronics Diversification,Sponsored Products,Auto,B055PLDLF8,5702,21,20.88,0,0.0
2026-04-10,C-1009,SP | Manual | Kitchen Launch,Sponsored Products,Manual,B0GDNTQUXZ,1864,11,10.22,1,69.44
2026-04-10,C-1010,SB | Brand | AuroraTech,Sponsored Brands,Keyword,B0R5E97R3C,650,2,2.84,0,0.0
2026-04-10,C-1011,SB | Brand | Nordic Home,Sponsored Brands,Keyword,B0SFWKQDD5,1044,4,4.87,1,30.13
2026-04-10,C-1012,SD | Retargeting | Electronics,Sponsored Display,Views remarketing,B0NL5Q5CZM,978,4,2.21,1,98.49
2026-04-11,C-1001,SP | Auto | Electronics Catch-All,Sponsored Products,Auto,B0R5E97R3C,4893,17,17.19,0,0.0
2026-04-11,C-1002,SP | Manual | Office Hero SKU,Sponsored Products,Manual,B0E48MCY15,1301,8,6.35,0,0.0
2026-04-11,C-1003,SP | Auto | Toys Discovery,Sponsored Products,Auto,B0C9DBLSN2,6776,34,21.18,4,42.58
2026-04-11,C-1004,SP | Manual | Home & Kitchen Brand Defense,Sponsored Products,Manual,B0DDA4EXPW,4311,28,30.13,2,116.47
2026-04-11,C-1005,SP | Auto | Pet Supplies,Sponsored Products,Auto,B0LD11QTH5,4106,17,12.57,1,27.4
2026-04-11,C-1006,SP | Manual | Sports & Outdoors,Sponsored Products,Manual,B0SSL9ZZJT,4351,21,18.99,3,47.93
2026-04-11,C-1007,SP | Auto | Beauty Explorers,Sponsored Products,Auto,B0KMG3BBNV,4277,9,13.9,0,0.0
2026-04-11,C-1008,SP | Auto | Electronics Diversification,Sponsored Products,Auto,B055PLDLF8,0,0,0.0,0,0.0
2026-04-11,C-1009,SP | Manual | Kitchen Launch,Sponsored Products,Manual,B0GDNTQUXZ,504,3,2.56,1,74.3
2026-04-11,C-1010,SB | Brand | AuroraTech,Sponsored Brands,Keyword,B0R5E97R3C,932,3,3.2,0,0.0
2026-04-11,C-1011,SB | Brand | Nordic Home,Sponsored Brands,Keyword,B0SFWKQDD5,464,2,2.06,0,0.0
2026-04-11,C-1012,SD | Retargeting | Electronics,Sponsored Display,Views remarketing,B0NL5Q5CZM,2226,14,7.26,3,342.35
2026-04-12,C-1001,SP | Auto | Electronics Catch-All,Sponsored Products,Auto,B0R5E97R3C,10268,59,53.33,4,368.91
2026-04-12,C-1002,SP | Manual | Office Hero SKU,Sponsored Products,Manual,B0E48MCY15,877,6,4.96,1,48.45
2026-04-12,C-1003,SP | Auto | Toys Discovery,Sponsored Products,Auto,B0C9DBLSN2,10439,53,35.68,7,71.42
2026-04-12,C-1004,SP | Manual | Home & Kitchen Brand Defense,Sponsored Products,Manual,B0DDA4EXPW,4530,26,27.22,4,238.6
2026-04-12,C-1005,SP | Auto | Pet Supplies,Sponsored Products,Auto,B0LD11QTH5,2270,14,9.5,2,56.84
2026-04-12,C-1006,SP | Manual | Sports & Outdoors,Sponsored Products,Manual,B0SSL9ZZJT,3240,13,12.27,0,0.0
2026-04-12,C-1007,SP | Auto | Beauty Explorers,Sponsored Products,Auto,B0KMG3BBNV,9123,15,19.17,0,0.0
2026-04-12,C-1008,SP | Auto | Electronics Diversification,Sponsored Products,Auto,B055PLDLF8,4881,16,16.92,0,0.0
2026-04-12,C-1009,SP | Manual | Kitchen Launch,Sponsored Products,Manual,B0GDNTQUXZ,1283,7,6.98,0,0.0
2026-04-12,C-1010,SB | Brand | AuroraTech,Sponsored Brands,Keyword,B0R5E97R3C,1170,5,7.14,0,0.0
2026-04-12,C-1011,SB | Brand | Nordic Home,Sponsored Brands,Keyword,B0SFWKQDD5,706,2,2.4,0,0.0
2026-04-12,C-1012,SD | Retargeting | Electronics,Sponsored Display,Views remarketing,B0NL5Q5CZM,2676,17,9.09,1,101.01
2026-04-13,C-1001,SP | Auto | Electronics Catch-All,Sponsored Products,Auto,B0R5E97R3C,0,0,0.0,0,0.0
2026-04-13,C-1002,SP | Manual | Office Hero SKU,Sponsored Products,Manual,B0E48MCY15,1006,5,4.26,1,53.28
2026-04-13,C-1003,SP | Auto | Toys Discovery,Sponsored Products,Auto,B0C9DBLSN2,5031,22,13.42,0,0.0
2026-04-13,C-1004,SP | Manual | Home & Kitchen Brand Defense,Sponsored Products,Manual,B0DDA4EXPW,1145,7,6.21,0,0.0
2026-04-13,C-1005,SP | Auto | Pet Supplies,Sponsored Products,Auto,B0LD11QTH5,3756,15,11.02,0,0.0
2026-04-13,C-1006,SP | Manual | Sports & Outdoors,Sponsored Products,Manual,B0SSL9ZZJT,2823,18,15.98,0,0.0
2026-04-13,C-1007,SP | Auto | Beauty Explorers,Sponsored Products,Auto,B0KMG3BBNV,0,0,0.0,0,0.0
2026-04-13,C-1008,SP | Auto | Electronics Diversification,Sponsored Products,Auto,B055PLDLF8,2958,13,13.44,0,0.0
2026-04-13,C-1009,SP | Manual | Kitchen Launch,Sponsored Products,Manual,B0GDNTQUXZ,973,6,5.31,0,0.0
2026-04-13,C-1010,SB | Brand | AuroraTech,Sponsored Brands,Keyword,B0R5E97R3C,932,3,3.13,0,0.0
2026-04-13,C-1011,SB | Brand | Nordic Home,Sponsored Brands,Keyword,B0SFWKQDD5,596,2,2.34,0,0.0
2026-04-13,C-1012,SD | Retargeting | Electronics,Sponsored Display,Views remarketing,B0NL5Q5CZM,2483,14,8.17,1,100.66
2026-04-14,C-1001,SP | Auto | Electronics Catch-All,Sponsored Products,Auto,B0R5E97R3C,6750,33,31.83,3,293.76
2026-04-14,C-1002,SP | Manual | Office Hero SKU,Sponsored Products,Manual,B0E48MCY15,1422,8,6.77,1,48.46
2026-04-14,C-1003,SP | Auto | Toys Discovery,Sponsored Products,Auto,B0C9DBLSN2,10695,48,28.23,8,73.46
2026-04-14,C-1004,SP | Manual | Home & Kitchen Brand Defense,Sponsored Products,Manual,B0DDA4EXPW,1369,9,8.27,1,59.3
2026-04-14,C-1005,SP | Auto | Pet Supplies,Sponsored Products,Auto,B0LD11QTH5,12537,77,60.79,6,169.0
2026-04-14,C-1006,SP | Manual | Sports & Outdoors,Sponsored Products,Manual,B0SSL9ZZJT,4348,19,15.08,1,17.18
2026-04-14,C-1007,SP | Auto | Beauty Explorers,Sponsored Products,Auto,B0KMG3BBNV,6913,19,24.7,0,0.0
2026-04-14,C-1008,SP | Auto | Electronics Diversification,Sponsored Products,Auto,B055PLDLF8,4728,14,14.37,0,0.0
2026-04-14,C-1009,SP | Manual | Kitchen Launch,Sponsored Products,Manual,B0GDNTQUXZ,1956,9,8.1,0,0.0
2026-04-14,C-1010,SB | Brand | AuroraTech,Sponsored Brands,Keyword,B0R5E97R3C,787,3,4.29,0,0.0
2026-04-14,C-1011,SB | Brand | Nordic Home,Sponsored Brands,Keyword,B0SFWKQDD5,1056,3,3.37,0,0.0
2026-04-14,C-1012,SD | Retargeting | Electronics,Sponsored Display,Views remarketing,B0NL5Q5CZM,1439,9,5.91,2,227.6
2026-04-15,C-1001,SP | Auto | Electronics Catch-All,Sponsored Products,Auto,B0R5E97R3C,3528,16,15.15,2,191.49
2026-04-15,C-1002,SP | Manual | Office Hero SKU,Sponsored Products,Manual,B0E48MCY15,7075,45,33.04,3,146.5
2026-04-15,C-1003,SP | Auto | Toys Discovery,Sponsored Products,Auto,B0C9DBLSN2,6423,23,16.52,1,9.49
2026-04-15,C-1004,SP | Manual | Home & Kitchen Brand Defense,Sponsored Products,Manual,B0DDA4EXPW,3742,23,19.04,3,192.09
2026-04-15,C-1005,SP | Auto | Pet Supplies,Sponsored Products,Auto,B0LD11QTH5,4159,14,10.89,1,26.63
2026-04-15,C-1006,SP | Manual | Sports & Outdoors,Sponsored Products,Manual,B0SSL9ZZJT,6864,37,32.44,0,0.0
2026-04-15,C-1007,SP | Auto | Beauty Explorers,Sponsored Products,Auto,B0KMG3BBNV,15228,32,49.07,0,0.0
2026-04-15,C-1008,SP | Auto | Electronics Diversification,Sponsored Products,Auto,B055PLDLF8,4649,21,20.22,0,0.0
2026-04-15,C-1009,SP | Manual | Kitchen Launch,Sponsored Products,Manual,B0GDNTQUXZ,931,6,5.22,0,0.0
2026-04-15,C-1010,SB | Brand | AuroraTech,Sponsored Brands,Keyword,B0R5E97R3C,1192,3,3.53,0,0.0
2026-04-15,C-1011,SB | Brand | Nordic Home,Sponsored Brands,Keyword,B0SFWKQDD5,1356,4,4.61,1,27.87
2026-04-15,C-1012,SD | Retargeting | Electronics,Sponsored Display,Views remarketing,B0NL5Q5CZM,3614,23,10.9,3,312.69
2026-04-16,C-1001,SP | Auto | Electronics Catch-All,Sponsored Products,Auto,B0R5E97R3C,0,0,0.0,0,0.0
2026-04-16,C-1002,SP | Manual | Office Hero SKU,Sponsored Products,Manual,B0E48MCY15,3029,19,12.58,5,234.66
2026-04-16,C-1003,SP | Auto | Toys Discovery,Sponsored Products,Auto,B0C9DBLSN2,3964,16,9.02,2,20.78
2026-04-16,C-1004,SP | Manual | Home & Kitchen Brand Defense,Sponsored Products,Manual,B0DDA4EXPW,1321,8,6.88,1,56.52
2026-04-16,C-1005,SP | Auto | Pet Supplies,Sponsored Products,Auto,B0LD11QTH5,5802,30,21.41,4,97.78
2026-04-16,C-1006,SP | Manual | Sports & Outdoors,Sponsored Products,Manual,B0SSL9ZZJT,3352,20,15.95,3,53.89
2026-04-16,C-1007,SP | Auto | Beauty Explorers,Sponsored Products,Auto,B0KMG3BBNV,8149,19,24.1,0,0.0
2026-04-16,C-1008,SP | Auto | Electronics Diversification,Sponsored Products,Auto,B055PLDLF8,5196,16,16.55,0,0.0
2026-04-16,C-1009,SP | Manual | Kitchen Launch,Sponsored Products,Manual,B0GDNTQUXZ,1069,7,6.96,0,0.0
2026-04-16,C-1010,SB | Brand | AuroraTech,Sponsored Brands,Keyword,B0R5E97R3C,873,4,4.87,0,0.0
2026-04-16,C-1011,SB | Brand | Nordic Home,Sponsored Brands,Keyword,B0SFWKQDD5,523,2,2.66,1,28.17
2026-04-16,C-1012,SD | Retargeting | Electronics,Sponsored Display,Views remarketing,B0NL5Q5CZM,2331,14,6.9,1,98.2
2026-04-17,C-1001,SP | Auto | Electronics Catch-All,Sponsored Products,Auto,B0R5E97R3C,0,0,0.0,0,0.0
2026-04-17,C-1002,SP | Manual | Office Hero SKU,Sponsored Products,Manual,B0E48MCY15,2500,16,10.31,1,48.73
2026-04-17,C-1003,SP | Auto | Toys Discovery,Sponsored Products,Auto,B0C9DBLSN2,3573,10,7.74,1,10.52
2026-04-17,C-1004,SP | Manual | Home & Kitchen Brand Defense,Sponsored Products,Manual,B0DDA4EXPW,1575,7,6.18,2,116.8
2026-04-17,C-1005,SP | Auto | Pet Supplies,Sponsored Products,Auto,B0LD11QTH5,7626,31,22.1,3,86.18
2026-04-17,C-1006,SP | Manual | Sports & Outdoors,Sponsored Products,Manual,B0SSL9ZZJT,1896,8,7.04,1,17.28
2026-04-17,C-1007,SP | Auto | Beauty Explorers,Sponsored Products,Auto,B0KMG3BBNV,0,0,0.0,0,0.0
2026-04-17,C-1008,SP | Auto | Electronics Diversification,Sponsored Products,Auto,B055PLDLF8,2953,9,10.96,0,0.0
2026-04-17,C-1009,SP | Manual | Kitchen Launch,Sponsored Products,Manual,B0GDNTQUXZ,1199,5,4.71,0,0.0
2026-04-17,C-1010,SB | Brand | AuroraTech,Sponsored Brands,Keyword,B0R5E97R3C,1139,4,5.07,2,168.12
2026-04-17,C-1011,SB | Brand | Nordic Home,Sponsored Brands,Keyword,B0SFWKQDD5,0,0,0.0,0,0.0
2026-04-17,C-1012,SD | Retargeting | Electronics,Sponsored Display,Views remarketing,B0NL5Q5CZM,2931,19,8.98,2,216.14
2026-04-18,C-1001,SP | Auto | Electronics Catch-All,Sponsored Products,Auto,B0R5E97R3C,8867,46,41.95,1,85.5
2026-04-18,C-1002,SP | Manual | Office Hero SKU,Sponsored Products,Manual,B0E48MCY15,1875,9,5.69,2,92.08
2026-04-18,C-1003,SP | Auto | Toys Discovery,Sponsored Products,Auto,B0C9DBLSN2,3192,13,10.11,1,9.72
2026-04-18,C-1004,SP | Manual | Home & Kitchen Brand Defense,Sponsored Products,Manual,B0DDA4EXPW,1634,11,11.54,0,0.0
2026-04-18,C-1005,SP | Auto | Pet Supplies,Sponsored Products,Auto,B0LD11QTH5,7959,33,24.52,5,121.91
2026-04-18,C-1006,SP | Manual | Sports & Outdoors,Sponsored Products,Manual,B0SSL9ZZJT,2237,9,8.08,1,15.8
2026-04-18,C-1007,SP | Auto | Beauty Explorers,Sponsored Products,Auto,B0KMG3BBNV,1184,2,2.77,0,0.0
2026-04-18,C-1008,SP | Auto | Electronics Diversification,Sponsored Products,Auto,B055PLDLF8,3951,17,19.12,1,42.34
2026-04-18,C-1009,SP | Manual | Kitchen Launch,Sponsored Products,Manual,B0GDNTQUXZ,632,5,5.24,0,0.0
2026-04-18,C-1010,SB | Brand | AuroraTech,Sponsored Brands,Keyword,B0R5E97R3C,454,1,1.28,0,0.0
2026-04-18,C-1011,SB | Brand | Nordic Home,Sponsored Brands,Keyword,B0SFWKQDD5,795,2,2.2,1,27.13
2026-04-18,C-1012,SD | Retargeting | Electronics,Sponsored Display,Views remarketing,B0NL5Q5CZM,2124,12,7.87,3,312.67
2026-04-19,C-1001,SP | Auto | Electronics Catch-All,Sponsored Products,Auto,B0R5E97R3C,4111,16,14.41,1,87.59
2026-04-19,C-1002,SP | Manual | Office Hero SKU,Sponsored Products,Manual,B0E48MCY15,2382,11,7.56,0,0.0
2026-04-19,C-1003,SP | Auto | Toys Discovery,Sponsored Products,Auto,B0C9DBLSN2,2180,8,5.06,1,9.59
2026-04-19,C-1004,SP | Manual | Home & Kitchen Brand Defense,Sponsored Products,Manual,B0DDA4EXPW,3211,18,17.4,1,64.39
2026-04-19,C-1005,SP | Auto | Pet Supplies,Sponsored Products,Auto,B0LD11QTH5,7658,36,22.19,4,116.57
2026-04-19,C-1006,SP | Manual | Sports & Outdoors,Sponsored Products,Manual,B0SSL9ZZJT,2521,11,8.06,1,16.92
2026-04-19,C-1007,SP | Auto | Beauty Explorers,Sponsored Products,Auto,B0KMG3BBNV,5059,10,14.7,0,0.0
2026-04-19,C-1008,SP | Auto | Electronics Diversification,Sponsored Products,Auto,B055PLDLF8,4553,15,17.41,1,43.86
2026-04-19,C-1009,SP | Manual | Kitchen Launch,Sponsored Products,Manual,B0GDNTQUXZ,2345,10,9.64,0,0.0
2026-04-19,C-1010,SB | Brand | AuroraTech,Sponsored Brands,Keyword,B0R5E97R3C,848,3,3.66,0,0.0
2026-04-19,C-1011,SB | Brand | Nordic Home,Sponsored Brands,Keyword,B0SFWKQDD5,652,2,2.21,0,0.0
2026-04-19,C-1012,SD | Retargeting | Electronics,Sponsored Display,Views remarketing,B0NL5Q5CZM,2302,13,6.8,1,103.86
2026-04-20,C-1001,SP | Auto | Electronics Catch-All,Sponsored Products,Auto,B0R5E97R3C,7198,24,18.23,2,176.64
2026-04-20,C-1002,SP | Manual | Office Hero SKU,Sponsored Products,Manual,B0E48MCY15,2697,11,8.55,1,52.57
2026-04-20,C-1003,SP | Auto | Toys Discovery,Sponsored Products,Auto,B0C9DBLSN2,5918,25,18.01,0,0.0
2026-04-20,C-1004,SP | Manual | Home & Kitchen Brand Defense,Sponsored Products,Manual,B0DDA4EXPW,2121,11,11.3,2,113.3
2026-04-20,C-1005,SP | Auto | Pet Supplies,Sponsored Products,Auto,B0LD11QTH5,2828,10,6.82,0,0.0
2026-04-20,C-1006,SP | Manual | Sports & Outdoors,Sponsored Products,Manual,B0SSL9ZZJT,2031,13,10.4,1,16.3
2026-04-20,C-1007,SP | Auto | Beauty Explorers,Sponsored Products,Auto,B0KMG3BBNV,10180,23,31.06,0,0.0
2026-04-20,C-1008,SP | Auto | Electronics Diversification,Sponsored Products,Auto,B055PLDLF8,1984,7,7.87,0,0.0
2026-04-20,C-1009,SP | Manual | Kitchen Launch,Sponsored Products,Manual,B0GDNTQUXZ,1342,10,7.79,2,136.79
2026-04-20,C-1010,SB | Brand | AuroraTech,Sponsored Brands,Keyword,B0R5E97R3C,847,3,4.23,0,0.0
2026-04-20,C-1011,SB | Brand | Nordic Home,Sponsored Brands,Keyword,B0SFWKQDD5,910,2,2.34,0,0.0
2026-04-20,C-1012,SD | Retargeting | Electronics,Sponsored Display,Views remarketing,B0NL5Q5CZM,2841,13,6.23,1,111.99
2026-04-21,C-1001,SP | Auto | Electronics Catch-All,Sponsored Products,Auto,B0R5E97R3C,8990,50,45.97,2,173.15
2026-04-21,C-1002,SP | Manual | Office Hero SKU,Sponsored Products,Manual,B0E48MCY15,4924,26,20.09,1,49.65
2026-04-21,C-1003,SP | Auto | Toys Discovery,Sponsored Products,Auto,B0C9DBLSN2,9349,30,21.57,3,28.29
2026-04-21,C-1004,SP | Manual | Home & Kitchen Brand Defense,Sponsored Products,Manual,B0DDA4EXPW,1068,6,5.82,0,0.0
2026-04-21,C-1005,SP | Auto | Pet Supplies,Sponsored Products,Auto,B0LD11QTH5,3088,16,10.49,2,51.76
2026-04-21,C-1006,SP | Manual | Sports & Outdoors,Sponsored Products,Manual,B0SSL9ZZJT,1636,8,5.58,0,0.0
2026-04-21,C-1007,SP | Auto | Beauty Explorers,Sponsored Products,Auto,B0KMG3BBNV,5370,13,22.05,0,0.0
2026-04-21,C-1008,SP | Auto | Electronics Diversification,Sponsored Products,Auto,B055PLDLF8,2480,12,12.52,1,37.07
2026-04-21,C-1009,SP | Manual | Kitchen Launch,Sponsored Products,Manual,B0GDNTQUXZ,3243,22,21.49,4,305.33
2026-04-21,C-1010,SB | Brand | AuroraTech,Sponsored Brands,Keyword,B0R5E97R3C,1274,6,6.27,0,0.0
2026-04-21,C-1011,SB | Brand | Nordic Home,Sponsored Brands,Keyword,B0SFWKQDD5,760,2,2.35,0,0.0
2026-04-21,C-1012,SD | Retargeting | Electronics,Sponsored Display,Views remarketing,B0NL5Q5CZM,5570,34,19.18,2,224.22
2026-04-22,C-1001,SP | Auto | Electronics Catch-All,Sponsored Products,Auto,B0R5E97R3C,5807,32,31.45,1,90.1
2026-04-22,C-1002,SP | Manual | Office Hero SKU,Sponsored Products,Manual,B0E48MCY15,1895,10,6.16,0,0.0
2026-04-22,C-1003,SP | Auto | Toys Discovery,Sponsored Products,Auto,B0C9DBLSN2,5880,20,15.44,2,20.17
2026-04-22,C-1004,SP | Manual | Home & Kitchen Brand Defense,Sponsored Products,Manual,B0DDA4EXPW,1592,9,9.68,0,0.0
2026-04-22,C-1005,SP | Auto | Pet Supplies,Sponsored Products,Auto,B0LD11QTH5,4743,21,12.61,2,56.29
2026-04-22,C-1006,SP | Manual | Sports & Outdoors,Sponsored Products,Manual,B0SSL9ZZJT,5745,38,30.63,4,64.42
2026-04-22,C-1007,SP | Auto | Beauty Explorers,Sponsored Products,Auto,B0KMG3BBNV,5598,10,15.1,0,0.0
2026-04-22,C-1008,SP | Auto | Electronics Diversification,Sponsored Products,Auto,B055PLDLF8,3211,13,12.53,0,0.0
2026-04-22,C-1009,SP | Manual | Kitchen Launch,Sponsored Products,Manual,B0GDNTQUXZ,1085,5,4.09,0,0.0
2026-04-22,C-1010,SB | Brand | AuroraTech,Sponsored Brands,Keyword,B0R5E97R3C,477,2,2.4,0,0.0
2026-04-22,C-1011,SB | Brand | Nordic Home,Sponsored Brands,Keyword,B0SFWKQDD5,1105,2,2.37,1,30.13
2026-04-22,C-1012,SD | Retargeting | Electronics,Sponsored Display,Views remarketing,B0NL5Q5CZM,1504,6,3.54,0,0.0
2026-04-23,C-1001,SP | Auto | Electronics Catch-All,Sponsored Products,Auto,B0R5E97R3C,4043,23,17.93,0,0.0
2026-04-23,C-1002,SP | Manual | Office Hero SKU,Sponsored Products,Manual,B0E48MCY15,1622,7,4.91,1,45.63
2026-04-23,C-1003,SP | Auto | Toys Discovery,Sponsored Products,Auto,B0C9DBLSN2,2255,9,5.23,2,19.9
2026-04-23,C-1004,SP | Manual | Home & Kitchen Brand Defense,Sponsored Products,Manual,B0DDA4EXPW,1057,6,5.51,0,0.0
2026-04-23,C-1005,SP | Auto | Pet Supplies,Sponsored Products,Auto,B0LD11QTH5,3149,14,10.95,1,28.4
2026-04-23,C-1006,SP | Manual | Sports & Outdoors,Sponsored Products,Manual,B0SSL9ZZJT,2453,10,9.42,0,0.0
2026-04-23,C-1007,SP | Auto | Beauty Explorers,Sponsored Products,Auto,B0KMG3BBNV,5090,13,18.5,2,82.16
2026-04-23,C-1008,SP | Auto | Electronics Diversification,Sponsored Products,Auto,B055PLDLF8,5422,22,27.65,0,0.0
2026-04-23,C-1009,SP | Manual | Kitchen Launch,Sponsored Products,Manual,B0GDNTQUXZ,1309,9,8.23,2,138.45
2026-04-23,C-1010,SB | Brand | AuroraTech,Sponsored Brands,Keyword,B0R5E97R3C,838,2,2.82,0,0.0
2026-04-23,C-1011,SB | Brand | Nordic Home,Sponsored Brands,Keyword,B0SFWKQDD5,868,3,4.13,0,0.0
2026-04-23,C-1012,SD | Retargeting | Electronics,Sponsored Display,Views remarketing,B0NL5Q5CZM,1608,10,6.33,0,0.0
2026-04-24,C-1001,SP | Auto | Electronics Catch-All,Sponsored Products,Auto,B0R5E97R3C,5146,21,16.93,3,268.6
2026-04-24,C-1002,SP | Manual | Office Hero SKU,Sponsored Products,Manual,B0E48MCY15,1659,8,4.92,0,0.0
2026-04-24,C-1003,SP | Auto | Toys Discovery,Sponsored Products,Auto,B0C9DBLSN2,4264,21,16.3,2,18.29
2026-04-24,C-1004,SP | Manual | Home & Kitchen Brand Defense,Sponsored Products,Manual,B0DDA4EXPW,1054,8,8.04,1,64.91
2026-04-24,C-1005,SP | Auto | Pet Supplies,Sponsored Products,Auto,B0LD11QTH5,11181,49,37.75,3,78.85
2026-04-24,C-1006,SP | Manual | Sports & Outdoors,Sponsored Products,Manual,B0SSL9ZZJT,2051,11,9.92,2,36.52
2026-04-24,C-1007,SP | Auto | Beauty Explorers,Sponsored Products,Auto,B0KMG3BBNV,9610,15,21.82,0,0.0
2026-04-24,C-1008,SP | Auto | Electronics Diversification,Sponsored Products,Auto,B055PLDLF8,2890,12,12.99,1,38.68
2026-04-24,C-1009,SP | Manual | Kitchen Launch,Sponsored Products,Manual,B0GDNTQUXZ,1160,5,3.97,0,0.0
2026-04-24,C-1010,SB | Brand | AuroraTech,Sponsored Brands,Keyword,B0R5E97R3C,2067,5,6.16,0,0.0
2026-04-24,C-1011,SB | Brand | Nordic Home,Sponsored Brands,Keyword,B0SFWKQDD5,840,2,2.48,0,0.0
2026-04-24,C-1012,SD | Retargeting | Electronics,Sponsored Display,Views remarketing,B0NL5Q5CZM,0,0,0.0,0,0.0
2026-04-25,C-1001,SP | Auto | Electronics Catch-All,Sponsored Products,Auto,B0R5E97R3C,3140,18,15.53,0,0.0
2026-04-25,C-1002,SP | Manual | Office Hero SKU,Sponsored Products,Manual,B0E48MCY15,1706,12,9.11,1,53.13
2026-04-25,C-1003,SP | Auto | Toys Discovery,Sponsored Products,Auto,B0C9DBLSN2,5869,28,19.89,2,20.63
2026-04-25,C-1004,SP | Manual | Home & Kitchen Brand Defense,Sponsored Products,Manual,B0DDA4EXPW,2780,21,17.29,4,258.53
2026-04-25,C-1005,SP | Auto | Pet Supplies,Sponsored Products,Auto,B0LD11QTH5,4863,27,19.47,2,56.98
2026-04-25,C-1006,SP | Manual | Sports & Outdoors,Sponsored Products,Manual,B0SSL9ZZJT,2274,12,9.86,1,15.62
2026-04-25,C-1007,SP | Auto | Beauty Explorers,Sponsored Products,Auto,B0KMG3BBNV,6910,13,22.09,0,0.0
2026-04-25,C-1008,SP | Auto | Electronics Diversification,Sponsored Products,Auto,B055PLDLF8,3651,11,13.12,0,0.0
2026-04-25,C-1009,SP | Manual | Kitchen Launch,Sponsored Products,Manual,B0GDNTQUXZ,1489,6,5.82,0,0.0
2026-04-25,C-1010,SB | Brand | AuroraTech,Sponsored Brands,Keyword,B0R5E97R3C,0,0,0.0,0,0.0
2026-04-25,C-1011,SB | Brand | Nordic Home,Sponsored Brands,Keyword,B0SFWKQDD5,1192,3,3.81,0,0.0
2026-04-25,C-1012,SD | Retargeting | Electronics,Sponsored Display,Views remarketing,B0NL5Q5CZM,4242,27,14.64,2,213.09
2026-04-26,C-1001,SP | Auto | Electronics Catch-All,Sponsored Products,Auto,B0R5E97R3C,3471,12,9.55,3,258.55
2026-04-26,C-1002,SP | Manual | Office Hero SKU,Sponsored Products,Manual,B0E48MCY15,0,0,0.0,0,0.0
2026-04-26,C-1003,SP | Auto | Toys Discovery,Sponsored Products,Auto,B0C9DBLSN2,4134,20,14.82,2,18.08
2026-04-26,C-1004,SP | Manual | Home & Kitchen Brand Defense,Sponsored Products,Manual,B0DDA4EXPW,945,6,5.42,0,0.0
2026-04-26,C-1005,SP | Auto | Pet Supplies,Sponsored Products,Auto,B0LD11QTH5,6345,23,15.84,4,102.24
2026-04-26,C-1006,SP | Manual | Sports & Outdoors,Sponsored Products,Manual,B0SSL9ZZJT,1446,9,7.38,1,18.02
2026-04-26,C-1007,SP | Auto | Beauty Explorers,Sponsored Products,Auto,B0KMG3BBNV,3195,5,8.19,0,0.0
2026-04-26,C-1008,SP | Auto | Electronics Diversification,Sponsored Products,Auto,B055PLDLF8,3952,18,17.4,0,0.0
2026-04-26,C-1009,SP | Manual | Kitchen Launch,Sponsored Products,Manual,B0GDNTQUXZ,0,0,0.0,0,0.0
2026-04-26,C-1010,SB | Brand | AuroraTech,Sponsored Brands,Keyword,B0R5E97R3C,515,1,1.2,0,0.0
2026-04-26,C-1011,SB | Brand | Nordic Home,Sponsored Brands,Keyword,B0SFWKQDD5,518,2,2.13,0,0.0
2026-04-26,C-1012,SD | Retargeting | Electronics,Sponsored Display,Views remarketing,B0NL5Q5CZM,1263,7,3.48,3,288.19
2026-04-27,C-1001,SP | Auto | Electronics Catch-All,Sponsored Products,Auto,B0R5E97R3C,4968,21,19.04,2,180.44
2026-04-27,C-1002,SP | Manual | Office Hero SKU,Sponsored Products,Manual,B0E48MCY15,3984,17,14.24,5,234.26
2026-04-27,C-1003,SP | Auto | Toys Discovery,Sponsored Products,Auto,B0C9DBLSN2,5255,18,13.09,2,19.16
2026-04-27,C-1004,SP | Manual | Home & Kitchen Brand Defense,Sponsored Products,Manual,B0DDA4EXPW,0,0,0.0,0,0.0
2026-04-27,C-1005,SP | Auto | Pet Supplies,Sponsored Products,Auto,B0LD11QTH5,2934,13,9.01,0,0.0
2026-04-27,C-1006,SP | Manual | Sports & Outdoors,Sponsored Products,Manual,B0SSL9ZZJT,3920,24,21.74,2,36.53
2026-04-27,C-1007,SP | Auto | Beauty Explorers,Sponsored Products,Auto,B0KMG3BBNV,5867,11,15.8,0,0.0
2026-04-27,C-1008,SP | Auto | Electronics Diversification,Sponsored Products,Auto,B055PLDLF8,3645,18,17.63,1,43.17
2026-04-27,C-1009,SP | Manual | Kitchen Launch,Sponsored Products,Manual,B0GDNTQUXZ,1125,8,8.32,4,279.14
2026-04-27,C-1010,SB | Brand | AuroraTech,Sponsored Brands,Keyword,B0R5E97R3C,1042,3,3.94,0,0.0
2026-04-27,C-1011,SB | Brand | Nordic Home,Sponsored Brands,Keyword,B0SFWKQDD5,549,2,2.35,0,0.0
2026-04-27,C-1012,SD | Retargeting | Electronics,Sponsored Display,Views remarketing,B0NL5Q5CZM,5919,26,12.38,2,223.69
2026-04-28,C-1001,SP | Auto | Electronics Catch-All,Sponsored Products,Auto,B0R5E97R3C,4995,29,26.95,3,273.92
2026-04-28,C-1002,SP | Manual | Office Hero SKU,Sponsored Products,Manual,B0E48MCY15,2806,12,7.75,0,0.0
2026-04-28,C-1003,SP | Auto | Toys Discovery,Sponsored Products,Auto,B0C9DBLSN2,8786,42,26.42,7,72.36
2026-04-28,C-1004,SP | Manual | Home & Kitchen Brand Defense,Sponsored Products,Manual,B0DDA4EXPW,3664,20,19.17,2,112.44
2026-04-28,C-1005,SP | Auto | Pet Supplies,Sponsored Products,Auto,B0LD11QTH5,9421,36,25.6,3,77.7
2026-04-28,C-1006,SP | Manual | Sports & Outdoors,Sponsored Products,Manual,B0SSL9ZZJT,2913,18,14.08,0,0.0
2026-04-28,C-1007,SP | Auto | Beauty Explorers,Sponsored Products,Auto,B0KMG3BBNV,6274,10,17.3,0,0.0
2026-04-28,C-1008,SP | Auto | Electronics Diversification,Sponsored Products,Auto,B055PLDLF8,8756,36,47.33,0,0.0
2026-04-28,C-1009,SP | Manual | Kitchen Launch,Sponsored Products,Manual,B0GDNTQUXZ,2126,15,15.46,0,0.0
2026-04-28,C-1010,SB | Brand | AuroraTech,Sponsored Brands,Keyword,B0R5E97R3C,361,1,1.09,1,90.6
2026-04-28,C-1011,SB | Brand | Nordic Home,Sponsored Brands,Keyword,B0SFWKQDD5,578,2,2.37,0,0.0
2026-04-28,C-1012,SD | Retargeting | Electronics,Sponsored Display,Views remarketing,B0NL5Q5CZM,2552,13,6.13,2,211.6
2026-04-29,C-1001,SP | Auto | Electronics Catch-All,Sponsored Products,Auto,B0R5E97R3C,6124,34,29.04,2,178.99
2026-04-29,C-1002,SP | Manual | Office Hero SKU,Sponsored Products,Manual,B0E48MCY15,2339,10,8.51,1,46.61
2026-04-29,C-1003,SP | Auto | Toys Discovery,Sponsored Products,Auto,B0C9DBLSN2,2634,12,7.79,1,9.38
2026-04-29,C-1004,SP | Manual | Home & Kitchen Brand Defense,Sponsored Products,Manual,B0DDA4EXPW,2433,13,12.64,3,176.26
2026-04-29,C-1005,SP | Auto | Pet Supplies,Sponsored Products,Auto,B0LD11QTH5,4724,17,12.71,1,28.29
2026-04-29,C-1006,SP | Manual | Sports & Outdoors,Sponsored Products,Manual,B0SSL9ZZJT,4819,28,20.23,3,52.26
2026-04-29,C-1007,SP | Auto | Beauty Explorers,Sponsored Products,Auto,B0KMG3BBNV,4411,8,13.0,0,0.0
2026-04-29,C-1008,SP | Auto | Electronics Diversification,Sponsored Products,Auto,B055PLDLF8,5126,25,25.03,0,0.0
2026-04-29,C-1009,SP | Manual | Kitchen Launch,Sponsored Products,Manual,B0GDNTQUXZ,476,3,2.8,0,0.0
2026-04-29,C-1010,SB | Brand | AuroraTech,Sponsored Brands,Keyword,B0R5E97R3C,977,4,4.2,2,181.8
2026-04-29,C-1011,SB | Brand | Nordic Home,Sponsored Brands,Keyword,B0SFWKQDD5,831,2,2.17,1,29.15
2026-04-29,C-1012,SD | Retargeting | Electronics,Sponsored Display,Views remarketing,B0NL5Q5CZM,3362,17,8.83,4,407.0
2026-04-30,C-1001,SP | Auto | Electronics Catch-All,Sponsored Products,Auto,B0R5E97R3C,5985,22,20.88,0,0.0
2026-04-30,C-1002,SP | Manual | Office Hero SKU,Sponsored Products,Manual,B0E48MCY15,1178,5,4.07,2,105.92
2026-04-30,C-1003,SP | Auto | Toys Discovery,Sponsored Products,Auto,B0C9DBLSN2,8604,25,14.83,4,40.83
2026-04-30,C-1004,SP | Manual | Home & Kitchen Brand Defense,Sponsored Products,Manual,B0DDA4EXPW,1608,12,12.45,0,0.0
2026-04-30,C-1005,SP | Auto | Pet Supplies,Sponsored Products,Auto,B0LD11QTH5,5346,33,27.51,1,25.04
2026-04-30,C-1006,SP | Manual | Sports & Outdoors,Sponsored Products,Manual,B0SSL9ZZJT,4699,26,24.44,4,69.23
2026-04-30,C-1007,SP | Auto | Beauty Explorers,Sponsored Products,Auto,B0KMG3BBNV,4221,9,14.66,0,0.0
2026-04-30,C-1008,SP | Auto | Electronics Diversification,Sponsored Products,Auto,B055PLDLF8,5837,26,34.2,0,0.0
2026-04-30,C-1009,SP | Manual | Kitchen Launch,Sponsored Products,Manual,B0GDNTQUXZ,2179,12,12.7,2,129.5
2026-04-30,C-1010,SB | Brand | AuroraTech,Sponsored Brands,Keyword,B0R5E97R3C,671,2,2.18,1,88.99
2026-04-30,C-1011,SB | Brand | Nordic Home,Sponsored Brands,Keyword,B0SFWKQDD5,427,1,1.02,0,0.0
2026-04-30,C-1012,SD | Retargeting | Electronics,Sponsored Display,Views remarketing,B0NL5Q5CZM,3521,18,9.5,4,437.65
2026-05-01,C-1001,SP | Auto | Electronics Catch-All,Sponsored Products,Auto,B0R5E97R3C,5516,20,18.06,1,84.85
2026-05-01,C-1002,SP | Manual | Office Hero SKU,Sponsored Products,Manual,B0E48MCY15,1971,10,7.84,1,46.38
2026-05-01,C-1003,SP | Auto | Toys Discovery,Sponsored Products,Auto,B0C9DBLSN2,4014,18,11.35,1,9.78
2026-05-01,C-1004,SP | Manual | Home & Kitchen Brand Defense,Sponsored Products,Manual,B0DDA4EXPW,1922,12,12.92,1,56.43
2026-05-01,C-1005,SP | Auto | Pet Supplies,Sponsored Products,Auto,B0LD11QTH5,7387,43,31.0,1,26.89
2026-05-01,C-1006,SP | Manual | Sports & Outdoors,Sponsored Products,Manual,B0SSL9ZZJT,3139,20,16.73,4,62.38
2026-05-01,C-1007,SP | Auto | Beauty Explorers,Sponsored Products,Auto,B0KMG3BBNV,5605,12,20.04,0,0.0
2026-05-01,C-1008,SP | Auto | Electronics Diversification,Sponsored Products,Auto,B055PLDLF8,4152,17,16.94,0,0.0
2026-05-01,C-1009,SP | Manual | Kitchen Launch,Sponsored Products,Manual,B0GDNTQUXZ,3323,14,12.78,1,75.62
2026-05-01,C-1010,SB | Brand | AuroraTech,Sponsored Brands,Keyword,B0R5E97R3C,1243,5,6.57,0,0.0
2026-05-01,C-1011,SB | Brand | Nordic Home,Sponsored Brands,Keyword,B0SFWKQDD5,567,2,2.15,0,0.0
2026-05-01,C-1012,SD | Retargeting | Electronics,Sponsored Display,Views remarketing,B0NL5Q5CZM,2496,9,4.57,1,102.28
2026-05-02,C-1001,SP | Auto | Electronics Catch-All,Sponsored Products,Auto,B0R5E97R3C,4083,14,14.05,0,0.0
2026-05-02,C-1002,SP | Manual | Office Hero SKU,Sponsored Products,Manual,B0E48MCY15,2299,10,7.87,1,52.28
2026-05-02,C-1003,SP | Auto | Toys Discovery,Sponsored Products,Auto,B0C9DBLSN2,0,0,0.0,0,0.0
2026-05-02,C-1004,SP | Manual | Home & Kitchen Brand Defense,Sponsored Products,Manual,B0DDA4EXPW,1120,7,7.58,0,0.0
2026-05-02,C-1005,SP | Auto | Pet Supplies,Sponsored Products,Auto,B0LD11QTH5,3243,14,9.41,2,50.11
2026-05-02,C-1006,SP | Manual | Sports & Outdoors,Sponsored Products,Manual,B0SSL9ZZJT,2178,9,7.56,1,16.94
2026-05-02,C-1007,SP | Auto | Beauty Explorers,Sponsored Products,Auto,B0KMG3BBNV,6270,16,22.95,0,0.0
2026-05-02,C-1008,SP | Auto | Electronics Diversification,Sponsored Products,Auto,B055PLDLF8,0,0,0.0,0,0.0
2026-05-02,C-1009,SP | Manual | Kitchen Launch,Sponsored Products,Manual,B0GDNTQUXZ,2135,12,11.54,0,0.0
2026-05-02,C-1010,SB | Brand | AuroraTech,Sponsored Brands,Keyword,B0R5E97R3C,1048,4,4.8,1,90.31
2026-05-02,C-1011,SB | Brand | Nordic Home,Sponsored Brands,Keyword,B0SFWKQDD5,596,1,1.37,0,0.0
2026-05-02,C-1012,SD | Retargeting | Electronics,Sponsored Display,Views remarketing,B0NL5Q5CZM,1318,8,4.22,0,0.0
2026-05-03,C-1001,SP | Auto | Electronics Catch-All,Sponsored Products,Auto,B0R5E97R3C,2180,10,7.63,1,82.94
2026-05-03,C-1002,SP | Manual | Office Hero SKU,Sponsored Products,Manual,B0E48MCY15,1657,6,4.2,1,52.15
2026-05-03,C-1003,SP | Auto | Toys Discovery,Sponsored Products,Auto,B0C9DBLSN2,3547,14,9.36,0,0.0
2026-05-03,C-1004,SP | Manual | Home & Kitchen Brand Defense,Sponsored Products,Manual,B0DDA4EXPW,844,7,7.57,2,120.61
2026-05-03,C-1005,SP | Auto | Pet Supplies,Sponsored Products,Auto,B0LD11QTH5,6023,34,23.29,1,28.78
2026-05-03,C-1006,SP | Manual | Sports & Outdoors,Sponsored Products,Manual,B0SSL9ZZJT,4056,18,15.51,3,54.54
2026-05-03,C-1007,SP | Auto | Beauty Explorers,Sponsored Products,Auto,B0KMG3BBNV,1836,4,4.97,0,0.0
2026-05-03,C-1008,SP | Auto | Electronics Diversification,Sponsored Products,Auto,B055PLDLF8,1541,8,7.49,0,0.0
2026-05-03,C-1009,SP | Manual | Kitchen Launch,Sponsored Products,Manual,B0GDNTQUXZ,1244,8,6.51,0,0.0
2026-05-03,C-1010,SB | Brand | AuroraTech,Sponsored Brands,Keyword,B0R5E97R3C,1042,4,4.28,0,0.0
2026-05-03,C-1011,SB | Brand | Nordic Home,Sponsored Brands,Keyword,B0SFWKQDD5,857,2,2.48,0,0.0
2026-05-03,C-1012,SD | Retargeting | Electronics,Sponsored Display,Views remarketing,B0NL5Q5CZM,1794,11,6.55,0,0.0
2026-05-04,C-1001,SP | Auto | Electronics Catch-All,Sponsored Products,Auto,B0R5E97R3C,8763,49,36.69,8,751.79
2026-05-04,C-1002,SP | Manual | Office Hero SKU,Sponsored Products,Manual,B0E48MCY15,3121,22,17.42,1,49.72
2026-05-04,C-1003,SP | Auto | Toys Discovery,Sponsored Products,Auto,B0C9DBLSN2,2789,9,7.08,1,10.49
2026-05-04,C-1004,SP | Manual | Home & Kitchen Brand Defense,Sponsored Products,Manual,B0DDA4EXPW,2645,12,12.97,1,60.08
2026-05-04,C-1005,SP | Auto | Pet Supplies,Sponsored Products,Auto,B0LD11QTH5,4873,23,17.85,2,55.64
2026-05-04,C-1006,SP | Manual | Sports & Outdoors,Sponsored Products,Manual,B0SSL9ZZJT,5806,26,24.95,3,53.88
2026-05-04,C-1007,SP | Auto | Beauty Explorers,Sponsored Products,Auto,B0KMG3BBNV,6043,15,26.09,0,0.0
2026-05-04,C-1008,SP | Auto | Electronics Diversification,Sponsored Products,Auto,B055PLDLF8,4689,17,20.73,1,43.1
2026-05-04,C-1009,SP | Manual | Kitchen Launch,Sponsored Products,Manual,B0GDNTQUXZ,1293,9,9.1,1,67.01
2026-05-04,C-1010,SB | Brand | AuroraTech,Sponsored Brands,Keyword,B0R5E97R3C,428,1,1.09,0,0.0
2026-05-04,C-1011,SB | Brand | Nordic Home,Sponsored Brands,Keyword,B0SFWKQDD5,1594,6,7.76,0,0.0
2026-05-04,C-1012,SD | Retargeting | Electronics,Sponsored Display,Views remarketing,B0NL5Q5CZM,3521,17,10.14,3,308.79
2026-05-05,C-1001,SP | Auto | Electronics Catch-All,Sponsored Products,Auto,B0R5E97R3C,3046,18,15.3,2,173.86
2026-05-05,C-1002,SP | Manual | Office Hero SKU,Sponsored Products,Manual,B0E48MCY15,2661,17,14.23,4,
2026-05-05,C-1003,SP | Auto | Toys Discovery,Sponsored Products,Auto,B0C9DBLSN2,4434,21,13.04,2,20.23
2026-05-05,C-1004,SP | Manual | Home & Kitchen Brand Defense,Sponsored Products,Manual,B0DDA4EXPW,1510,9,9.79,0,0.0
2026-05-05,C-1005,SP | Auto | Pet Supplies,Sponsored Products,Auto,B0LD11QTH5,3951,18,12.5,2,51.16
2026-05-05,C-1006,SP | Manual | Sports & Outdoors,Sponsored Products,Manual,B0SSL9ZZJT,5171,24,18.58,2,33.22
2026-05-05,C-1007,SP | Auto | Beauty Explorers,Sponsored Products,Auto,B0KMG3BBNV,6587,18,28.28,0,0.0
2026-05-05,C-1008,SP | Auto | Electronics Diversification,Sponsored Products,Auto,B055PLDLF8,2445,9,9.37,0,0.0
2026-05-05,C-1009,SP | Manual | Kitchen Launch,Sponsored Products,Manual,B0GDNTQUXZ,503,2,1.75,0,0.0
2026-05-05,C-1010,SB | Brand | AuroraTech,Sponsored Brands,Keyword,B0R5E97R3C,1420,4,5.27,0,0.0
2026-05-05,C-1011,SB | Brand | Nordic Home,Sponsored Brands,Keyword,B0SFWKQDD5,1308,4,5.19,0,0.0
2026-05-05,C-1012,SD | Retargeting | Electronics,Sponsored Display,Views remarketing,B0NL5Q5CZM,2236,8,4.37,0,0.0
2026-05-06,C-1001,SP | Auto | Electronics Catch-All,Sponsored Products,Auto,B0R5E97R3C,8497,30,28.29,1,89.79
2026-05-06,C-1002,SP | Manual | Office Hero SKU,Sponsored Products,Manual,B0E48MCY15,1007,7,4.63,0,0.0
2026-05-06,C-1003,SP | Auto | Toys Discovery,Sponsored Products,Auto,B0C9DBLSN2,8423,41,31.53,1,10.45
2026-05-06,C-1004,SP | Manual | Home & Kitchen Brand Defense,Sponsored Products,Manual,B0DDA4EXPW,2177,11,10.53,2,118.92
2026-05-06,C-1005,SP | Auto | Pet Supplies,Sponsored Products,Auto,B0LD11QTH5,3249,16,10.65,4,102.79
2026-05-06,C-1006,SP | Manual | Sports & Outdoors,Sponsored Products,Manual,B0SSL9ZZJT,6971,32,29.39,3,47.69
2026-05-06,C-1007,SP | Auto | Beauty Explorers,Sponsored Products,Auto,B0KMG3BBNV,15143,23,31.24,0,0.0
2026-05-06,C-1008,SP | Auto | Electronics Diversification,Sponsored Products,Auto,B055PLDLF8,3228,16,16.84,0,0.0
2026-05-06,C-1009,SP | Manual | Kitchen Launch,Sponsored Products,Manual,B0GDNTQUXZ,1082,5,4.65,0,0.0
2026-05-06,C-1010,SB | Brand | AuroraTech,Sponsored Brands,Keyword,B0R5E97R3C,1862,8,9.28,0,0.0
2026-05-06,C-1011,SB | Brand | Nordic Home,Sponsored Brands,Keyword,B0SFWKQDD5,2837,11,12.98,0,0.0
2026-05-06,C-1012,SD | Retargeting | Electronics,Sponsored Display,Views remarketing,B0NL5Q5CZM,2512,11,5.8,2,196.41
2026-05-07,C-1001,SP | Auto | Electronics Catch-All,Sponsored Products,Auto,B0R5E97R3C,4981,21,17.82,2,186.42
2026-05-07,C-1002,SP | Manual | Office Hero SKU,Sponsored Products,Manual,B0E48MCY15,2124,14,9.22,2,92.86
2026-05-07,C-1003,SP | Auto | Toys Discovery,Sponsored Products,Auto,B0C9DBLSN2,3227,13,9.67,0,0.0
2026-05-07,C-1004,SP | Manual | Home & Kitchen Brand Defense,Sponsored Products,Manual,B0DDA4EXPW,2731,19,19.91,0,0.0
2026-05-07,C-1005,SP | Auto | Pet Supplies,Sponsored Products,Auto,B0LD11QTH5,3373,14,11.57,4,111.38
2026-05-07,C-1006,SP | Manual | Sports & Outdoors,Sponsored Products,Manual,B0SSL9ZZJT,4496,26,23.39,3,47.72
2026-05-07,C-1007,SP | Auto | Beauty Explorers,Sponsored Products,Auto,B0KMG3BBNV,4441,10,12.91,0,0.0
2026-05-07,C-1008,SP | Auto | Electronics Diversification,Sponsored Products,Auto,B055PLDLF8,4866,17,20.75,0,0.0
2026-05-07,C-1009,SP | Manual | Kitchen Launch,Sponsored Products,Manual,B0GDNTQUXZ,2097,12,11.45,1,73.41
2026-05-07,C-1010,SB | Brand | AuroraTech,Sponsored Brands,Keyword,B0R5E97R3C,3958,15,21.15,1,85.31
2026-05-07,C-1011,SB | Brand | Nordic Home,Sponsored Brands,Keyword,B0SFWKQDD5,0,0,0.0,0,0.0
2026-05-07,C-1012,SD | Retargeting | Electronics,Sponsored Display,Views remarketing,B0NL5Q5CZM,3660,18,9.37,1,99.91
2026-05-08,C-1001,SP | Auto | Electronics Catch-All,Sponsored Products,Auto,B0R5E97R3C,5280,30,24.66,5,475.04
2026-05-08,C-1002,SP | Manual | Office Hero SKU,Sponsored Products,Manual,B0E48MCY15,1383,8,6.72,1,50.93
2026-05-08,C-1003,SP | Auto | Toys Discovery,Sponsored Products,Auto,B0C9DBLSN2,6658,24,18.72,4,42.24
2026-05-08,C-1004,SP | Manual | Home & Kitchen Brand Defense,Sponsored Products,Manual,B0DDA4EXPW,1528,8,8.27,0,0.0
2026-05-08,C-1005,SP | Auto | Pet Supplies,Sponsored Products,Auto,B0LD11QTH5,1492,6,4.31,1,24.78
2026-05-08,C-1006,SP | Manual | Sports & Outdoors,Sponsored Products,Manual,B0SSL9ZZJT,3714,23,19.08,1,15.8
2026-05-08,C-1007,SP | Auto | Beauty Explorers,Sponsored Products,Auto,B0KMG3BBNV,0,0,0.0,0,0.0
2026-05-08,C-1008,SP | Auto | Electronics Diversification,Sponsored Products,Auto,B055PLDLF8,5740,19,23.88,1,42.68
2026-05-08,C-1009,SP | Manual | Kitchen Launch,Sponsored Products,Manual,B0GDNTQUXZ,1287,8,6.37,0,0.0
2026-05-08,C-1010,SB | Brand | AuroraTech,Sponsored Brands,Keyword,B0R5E97R3C,834,2,2.32,0,0.0
2026-05-08,C-1011,SB | Brand | Nordic Home,Sponsored Brands,Keyword,B0SFWKQDD5,468,1,1.05,0,0.0
2026-05-08,C-1012,SD | Retargeting | Electronics,Sponsored Display,Views remarketing,B0NL5Q5CZM,4934,29,14.66,3,330.62
2026-05-09,C-1001,SP | Auto | Electronics Catch-All,Sponsored Products,Auto,B0R5E97R3C,5592,23,19.16,3,263.92
2026-05-09,C-1002,SP | Manual | Office Hero SKU,Sponsored Products,Manual,B0E48MCY15,2591,11,8.29,1,52.83
2026-05-09,C-1003,SP | Auto | Toys Discovery,Sponsored Products,Auto,B0C9DBLSN2,6499,19,14.39,7,68.2
2026-05-09,C-1004,SP | Manual | Home & Kitchen Brand Defense,Sponsored Products,Manual,B0DDA4EXPW,1631,9,8.5,0,0.0
2026-05-09,C-1005,SP | Auto | Pet Supplies,Sponsored Products,Auto,B0LD11QTH5,2349,13,9.4,2,55.89
2026-05-09,C-1006,SP | Manual | Sports & Outdoors,Sponsored Products,Manual,B0SSL9ZZJT,2001,9,6.59,2,31.81
2026-05-09,C-1007,SP | Auto | Beauty Explorers,Sponsored Products,Auto,B0KMG3BBNV,3284,8,11.51,0,0.0
2026-05-09,C-1008,SP | Auto | Electronics Diversification,Sponsored Products,Auto,B055PLDLF8,1854,7,8.48,0,0.0
2026-05-09,C-1009,SP | Manual | Kitchen Launch,Sponsored Products,Manual,B0GDNTQUXZ,1232,9,8.71,1,74.89
2026-05-09,C-1010,SB | Brand | AuroraTech,Sponsored Brands,Keyword,B0R5E97R3C,586,3,3.17,0,0.0
2026-05-09,C-1011,SB | Brand | Nordic Home,Sponsored Brands,Keyword,B0SFWKQDD5,447,1,1.21,0,0.0
2026-05-09,C-1012,SD | Retargeting | Electronics,Sponsored Display,Views remarketing,B0NL5Q5CZM,4917,22,11.64,2,191.95
2026-05-10,C-1001,SP | Auto | Electronics Catch-All,Sponsored Products,Auto,B0R5E97R3C,3241,16,14.37,2,193.04
2026-05-10,C-1002,SP | Manual | Office Hero SKU,Sponsored Products,Manual,B0E48MCY15,2009,13,8.8,2,94.28
2026-05-10,C-1003,SP | Auto | Toys Discovery,Sponsored Products,Auto,B0C9DBLSN2,1608,5,3.72,2,20.09
2026-05-10,C-1004,SP | Manual | Home & Kitchen Brand Defense,Sponsored Products,Manual,B0DDA4EXPW,865,4,3.24,0,0.0
2026-05-10,C-1005,SP | Auto | Pet Supplies,Sponsored Products,Auto,B0LD11QTH5,2229,13,8.4,2,53.39
2026-05-10,C-1006,SP | Manual | Sports & Outdoors,Sponsored Products,Manual,B0SSL9ZZJT,2607,14,11.77,0,0.0
2026-05-10,C-1007,SP | Auto | Beauty Explorers,Sponsored Products,Auto,B0KMG3BBNV,9040,24,39.27,1,40.13
2026-05-10,C-1008,SP | Auto | Electronics Diversification,Sponsored Products,Auto,B055PLDLF8,2112,7,9.11,0,0.0
2026-05-10,C-1009,SP | Manual | Kitchen Launch,Sponsored Products,Manual,B0GDNTQUXZ,608,4,4.19,0,0.0
2026-05-10,C-1010,SB | Brand | AuroraTech,Sponsored Brands,Keyword,B0R5E97R3C,1078,5,7.11,0,0.0
2026-05-10,C-1011,SB | Brand | Nordic Home,Sponsored Brands,Keyword,B0SFWKQDD5,1171,3,3.94,0,0.0
2026-05-10,C-1012,SD | Retargeting | Electronics,Sponsored Display,Views remarketing,B0NL5Q5CZM,2611,11,6.58,1,104.07
2026-05-11,C-1001,SP | Auto | Electronics Catch-All,Sponsored Products,Auto,B0R5E97R3C,0,0,0.0,0,0.0
2026-05-11,C-1002,SP | Manual | Office Hero SKU,Sponsored Products,Manual,B0E48MCY15,2071,13,9.66,3,156.02
2026-05-11,C-1003,SP | Auto | Toys Discovery,Sponsored Products,Auto,B0C9DBLSN2,2625,12,9.21,0,0.0
2026-05-11,C-1004,SP | Manual | Home & Kitchen Brand Defense,Sponsored Products,Manual,B0DDA4EXPW,1708,13,13.23,0,0.0
2026-05-11,C-1005,SP | Auto | Pet Supplies,Sponsored Products,Auto,B0LD11QTH5,3690,21,16.68,1,26.16
2026-05-11,C-1006,SP | Manual | Sports & Outdoors,Sponsored Products,Manual,B0SSL9ZZJT,2813,15,10.43,4,71.42
2026-05-11,C-1007,SP | Auto | Beauty Explorers,Sponsored Products,Auto,B0KMG3BBNV,10129,25,41.97,0,0.0
2026-05-11,C-1008,SP | Auto | Electronics Diversification,Sponsored Products,Auto,B055PLDLF8,6067,19,19.57,0,0.0
2026-05-11,C-1009,SP | Manual | Kitchen Launch,Sponsored Products,Manual,B0GDNTQUXZ,1278,6,6.41,0,0.0
2026-05-11,C-1010,SB | Brand | AuroraTech,Sponsored Brands,Keyword,B0R5E97R3C,686,2,2.49,0,0.0
2026-05-11,C-1011,SB | Brand | Nordic Home,Sponsored Brands,Keyword,B0SFWKQDD5,758,2,2.7,0,0.0
2026-05-11,C-1012,SD | Retargeting | Electronics,Sponsored Display,Views remarketing,B0NL5Q5CZM,6646,28,13.4,3,333.96
2026-05-12,C-1001,SP | Auto | Electronics Catch-All,Sponsored Products,Auto,B0R5E97R3C,12830,74,59.52,5,453.47
2026-05-12,C-1002,SP | Manual | Office Hero SKU,Sponsored Products,Manual,B0E48MCY15,4511,20,14.34,2,91.99
2026-05-12,C-1003,SP | Auto | Toys Discovery,Sponsored Products,Auto,B0C9DBLSN2,7006,24,18.78,4,38.11
2026-05-12,C-1004,SP | Manual | Home & Kitchen Brand Defense,Sponsored Products,Manual,B0DDA4EXPW,2308,15,13.9,3,193.46
2026-05-12,C-1005,SP | Auto | Pet Supplies,Sponsored Products,Auto,B0LD11QTH5,4813,21,16.5,1,25.91
2026-05-12,C-1006,SP | Manual | Sports & Outdoors,Sponsored Products,Manual,B0SSL9ZZJT,3819,19,14.07,1,15.63
2026-05-12,C-1007,SP | Auto | Beauty Explorers,Sponsored Products,Auto,B0KMG3BBNV,5656,11,18.47,0,0.0
2026-05-12,C-1008,SP | Auto | Electronics Diversification,Sponsored Products,Auto,B055PLDLF8,3350,9,8.95,0,0.0
2026-05-12,C-1009,SP | Manual | Kitchen Launch,Sponsored Products,Manual,B0GDNTQUXZ,917,4,4.12,0,0.0
2026-05-12,C-1010,SB | Brand | AuroraTech,Sponsored Brands,Keyword,B0R5E97R3C,783,3,3.5,0,0.0
2026-05-12,C-1011,SB | Brand | Nordic Home,Sponsored Brands,Keyword,B0SFWKQDD5,762,2,2.64,0,0.0
2026-05-12,C-1012,SD | Retargeting | Electronics,Sponsored Display,Views remarketing,B0NL5Q5CZM,3460,15,7.28,2,205.3
2026-05-13,C-1001,SP | Auto | Electronics Catch-All,Sponsored Products,Auto,B0R5E97R3C,2951,10,9.33,1,88.44
2026-05-13,C-1002,SP | Manual | Office Hero SKU,Sponsored Products,Manual,B0E48MCY15,3598,19,12.2,5,245.89
2026-05-13,C-1003,SP | Auto | Toys Discovery,Sponsored Products,Auto,B0C9DBLSN2,5046,21,11.9,0,0.0
2026-05-13,C-1004,SP | Manual | Home & Kitchen Brand Defense,Sponsored Products,Manual,B0DDA4EXPW,1619,8,8.21,0,0.0
2026-05-13,C-1005,SP | Auto | Pet Supplies,Sponsored Products,Auto,B0LD11QTH5,3416,13,9.54,4,104.39
2026-05-13,C-1006,SP | Manual | Sports & Outdoors,Sponsored Products,Manual,B0SSL9ZZJT,5452,36,32.77,3,49.05
2026-05-13,C-1007,SP | Auto | Beauty Explorers,Sponsored Products,Auto,B0KMG3BBNV,0,0,0.0,0,0.0
2026-05-13,C-1008,SP | Auto | Electronics Diversification,Sponsored Products,Auto,B055PLDLF8,3188,13,15.62,0,0.0
2026-05-13,C-1009,SP | Manual | Kitchen Launch,Sponsored Products,Manual,B0GDNTQUXZ,2426,12,12.03,3,215.18
2026-05-13,C-1010,SB | Brand | AuroraTech,Sponsored Brands,Keyword,B0R5E97R3C,1125,5,5.49,0,0.0
2026-05-13,C-1011,SB | Brand | Nordic Home,Sponsored Brands,Keyword,B0SFWKQDD5,544,2,2.52,0,0.0
2026-05-13,C-1012,SD | Retargeting | Electronics,Sponsored Display,Views remarketing,B0NL5Q5CZM,4778,20,11.57,1,112.59
2026-05-14,C-1001,SP | Auto | Electronics Catch-All,Sponsored Products,Auto,B0R5E97R3C,11378,46,33.67,4,377.14
2026-05-14,C-1002,SP | Manual | Office Hero SKU,Sponsored Products,Manual,B0E48MCY15,2772,17,12.38,3,157.29
2026-05-14,C-1003,SP | Auto | Toys Discovery,Sponsored Products,Auto,B0C9DBLSN2,6256,18,13.17,2,19.59
2026-05-14,C-1004,SP | Manual | Home & Kitchen Brand Defense,Sponsored Products,Manual,B0DDA4EXPW,2208,12,13.21,2,123.3
2026-05-14,C-1005,SP | Auto | Pet Supplies,Sponsored Products,Auto,B0LD11QTH5,2779,11,8.01,2,51.19
2026-05-14,C-1006,SP | Manual | Sports & Outdoors,Sponsored Products,Manual,B0SSL9ZZJT,2856,15,10.71,1,17.01
2026-05-14,C-1007,SP | Auto | Beauty Explorers,Sponsored Products,Auto,B0KMG3BBNV,6592,11,16.41,0,0.0
2026-05-14,C-1008,SP | Auto | Electronics Diversification,Sponsored Products,Auto,B055PLDLF8,5796,21,25.75,0,0.0
2026-05-14,C-1009,SP | Manual | Kitchen Launch,Sponsored Products,Manual,B0GDNTQUXZ,1225,8,6.6,1,69.72
2026-05-14,C-1010,SB | Brand | AuroraTech,Sponsored Brands,Keyword,B0R5E97R3C,1335,6,6.14,1,94.08
2026-05-14,C-1011,SB | Brand | Nordic Home,Sponsored Brands,Keyword,B0SFWKQDD5,703,2,2.41,0,0.0
2026-05-14,C-1012,SD | Retargeting | Electronics,Sponsored Display,Views remarketing,B0NL5Q5CZM,2121,14,6.6,2,207.68
2026-05-15,C-1001,SP | Auto | Electronics Catch-All,Sponsored Products,Auto,B0R5E97R3C,4036,22,18.0,3,258.17
2026-05-15,C-1002,SP | Manual | Office Hero SKU,Sponsored Products,Manual,B0E48MCY15,3524,18,12.82,2,92.93
2026-05-15,C-1003,SP | Auto | Toys Discovery,Sponsored Products,Auto,B0C9DBLSN2,0,0,0.0,0,0.0
2026-05-15,C-1004,SP | Manual | Home & Kitchen Brand Defense,Sponsored Products,Manual,B0DDA4EXPW,1255,8,7.77,0,0.0
2026-05-15,C-1005,SP | Auto | Pet Supplies,Sponsored Products,Auto,B0LD11QTH5,6559,41,31.53,6,158.47
2026-05-15,C-1006,SP | Manual | Sports & Outdoors,Sponsored Products,Manual,B0SSL9ZZJT,3434,15,11.33,0,0.0
2026-05-15,C-1007,SP | Auto | Beauty Explorers,Sponsored Products,Auto,B0KMG3BBNV,5873,10,12.86,0,0.0
2026-05-15,C-1008,SP | Auto | Electronics Diversification,Sponsored Products,Auto,B055PLDLF8,4293,16,16.14,0,0.0
2026-05-15,C-1009,SP | Manual | Kitchen Launch,Sponsored Products,Manual,B0GDNTQUXZ,1002,7,7.33,3,198.2
2026-05-15,C-1010,SB | Brand | AuroraTech,Sponsored Brands,Keyword,B0R5E97R3C,1133,4,5.26,0,0.0
2026-05-15,C-1011,SB | Brand | Nordic Home,Sponsored Brands,Keyword,B0SFWKQDD5,766,3,3.39,0,0.0
2026-05-15,C-1012,SD | Retargeting | Electronics,Sponsored Display,Views remarketing,B0NL5Q5CZM,3008,17,9.93,3,304.99
2026-05-16,C-1001,SP | Auto | Electronics Catch-All,Sponsored Products,Auto,B0R5E97R3C,8447,27,26.38,1,83.5
2026-05-16,C-1002,SP | Manual | Office Hero SKU,Sponsored Products,Manual,B0E48MCY15,3910,23,16.07,0,0.0
2026-05-16,C-1003,SP | Auto | Toys Discovery,Sponsored Products,Auto,B0C9DBLSN2,7347,33,21.72,2,21.19
2026-05-16,C-1004,SP | Manual | Home & Kitchen Brand Defense,Sponsored Products,Manual,B0DDA4EXPW,1902,10,9.72,1,56.56
2026-05-16,C-1005,SP | Auto | Pet Supplies,Sponsored Products,Auto,B0LD11QTH5,3620,23,17.7,1,25.98
2026-05-16,C-1006,SP | Manual | Sports & Outdoors,Sponsored Products,Manual,B0SSL9ZZJT,3410,23,19.37,5,81.87
2026-05-16,C-1007,SP | Auto | Beauty Explorers,Sponsored Products,Auto,B0KMG3BBNV,5803,9,14.6,0,0.0
2026-05-16,C-1008,SP | Auto | Electronics Diversification,Sponsored Products,Auto,B055PLDLF8,2846,12,13.9,0,0.0
2026-05-16,C-1009,SP | Manual | Kitchen Launch,Sponsored Products,Manual,B0GDNTQUXZ,2316,12,10.06,0,0.0
2026-05-16,C-1010,SB | Brand | AuroraTech,Sponsored Brands,Keyword,B0R5E97R3C,1041,5,5.77,0,0.0
2026-05-16,C-1011,SB | Brand | Nordic Home,Sponsored Brands,Keyword,B0SFWKQDD5,565,2,2.29,0,0.0
2026-05-16,C-1012,SD | Retargeting | Electronics,Sponsored Display,Views remarketing,B0NL5Q5CZM,1094,6,3.39,1,112.64
2026-05-17,C-1001,SP | Auto | Electronics Catch-All,Sponsored Products,Auto,B0R5E97R3C,6168,24,21.97,2,165.29
2026-05-17,C-1002,SP | Manual | Office Hero SKU,Sponsored Products,Manual,B0E48MCY15,3176,14,9.68,1,
2026-05-17,C-1003,SP | Auto | Toys Discovery,Sponsored Products,Auto,B0C9DBLSN2,2350,10,6.77,1,10.66
2026-05-17,C-1004,SP | Manual | Home & Kitchen Brand Defense,Sponsored Products,Manual,B0DDA4EXPW,1485,11,11.39,1,64.56
2026-05-17,C-1005,SP | Auto | Pet Supplies,Sponsored Products,Auto,B0LD11QTH5,1727,7,4.51,0,0.0
2026-05-17,C-1006,SP | Manual | Sports & Outdoors,Sponsored Products,Manual,B0SSL9ZZJT,2432,12,9.53,1,17.34
2026-05-17,C-1007,SP | Auto | Beauty Explorers,Sponsored Products,Auto,B0KMG3BBNV,5063,11,17.96,0,0.0
2026-05-17,C-1008,SP | Auto | Electronics Diversification,Sponsored Products,Auto,B055PLDLF8,4262,13,14.77,0,0.0
2026-05-17,C-1009,SP | Manual | Kitchen Launch,Sponsored Products,Manual,B0GDNTQUXZ,649,5,5.08,2,132.91
2026-05-17,C-1010,SB | Brand | AuroraTech,Sponsored Brands,Keyword,B0R5E97R3C,740,3,4.02,0,0.0
2026-05-17,C-1011,SB | Brand | Nordic Home,Sponsored Brands,Keyword,B0SFWKQDD5,519,2,1.99,0,0.0
2026-05-17,C-1012,SD | Retargeting | Electronics,Sponsored Display,Views remarketing,B0NL5Q5CZM,2631,15,7.9,2,211.09
2026-05-18,C-1001,SP | Auto | Electronics Catch-All,Sponsored Products,Auto,B0R5E97R3C,6129,32,31.06,1,90.58
2026-05-18,C-1002,SP | Manual | Office Hero SKU,Sponsored Products,Manual,B0E48MCY15,532,2,1.31,0,0.0
2026-05-18,C-1003,SP | Auto | Toys Discovery,Sponsored Products,Auto,B0C9DBLSN2,3461,18,10.88,2,18.15
2026-05-18,C-1004,SP | Manual | Home & Kitchen Brand Defense,Sponsored Products,Manual,B0DDA4EXPW,0,0,0.0,0,0.0
2026-05-18,C-1005,SP | Auto | Pet Supplies,Sponsored Products,Auto,B0LD11QTH5,7265,33,19.93,2,53.06
2026-05-18,C-1006,SP | Manual | Sports & Outdoors,Sponsored Products,Manual,B0SSL9ZZJT,2766,17,15.96,2,34.03
2026-05-18,C-1007,SP | Auto | Beauty Explorers,Sponsored Products,Auto,B0KMG3BBNV,5128,10,13.61,0,0.0
2026-05-18,C-1008,SP | Auto | Electronics Diversification,Sponsored Products,Auto,B055PLDLF8,8043,39,41.35,0,0.0
2026-05-18,C-1009,SP | Manual | Kitchen Launch,Sponsored Products,Manual,B0GDNTQUXZ,1088,6,5.8,0,0.0
2026-05-18,C-1010,SB | Brand | AuroraTech,Sponsored Brands,Keyword,B0R5E97R3C,0,0,0.0,0,0.0
2026-05-18,C-1011,SB | Brand | Nordic Home,Sponsored Brands,Keyword,B0SFWKQDD5,1151,3,3.15,1,26.84
2026-05-18,C-1012,SD | Retargeting | Electronics,Sponsored Display,Views remarketing,B0NL5Q5CZM,1347,8,4.97,2,203.47
2026-05-19,C-1001,SP | Auto | Electronics Catch-All,Sponsored Products,Auto,B0R5E97R3C,7525,31,26.57,3,293.07
2026-05-19,C-1002,SP | Manual | Office Hero SKU,Sponsored Products,Manual,B0E48MCY15,9867,62,44.33,8,397.16
2026-05-19,C-1003,SP | Auto | Toys Discovery,Sponsored Products,Auto,B0C9DBLSN2,6604,32,21.21,1,9.77
2026-05-19,C-1004,SP | Manual | Home & Kitchen Brand Defense,Sponsored Products,Manual,B0DDA4EXPW,1786,8,7.24,2,121.1
2026-05-19,C-1005,SP | Auto | Pet Supplies,Sponsored Products,Auto,B0LD11QTH5,3659,21,15.75,1,25.96
2026-05-19,C-1006,SP | Manual | Sports & Outdoors,Sponsored Products,Manual,B0SSL9ZZJT,3428,21,18.47,0,0.0
2026-05-19,C-1007,SP | Auto | Beauty Explorers,Sponsored Products,Auto,B0KMG3BBNV,8930,17,24.82,0,0.0
2026-05-19,C-1008,SP | Auto | Electronics Diversification,Sponsored Products,Auto,B055PLDLF8,3255,10,12.44,0,0.0
2026-05-19,C-1009,SP | Manual | Kitchen Launch,Sponsored Products,Manual,B0GDNTQUXZ,1195,6,5.57,0,0.0
2026-05-19,C-1010,SB | Brand | AuroraTech,Sponsored Brands,Keyword,B0R5E97R3C,384,1,1.31,0,0.0
2026-05-19,C-1011,SB | Brand | Nordic Home,Sponsored Brands,Keyword,B0SFWKQDD5,616,1,0.98,0,0.0
2026-05-19,C-1012,SD | Retargeting | Electronics,Sponsored Display,Views remarketing,B0NL5Q5CZM,2402,14,8.94,1,114.02
2026-05-20,C-1001,SP | Auto | Electronics Catch-All,Sponsored Products,Auto,B0R5E97R3C,6212,25,25.37,1,83.42
2026-05-20,C-1002,SP | Manual | Office Hero SKU,Sponsored Products,Manual,B0E48MCY15,1657,7,5.87,1,53.22
2026-05-20,C-1003,SP | Auto | Toys Discovery,Sponsored Products,Auto,B0C9DBLSN2,6594,27,17.52,2,18.25
2026-05-20,C-1004,SP | Manual | Home & Kitchen Brand Defense,Sponsored Products,Manual,B0DDA4EXPW,3208,18,19.43,3,191.82
2026-05-20,C-1005,SP | Auto | Pet Supplies,Sponsored Products,Auto,B0LD11QTH5,6357,23,17.81,1,25.91
2026-05-20,C-1006,SP | Manual | Sports & Outdoors,Sponsored Products,Manual,B0SSL9ZZJT,3110,19,17.74,2,33.83
2026-05-20,C-1007,SP | Auto | Beauty Explorers,Sponsored Products,Auto,B0KMG3BBNV,5252,11,16.02,0,0.0
2026-05-20,C-1008,SP | Auto | Electronics Diversification,Sponsored Products,Auto,B055PLDLF8,10188,43,52.98,0,0.0
2026-05-20,C-1009,SP | Manual | Kitchen Launch,Sponsored Products,Manual,B0GDNTQUXZ,0,0,0.0,0,0.0
2026-05-20,C-1010,SB | Brand | AuroraTech,Sponsored Brands,Keyword,B0R5E97R3C,1375,5,5.94,0,0.0
2026-05-20,C-1011,SB | Brand | Nordic Home,Sponsored Brands,Keyword,B0SFWKQDD5,455,1,1.22,0,0.0
2026-05-20,C-1012,SD | Retargeting | Electronics,Sponsored Display,Views remarketing,B0NL5Q5CZM,3441,17,9.74,0,0.0
2026-05-21,C-1001,SP | Auto | Electronics Catch-All,Sponsored Products,Auto,B0R5E97R3C,4865,24,23.61,0,0.0
2026-05-21,C-1002,SP | Manual | Office Hero SKU,Sponsored Products,Manual,B0E48MCY15,4383,28,19.67,1,50.36
2026-05-21,C-1003,SP | Auto | Toys Discovery,Sponsored Products,Auto,B0C9DBLSN2,3440,16,10.83,1,10.25
2026-05-21,C-1004,SP | Manual | Home & Kitchen Brand Defense,Sponsored Products,Manual,B0DDA4EXPW,1530,9,9.15,0,0.0
2026-05-21,C-1005,SP | Auto | Pet Supplies,Sponsored Products,Auto,B0LD11QTH5,5491,23,17.52,2,54.03
2026-05-21,C-1006,SP | Manual | Sports & Outdoors,Sponsored Products,Manual,B0SSL9ZZJT,2303,15,14.18,1,15.41
2026-05-21,C-1007,SP | Auto | Beauty Explorers,Sponsored Products,Auto,B0KMG3BBNV,5632,12,15.25,0,0.0
2026-05-21,C-1008,SP | Auto | Electronics Diversification,Sponsored Products,Auto,B055PLDLF8,2041,6,7.22,0,0.0
2026-05-21,C-1009,SP | Manual | Kitchen Launch,Sponsored Products,Manual,B0GDNTQUXZ,5300,34,27.37,2,131.09
2026-05-21,C-1010,SB | Brand | AuroraTech,Sponsored Brands,Keyword,B0R5E97R3C,2676,10,11.98,1,97.52
2026-05-21,C-1011,SB | Brand | Nordic Home,Sponsored Brands,Keyword,B0SFWKQDD5,1099,2,2.27,0,0.0
2026-05-21,C-1012,SD | Retargeting | Electronics,Sponsored Display,Views remarketing,B0NL5Q5CZM,2177,12,7.26,3,302.89
2026-05-22,C-1001,SP | Auto | Electronics Catch-All,Sponsored Products,Auto,B0R5E97R3C,10962,45,33.16,1,86.89
2026-05-22,C-1002,SP | Manual | Office Hero SKU,Sponsored Products,Manual,B0E48MCY15,1563,9,7.44,0,0.0
2026-05-22,C-1003,SP | Auto | Toys Discovery,Sponsored Products,Auto,B0C9DBLSN2,3167,16,12.11,0,0.0
2026-05-22,C-1004,SP | Manual | Home & Kitchen Brand Defense,Sponsored Products,Manual,B0DDA4EXPW,1231,6,6.36,0,0.0
2026-05-22,C-1005,SP | Auto | Pet Supplies,Sponsored Products,Auto,B0LD11QTH5,3739,19,15.55,0,0.0
2026-05-22,C-1006,SP | Manual | Sports & Outdoors,Sponsored Products,Manual,B0SSL9ZZJT,7179,26,21.34,1,17.17
2026-05-22,C-1007,SP | Auto | Beauty Explorers,Sponsored Products,Auto,B0KMG3BBNV,3128,6,9.82,0,0.0
2026-05-22,C-1008,SP | Auto | Electronics Diversification,Sponsored Products,Auto,B055PLDLF8,5115,22,25.63,0,0.0
2026-05-22,C-1009,SP | Manual | Kitchen Launch,Sponsored Products,Manual,B0GDNTQUXZ,1047,5,5.36,0,0.0
2026-05-22,C-1010,SB | Brand | AuroraTech,Sponsored Brands,Keyword,B0R5E97R3C,554,2,2.42,0,0.0
2026-05-22,C-1011,SB | Brand | Nordic Home,Sponsored Brands,Keyword,B0SFWKQDD5,1312,5,5.57,0,0.0
2026-05-22,C-1012,SD | Retargeting | Electronics,Sponsored Display,Views remarketing,B0NL5Q5CZM,2170,13,6.1,2,226.76
2026-05-23,C-1001,SP | Auto | Electronics Catch-All,Sponsored Products,Auto,B0R5E97R3C,7795,25,19.32,3,250.85
2026-05-23,C-1002,SP | Manual | Office Hero SKU,Sponsored Products,Manual,B0E48MCY15,1356,7,4.47,0,0.0
2026-05-23,C-1003,SP | Auto | Toys Discovery,Sponsored Products,Auto,B0C9DBLSN2,13545,63,42.36,9,82.24
2026-05-23,C-1004,SP | Manual | Home & Kitchen Brand Defense,Sponsored Products,Manual,B0DDA4EXPW,1443,8,8.75,2,114.44
2026-05-23,C-1005,SP | Auto | Pet Supplies,Sponsored Products,Auto,B0LD11QTH5,3626,18,11.89,1,28.9
2026-05-23,C-1006,SP | Manual | Sports & Outdoors,Sponsored Products,Manual,B0SSL9ZZJT,4138,21,14.58,1,16.54
2026-05-23,C-1007,SP | Auto | Beauty Explorers,Sponsored Products,Auto,B0KMG3BBNV,5492,12,19.87,0,0.0
2026-05-23,C-1008,SP | Auto | Electronics Diversification,Sponsored Products,Auto,B055PLDLF8,4585,17,21.65,1,
2026-05-23,C-1009,SP | Manual | Kitchen Launch,Sponsored Products,Manual,B0GDNTQUXZ,622,3,2.42,1,75.91
2026-05-23,C-1010,SB | Brand | AuroraTech,Sponsored Brands,Keyword,B0R5E97R3C,696,2,2.52,0,0.0
2026-05-23,C-1011,SB | Brand | Nordic Home,Sponsored Brands,Keyword,B0SFWKQDD5,765,2,1.99,0,0.0
2026-05-23,C-1012,SD | Retargeting | Electronics,Sponsored Display,Views remarketing,B0NL5Q5CZM,4718,30,14.52,5,550.7
2026-05-24,C-1001,SP | Auto | Electronics Catch-All,Sponsored Products,Auto,B0R5E97R3C,7462,43,41.18,5,482.63
2026-05-24,C-1002,SP | Manual | Office Hero SKU,Sponsored Products,Manual,B0E48MCY15,2430,10,7.14,1,51.83
2026-05-24,C-1003,SP | Auto | Toys Discovery,Sponsored Products,Auto,B0C9DBLSN2,4204,21,12.25,2,20.26
2026-05-24,C-1004,SP | Manual | Home & Kitchen Brand Defense,Sponsored Products,Manual,B0DDA4EXPW,1669,9,10.09,2,125.77
2026-05-24,C-1005,SP | Auto | Pet Supplies,Sponsored Products,Auto,B0LD11QTH5,0,0,0.0,0,0.0
2026-05-24,C-1006,SP | Manual | Sports & Outdoors,Sponsored Products,Manual,B0SSL9ZZJT,4595,26,24.17,2,34.84
2026-05-24,C-1007,SP | Auto | Beauty Explorers,Sponsored Products,Auto,B0KMG3BBNV,2723,4,6.28,0,0.0
2026-05-24,C-1008,SP | Auto | Electronics Diversification,Sponsored Products,Auto,B055PLDLF8,3319,11,13.37,0,0.0
2026-05-24,C-1009,SP | Manual | Kitchen Launch,Sponsored Products,Manual,B0GDNTQUXZ,2139,10,7.86,1,67.65
2026-05-24,C-1010,SB | Brand | AuroraTech,Sponsored Brands,Keyword,B0R5E97R3C,889,4,4.77,1,96.52
2026-05-24,C-1011,SB | Brand | Nordic Home,Sponsored Brands,Keyword,B0SFWKQDD5,379,1,1.04,0,0.0
2026-05-24,C-1012,SD | Retargeting | Electronics,Sponsored Display,Views remarketing,B0NL5Q5CZM,2049,7,4.32,1,102.97
2026-05-25,C-1001,SP | Auto | Electronics Catch-All,Sponsored Products,Auto,B0R5E97R3C,4618,20,16.33,2,183.43
2026-05-25,C-1002,SP | Manual | Office Hero SKU,Sponsored Products,Manual,B0E48MCY15,1871,9,5.52,2,94.77
2026-05-25,C-1003,SP | Auto | Toys Discovery,Sponsored Products,Auto,B0C9DBLSN2,3480,11,7.36,3,26.9
2026-05-25,C-1004,SP | Manual | Home & Kitchen Brand Defense,Sponsored Products,Manual,B0DDA4EXPW,655,3,3.39,1,56.57
2026-05-25,C-1005,SP | Auto | Pet Supplies,Sponsored Products,Auto,B0LD11QTH5,6255,32,20.42,1,25.1
2026-05-25,C-1006,SP | Manual | Sports & Outdoors,Sponsored Products,Manual,B0SSL9ZZJT,2781,15,14.35,1,17.02
2026-05-25,C-1007,SP | Auto | Beauty Explorers,Sponsored Products,Auto,B0KMG3BBNV,10633,24,29.63,0,0.0
2026-05-25,C-1008,SP | Auto | Electronics Diversification,Sponsored Products,Auto,B055PLDLF8,5021,23,25.04,1,42.08
2026-05-25,C-1009,SP | Manual | Kitchen Launch,Sponsored Products,Manual,B0GDNTQUXZ,959,6,5.39,1,74.12
2026-05-25,C-1010,SB | Brand | AuroraTech,Sponsored Brands,Keyword,B0R5E97R3C,1647,5,5.62,1,86.65
2026-05-25,C-1011,SB | Brand | Nordic Home,Sponsored Brands,Keyword,B0SFWKQDD5,601,2,2.26,0,0.0
2026-05-25,C-1012,SD | Retargeting | Electronics,Sponsored Display,Views remarketing,B0NL5Q5CZM,2105,12,6.4,1,106.47
2026-05-26,C-1001,SP | Auto | Electronics Catch-All,Sponsored Products,Auto,B0R5E97R3C,10391,49,49.61,4,369.02
2026-05-26,C-1002,SP | Manual | Office Hero SKU,Sponsored Products,Manual,B0E48MCY15,1844,13,8.98,3,147.79
2026-05-26,C-1003,SP | Auto | Toys Discovery,Sponsored Products,Auto,B0C9DBLSN2,7127,24,16.65,0,0.0
2026-05-26,C-1004,SP | Manual | Home & Kitchen Brand Defense,Sponsored Products,Manual,B0DDA4EXPW,1739,9,8.32,1,64.46
2026-05-26,C-1005,SP | Auto | Pet Supplies,Sponsored Products,Auto,B0LD11QTH5,4431,25,16.5,5,123.26
2026-05-26,C-1006,SP | Manual | Sports & Outdoors,Sponsored Products,Manual,B0SSL9ZZJT,1545,8,6.88,2,31.67
2026-05-26,C-1007,SP | Auto | Beauty Explorers,Sponsored Products,Auto,B0KMG3BBNV,2744,8,11.07,0,0.0
2026-05-26,C-1008,SP | Auto | Electronics Diversification,Sponsored Products,Auto,B055PLDLF8,4204,20,19.23,0,0.0
2026-05-26,C-1009,SP | Manual | Kitchen Launch,Sponsored Products,Manual,B0GDNTQUXZ,2106,12,11.46,1,75.24
2026-05-26,C-1010,SB | Brand | AuroraTech,Sponsored Brands,Keyword,B0R5E97R3C,820,3,3.08,0,0.0
2026-05-26,C-1011,SB | Brand | Nordic Home,Sponsored Brands,Keyword,B0SFWKQDD5,196,1,1.34,0,0.0
2026-05-26,C-1012,SD | Retargeting | Electronics,Sponsored Display,Views remarketing,B0NL5Q5CZM,2755,10,5.4,1,96.05
2026-05-27,C-1001,SP | Auto | Electronics Catch-All,Sponsored Products,Auto,B0R5E97R3C,10326,58,46.85,1,94.58
2026-05-27,C-1002,SP | Manual | Office Hero SKU,Sponsored Products,Manual,B0E48MCY15,1666,11,6.98,1,53.11
2026-05-27,C-1003,SP | Auto | Toys Discovery,Sponsored Products,Auto,B0C9DBLSN2,5242,25,16.16,3,28.47
2026-05-27,C-1004,SP | Manual | Home & Kitchen Brand Defense,Sponsored Products,Manual,B0DDA4EXPW,968,7,7.91,1,61.68
2026-05-27,C-1005,SP | Auto | Pet Supplies,Sponsored Products,Auto,B0LD11QTH5,9025,47,36.8,7,190.09
2026-05-27,C-1006,SP | Manual | Sports & Outdoors,Sponsored Products,Manual,B0SSL9ZZJT,2336,15,12.2,0,0.0
2026-05-27,C-1007,SP | Auto | Beauty Explorers,Sponsored Products,Auto,B0KMG3BBNV,0,0,0.0,0,0.0
2026-05-27,C-1008,SP | Auto | Electronics Diversification,Sponsored Products,Auto,B055PLDLF8,3317,13,12.96,0,0.0
2026-05-27,C-1009,SP | Manual | Kitchen Launch,Sponsored Products,Manual,B0GDNTQUXZ,1047,8,7.93,0,0.0
2026-05-27,C-1010,SB | Brand | AuroraTech,Sponsored Brands,Keyword,B0R5E97R3C,518,1,1.06,0,0.0
2026-05-27,C-1011,SB | Brand | Nordic Home,Sponsored Brands,Keyword,B0SFWKQDD5,1546,5,5.36,0,0.0
2026-05-27,C-1012,SD | Retargeting | Electronics,Sponsored Display,Views remarketing,B0NL5Q5CZM,3793,19,11.83,2,192.01
2026-05-28,C-1001,SP | Auto | Electronics Catch-All,Sponsored Products,Auto,B0R5E97R3C,4341,18,15.76,1,95.28
2026-05-28,C-1002,SP | Manual | Office Hero SKU,Sponsored Products,Manual,B0E48MCY15,3010,17,14.12,1,50.58
2026-05-28,C-1003,SP | Auto | Toys Discovery,Sponsored Products,Auto,B0C9DBLSN2,7506,25,19.67,4,41.59
2026-05-28,C-1004,SP | Manual | Home & Kitchen Brand Defense,Sponsored Products,Manual,B0DDA4EXPW,798,4,4.32,0,0.0
2026-05-28,C-1005,SP | Auto | Pet Supplies,Sponsored Products,Auto,B0LD11QTH5,3862,15,12.29,1,24.91
2026-05-28,C-1006,SP | Manual | Sports & Outdoors,Sponsored Products,Manual,B0SSL9ZZJT,2430,9,8.62,0,0.0
2026-05-28,C-1007,SP | Auto | Beauty Explorers,Sponsored Products,Auto,B0KMG3BBNV,7659,19,27.28,0,0.0
2026-05-28,C-1008,SP | Auto | Electronics Diversification,Sponsored Products,Auto,B055PLDLF8,3338,10,12.09,0,0.0
2026-05-28,C-1009,SP | Manual | Kitchen Launch,Sponsored Products,Manual,B0GDNTQUXZ,1007,7,7.28,0,0.0
2026-05-28,C-1010,SB | Brand | AuroraTech,Sponsored Brands,Keyword,B0R5E97R3C,776,3,4.19,0,0.0
2026-05-28,C-1011,SB | Brand | Nordic Home,Sponsored Brands,Keyword,B0SFWKQDD5,284,1,1.3,0,0.0
2026-05-28,C-1012,SD | Retargeting | Electronics,Sponsored Display,Views remarketing,B0NL5Q5CZM,3600,20,9.65,3,291.11
2026-05-29,C-1001,SP | Auto | Electronics Catch-All,Sponsored Products,Auto,B0R5E97R3C,6321,25,18.95,0,0.0
2026-05-29,C-1002,SP | Manual | Office Hero SKU,Sponsored Products,Manual,B0E48MCY15,2545,11,7.35,1,52.9
2026-05-29,C-1003,SP | Auto | Toys Discovery,Sponsored Products,Auto,B0C9DBLSN2,5765,20,13.7,2,20.35
2026-05-29,C-1004,SP | Manual | Home & Kitchen Brand Defense,Sponsored Products,Manual,B0DDA4EXPW,2471,14,15.96,1,60.95
2026-05-29,C-1005,SP | Auto | Pet Supplies,Sponsored Products,Auto,B0LD11QTH5,0,0,0.0,0,0.0
2026-05-29,C-1006,SP | Manual | Sports & Outdoors,Sponsored Products,Manual,B0SSL9ZZJT,5331,19,13.54,1,16.8
2026-05-29,C-1007,SP | Auto | Beauty Explorers,Sponsored Products,Auto,B0KMG3BBNV,3644,6,9.15,1,38.49
2026-05-29,C-1008,SP | Auto | Electronics Diversification,Sponsored Products,Auto,B055PLDLF8,1975,9,10.91,0,0.0
2026-05-29,C-1009,SP | Manual | Kitchen Launch,Sponsored Products,Manual,B0GDNTQUXZ,1957,10,8.82,0,0.0
2026-05-29,C-1010,SB | Brand | AuroraTech,Sponsored Brands,Keyword,B0R5E97R3C,687,2,2.5,0,0.0
2026-05-29,C-1011,SB | Brand | Nordic Home,Sponsored Brands,Keyword,B0SFWKQDD5,1120,4,5.21,0,0.0
2026-05-29,C-1012,SD | Retargeting | Electronics,Sponsored Display,Views remarketing,B0NL5Q5CZM,4097,26,15.19,2,226.2
2026-05-30,C-1001,SP | Auto | Electronics Catch-All,Sponsored Products,Auto,B0R5E97R3C,2542,10,7.5,1,84.66
2026-05-30,C-1002,SP | Manual | Office Hero SKU,Sponsored Products,Manual,B0E48MCY15,2925,15,12.46,3,157.48
2026-05-30,C-1003,SP | Auto | Toys Discovery,Sponsored Products,Auto,B0C9DBLSN2,5529,22,12.41,6,54.12
2026-05-30,C-1004,SP | Manual | Home & Kitchen Brand Defense,Sponsored Products,Manual,B0DDA4EXPW,581,3,3.31,1,63.36
2026-05-30,C-1005,SP | Auto | Pet Supplies,Sponsored Products,Auto,B0LD11QTH5,2676,16,11.42,1,28.68
2026-05-30,C-1006,SP | Manual | Sports & Outdoors,Sponsored Products,Manual,B0SSL9ZZJT,2575,11,7.64,0,0.0
2026-05-30,C-1007,SP | Auto | Beauty Explorers,Sponsored Products,Auto,B0KMG3BBNV,7076,19,27.27,1,37.28
2026-05-30,C-1008,SP | Auto | Electronics Diversification,Sponsored Products,Auto,B055PLDLF8,3041,10,9.65,0,0.0
2026-05-30,C-1009,SP | Manual | Kitchen Launch,Sponsored Products,Manual,B0GDNTQUXZ,1098,7,6.47,0,0.0
2026-05-30,C-1010,SB | Brand | AuroraTech,Sponsored Brands,Keyword,B0R5E97R3C,361,1,1.44,0,0.0
2026-05-30,C-1011,SB | Brand | Nordic Home,Sponsored Brands,Keyword,B0SFWKQDD5,1006,3,4.07,0,0.0
2026-05-30,C-1012,SD | Retargeting | Electronics,Sponsored Display,Views remarketing,B0NL5Q5CZM,1637,7,3.96,0,0.0
2026-05-31,C-1001,SP | Auto | Electronics Catch-All,Sponsored Products,Auto,B0R5E97R3C,3276,13,11.9,1,96.28
2026-05-31,C-1002,SP | Manual | Office Hero SKU,Sponsored Products,Manual,B0E48MCY15,2869,17,11.12,4,211.33
2026-05-31,C-1003,SP | Auto | Toys Discovery,Sponsored Products,Auto,B0C9DBLSN2,3120,9,5.67,0,0.0
2026-05-31,C-1004,SP | Manual | Home & Kitchen Brand Defense,Sponsored Products,Manual,B0DDA4EXPW,2053,13,11.97,1,61.15
2026-05-31,C-1005,SP | Auto | Pet Supplies,Sponsored Products,Auto,B0LD11QTH5,2207,12,7.4,1,
2026-05-31,C-1006,SP | Manual | Sports & Outdoors,Sponsored Products,Manual,B0SSL9ZZJT,1880,11,8.8,2,31.71
2026-05-31,C-1007,SP | Auto | Beauty Explorers,Sponsored Products,Auto,B0KMG3BBNV,6829,17,23.1,0,0.0
2026-05-31,C-1008,SP | Auto | Electronics Diversification,Sponsored Products,Auto,B055PLDLF8,2230,6,6.99,0,0.0
2026-05-31,C-1009,SP | Manual | Kitchen Launch,Sponsored Products,Manual,B0GDNTQUXZ,732,5,5.25,0,0.0
2026-05-31,C-1010,SB | Brand | AuroraTech,Sponsored Brands,Keyword,B0R5E97R3C,524,2,2.58,0,0.0
2026-05-31,C-1011,SB | Brand | Nordic Home,Sponsored Brands,Keyword,B0SFWKQDD5,881,3,4.06,0,0.0
2026-05-31,C-1012,SD | Retargeting | Electronics,Sponsored Display,Views remarketing,B0NL5Q5CZM,3954,18,9.33,1,106.89
2026-06-01,C-1001,SP | Auto | Electronics Catch-All,Sponsored Products,Auto,B0R5E97R3C,8136,29,23.39,3,260.99
2026-06-01,C-1002,SP | Manual | Office Hero SKU,Sponsored Products,Manual,B0E48MCY15,1845,12,8.78,1,45.7
2026-06-01,C-1003,SP | Auto | Toys Discovery,Sponsored Products,Auto,B0C9DBLSN2,4222,13,10.28,1,10.68
2026-06-01,C-1004,SP | Manual | Home & Kitchen Brand Defense,Sponsored Products,Manual,B0DDA4EXPW,3890,28,31.15,6,334.09
2026-06-01,C-1005,SP | Auto | Pet Supplies,Sponsored Products,Auto,B0LD11QTH5,3067,15,10.46,2,52.21
2026-06-01,C-1006,SP | Manual | Sports & Outdoors,Sponsored Products,Manual,B0SSL9ZZJT,3177,14,10.97,2,34.04
2026-06-01,C-1007,SP | Auto | Beauty Explorers,Sponsored Products,Auto,B0KMG3BBNV,1930,4,6.18,0,0.0
2026-06-01,C-1008,SP | Auto | Electronics Diversification,Sponsored Products,Auto,B055PLDLF8,5053,21,26.22,1,41.72
2026-06-01,C-1009,SP | Manual | Kitchen Launch,Sponsored Products,Manual,B0GDNTQUXZ,992,7,7.09,0,0.0
2026-06-01,C-1010,SB | Brand | AuroraTech,Sponsored Brands,Keyword,B0R5E97R3C,834,3,4.03,1,86.9
2026-06-01,C-1011,SB | Brand | Nordic Home,Sponsored Brands,Keyword,B0SFWKQDD5,497,2,2.63,0,0.0
2026-06-01,C-1012,SD | Retargeting | Electronics,Sponsored Display,Views remarketing,B0NL5Q5CZM,4748,26,12.52,1,108.29
2026-06-02,C-1001,SP | Auto | Electronics Catch-All,Sponsored Products,Auto,B0R5E97R3C,9943,42,38.85,1,84.44
2026-06-02,C-1002,SP | Manual | Office Hero SKU,Sponsored Products,Manual,B0E48MCY15,2374,16,10.84,2,106.83
2026-06-02,C-1003,SP | Auto | Toys Discovery,Sponsored Products,Auto,B0C9DBLSN2,5434,24,16.63,2,18.23
2026-06-02,C-1004,SP | Manual | Home & Kitchen Brand Defense,Sponsored Products,Manual,B0DDA4EXPW,1499,9,9.05,2,120.65
2026-06-02,C-1005,SP | Auto | Pet Supplies,Sponsored Products,Auto,B0LD11QTH5,4881,28,18.77,4,99.14
2026-06-02,C-1006,SP | Manual | Sports & Outdoors,Sponsored Products,Manual,B0SSL9ZZJT,2245,12,9.84,1,16.55
2026-06-02,C-1007,SP | Auto | Beauty Explorers,Sponsored Products,Auto,B0KMG3BBNV,5596,15,20.31,0,0.0
2026-06-02,C-1008,SP | Auto | Electronics Diversification,Sponsored Products,Auto,B055PLDLF8,6554,31,37.28,1,38.11
2026-06-02,C-1009,SP | Manual | Kitchen Launch,Sponsored Products,Manual,B0GDNTQUXZ,2639,18,13.85,1,72.29
2026-06-02,C-1010,SB | Brand | AuroraTech,Sponsored Brands,Keyword,B0R5E97R3C,1056,3,3.23,1,86.69
2026-06-02,C-1011,SB | Brand | Nordic Home,Sponsored Brands,Keyword,B0SFWKQDD5,605,2,2.16,0,0.0
2026-06-02,C-1012,SD | Retargeting | Electronics,Sponsored Display,Views remarketing,B0NL5Q5CZM,4908,28,15.69,3,297.75
2026-06-03,C-1001,SP | Auto | Electronics Catch-All,Sponsored Products,Auto,B0R5E97R3C,14290,50,39.9,1,90.51
2026-06-03,C-1002,SP | Manual | Office Hero SKU,Sponsored Products,Manual,B0E48MCY15,4523,21,17.53,2,93.1
2026-06-03,C-1003,SP | Auto | Toys Discovery,Sponsored Products,Auto,B0C9DBLSN2,4760,16,9.36,2,20.66
2026-06-03,C-1004,SP | Manual | Home & Kitchen Brand Defense,Sponsored Products,Manual,B0DDA4EXPW,2847,20,21.23,2,
2026-06-03,C-1005,SP | Auto | Pet Supplies,Sponsored Products,Auto,B0LD11QTH5,3467,19,12.64,0,0.0
2026-06-03,C-1006,SP | Manual | Sports & Outdoors,Sponsored Products,Manual,B0SSL9ZZJT,3684,20,15.35,3,49.2
2026-06-03,C-1007,SP | Auto | Beauty Explorers,Sponsored Products,Auto,B0KMG3BBNV,6606,15,24.95,0,0.0
2026-06-03,C-1008,SP | Auto | Electronics Diversification,Sponsored Products,Auto,B055PLDLF8,7088,32,31.65,1,38.67
2026-06-03,C-1009,SP | Manual | Kitchen Launch,Sponsored Products,Manual,B0GDNTQUXZ,2574,19,18.88,2,144.95
2026-06-03,C-1010,SB | Brand | AuroraTech,Sponsored Brands,Keyword,B0R5E97R3C,971,4,5.45,0,0.0
2026-06-03,C-1011,SB | Brand | Nordic Home,Sponsored Brands,Keyword,B0SFWKQDD5,436,1,1.15,0,0.0
2026-06-03,C-1012,SD | Retargeting | Electronics,Sponsored Display,Views remarketing,B0NL5Q5CZM,4422,23,12.06,1,101.16
2026-06-04,C-1001,SP | Auto | Electronics Catch-All,Sponsored Products,Auto,B0R5E97R3C,6793,30,22.86,0,0.0
2026-06-04,C-1002,SP | Manual | Office Hero SKU,Sponsored Products,Manual,B0E48MCY15,2226,9,7.38,0,0.0
2026-06-04,C-1003,SP | Auto | Toys Discovery,Sponsored Products,Auto,B0C9DBLSN2,4258,22,12.52,1,9.4
2026-06-04,C-1004,SP | Manual | Home & Kitchen Brand Defense,Sponsored Products,Manual,B0DDA4EXPW,2166,15,14.89,1,61.4
2026-06-04,C-1005,SP | Auto | Pet Supplies,Sponsored Products,Auto,B0LD11QTH5,4786,20,14.06,3,81.74
2026-06-04,C-1006,SP | Manual | Sports & Outdoors,Sponsored Products,Manual,B0SSL9ZZJT,1500,8,6.88,0,0.0
2026-06-04,C-1007,SP | Auto | Beauty Explorers,Sponsored Products,Auto,B0KMG3BBNV,11137,28,45.27,0,0.0
2026-06-04,C-1008,SP | Auto | Electronics Diversification,Sponsored Products,Auto,B055PLDLF8,3955,11,10.53,0,0.0
2026-06-04,C-1009,SP | Manual | Kitchen Launch,Sponsored Products,Manual,B0GDNTQUXZ,1498,11,8.97,0,0.0
2026-06-04,C-1010,SB | Brand | AuroraTech,Sponsored Brands,Keyword,B0R5E97R3C,671,2,2.16,0,0.0
2026-06-04,C-1011,SB | Brand | Nordic Home,Sponsored Brands,Keyword,B0SFWKQDD5,570,2,2.46,1,27.75
2026-06-04,C-1012,SD | Retargeting | Electronics,Sponsored Display,Views remarketing,B0NL5Q5CZM,0,0,0.0,0,0.0
2026-06-05,C-1001,SP | Auto | Electronics Catch-All,Sponsored Products,Auto,B0R5E97R3C,7584,31,28.45,4,349.42
2026-06-05,C-1002,SP | Manual | Office Hero SKU,Sponsored Products,Manual,B0E48MCY15,2476,12,8.23,1,52.6
2026-06-05,C-1003,SP | Auto | Toys Discovery,Sponsored Products,Auto,B0C9DBLSN2,6822,20,12.38,3,31.93
2026-06-05,C-1004,SP | Manual | Home & Kitchen Brand Defense,Sponsored Products,Manual,B0DDA4EXPW,1555,10,11.26,0,0.0
2026-06-05,C-1005,SP | Auto | Pet Supplies,Sponsored Products,Auto,B0LD11QTH5,3349,12,8.87,1,28.0
2026-06-05,C-1006,SP | Manual | Sports & Outdoors,Sponsored Products,Manual,B0SSL9ZZJT,5343,30,21.48,6,104.51
2026-06-05,C-1007,SP | Auto | Beauty Explorers,Sponsored Products,Auto,B0KMG3BBNV,4512,8,13.01,0,0.0
2026-06-05,C-1008,SP | Auto | Electronics Diversification,Sponsored Products,Auto,B055PLDLF8,5886,26,26.49,0,0.0
2026-06-05,C-1009,SP | Manual | Kitchen Launch,Sponsored Products,Manual,B0GDNTQUXZ,3083,15,14.7,3,201.5
2026-06-05,C-1010,SB | Brand | AuroraTech,Sponsored Brands,Keyword,B0R5E97R3C,1223,4,4.41,1,85.37
2026-06-05,C-1011,SB | Brand | Nordic Home,Sponsored Brands,Keyword,B0SFWKQDD5,916,3,3.52,0,0.0
2026-06-05,C-1012,SD | Retargeting | Electronics,Sponsored Display,Views remarketing,B0NL5Q5CZM,1562,7,4.47,0,0.0
2026-06-06,C-1001,SP | Auto | Electronics Catch-All,Sponsored Products,Auto,B0R5E97R3C,5128,22,20.02,1,93.14
2026-06-06,C-1002,SP | Manual | Office Hero SKU,Sponsored Products,Manual,B0E48MCY15,3749,22,18.57,5,244.88
2026-06-06,C-1003,SP | Auto | Toys Discovery,Sponsored Products,Auto,B0C9DBLSN2,0,0,0.0,0,0.0
2026-06-06,C-1004,SP | Manual | Home & Kitchen Brand Defense,Sponsored Products,Manual,B0DDA4EXPW,1502,11,10.59,3,181.98
2026-06-06,C-1005,SP | Auto | Pet Supplies,Sponsored Products,Auto,B0LD11QTH5,2462,14,10.09,0,0.0
2026-06-06,C-1006,SP | Manual | Sports & Outdoors,Sponsored Products,Manual,B0SSL9ZZJT,3433,17,14.62,0,0.0
2026-06-06,C-1007,SP | Auto | Beauty Explorers,Sponsored Products,Auto,B0KMG3BBNV,2834,5,7.55,0,0.0
2026-06-06,C-1008,SP | Auto | Electronics Diversification,Sponsored Products,Auto,B055PLDLF8,5090,19,24.19,1,41.27
2026-06-06,C-1009,SP | Manual | Kitchen Launch,Sponsored Products,Manual,B0GDNTQUXZ,1466,8,7.91,1,76.68
2026-06-06,C-1010,SB | Brand | AuroraTech,Sponsored Brands,Keyword,B0R5E97R3C,702,3,3.9,0,0.0
2026-06-06,C-1011,SB | Brand | Nordic Home,Sponsored Brands,Keyword,B0SFWKQDD5,615,2,2.19,0,0.0
2026-06-06,C-1012,SD | Retargeting | Electronics,Sponsored Display,Views remarketing,B0NL5Q5CZM,3045,16,10.18,2,213.94
2026-06-07,C-1001,SP | Auto | Electronics Catch-All,Sponsored Products,Auto,B0R5E97R3C,6653,23,16.96,0,0.0
2026-06-07,C-1002,SP | Manual | Office Hero SKU,Sponsored Products,Manual,B0E48MCY15,1663,8,5.55,1,53.3
2026-06-07,C-1003,SP | Auto | Toys Discovery,Sponsored Products,Auto,B0C9DBLSN2,3590,13,9.87,0,0.0
2026-06-07,C-1004,SP | Manual | Home & Kitchen Brand Defense,Sponsored Products,Manual,B0DDA4EXPW,859,4,4.39,1,61.42
2026-06-07,C-1005,SP | Auto | Pet Supplies,Sponsored Products,Auto,B0LD11QTH5,2896,11,8.42,1,26.66
2026-06-07,C-1006,SP | Manual | Sports & Outdoors,Sponsored Products,Manual,B0SSL9ZZJT,2146,14,12.62,1,17.25
2026-06-07,C-1007,SP | Auto | Beauty Explorers,Sponsored Products,Auto,B0KMG3BBNV,10673,29,38.94,0,0.0
2026-06-07,C-1008,SP | Auto | Electronics Diversification,Sponsored Products,Auto,B055PLDLF8,3767,10,12.32,0,0.0
2026-06-07,C-1009,SP | Manual | Kitchen Launch,Sponsored Products,Manual,B0GDNTQUXZ,971,5,4.83,0,0.0
2026-06-07,C-1010,SB | Brand | AuroraTech,Sponsored Brands,Keyword,B0R5E97R3C,0,0,0.0,0,0.0
2026-06-07,C-1011,SB | Brand | Nordic Home,Sponsored Brands,Keyword,B0SFWKQDD5,0,0,0.0,0,0.0
2026-06-07,C-1012,SD | Retargeting | Electronics,Sponsored Display,Views remarketing,B0NL5Q5CZM,2563,13,8.49,1,111.74
2026-06-08,C-1001,SP | Auto | Electronics Catch-All,Sponsored Products,Auto,B0R5E97R3C,6173,27,25.37,3,272.37
2026-06-08,C-1002,SP | Manual | Office Hero SKU,Sponsored Products,Manual,B0E48MCY15,3037,12,10.35,2,100.11
2026-06-08,C-1003,SP | Auto | Toys Discovery,Sponsored Products,Auto,B0C9DBLSN2,1950,6,4.65,0,0.0
2026-06-08,C-1004,SP | Manual | Home & Kitchen Brand Defense,Sponsored Products,Manual,B0DDA4EXPW,1033,4,3.95,1,64.28
2026-06-08,C-1005,SP | Auto | Pet Supplies,Sponsored Products,Auto,B0LD11QTH5,3137,13,9.64,3,83.25
2026-06-08,C-1006,SP | Manual | Sports & Outdoors,Sponsored Products,Manual,B0SSL9ZZJT,2717,11,8.67,1,17.91
2026-06-08,C-1007,SP | Auto | Beauty Explorers,Sponsored Products,Auto,B0KMG3BBNV,5355,13,21.24,0,0.0
2026-06-08,C-1008,SP | Auto | Electronics Diversification,Sponsored Products,Auto,B055PLDLF8,3343,14,16.56,0,0.0
2026-06-08,C-1009,SP | Manual | Kitchen Launch,Sponsored Products,Manual,B0GDNTQUXZ,2165,15,13.43,0,0.0
2026-06-08,C-1010,SB | Brand | AuroraTech,Sponsored Brands,Keyword,B0R5E97R3C,869,4,5.43,0,0.0
2026-06-08,C-1011,SB | Brand | Nordic Home,Sponsored Brands,Keyword,B0SFWKQDD5,688,2,2.1,0,0.0
2026-06-08,C-1012,SD | Retargeting | Electronics,Sponsored Display,Views remarketing,B0NL5Q5CZM,2299,14,7.82,2,207.52
2026-06-09,C-1001,SP | Auto | Electronics Catch-All,Sponsored Products,Auto,B0R5E97R3C,5958,22,21.93,0,0.0
2026-06-09,C-1002,SP | Manual | Office Hero SKU,Sponsored Products,Manual,B0E48MCY15,4837,24,18.93,4,196.1
2026-06-09,C-1003,SP | Auto | Toys Discovery,Sponsored Products,Auto,B0C9DBLSN2,5182,17,10.3,1,9.65
2026-06-09,C-1004,SP | Manual | Home & Kitchen Brand Defense,Sponsored Products,Manual,B0DDA4EXPW,3231,15,13.84,0,0.0
2026-06-09,C-1005,SP | Auto | Pet Supplies,Sponsored Products,Auto,B0LD11QTH5,10324,35,22.08,4,115.72
2026-06-09,C-1006,SP | Manual | Sports & Outdoors,Sponsored Products,Manual,B0SSL9ZZJT,0,0,0.0,0,0.0
2026-06-09,C-1007,SP | Auto | Beauty Explorers,Sponsored Products,Auto,B0KMG3BBNV,6870,17,25.53,0,0.0
2026-06-09,C-1008,SP | Auto | Electronics Diversification,Sponsored Products,Auto,B055PLDLF8,6738,32,36.35,1,37.28
2026-06-09,C-1009,SP | Manual | Kitchen Launch,Sponsored Products,Manual,B0GDNTQUXZ,1002,4,3.16,0,0.0
2026-06-09,C-1010,SB | Brand | AuroraTech,Sponsored Brands,Keyword,B0R5E97R3C,1656,7,10.0,2,188.71
2026-06-09,C-1011,SB | Brand | Nordic Home,Sponsored Brands,Keyword,B0SFWKQDD5,451,1,1.26,0,0.0
2026-06-09,C-1012,SD | Retargeting | Electronics,Sponsored Display,Views remarketing,B0NL5Q5CZM,2351,10,4.9,0,0.0
2026-06-10,C-1001,SP | Auto | Electronics Catch-All,Sponsored Products,Auto,B0R5E97R3C,5637,20,16.81,1,82.88
2026-06-10,C-1002,SP | Manual | Office Hero SKU,Sponsored Products,Manual,B0E48MCY15,1231,6,4.2,1,47.7
2026-06-10,C-1003,SP | Auto | Toys Discovery,Sponsored Products,Auto,B0C9DBLSN2,5674,20,12.43,0,0.0
2026-06-10,C-1004,SP | Manual | Home & Kitchen Brand Defense,Sponsored Products,Manual,B0DDA4EXPW,1923,15,12.21,1,61.05
2026-06-10,C-1005,SP | Auto | Pet Supplies,Sponsored Products,Auto,B0LD11QTH5,4768,19,12.5,2,48.88
2026-06-10,C-1006,SP | Manual | Sports & Outdoors,Sponsored Products,Manual,B0SSL9ZZJT,4318,26,24.63,5,83.04
2026-06-10,C-1007,SP | Auto | Beauty Explorers,Sponsored Products,Auto,B0KMG3BBNV,4015,11,14.9,0,0.0
2026-06-10,C-1008,SP | Auto | Electronics Diversification,Sponsored Products,Auto,B055PLDLF8,3383,13,16.85,1,40.24
2026-06-10,C-1009,SP | Manual | Kitchen Launch,Sponsored Products,Manual,B0GDNTQUXZ,1519,9,8.39,3,210.3
2026-06-10,C-1010,SB | Brand | AuroraTech,Sponsored Brands,Keyword,B0R5E97R3C,0,0,0.0,0,0.0
2026-06-10,C-1011,SB | Brand | Nordic Home,Sponsored Brands,Keyword,B0SFWKQDD5,482,2,2.64,0,0.0
2026-06-10,C-1012,SD | Retargeting | Electronics,Sponsored Display,Views remarketing,B0NL5Q5CZM,4103,27,13.87,4,415.88
2026-06-11,C-1001,SP | Auto | Electronics Catch-All,Sponsored Products,Auto,B0R5E97R3C,5937,19,18.36,0,0.0
2026-06-11,C-1002,SP | Manual | Office Hero SKU,Sponsored Products,Manual,B0E48MCY15,1340,6,3.96,2,105.45
2026-06-11,C-1003,SP | Auto | Toys Discovery,Sponsored Products,Auto,B0C9DBLSN2,7253,32,20.3,0,0.0
2026-06-11,C-1004,SP | Manual | Home & Kitchen Brand Defense,Sponsored Products,Manual,B0DDA4EXPW,1294,9,9.64,1,60.09
2026-06-11,C-1005,SP | Auto | Pet Supplies,Sponsored Products,Auto,B0LD11QTH5,2263,14,11.0,0,0.0
2026-06-11,C-1006,SP | Manual | Sports & Outdoors,Sponsored Products,Manual,B0SSL9ZZJT,2809,18,14.93,0,0.0
2026-06-11,C-1007,SP | Auto | Beauty Explorers,Sponsored Products,Auto,B0KMG3BBNV,9175,24,32.54,0,0.0
2026-06-11,C-1008,SP | Auto | Electronics Diversification,Sponsored Products,Auto,B055PLDLF8,2914,8,9.67,0,0.0
2026-06-11,C-1009,SP | Manual | Kitchen Launch,Sponsored Products,Manual,B0GDNTQUXZ,2895,19,15.36,0,0.0
2026-06-11,C-1010,SB | Brand | AuroraTech,Sponsored Brands,Keyword,B0R5E97R3C,302,1,1.35,0,0.0
2026-06-11,C-1011,SB | Brand | Nordic Home,Sponsored Brands,Keyword,B0SFWKQDD5,624,2,2.11,0,0.0
2026-06-11,C-1012,SD | Retargeting | Electronics,Sponsored Display,Views remarketing,B0NL5Q5CZM,2731,13,7.27,2,211.37
2026-06-12,C-1001,SP | Auto | Electronics Catch-All,Sponsored Products,Auto,B0R5E97R3C,4540,26,20.64,1,96.67
2026-06-12,C-1002,SP | Manual | Office Hero SKU,Sponsored Products,Manual,B0E48MCY15,3779,16,12.42,3,140.51
2026-06-12,C-1003,SP | Auto | Toys Discovery,Sponsored Products,Auto,B0C9DBLSN2,6640,22,13.14,0,0.0
2026-06-12,C-1004,SP | Manual | Home & Kitchen Brand Defense,Sponsored Products,Manual,B0DDA4EXPW,1389,11,9.98,0,0.0
2026-06-12,C-1005,SP | Auto | Pet Supplies,Sponsored Products,Auto,B0LD11QTH5,6420,31,20.03,3,76.31
2026-06-12,C-1006,SP | Manual | Sports & Outdoors,Sponsored Products,Manual,B0SSL9ZZJT,2313,9,7.41,0,0.0
2026-06-12,C-1007,SP | Auto | Beauty Explorers,Sponsored Products,Auto,B0KMG3BBNV,4041,9,14.97,0,0.0
2026-06-12,C-1008,SP | Auto | Electronics Diversification,Sponsored Products,Auto,B055PLDLF8,2614,11,13.22,0,0.0
2026-06-12,C-1009,SP | Manual | Kitchen Launch,Sponsored Products,Manual,B0GDNTQUXZ,0,0,0.0,0,0.0
2026-06-12,C-1010,SB | Brand | AuroraTech,Sponsored Brands,Keyword,B0R5E97R3C,455,2,2.17,0,0.0
2026-06-12,C-1011,SB | Brand | Nordic Home,Sponsored Brands,Keyword,B0SFWKQDD5,872,3,3.43,0,0.0
2026-06-12,C-1012,SD | Retargeting | Electronics,Sponsored Display,Views remarketing,B0NL5Q5CZM,4689,23,11.04,2,219.97
2026-06-13,C-1001,SP | Auto | Electronics Catch-All,Sponsored Products,Auto,B0R5E97R3C,4490,25,23.77,3,273.69
2026-06-13,C-1002,SP | Manual | Office Hero SKU,Sponsored Products,Manual,B0E48MCY15,2966,14,10.01,1,48.41
2026-06-13,C-1003,SP | Auto | Toys Discovery,Sponsored Products,Auto,B0C9DBLSN2,8077,27,16.76,4,37.23
2026-06-13,C-1004,SP | Manual | Home & Kitchen Brand Defense,Sponsored Products,Manual,B0DDA4EXPW,2315,16,15.28,3,176.56
2026-06-13,C-1005,SP | Auto | Pet Supplies,Sponsored Products,Auto,B0LD11QTH5,3017,13,8.83,1,27.13
2026-06-13,C-1006,SP | Manual | Sports & Outdoors,Sponsored Products,Manual,B0SSL9ZZJT,1442,10,9.43,0,0.0
2026-06-13,C-1007,SP | Auto | Beauty Explorers,Sponsored Products,Auto,B0KMG3BBNV,8248,19,25.6,0,0.0
2026-06-13,C-1008,SP | Auto | Electronics Diversification,Sponsored Products,Auto,B055PLDLF8,2304,10,12.73,0,0.0
2026-06-13,C-1009,SP | Manual | Kitchen Launch,Sponsored Products,Manual,B0GDNTQUXZ,1015,5,4.03,0,0.0
2026-06-13,C-1010,SB | Brand | AuroraTech,Sponsored Brands,Keyword,B0R5E97R3C,463,2,2.16,0,0.0
2026-06-13,C-1011,SB | Brand | Nordic Home,Sponsored Brands,Keyword,B0SFWKQDD5,580,2,2.12,0,0.0
2026-06-13,C-1012,SD | Retargeting | Electronics,Sponsored Display,Views remarketing,B0NL5Q5CZM,2214,12,7.04,1,111.79
2026-06-14,C-1001,SP | Auto | Electronics Catch-All,Sponsored Products,Auto,B0R5E97R3C,4243,24,18.48,0,0.0
2026-06-14,C-1002,SP | Manual | Office Hero SKU,Sponsored Products,Manual,B0E48MCY15,2164,10,7.46,1,50.77
2026-06-14,C-1003,SP | Auto | Toys Discovery,Sponsored Products,Auto,B0C9DBLSN2,2631,9,5.51,0,0.0
2026-06-14,C-1004,SP | Manual | Home & Kitchen Brand Defense,Sponsored Products,Manual,B0DDA4EXPW,2507,15,13.89,2,110.62
2026-06-14,C-1005,SP | Auto | Pet Supplies,Sponsored Products,Auto,B0LD11QTH5,2194,8,5.91,0,0.0
2026-06-14,C-1006,SP | Manual | Sports & Outdoors,Sponsored Products,Manual,B0SSL9ZZJT,2421,14,12.56,0,0.0
2026-06-14,C-1007,SP | Auto | Beauty Explorers,Sponsored Products,Auto,B0KMG3BBNV,6381,12,15.72,0,0.0
2026-06-14,C-1008,SP | Auto | Electronics Diversification,Sponsored Products,Auto,B055PLDLF8,4670,20,21.41,0,0.0
2026-06-14,C-1009,SP | Manual | Kitchen Launch,Sponsored Products,Manual,B0GDNTQUXZ,833,6,5.38,3,201.98
2026-06-14,C-1010,SB | Brand | AuroraTech,Sponsored Brands,Keyword,B0R5E97R3C,596,2,2.54,0,0.0
2026-06-14,C-1011,SB | Brand | Nordic Home,Sponsored Brands,Keyword,B0SFWKQDD5,875,3,3.7,0,0.0
2026-06-14,C-1012,SD | Retargeting | Electronics,Sponsored Display,Views remarketing,B0NL5Q5CZM,3284,16,9.88,5,521.19
2026-06-15,C-1001,SP | Auto | Electronics Catch-All,Sponsored Products,Auto,B0R5E97R3C,11656,54,48.65,4,392.68
2026-06-15,C-1002,SP | Manual | Office Hero SKU,Sponsored Products,Manual,B0E48MCY15,4516,21,14.46,2,92.86
2026-06-15,C-1003,SP | Auto | Toys Discovery,Sponsored Products,Auto,B0C9DBLSN2,9951,29,20.23,3,27.9
2026-06-15,C-1004,SP | Manual | Home & Kitchen Brand Defense,Sponsored Products,Manual,B0DDA4EXPW,2261,14,13.88,0,0.0
2026-06-15,C-1005,SP | Auto | Pet Supplies,Sponsored Products,Auto,B0LD11QTH5,6090,23,16.84,2,55.77
2026-06-15,C-1006,SP | Manual | Sports & Outdoors,Sponsored Products,Manual,B0SSL9ZZJT,3513,18,12.77,0,0.0
2026-06-15,C-1007,SP | Auto | Beauty Explorers,Sponsored Products,Auto,B0KMG3BBNV,8143,17,26.33,0,0.0
2026-06-15,C-1008,SP | Auto | Electronics Diversification,Sponsored Products,Auto,B055PLDLF8,6156,26,28.65,0,0.0
2026-06-15,C-1009,SP | Manual | Kitchen Launch,Sponsored Products,Manual,B0GDNTQUXZ,1094,7,5.8,0,0.0
2026-06-15,C-1010,SB | Brand | AuroraTech,Sponsored Brands,Keyword,B0R5E97R3C,738,2,2.61,0,0.0
2026-06-15,C-1011,SB | Brand | Nordic Home,Sponsored Brands,Keyword,B0SFWKQDD5,399,2,2.53,0,0.0
2026-06-15,C-1012,SD | Retargeting | Electronics,Sponsored Display,Views remarketing,B0NL5Q5CZM,10276,58,30.63,3,298.19
2026-06-16,C-1001,SP | Auto | Electronics Catch-All,Sponsored Products,Auto,B0R5E97R3C,13766,67,58.28,2,169.63
2026-06-16,C-1002,SP | Manual | Office Hero SKU,Sponsored Products,Manual,B0E48MCY15,5420,30,21.43,3,147.97
2026-06-16,C-1003,SP | Auto | Toys Discovery,Sponsored Products,Auto,B0C9DBLSN2,2271,8,4.59,2,19.68
2026-06-16,C-1004,SP | Manual | Home & Kitchen Brand Defense,Sponsored Products,Manual,B0DDA4EXPW,1491,10,9.44,4,220.93
2026-06-16,C-1005,SP | Auto | Pet Supplies,Sponsored Products,Auto,B0LD11QTH5,8783,36,29.58,5,138.78
2026-06-16,C-1006,SP | Manual | Sports & Outdoors,Sponsored Products,Manual,B0SSL9ZZJT,1680,9,8.17,3,46.69
2026-06-16,C-1007,SP | Auto | Beauty Explorers,Sponsored Products,Auto,B0KMG3BBNV,10453,17,21.34,0,0.0
2026-06-16,C-1008,SP | Auto | Electronics Diversification,Sponsored Products,Auto,B055PLDLF8,3252,9,11.37,0,0.0
2026-06-16,C-1009,SP | Manual | Kitchen Launch,Sponsored Products,Manual,B0GDNTQUXZ,4940,36,29.12,3,199.02
2026-06-16,C-1010,SB | Brand | AuroraTech,Sponsored Brands,Keyword,B0R5E97R3C,902,3,3.16,0,0.0
2026-06-16,C-1011,SB | Brand | Nordic Home,Sponsored Brands,Keyword,B0SFWKQDD5,0,0,0.0,0,0.0
2026-06-16,C-1012,SD | Retargeting | Electronics,Sponsored Display,Views remarketing,B0NL5Q5CZM,3415,16,9.89,2,198.44
2026-06-17,C-1001,SP | Auto | Electronics Catch-All,Sponsored Products,Auto,B0R5E97R3C,11474,66,63.91,6,541.52
2026-06-17,C-1002,SP | Manual | Office Hero SKU,Sponsored Products,Manual,B0E48MCY15,2127,14,9.28,5,243.89
2026-06-17,C-1003,SP | Auto | Toys Discovery,Sponsored Products,Auto,B0C9DBLSN2,2376,8,5.53,0,0.0
2026-06-17,C-1004,SP | Manual | Home & Kitchen Brand Defense,Sponsored Products,Manual,B0DDA4EXPW,1313,7,6.72,1,55.42
2026-06-17,C-1005,SP | Auto | Pet Supplies,Sponsored Products,Auto,B0LD11QTH5,6775,25,17.37,2,49.0
2026-06-17,C-1006,SP | Manual | Sports & Outdoors,Sponsored Products,Manual,B0SSL9ZZJT,1822,12,9.63,0,0.0
2026-06-17,C-1007,SP | Auto | Beauty Explorers,Sponsored Products,Auto,B0KMG3BBNV,16095,29,40.77,0,0.0
2026-06-17,C-1008,SP | Auto | Electronics Diversification,Sponsored Products,Auto,B055PLDLF8,3193,13,16.25,0,0.0
2026-06-17,C-1009,SP | Manual | Kitchen Launch,Sponsored Products,Manual,B0GDNTQUXZ,688,4,3.08,1,75.89
2026-06-17,C-1010,SB | Brand | AuroraTech,Sponsored Brands,Keyword,B0R5E97R3C,1485,7,8.14,1,84.39
2026-06-17,C-1011,SB | Brand | Nordic Home,Sponsored Brands,Keyword,B0SFWKQDD5,0,0,0.0,0,0.0
2026-06-17,C-1012,SD | Retargeting | Electronics,Sponsored Display,Views remarketing,B0NL5Q5CZM,2341,12,5.71,0,0.0
2026-06-18,C-1001,SP | Auto | Electronics Catch-All,Sponsored Products,Auto,B0R5E97R3C,9556,35,28.97,7,585.77
2026-06-18,C-1002,SP | Manual | Office Hero SKU,Sponsored Products,Manual,B0E48MCY15,4729,31,21.84,4,192.3
2026-06-18,C-1003,SP | Auto | Toys Discovery,Sponsored Products,Auto,B0C9DBLSN2,10300,47,28.95,1,9.26
2026-06-18,C-1004,SP | Manual | Home & Kitchen Brand Defense,Sponsored Products,Manual,B0DDA4EXPW,4037,25,25.31,0,0.0
2026-06-18,C-1005,SP | Auto | Pet Supplies,Sponsored Products,Auto,B0LD11QTH5,4644,27,18.7,4,102.68
2026-06-18,C-1006,SP | Manual | Sports & Outdoors,Sponsored Products,Manual,B0SSL9ZZJT,2579,10,8.36,2,34.49
2026-06-18,C-1007,SP | Auto | Beauty Explorers,Sponsored Products,Auto,B0KMG3BBNV,3769,8,9.95,0,0.0
2026-06-18,C-1008,SP | Auto | Electronics Diversification,Sponsored Products,Auto,B055PLDLF8,3115,13,12.67,0,0.0
2026-06-18,C-1009,SP | Manual | Kitchen Launch,Sponsored Products,Manual,B0GDNTQUXZ,1486,10,10.01,0,0.0
2026-06-18,C-1010,SB | Brand | AuroraTech,Sponsored Brands,Keyword,B0R5E97R3C,1155,4,5.09,0,0.0
2026-06-18,C-1011,SB | Brand | Nordic Home,Sponsored Brands,Keyword,B0SFWKQDD5,730,2,2.74,0,0.0
2026-06-18,C-1012,SD | Retargeting | Electronics,Sponsored Display,Views remarketing,B0NL5Q5CZM,2478,11,5.77,2,207.52
2026-06-19,C-1001,SP | Auto | Electronics Catch-All,Sponsored Products,Auto,B0R5E97R3C,3885,18,16.08,0,0.0
2026-06-19,C-1002,SP | Manual | Office Hero SKU,Sponsored Products,Manual,B0E48MCY15,4746,29,24.89,2,102.14
2026-06-19,C-1003,SP | Auto | Toys Discovery,Sponsored Products,Auto,B0C9DBLSN2,2199,11,6.91,3,32.02
2026-06-19,C-1004,SP | Manual | Home & Kitchen Brand Defense,Sponsored Products,Manual,B0DDA4EXPW,1995,15,13.41,3,185.35
2026-06-19,C-1005,SP | Auto | Pet Supplies,Sponsored Products,Auto,B0LD11QTH5,4483,28,19.26,3,
2026-06-19,C-1006,SP | Manual | Sports & Outdoors,Sponsored Products,Manual,B0SSL9ZZJT,3511,16,15.24,0,0.0
2026-06-19,C-1007,SP | Auto | Beauty Explorers,Sponsored Products,Auto,B0KMG3BBNV,8250,19,25.28,0,0.0
2026-06-19,C-1008,SP | Auto | Electronics Diversification,Sponsored Products,Auto,B055PLDLF8,3359,15,15.32,0,0.0
2026-06-19,C-1009,SP | Manual | Kitchen Launch,Sponsored Products,Manual,B0GDNTQUXZ,865,5,5.24,0,0.0
2026-06-19,C-1010,SB | Brand | AuroraTech,Sponsored Brands,Keyword,B0R5E97R3C,1518,6,7.4,0,0.0
2026-06-19,C-1011,SB | Brand | Nordic Home,Sponsored Brands,Keyword,B0SFWKQDD5,773,3,3.81,0,0.0
2026-06-19,C-1012,SD | Retargeting | Electronics,Sponsored Display,Views remarketing,B0NL5Q5CZM,2472,9,5.1,2,194.37
2026-06-20,C-1001,SP | Auto | Electronics Catch-All,Sponsored Products,Auto,B0R5E97R3C,2600,12,10.71,2,191.17
2026-06-20,C-1002,SP | Manual | Office Hero SKU,Sponsored Products,Manual,B0E48MCY15,644,4,2.84,1,47.1
2026-06-20,C-1003,SP | Auto | Toys Discovery,Sponsored Products,Auto,B0C9DBLSN2,4627,15,8.98,1,9.12
2026-06-20,C-1004,SP | Manual | Home & Kitchen Brand Defense,Sponsored Products,Manual,B0DDA4EXPW,5592,29,33.03,2,124.11
2026-06-20,C-1005,SP | Auto | Pet Supplies,Sponsored Products,Auto,B0LD11QTH5,2575,10,7.44,0,0.0
2026-06-20,C-1006,SP | Manual | Sports & Outdoors,Sponsored Products,Manual,B0SSL9ZZJT,2411,12,10.92,0,0.0
2026-06-20,C-1007,SP | Auto | Beauty Explorers,Sponsored Products,Auto,B0KMG3BBNV,6697,17,22.85,0,0.0
2026-06-20,C-1008,SP | Auto | Electronics Diversification,Sponsored Products,Auto,B055PLDLF8,4001,18,20.77,0,0.0
2026-06-20,C-1009,SP | Manual | Kitchen Launch,Sponsored Products,Manual,B0GDNTQUXZ,561,3,2.66,0,0.0
2026-06-20,C-1010,SB | Brand | AuroraTech,Sponsored Brands,Keyword,B0R5E97R3C,321,1,1.08,0,0.0
2026-06-20,C-1011,SB | Brand | Nordic Home,Sponsored Brands,Keyword,B0SFWKQDD5,940,3,3.7,0,0.0
2026-06-20,C-1012,SD | Retargeting | Electronics,Sponsored Display,Views remarketing,B0NL5Q5CZM,1973,12,5.99,2,215.72
2026-06-21,C-1001,SP | Auto | Electronics Catch-All,Sponsored Products,Auto,B0R5E97R3C,7644,32,31.68,3,248.46
2026-06-21,C-1002,SP | Manual | Office Hero SKU,Sponsored Products,Manual,B0E48MCY15,1905,11,7.63,0,0.0
2026-06-21,C-1003,SP | Auto | Toys Discovery,Sponsored Products,Auto,B0C9DBLSN2,8080,27,18.57,2,20.22
2026-06-21,C-1004,SP | Manual | Home & Kitchen Brand Defense,Sponsored Products,Manual,B0DDA4EXPW,1900,12,12.97,1,58.87
2026-06-21,C-1005,SP | Auto | Pet Supplies,Sponsored Products,Auto,B0LD11QTH5,3882,21,17.0,2,50.48
2026-06-21,C-1006,SP | Manual | Sports & Outdoors,Sponsored Products,Manual,B0SSL9ZZJT,3858,22,17.45,0,0.0
2026-06-21,C-1007,SP | Auto | Beauty Explorers,Sponsored Products,Auto,B0KMG3BBNV,3309,9,12.56,0,0.0
2026-06-21,C-1008,SP | Auto | Electronics Diversification,Sponsored Products,Auto,B055PLDLF8,5753,19,23.7,0,0.0
2026-06-21,C-1009,SP | Manual | Kitchen Launch,Sponsored Products,Manual,B0GDNTQUXZ,2220,15,13.47,1,68.82
2026-06-21,C-1010,SB | Brand | AuroraTech,Sponsored Brands,Keyword,B0R5E97R3C,1493,5,6.78,0,0.0
2026-06-21,C-1011,SB | Brand | Nordic Home,Sponsored Brands,Keyword,B0SFWKQDD5,610,2,2.43,0,0.0
2026-06-21,C-1012,SD | Retargeting | Electronics,Sponsored Display,Views remarketing,B0NL5Q5CZM,4467,23,13.36,2,217.15
2026-06-22,C-1001,SP | Auto | Electronics Catch-All,Sponsored Products,Auto,B0R5E97R3C,4396,22,16.84,1,91.17
2026-06-22,C-1002,SP | Manual | Office Hero SKU,Sponsored Products,Manual,B0E48MCY15,978,6,4.19,2,98.77
2026-06-22,C-1003,SP | Auto | Toys Discovery,Sponsored Products,Auto,B0C9DBLSN2,0,0,0.0,0,0.0
2026-06-22,C-1004,SP | Manual | Home & Kitchen Brand Defense,Sponsored Products,Manual,B0DDA4EXPW,2287,15,16.45,0,0.0
2026-06-22,C-1005,SP | Auto | Pet Supplies,Sponsored Products,Auto,B0LD11QTH5,4523,26,21.62,1,25.49
2026-06-22,C-1006,SP | Manual | Sports & Outdoors,Sponsored Products,Manual,B0SSL9ZZJT,3317,16,11.45,0,0.0
2026-06-22,C-1007,SP | Auto | Beauty Explorers,Sponsored Products,Auto,B0KMG3BBNV,10408,29,36.21,0,0.0
2026-06-22,C-1008,SP | Auto | Electronics Diversification,Sponsored Products,Auto,B055PLDLF8,7541,31,35.97,1,42.86
2026-06-22,C-1009,SP | Manual | Kitchen Launch,Sponsored Products,Manual,B0GDNTQUXZ,1060,5,4.38,1,69.62
2026-06-22,C-1010,SB | Brand | AuroraTech,Sponsored Brands,Keyword,B0R5E97R3C,1078,3,4.3,1,83.57
2026-06-22,C-1011,SB | Brand | Nordic Home,Sponsored Brands,Keyword,B0SFWKQDD5,465,1,1.16,0,0.0
2026-06-22,C-1012,SD | Retargeting | Electronics,Sponsored Display,Views remarketing,B0NL5Q5CZM,4511,23,13.94,2,221.16
2026-06-23,C-1001,SP | Auto | Electronics Catch-All,Sponsored Products,Auto,B0R5E97R3C,0,0,0.0,0,0.0
2026-06-23,C-1002,SP | Manual | Office Hero SKU,Sponsored Products,Manual,B0E48MCY15,3552,15,12.14,0,0.0
2026-06-23,C-1003,SP | Auto | Toys Discovery,Sponsored Products,Auto,B0C9DBLSN2,7885,39,29.87,3,29.92
2026-06-23,C-1004,SP | Manual | Home & Kitchen Brand Defense,Sponsored Products,Manual,B0DDA4EXPW,1590,9,8.61,2,115.11
2026-06-23,C-1005,SP | Auto | Pet Supplies,Sponsored Products,Auto,B0LD11QTH5,1841,7,5.81,3,77.89
2026-06-23,C-1006,SP | Manual | Sports & Outdoors,Sponsored Products,Manual,B0SSL9ZZJT,4254,22,19.77,0,0.0
2026-06-23,C-1007,SP | Auto | Beauty Explorers,Sponsored Products,Auto,B0KMG3BBNV,6877,13,20.53,1,38.72
2026-06-23,C-1008,SP | Auto | Electronics Diversification,Sponsored Products,Auto,B055PLDLF8,2606,12,13.54,0,0.0
2026-06-23,C-1009,SP | Manual | Kitchen Launch,Sponsored Products,Manual,B0GDNTQUXZ,1487,7,7.21,1,72.98
2026-06-23,C-1010,SB | Brand | AuroraTech,Sponsored Brands,Keyword,B0R5E97R3C,521,2,2.19,0,0.0
2026-06-23,C-1011,SB | Brand | Nordic Home,Sponsored Brands,Keyword,B0SFWKQDD5,828,2,2.05,0,0.0
2026-06-23,C-1012,SD | Retargeting | Electronics,Sponsored Display,Views remarketing,B0NL5Q5CZM,4111,21,13.21,3,299.21
2026-06-24,C-1001,SP | Auto | Electronics Catch-All,Sponsored Products,Auto,B0R5E97R3C,8378,41,36.61,4,348.0
2026-06-24,C-1002,SP | Manual | Office Hero SKU,Sponsored Products,Manual,B0E48MCY15,2384,13,10.75,1,45.65
2026-06-24,C-1003,SP | Auto | Toys Discovery,Sponsored Products,Auto,B0C9DBLSN2,7628,22,16.64,0,0.0
2026-06-24,C-1004,SP | Manual | Home & Kitchen Brand Defense,Sponsored Products,Manual,B0DDA4EXPW,588,4,4.56,1,61.87
2026-06-24,C-1005,SP | Auto | Pet Supplies,Sponsored Products,Auto,B0LD11QTH5,3767,15,11.51,2,56.59
2026-06-24,C-1006,SP | Manual | Sports & Outdoors,Sponsored Products,Manual,B0SSL9ZZJT,1919,9,6.89,1,15.54
2026-06-24,C-1007,SP | Auto | Beauty Explorers,Sponsored Products,Auto,B0KMG3BBNV,6394,16,24.4,0,0.0
2026-06-24,C-1008,SP | Auto | Electronics Diversification,Sponsored Products,Auto,B055PLDLF8,2099,8,8.6,0,0.0
2026-06-24,C-1009,SP | Manual | Kitchen Launch,Sponsored Products,Manual,B0GDNTQUXZ,2005,14,10.72,1,68.16
2026-06-24,C-1010,SB | Brand | AuroraTech,Sponsored Brands,Keyword,B0R5E97R3C,851,3,3.37,0,0.0
2026-06-24,C-1011,SB | Brand | Nordic Home,Sponsored Brands,Keyword,B0SFWKQDD5,684,2,2.06,0,0.0
2026-06-24,C-1012,SD | Retargeting | Electronics,Sponsored Display,Views remarketing,B0NL5Q5CZM,1931,12,6.64,1,100.75
2026-06-25,C-1001,SP | Auto | Electronics Catch-All,Sponsored Products,Auto,B0R5E97R3C,8050,47,46.55,3,265.78
2026-06-25,C-1002,SP | Manual | Office Hero SKU,Sponsored Products,Manual,B0E48MCY15,3549,19,14.62,1,49.46
2026-06-25,C-1003,SP | Auto | Toys Discovery,Sponsored Products,Auto,B0C9DBLSN2,4373,22,14.22,1,9.9
2026-06-25,C-1004,SP | Manual | Home & Kitchen Brand Defense,Sponsored Products,Manual,B0DDA4EXPW,0,0,0.0,0,0.0
2026-06-25,C-1005,SP | Auto | Pet Supplies,Sponsored Products,Auto,B0LD11QTH5,4198,17,12.19,3,84.76
2026-06-25,C-1006,SP | Manual | Sports & Outdoors,Sponsored Products,Manual,B0SSL9ZZJT,4785,17,16.13,2,33.36
2026-06-25,C-1007,SP | Auto | Beauty Explorers,Sponsored Products,Auto,B0KMG3BBNV,6017,15,24.72,1,38.91
2026-06-25,C-1008,SP | Auto | Electronics Diversification,Sponsored Products,Auto,B055PLDLF8,5534,24,23.15,0,0.0
2026-06-25,C-1009,SP | Manual | Kitchen Launch,Sponsored Products,Manual,B0GDNTQUXZ,1223,8,6.24,0,0.0
2026-06-25,C-1010,SB | Brand | AuroraTech,Sponsored Brands,Keyword,B0R5E97R3C,749,2,2.68,0,0.0
2026-06-25,C-1011,SB | Brand | Nordic Home,Sponsored Brands,Keyword,B0SFWKQDD5,1618,3,3.85,0,0.0
2026-06-25,C-1012,SD | Retargeting | Electronics,Sponsored Display,Views remarketing,B0NL5Q5CZM,2994,19,10.87,1,101.34
2026-06-26,C-1001,SP | Auto | Electronics Catch-All,Sponsored Products,Auto,B0R5E97R3C,3983,13,10.68,2,175.61
2026-06-26,C-1002,SP | Manual | Office Hero SKU,Sponsored Products,Manual,B0E48MCY15,2062,13,8.66,3,146.82
2026-06-26,C-1003,SP | Auto | Toys Discovery,Sponsored Products,Auto,B0C9DBLSN2,4212,12,7.95,2,17.94
2026-06-26,C-1004,SP | Manual | Home & Kitchen Brand Defense,Sponsored Products,Manual,B0DDA4EXPW,1297,8,7.05,1,64.42
2026-06-26,C-1005,SP | Auto | Pet Supplies,Sponsored Products,Auto,B0LD11QTH5,5620,20,15.55,1,27.42
2026-06-26,C-1006,SP | Manual | Sports & Outdoors,Sponsored Products,Manual,B0SSL9ZZJT,1873,11,7.52,3,50.25
2026-06-26,C-1007,SP | Auto | Beauty Explorers,Sponsored Products,Auto,B0KMG3BBNV,5079,8,12.22,0,0.0
2026-06-26,C-1008,SP | Auto | Electronics Diversification,Sponsored Products,Auto,B055PLDLF8,3241,12,12.65,0,0.0
2026-06-26,C-1009,SP | Manual | Kitchen Launch,Sponsored Products,Manual,B0GDNTQUXZ,1716,7,6.89,0,0.0
2026-06-26,C-1010,SB | Brand | AuroraTech,Sponsored Brands,Keyword,B0R5E97R3C,941,3,3.77,0,0.0
2026-06-26,C-1011,SB | Brand | Nordic Home,Sponsored Brands,Keyword,B0SFWKQDD5,1096,3,3.54,0,0.0
2026-06-26,C-1012,SD | Retargeting | Electronics,Sponsored Display,Views remarketing,B0NL5Q5CZM,2922,16,9.19,2,204.51
2026-06-27,C-1001,SP | Auto | Electronics Catch-All,Sponsored Products,Auto,B0R5E97R3C,3835,16,13.81,0,0.0
2026-06-27,C-1002,SP | Manual | Office Hero SKU,Sponsored Products,Manual,B0E48MCY15,1740,8,5.68,0,0.0
2026-06-27,C-1003,SP | Auto | Toys Discovery,Sponsored Products,Auto,B0C9DBLSN2,1458,4,2.68,0,0.0
2026-06-27,C-1004,SP | Manual | Home & Kitchen Brand Defense,Sponsored Products,Manual,B0DDA4EXPW,1014,7,6.13,0,0.0
2026-06-27,C-1005,SP | Auto | Pet Supplies,Sponsored Products,Auto,B0LD11QTH5,5055,20,15.14,0,0.0
2026-06-27,C-1006,SP | Manual | Sports & Outdoors,Sponsored Products,Manual,B0SSL9ZZJT,2977,19,13.0,2,35.4
2026-06-27,C-1007,SP | Auto | Beauty Explorers,Sponsored Products,Auto,B0KMG3BBNV,21715,41,61.39,0,0.0
2026-06-27,C-1008,SP | Auto | Electronics Diversification,Sponsored Products,Auto,B055PLDLF8,5887,16,16.79,1,41.54
2026-06-27,C-1009,SP | Manual | Kitchen Launch,Sponsored Products,Manual,B0GDNTQUXZ,1254,6,5.4,0,0.0
2026-06-27,C-1010,SB | Brand | AuroraTech,Sponsored Brands,Keyword,B0R5E97R3C,998,4,4.82,0,0.0
2026-06-27,C-1011,SB | Brand | Nordic Home,Sponsored Brands,Keyword,B0SFWKQDD5,453,1,1.07,0,0.0
2026-06-27,C-1012,SD | Retargeting | Electronics,Sponsored Display,Views remarketing,B0NL5Q5CZM,773,5,2.5,0,0.0
2026-06-28,C-1001,SP | Auto | Electronics Catch-All,Sponsored Products,Auto,B0R5E97R3C,3309,18,16.89,0,0.0
2026-06-28,C-1002,SP | Manual | Office Hero SKU,Sponsored Products,Manual,B0E48MCY15,1465,10,7.51,0,0.0
2026-06-28,C-1003,SP | Auto | Toys Discovery,Sponsored Products,Auto,B0C9DBLSN2,5406,27,19.86,2,20.32
2026-06-28,C-1004,SP | Manual | Home & Kitchen Brand Defense,Sponsored Products,Manual,B0DDA4EXPW,1551,12,13.4,0,0.0
2026-06-28,C-1005,SP | Auto | Pet Supplies,Sponsored Products,Auto,B0LD11QTH5,4733,24,18.18,2,57.36
2026-06-28,C-1006,SP | Manual | Sports & Outdoors,Sponsored Products,Manual,B0SSL9ZZJT,2625,16,14.71,1,16.27
2026-06-28,C-1007,SP | Auto | Beauty Explorers,Sponsored Products,Auto,B0KMG3BBNV,11778,28,37.1,1,41.34
2026-06-28,C-1008,SP | Auto | Electronics Diversification,Sponsored Products,Auto,B055PLDLF8,1900,6,7.6,0,0.0
2026-06-28,C-1009,SP | Manual | Kitchen Launch,Sponsored Products,Manual,B0GDNTQUXZ,1707,12,12.69,0,0.0
2026-06-28,C-1010,SB | Brand | AuroraTech,Sponsored Brands,Keyword,B0R5E97R3C,1006,4,5.23,0,0.0
2026-06-28,C-1011,SB | Brand | Nordic Home,Sponsored Brands,Keyword,B0SFWKQDD5,853,3,3.53,0,0.0
2026-06-28,C-1012,SD | Retargeting | Electronics,Sponsored Display,Views remarketing,B0NL5Q5CZM,2091,7,3.98,1,112.08
2026-06-29,C-1001,SP | Auto | Electronics Catch-All,Sponsored Products,Auto,B0R5E97R3C,3902,15,11.51,2,166.58
2026-06-29,C-1002,SP | Manual | Office Hero SKU,Sponsored Products,Manual,B0E48MCY15,0,0,0.0,0,0.0
2026-06-29,C-1003,SP | Auto | Toys Discovery,Sponsored Products,Auto,B0C9DBLSN2,5141,20,13.23,5,50.59
2026-06-29,C-1004,SP | Manual | Home & Kitchen Brand Defense,Sponsored Products,Manual,B0DDA4EXPW,3403,19,20.54,4,247.36
2026-06-29,C-1005,SP | Auto | Pet Supplies,Sponsored Products,Auto,B0LD11QTH5,3573,17,14.23,2,52.8
2026-06-29,C-1006,SP | Manual | Sports & Outdoors,Sponsored Products,Manual,B0SSL9ZZJT,1725,8,6.21,0,0.0
2026-06-29,C-1007,SP | Auto | Beauty Explorers,Sponsored Products,Auto,B0KMG3BBNV,7674,21,26.9,0,0.0
2026-06-29,C-1008,SP | Auto | Electronics Diversification,Sponsored Products,Auto,B055PLDLF8,4810,18,17.87,0,0.0
2026-06-29,C-1009,SP | Manual | Kitchen Launch,Sponsored Products,Manual,B0GDNTQUXZ,1674,11,9.27,0,0.0
2026-06-29,C-1010,SB | Brand | AuroraTech,Sponsored Brands,Keyword,B0R5E97R3C,1287,5,6.34,1,91.73
2026-06-29,C-1011,SB | Brand | Nordic Home,Sponsored Brands,Keyword,B0SFWKQDD5,1079,3,3.51,0,0.0
2026-06-29,C-1012,SD | Retargeting | Electronics,Sponsored Display,Views remarketing,B0NL5Q5CZM,3680,20,9.36,4,408.28
2026-06-30,C-1001,SP | Auto | Electronics Catch-All,Sponsored Products,Auto,B0R5E97R3C,10369,50,41.28,6,517.09
2026-06-30,C-1002,SP | Manual | Office Hero SKU,Sponsored Products,Manual,B0E48MCY15,3052,21,13.2,1,51.62
2026-06-30,C-1003,SP | Auto | Toys Discovery,Sponsored Products,Auto,B0C9DBLSN2,2077,9,6.47,1,9.43
2026-06-30,C-1004,SP | Manual | Home & Kitchen Brand Defense,Sponsored Products,Manual,B0DDA4EXPW,2904,14,11.98,1,60.82
2026-06-30,C-1005,SP | Auto | Pet Supplies,Sponsored Products,Auto,B0LD11QTH5,5290,18,12.91,0,0.0
2026-06-30,C-1006,SP | Manual | Sports & Outdoors,Sponsored Products,Manual,B0SSL9ZZJT,2663,16,11.28,1,15.53
2026-06-30,C-1007,SP | Auto | Beauty Explorers,Sponsored Products,Auto,B0KMG3BBNV,12133,33,56.89,0,0.0
2026-06-30,C-1008,SP | Auto | Electronics Diversification,Sponsored Products,Auto,B055PLDLF8,4652,22,24.32,0,0.0
2026-06-30,C-1009,SP | Manual | Kitchen Launch,Sponsored Products,Manual,B0GDNTQUXZ,1633,11,9.38,1,74.42
2026-06-30,C-1010,SB | Brand | AuroraTech,Sponsored Brands,Keyword,B0R5E97R3C,920,3,4.26,0,0.0
2026-06-30,C-1011,SB | Brand | Nordic Home,Sponsored Brands,Keyword,B0SFWKQDD5,517,2,2.04,0,0.0
2026-06-30,C-1012,SD | Retargeting | Electronics,Sponsored Display,Views remarketing,B0NL5Q5CZM,2859,12,5.75,4,440.76
