order_id,order_date,order_time,order_status,fulfillment_channel,sales_channel,ship_service_level,customer_id,ship_state,ship_city,ship_postal,ship_country,currency,shipping_fee,promotion_discount,order_total
114-2180102-1932739,2025-01-01,03:36:33,Shipped,FBM,Amazon.com,Scheduled,CUST-00188,CA,Sacramento,94341,US,USD,5.79,1.97,124.13
114-3403439-7316891,2025-01-01,03:47:52,Shipped,FBA,Amazon.com,Two-Day,CUST-01126,VA,Norfolk,12954,US,USD,0.0,0.0,31.59
114-5625498-2916650,2025-01-01,17:41:08,Shipped,FBA,Amazon.com,Expedited,CUST-00259,TX,Fort Worth,74486,US,USD,0.0,0.0,110.91
114-5903912-2854303,2025-01-01,21:05:31,Shipped,FBA,Amazon.com,Two-Day,CUST-00803,MI,Grand Rapids,73176,US,USD,0.0,0.0,408.09
114-8801640-2707282,2025-01-01,15:46:51,Unshipped,FBA,Amazon.com,Standard,CUST-01191,TX,Houston,88432,US,USD,0.0,0.0,10.4
114-1996541-2988260,2025-01-02,23:42:23,Shipped,FBM,Amazon.com,Standard,CUST-00912,SC,Springfield,10070,US,USD,4.14,0.0,116.63
114-3101735-2626995,2025-01-02,10:32:24,Shipped,FBA,Amazon.com,Standard,CUST-00329,FL,Jacksonville,39170,US,USD,0.0,0.0,39.53
114-3493048-6838732,2025-01-02,11:57:39,Shipped,FBA,Amazon.com,Two-Day,CUST-01600,ND,Riverside,24770,US,USD,0.0,0.51,64.03
114-7578533-5126924,2025-01-02,05:26:04,Shipped,FBM,Amazon.com,Standard,CUST-01519,OH,Cleveland,79459,US,USD,4.21,0.0,161.02
114-8075872-1778376,2025-01-02,03:05:24,Shipped,FBA,Amazon.com,Two-Day,CUST-00261,SC,Springfield,74694,US,USD,0.0,0.0,30.93
114-2487572-2794884,2025-01-03,02:40:09,Shipped,FBM,Amazon.com,Scheduled,CUST-00111,TX,El Paso,94829,US,USD,4.97,0.0,28.51
114-5379448-9761524,2025-01-03,12:00:12,Shipped,FBA,Amazon.com,Two-Day,CUST-00361,MI,Detroit,78298,US,USD,0.0,0.0,40.21
114-9555363-4745893,2025-01-03,19:36:00,Shipped,FBA,Amazon.com,Two-Day,CUST-01298,TN,Nashville,25931,US,USD,0.0,0.0,233.13
114-2180841-8960467,2025-01-04,11:38:03,Shipped,FBA,Amazon.com,Standard,CUST-00452,CA,Los Angeles,83100,US,USD,0.0,0.0,49.84
114-2258222-2375690,2025-01-04,12:49:52,Shipped,FBA,Amazon.com,Two-Day,CUST-00686,IL,Chicago,51948,US,USD,0.0,0.0,198.92
114-2972032-1682701,2025-01-04,16:06:54,Shipped,FBA,Amazon.com,Two-Day,CUST-00994,ID,Fairview,48915,US,USD,0.0,0.0,51.57
114-3217788-7604391,2025-01-04,21:14:19,Shipped,FBM,Amazon.com,Standard,CUST-01717,OH,Cincinnati,28868,US,USD,6.09,0.0,150.51
114-3259364-8695467,2025-01-04,06:52:53,Shipped,FBA,Amazon.com,Two-Day,CUST-01791,VA,Arlington,81770,US,USD,0.0,0.0,88.7
114-5140640-9087054,2025-01-04,09:40:50,Shipped,FBA,Amazon.com,Two-Day,CUST-00176,NJ,Trenton,28350,US,USD,0.0,0.0,55.67
114-5724673-6115634,2025-01-04,08:54:19,Canceled,FBA,Amazon.com,Standard,CUST-01474,NJ,Trenton,94833,US,USD,0.0,0.0,361.06
114-2382855-1002018,2025-01-05,16:52:25,Shipped,FBA,Amazon.com,Two-Day,CUST-00894,ME,Georgetown,73998,US,USD,0.0,0.0,31.54
114-5034253-2667758,2025-01-05,09:49:00,Canceled,FBA,Amazon.com,Two-Day,CUST-01209,GA,Augusta,73636,US,USD,0.0,0.0,31.9
114-7176574-7470157,2025-01-05,08:50:06,Shipped,FBA,Amazon.com,Two-Day,CUST-01457,FL,Jacksonville,67534,US,USD,0.0,13.13,191.44
114-8847422-4422953,2025-01-05,19:00:19,Shipped,FBA,Amazon.com,Two-Day,CUST-00217,ND,Centerville,85354,US,USD,0.0,6.0,216.93
114-5105024-6998205,2025-01-06,22:43:57,Shipped,FBA,Amazon.com,Two-Day,CUST-00497,IA,Centerville,35486,US,USD,0.0,0.0,48.91
114-6970949-1750988,2025-01-06,22:22:23,Shipped,FBA,Amazon.com,Standard,CUST-01020,AL,Springfield,46040,US,USD,0.0,0.0,43.32
114-7090220-3848766,2025-01-06,02:31:23,Shipped,FBA,Amazon.com,Expedited,CUST-00526,FL,Miami,22934,US,USD,0.0,2.33,64.41
114-8639392-6057746,2025-01-06,20:33:08,Shipped,FBA,Amazon.com,Two-Day,CUST-01220,MA,Springfield,65725,US,USD,0.0,0.0,40.21
114-1283563-8667926,2025-01-07,02:04:00,Shipped,FBM,Amazon.com,Standard,CUST-00733,PA,Philadelphia,13890,US,USD,4.72,1.91,110.25
114-5743859-6616777,2025-01-07,17:40:58,Shipped,FBA,Amazon.com,Two-Day,CUST-01299,MI,Ann Arbor,65797,US,USD,0.0,0.0,56.51
114-5976514-4079746,2025-01-07,09:14:42,Canceled,FBA,Amazon.com,Two-Day,CUST-00191,NV,Georgetown,31119,US,USD,0.0,0.0,113.82
114-8312129-1359745,2025-01-07,07:05:55,Shipped,FBA,Amazon.com,Expedited,CUST-01783,SD,Georgetown,37827,US,USD,0.0,2.43,61.54
114-8585217-2334773,2025-01-07,07:44:24,Shipped,FBA,Amazon.com,Two-Day,CUST-00754,WY,Riverside,72185,US,USD,0.0,0.0,126.37
114-3471987-4780379,2025-01-08,03:11:24,Shipped,FBM,Amazon.com,Standard,CUST-01452,AZ,Tucson,22237,US,USD,6.84,0.0,197.02
114-4614732-5947520,2025-01-08,19:14:38,Shipped,FBA,Amazon.com,Two-Day,CUST-00570,OR,Riverside,65426,US,USD,0.0,0.0,31.59
114-4773511-7685135,2025-01-08,19:45:39,Shipped,FBA,Amazon.com,Standard,CUST-01483,WI,Riverside,74325,US,USD,0.0,0.0,61.18
114-7433283-6693507,2025-01-08,15:07:43,Shipped,FBA,Amazon.com,Two-Day,CUST-01556,NE,Springfield,18076,US,USD,0.0,0.0,26.96
114-8362911-3724162,2025-01-08,09:36:31,Shipped,FBM,Amazon.com,Standard,CUST-01282,NE,Riverside,67219,US,USD,7.36,0.0,46.2
114-9462493-8581177,2025-01-08,09:37:51,Shipped,FBA,Amazon.com,Two-Day,CUST-00003,AK,Fairview,21322,US,USD,0.0,0.0,19.47
114-2506474-2456631,2025-01-09,10:42:37,Shipped,FBA,Amazon.com,Two-Day,CUST-00355,NJ,Trenton,35369,US,USD,0.0,0.0,108.32
114-4120482-9798556,2025-01-09,11:24:39,Shipped,FBA,Amazon.com,Two-Day,CUST-00312,NY,New York,59362,US,USD,0.0,0.0,163.91
114-4262351-9034787,2025-01-09,00:34:18,Shipped,FBA,Amazon.com,Standard,CUST-01449,AL,Riverside,60160,US,USD,0.0,0.0,176.79
114-4425948-6704686,2025-01-09,15:53:40,Shipped,FBM,Amazon.com,Standard,CUST-01772,OH,Cleveland,31957,US,USD,7.44,0.0,67.52
114-4425948-6704686,2025-01-09,15:53:40,Shipped,FBM,Amazon.com,Standard,CUST-01772,OH,Cleveland,31957,US,USD,7.44,0.0,67.52
114-6288180-7205358,2025-01-09,06:35:09,Shipped,FBM,Amazon.com,Standard,CUST-00743,OH,Cincinnati,86177,US,USD,5.76,0.0,48.33
114-7531416-3384358,2025-01-09,20:04:16,Canceled,FBA,Amazon.com,Two-Day,CUST-00258,MO,Springfield,33908,US,USD,0.0,0.0,70.57
114-8405140-7655691,2025-01-09,22:52:32,Shipped,FBA,Amazon.com,Two-Day,CUST-00562,NV,Fairview,94678,US,USD,0.0,0.0,52.27
114-1235451-8390886,2025-01-10,10:40:08,Shipped,FBA,Amazon.com,Standard,CUST-01523,IL,Naperville,68062,US,USD,0.0,0.0,92.55
114-1425394-2501727,2025-01-10,07:16:11,Shipped,FBA,Amazon.com,Two-Day,CUST-01051,OH,Toledo,25715,US,USD,0.0,0.0,140.42
114-1627637-1377463,2025-01-10,17:51:28,Shipped,FBA,Amazon.com,Two-Day,CUST-01321,AK,Georgetown,61402,US,USD,0.0,0.0,52.95
114-2393146-1418009,2025-01-10,13:59:07,Pending,FBA,Amazon.com,Two-Day,CUST-01594,AK,Centerville,12523,US,USD,0.0,0.0,30.93
114-3310671-8884625,2025-01-10,11:21:05,Shipped,FBA,Amazon.com,Standard,CUST-01318,WA,Bellevue,38613,US,USD,0.0,1.98,29.25
114-1761751-3579145,2025-01-11,23:23:28,Shipped,FBA,Amazon.com,Two-Day,CUST-01745,NC,Greensboro,37495,US,USD,0.0,0.0,83.42
114-2264798-5296553,2025-01-11,16:09:08,Shipped,FBA,Amazon.com,Two-Day,CUST-01538,FL,Tampa,31873,US,USD,0.0,0.0,54.16
114-5275540-7678099,2025-01-11,09:36:49,Shipped,FBA,Amazon.com,Two-Day,CUST-00700,MN,Springfield,80601,US,USD,0.0,0.0,55.67
114-8007671-4870054,2025-01-11,13:24:25,Shipped,FBA,Amazon.com,Standard,CUST-00821,FL,Miami,54846,US,USD,0.0,0.0,104.52
114-1356586-6662173,2025-01-12,12:56:38,Shipped,FBA,Amazon.com,Expedited,CUST-00626,CO,Centerville,49669,US,USD,0.0,11.14,129.42
114-2087833-5854480,2025-01-12,16:18:09,Shipped,FBA,Amazon.com,Two-Day,CUST-00791,KY,Springfield,53922,US,USD,0.0,0.0,223.57
114-6289318-5520370,2025-01-12,23:22:49,Shipped,FBA,Amazon.com,Two-Day,CUST-00177,FL,Miami,76476,US,USD,0.0,0.0,67.82
114-1023742-9216089,2025-01-13,15:04:23,Shipped,FBA,Amazon.com,Two-Day,CUST-00376,ID,Centerville,98538,US,USD,0.0,0.0,47.02
114-7901714-4255174,2025-01-13,23:43:40,Shipped,FBM,Amazon.com,Standard,CUST-01635,TN,Nashville,59803,US,USD,4.7,0.0,60.37
114-8439765-9731347,2025-01-13,13:29:57,Unshipped,FBA,Amazon.com,Two-Day,CUST-00973,GA,Atlanta,86962,US,USD,0.0,0.0,8.44
114-2705794-8759763,2025-01-14,09:02:10,Shipped,FBM,Amazon.com,Standard,CUST-00224,MA,Cambridge,36170,US,USD,5.97,0.0,15.96
114-4076100-4954062,2025-01-14,09:55:31,Shipped,FBA,Amazon.com,Two-Day,CUST-01467,KY,Centerville,50609,US,USD,0.0,0.0,151.34
114-4320223-5188384,2025-01-14,06:39:56,Shipped,FBA,Amazon.com,Two-Day,CUST-00932,NY,Albany,38919,US,USD,0.0,0.0,95.54
114-4560896-6583965,2025-01-14,04:31:26,Shipped,FBA,Amazon.com,Two-Day,CUST-00403,MN,Centerville,77757,US,USD,0.0,0.0,13.44
114-6625197-5233280,2025-01-14,07:15:03,Canceled,FBA,Amazon.com,Standard,CUST-01658,WI,Riverside,72831,US,USD,0.0,0.0,67.82
114-7425209-2189237,2025-01-14,18:39:46,Shipped,FBM,Amazon.com,Standard,CUST-01495,NV,Centerville,15866,US,USD,7.39,0.0,61.55
114-7598881-6826000,2025-01-14,10:39:11,Shipped,FBM,Amazon.com,Standard,CUST-00697,CT,Centerville,45784,US,USD,7.61,0.0,47.14
114-1426112-4203835,2025-01-15,14:47:02,Shipped,FBA,Amazon.com,Two-Day,CUST-01370,LA,Fairview,24003,US,USD,0.0,0.0,9.99
114-2249513-1365461,2025-01-15,12:40:16,Shipped,FBA,Amazon.com,Two-Day,CUST-00430,NJ,Paterson,44922,US,USD,0.0,0.0,107.91
114-3244017-1378173,2025-01-15,17:03:27,Shipped,FBM,Amazon.com,Standard,CUST-00225,NY,Syracuse,56665,US,USD,6.12,0.0,121.49
114-3700143-1426554,2025-01-15,11:28:37,Shipped,FBA,Amazon.com,Two-Day,CUST-00790,CO,Riverside,53522,US,USD,0.0,0.0,340.29
114-3877903-9653852,2025-01-15,08:34:21,Shipped,FBA,Amazon.com,Two-Day,CUST-00771,WI,Springfield,41417,US,USD,0.0,7.83,76.79
114-4302659-3032043,2025-01-15,06:08:47,Unshipped,FBA,Amazon.com,Two-Day,CUST-00687,ID,Riverside,41407,US,USD,0.0,0.0,35.22
114-4830696-7110350,2025-01-15,08:45:49,Shipped,FBA,Amazon.com,Two-Day,CUST-01051,OH,Toledo,25715,US,USD,0.0,0.0,550.28
114-8733733-5927218,2025-01-15,00:53:48,Shipped,FBA,Amazon.com,Two-Day,CUST-00136,SC,Georgetown,48086,US,USD,0.0,0.0,441.5
114-6559996-2327411,2025-01-16,00:28:55,Shipped,FBA,Amazon.com,Two-Day,CUST-00590,NC,Raleigh,64831,US,USD,0.0,5.07,177.56
114-7290722-1102843,2025-01-16,06:50:22,Shipped,FBA,Amazon.com,Two-Day,CUST-01642,IL,Peoria,73733,US,USD,0.0,0.0,26.96
114-7625199-5883509,2025-01-16,07:49:29,Shipped,FBA,Amazon.com,Two-Day,CUST-01746,MO,Springfield,16411,US,USD,0.0,0.0,37.09
114-9501949-5857499,2025-01-16,17:10:56,Shipped,FBA,Amazon.com,Two-Day,CUST-01571,OH,Toledo,18273,US,USD,0.0,2.27,102.93
114-6777256-6619474,2025-01-17,13:21:53,Shipped,FBA,Amazon.com,Two-Day,CUST-01310,GA,Augusta,22733,US,USD,0.0,0.0,99.78
114-7274822-6911566,2025-01-17,15:59:20,Pending,FBA,Amazon.com,Standard,CUST-01623,NV,Riverside,61950,US,USD,0.0,0.0,10.4
114-1824058-9056135,2025-01-18,08:16:31,Shipped,FBA,Amazon.com,Standard,CUST-00862,WA,Seattle,37192,US,USD,0.0,0.0,242.79
114-2305417-5440575,2025-01-18,03:55:29,Shipped,FBA,Amazon.com,Two-Day,CUST-00549,WI,Springfield,18585,US,USD,0.0,0.0,48.58
114-4587039-4777499,2025-01-18,09:12:38,Shipped,FBM,Amazon.com,Standard,CUST-00098,CO,Fairview,74248,US,USD,4.71,0.0,26.35
114-6319782-2926888,2025-01-18,20:33:33,Shipped,FBA,Amazon.com,Two-Day,CUST-01096,CA,Los Angeles,70661,US,USD,0.0,0.0,10.4
114-7700086-8527111,2025-01-18,13:46:08,Canceled,FBA,Amazon.com,Two-Day,CUST-00409,TX,San Antonio,90713,US,USD,0.0,0.0,67.82
114-9863265-2178359,2025-01-18,18:02:32,Shipped,FBA,Amazon.com,Standard,CUST-01028,TX,Dallas,28161,US,USD,0.0,0.0,102.7
114-1045975-6355401,2025-01-19,19:12:51,Shipped,FBA,Amazon.com,Two-Day,CUST-01574,WV,Georgetown,89873,US,USD,0.0,0.0,17.61
114-1799682-7319483,2025-01-19,04:22:25,Unshipped,FBA,Amazon.com,Two-Day,CUST-00221,NJ,Jersey City,51383,US,USD,0.0,0.0,30.93
114-1806532-5368216,2025-01-19,06:03:50,Shipped,FBA,Amazon.com,Two-Day,CUST-00452,CA,Los Angeles,83100,US,USD,0.0,0.0,74.18
114-5489668-5807929,2025-01-19,04:03:34,Shipped,FBA,Amazon.com,Standard,CUST-01363,PA,Allentown,30498,US,USD,0.0,0.0,43.95
114-6997357-2817908,2025-01-19,02:24:32,Shipped,FBA,Amazon.com,Two-Day,CUST-00590,NC,Raleigh,64831,US,USD,0.0,0.0,55.86
114-1353880-4813396,2025-01-20,11:23:36,Shipped,FBM,Amazon.com,Standard,CUST-00016,PA,Erie,82869,US,USD,4.42,0.0,19.73
114-3110130-7812489,2025-01-20,10:00:21,Shipped,FBA,Amazon.com,Two-Day,CUST-00186,FL,Miami,77720,US,USD,0.0,0.0,86.36
114-3368935-8058155,2025-01-20,01:44:37,Shipped,FBA,Amazon.com,Standard,CUST-01430,TX,San Antonio,68114,US,USD,0.0,0.0,82.17
114-3920867-1436887,2025-01-20,04:52:40,Shipped,FBM,Amazon.com,Expedited,CUST-00188,CA,Sacramento,94341,US,USD,4.0,0.0,180.09
114-5342322-7131060,2025-01-20,02:15:46,Shipped,FBM,Amazon.com,Expedited,CUST-01051,OH,Toledo,25715,US,USD,5.52,0.0,189.73
114-6661219-8316922,2025-01-20,10:35:07,Shipped,FBA,Amazon.com,Standard,CUST-00749,IL,Chicago,46231,US,USD,0.0,0.0,531.51
114-8270280-4112947,2025-01-20,09:57:04,Shipped,FBA,Amazon.com,Two-Day,CUST-00874,OK,Springfield,45405,US,USD,0.0,0.0,107.91
114-6249530-1044315,2025-01-21,02:55:07,Shipped,FBA,Amazon.com,Standard,CUST-00302,AL,Georgetown,76155,US,USD,0.0,0.0,123.03
114-7094896-5747880,2025-01-21,11:27:24,Canceled,FBA,Amazon.com,Standard,CUST-00930,PA,Pittsburgh,46659,US,USD,0.0,0.0,12.73
114-7102335-8878118,2025-01-21,08:17:03,Shipped,FBA,Amazon.com,Two-Day,CUST-00501,AL,Georgetown,88372,US,USD,0.0,0.0,191.89
114-7323816-3806405,2025-01-21,06:50:26,Shipped,FBA,Amazon.com,Two-Day,CUST-00257,CA,Fresno,99737,US,USD,0.0,0.0,60.8
114-5821676-5867906,2025-01-22,09:06:07,Shipped,FBM,Amazon.com,Standard,CUST-01040,ID,Fairview,35971,US,USD,4.1,0.0,60.06
114-6597927-1683432,2025-01-22,01:58:05,Pending,FBA,Amazon.com,Standard,CUST-01565,FL,Tampa,54212,US,USD,0.0,0.0,103.11
114-2506164-7134379,2025-01-23,09:21:25,Shipped,FBM,Amazon.com,Standard,CUST-01231,NC,Raleigh,78149,US,USD,7.43,0.0,84.0
114-3760251-5920470,2025-01-23,12:55:39,Shipped,FBA,Amazon.com,Two-Day,CUST-01614,CA,San Jose,72805,US,USD,0.0,0.0,40.21
114-4126898-9576687,2025-01-23,07:54:40,Shipped,FBA,Amazon.com,Two-Day,CUST-01503,NJ,Paterson,24331,US,USD,0.0,0.0,10.4
114-5448799-6922990,2025-01-23,23:44:37,Shipped,FBA,Amazon.com,Two-Day,CUST-00514,OH,Cleveland,77917,US,USD,0.0,0.0,215.82
114-8658638-1900696,2025-01-23,23:05:49,Shipped,FBA,Amazon.com,Two-Day,CUST-01799,MS,Georgetown,99170,US,USD,0.0,0.0,73.01
114-9853438-8142002,2025-01-23,23:54:10,Canceled,FBA,Amazon.com,Two-Day,CUST-00991,CA,San Diego,17088,US,USD,0.0,0.0,37.09
114-1454152-8359875,2025-01-24,02:53:13,Shipped,FBA,Amazon.com,Two-Day,CUST-01290,NC,Raleigh,47350,US,USD,0.0,0.0,52.83
114-2126339-6717009,2025-01-24,05:46:04,Shipped,FBA,Amazon.com,Two-Day,CUST-00201,LA,Centerville,27548,US,USD,0.0,0.0,70.82
114-3517354-6772800,2025-01-24,03:20:56,Shipped,FBM,Amazon.com,Standard,CUST-00570,OR,Riverside,65426,US,USD,4.84,0.0,26.16
114-3559036-6046799,2025-01-24,17:18:18,Shipped,FBA,Amazon.com,Two-Day,CUST-00734,PA,Allentown,82680,US,USD,0.0,0.0,177.4
114-4870860-8353822,2025-01-24,16:59:52,Shipped,FBM,Amazon.com,Standard,CUST-01311,CA,Fresno,89864,US,USD,4.34,1.07,26.88
114-5611896-1801386,2025-01-24,04:29:20,Shipped,FBM,Amazon.com,Scheduled,CUST-01703,PA,Erie,78819,US,USD,5.8,0.0,138.23
114-6127143-6354067,2025-01-24,06:17:11,Shipped,FBM,Amazon.com,Standard,CUST-00090,VA,Virginia Beach,29762,US,USD,6.87,0.0,38.46
114-8203855-8301883,2025-01-24,20:19:24,Shipped,FBA,Amazon.com,Two-Day,CUST-01779,UT,Fairview,97139,US,USD,0.0,0.0,69.33
114-9122495-8699037,2025-01-24,16:20:54,Shipped,FBA,Amazon.com,Two-Day,CUST-00328,CO,Centerville,72108,US,USD,0.0,0.0,102.48
114-1477613-2002200,2025-01-25,08:19:59,Shipped,FBA,Amazon.com,Two-Day,CUST-01020,AL,Springfield,46040,US,USD,0.0,0.0,50.86
114-4436533-9462161,2025-01-25,04:58:06,Shipped,FBA,Amazon.com,Two-Day,CUST-00231,CA,San Jose,90318,US,USD,0.0,2.51,29.39
114-7469859-1682526,2025-01-25,11:41:59,Shipped,FBA,Amazon.com,Two-Day,CUST-00391,WA,Spokane,99327,US,USD,0.0,0.0,123.72
114-2302184-8652215,2025-01-26,13:41:35,Shipped,FBA,Amazon.com,Standard,CUST-01519,OH,Cleveland,79459,US,USD,0.0,0.0,37.09
114-3515004-3915490,2025-01-26,23:18:10,Shipped,FBA,Amazon.com,Two-Day,CUST-00684,NY,Rochester,28878,US,USD,0.0,0.0,8.44
114-3569789-6676257,2025-01-26,14:23:25,Shipped,FBA,Amazon.com,Two-Day,CUST-00984,DE,Centerville,44449,US,USD,0.0,1.62,11.82
114-4018266-9516874,2025-01-26,14:55:25,Shipped,FBM,Amazon.com,Scheduled,CUST-00245,NC,Raleigh,96772,US,USD,4.28,0.0,42.78
114-5811637-1250389,2025-01-26,09:12:51,Shipped,FBA,Amazon.com,Standard,CUST-01190,NC,Charlotte,40366,US,USD,0.0,6.24,47.92
114-7621224-1360346,2025-01-26,01:32:56,Shipped,FBA,Amazon.com,Standard,CUST-01116,WI,Riverside,41013,US,USD,0.0,0.95,52.94
114-7851627-2720485,2025-01-26,12:01:08,Shipped,FBM,Amazon.com,Expedited,CUST-00732,UT,Springfield,82704,US,USD,5.23,0.0,59.15
114-2513753-4819524,2025-01-27,00:05:05,Shipped,FBA,Amazon.com,Standard,CUST-00445,NC,Durham,52498,US,USD,0.0,0.0,177.4
114-5558809-9958767,2025-01-27,12:03:11,Pending,FBA,Amazon.com,Two-Day,CUST-01129,CA,San Jose,95620,US,USD,0.0,0.0,39.53
114-6342149-4274222,2025-01-27,04:54:36,Shipped,FBA,Amazon.com,Two-Day,CUST-01553,NY,New York,19932,US,USD,0.0,3.69,45.56
114-6641380-4895221,2025-01-27,05:00:07,Shipped,FBA,Amazon.com,Two-Day,CUST-00389,UT,Springfield,21866,US,USD,0.0,0.0,54.16
114-8462889-2266075,2025-01-27,14:51:15,Shipped,FBM,Amazon.com,Standard,CUST-01549,SC,Springfield,22004,US,USD,6.51,0.0,48.69
114-2660439-7700253,2025-01-28,08:18:41,Pending,FBM,Amazon.com,Standard,CUST-00795,MO,Fairview,27598,US,USD,4.91,0.0,24.33
114-3521576-1377946,2025-01-28,19:37:03,Shipped,FBM,Amazon.com,Standard,CUST-00362,AL,Georgetown,99848,US,USD,5.86,0.0,75.13
114-3653244-6022620,2025-01-28,16:36:26,Shipped,FBA,Amazon.com,Expedited,CUST-00981,CA,San Francisco,43557,US,USD,0.0,0.0,35.22
114-6808201-6787480,2025-01-28,05:07:47,Shipped,FBA,Amazon.com,Two-Day,CUST-00679,OR,Georgetown,21161,US,USD,0.0,0.0,38.93
114-7791754-9460643,2025-01-28,04:00:51,Shipped,FBM,Amazon.com,Expedited,CUST-01051,OH,Toledo,25715,US,USD,5.13,0.0,70.95
114-9405210-7040607,2025-01-28,16:02:53,Shipped,FBM,Amazon.com,Standard,CUST-00840,LA,Centerville,85617,US,USD,5.05,0.0,57.85
114-1739811-6686039,2025-01-29,17:42:02,Shipped,FBA,Amazon.com,Two-Day,CUST-01713,ME,,45338,US,USD,0.0,0.0,79.7
114-1875987-7713531,2025-01-29,21:24:30,Shipped,FBA,Amazon.com,Standard,CUST-00755,MA,Springfield,21255,US,USD,0.0,0.0,8.44
114-2930092-1449972,2025-01-29,21:37:10,Shipped,FBA,Amazon.com,Two-Day,CUST-00103,TX,Austin,96725,US,USD,0.0,6.49,244.93
114-4638089-4023661,2025-01-29,09:43:17,Shipped,FBA,Amazon.com,Standard,CUST-00934,AL,Centerville,33791,US,USD,0.0,0.0,59.46
114-6298762-5067188,2025-01-29,15:38:27,Shipped,FBM,Amazon.com,Expedited,CUST-00868,FL,Miami,34651,US,USD,6.28,0.0,251.54
114-6517245-1024999,2025-01-29,14:15:37,Shipped,FBM,Amazon.com,Expedited,CUST-01790,MI,Grand Rapids,63465,US,USD,4.0,0.0,43.53
114-8870858-1201686,2025-01-29,11:26:45,Shipped,FBM,Amazon.com,Standard,CUST-00911,VA,Norfolk,46773,US,USD,6.56,0.0,48.74
114-4985461-2247754,2025-01-30,18:08:42,Shipped,FBM,Amazon.com,Standard,CUST-01790,MI,Grand Rapids,63465,US,USD,4.38,0.0,176.69
114-8209168-3682694,2025-01-30,12:56:50,Shipped,FBA,Amazon.com,Two-Day,CUST-01436,IA,Springfield,93631,US,USD,0.0,0.0,77.0
114-9027107-5242633,2025-01-30,07:16:51,Shipped,FBA,Amazon.com,Standard,CUST-01318,WA,Bellevue,38613,US,USD,0.0,0.0,260.47
114-9736811-2480839,2025-01-30,02:49:59,Shipped,FBA,Amazon.com,Two-Day,CUST-01680,AK,Centerville,26326,US,USD,0.0,0.0,57.15
114-1053903-6685858,2025-01-31,07:20:49,Shipped,FBA,Amazon.com,Standard,CUST-01311,CA,Fresno,89864,US,USD,0.0,0.0,21.64
114-1200078-7056809,2025-01-31,08:32:20,Shipped,FBM,Amazon.com,Standard,CUST-00005,OH,Cleveland,29735,US,USD,6.08,0.0,30.9
114-2403528-8609301,2025-01-31,05:28:50,Shipped,FBA,Amazon.com,Standard,CUST-01356,NC,Durham,10064,US,USD,0.0,0.0,128.95
114-4562779-5139809,2025-01-31,05:15:43,Shipped,FBM,Amazon.com,Standard,CUST-01190,NC,Charlotte,40366,US,USD,7.41,14.9,212.11
114-6975721-4087244,2025-01-31,04:13:48,Shipped,FBA,Amazon.com,Two-Day,CUST-01157,CO,Fairview,33433,US,USD,0.0,0.0,91.64
114-7538758-4697229,2025-01-31,10:00:54,Shipped,FBA,Amazon.com,Standard,CUST-01378,MD,Riverside,25622,US,USD,0.0,0.0,67.82
114-8537680-7335498,2025-01-31,03:37:53,Shipped,FBM,Amazon.com,Standard,CUST-00954,SC,Springfield,40827,US,USD,7.41,0.0,61.57
114-9663986-5289121,2025-01-31,11:03:34,Shipped,FBM,Amazon.com,Standard,CUST-01099,MA,Worcester,77667,US,USD,4.11,0.0,31.07
114-9789963-9549184,2025-01-31,12:57:32,Shipped,FBA,Amazon.com,Standard,CUST-00608,NV,Georgetown,96246,US,USD,0.0,0.63,7.81
114-3372887-6968855,2025-02-01,13:51:05,Shipped,FBA,Amazon.com,Standard,CUST-00005,OH,Cleveland,29735,US,USD,0.0,0.0,96.41
114-4790098-5772954,2025-02-01,01:01:48,Pending,FBA,Amazon.com,Two-Day,CUST-00009,ID,Springfield,76247,US,USD,0.0,0.0,53.61
114-5134851-7799596,2025-02-01,09:38:12,Pending,FBM,Amazon.com,Standard,CUST-00550,TX,Austin,96214,US,USD,4.2,0.0,312.93
114-1775794-4450101,2025-02-02,05:27:29,Shipped,FBA,Amazon.com,Expedited,CUST-00502,FL,Miami,87421,US,USD,0.0,0.0,53.92
114-1879381-9830240,2025-02-02,01:11:33,Shipped,FBM,Amazon.com,Standard,CUST-00942,CA,Sacramento,64432,US,USD,4.25,0.0,273.44
114-6583198-1813885,2025-02-02,04:35:17,Shipped,FBA,Amazon.com,Standard,CUST-00474,NM,Fairview,16758,US,USD,0.0,0.0,449.21
114-1989793-8691018,2025-02-03,11:46:33,Shipped,FBA,Amazon.com,Standard,CUST-00376,ID,Centerville,98538,US,USD,0.0,0.0,67.82
114-3037405-3210560,2025-02-03,18:46:58,Pending,FBM,Amazon.com,Expedited,CUST-01390,NC,Charlotte,27997,US,USD,7.11,0.0,110.35
114-9435523-8354796,2025-02-03,01:24:03,Shipped,FBM,Amazon.com,Standard,CUST-00453,TX,Fort Worth,76524,US,USD,7.61,0.0,91.22
114-1987290-3982265,2025-02-04,01:06:18,Shipped,FBM,Amazon.com,Standard,CUST-01498,OH,Cincinnati,88660,US,USD,7.75,0.0,133.68
114-5152978-7233855,2025-02-04,20:01:22,Shipped,FBA,Amazon.com,Two-Day,CUST-00571,TX,Dallas,87264,US,USD,0.0,0.0,29.73
114-9502454-5075450,2025-02-04,21:08:18,Shipped,FBA,Amazon.com,Two-Day,CUST-00146,CO,Centerville,33255,US,USD,0.0,0.0,110.91
114-3505468-4978632,2025-02-05,11:27:10,Shipped,FBA,Amazon.com,Expedited,CUST-00648,GA,Augusta,76194,US,USD,0.0,0.0,34.22
114-1007792-7372482,2025-02-06,11:24:07,Shipped,FBA,Amazon.com,Standard,CUST-01023,HI,Centerville,19643,US,USD,0.0,0.0,21.66
114-4956542-4029545,2025-02-06,01:55:44,Pending,FBA,Amazon.com,Two-Day,CUST-00827,GA,Atlanta,79550,US,USD,0.0,0.0,159.61
114-6472201-1551595,2025-02-06,13:54:12,Shipped,FBA,Amazon.com,Standard,CUST-01373,IN,Springfield,71845,US,USD,0.0,0.0,18.93
114-7480658-4060046,2025-02-06,17:39:49,Shipped,FBA,Amazon.com,Two-Day,CUST-00005,OH,Cleveland,29735,US,USD,0.0,0.0,8.44
114-8170643-2356787,2025-02-06,16:36:50,Shipped,FBA,Amazon.com,Two-Day,CUST-01164,TX,San Antonio,36744,US,USD,0.0,1.32,182.15
114-9207968-8318400,2025-02-06,00:27:05,Shipped,FBA,Amazon.com,Standard,CUST-00409,TX,San Antonio,90713,US,USD,0.0,0.0,75.83
114-9834338-8318221,2025-02-06,14:24:45,Shipped,FBA,Amazon.com,Two-Day,CUST-00519,CA,San Diego,39697,US,USD,0.0,0.0,30.08
114-2431404-5526802,2025-02-07,20:58:09,Shipped,FBA,Amazon.com,Two-Day,CUST-00638,IA,Centerville,26920,US,USD,0.0,0.0,110.36
114-4873573-3518067,2025-02-07,09:58:30,Shipped,FBA,Amazon.com,Expedited,CUST-01739,KS,Springfield,75066,US,USD,0.0,0.0,39.53
114-9087865-7293403,2025-02-07,01:32:22,Shipped,FBA,Amazon.com,Two-Day,CUST-00033,TN,Knoxville,17806,US,USD,0.0,0.0,19.47
114-1164605-5547791,2025-02-08,11:55:26,Shipped,FBA,Amazon.com,Expedited,CUST-01585,CO,Springfield,26241,US,USD,0.0,0.0,36.67
114-2982431-2052513,2025-02-08,09:27:46,Shipped,FBA,Amazon.com,Two-Day,CUST-01053,WA,Tacoma,73269,US,USD,0.0,1.89,11.55
114-3792143-5621875,2025-02-08,19:26:15,Shipped,FBA,Amazon.com,Expedited,CUST-00851,SC,Centerville,73234,US,USD,0.0,0.0,18.93
114-7150740-1787382,2025-02-08,05:12:12,Shipped,FBA,Amazon.com,Standard,CUST-01318,WA,Bellevue,38613,US,USD,0.0,0.0,31.59
114-8227715-7103897,2025-02-08,23:36:10,Shipped,FBA,Amazon.com,Two-Day,CUST-01523,IL,Naperville,68062,US,USD,0.0,0.0,13.62
114-1788304-3053706,2025-02-09,22:48:12,Pending,FBM,Amazon.com,Standard,CUST-00338,MI,Ann Arbor,52477,US,USD,6.1,0.0,211.67
114-2504517-6746006,2025-02-09,22:34:21,Shipped,FBA,Amazon.com,Two-Day,CUST-00384,OK,Riverside,91379,US,USD,0.0,0.0,41.1
114-4146348-4114349,2025-02-09,12:02:58,Canceled,FBM,Amazon.com,Expedited,CUST-00177,FL,Miami,76476,US,USD,5.99,0.0,140.81
114-5186775-6727598,2025-02-09,01:19:21,Shipped,FBA,Amazon.com,Two-Day,CUST-01790,MI,Grand Rapids,63465,US,USD,0.0,0.0,109.5
114-7442823-4644458,2025-02-09,17:36:51,Shipped,FBM,Amazon.com,Standard,CUST-01370,LA,Fairview,24003,US,USD,6.8,0.0,62.42
114-2063269-6500752,2025-02-10,07:41:10,Shipped,FBM,Amazon.com,Standard,CUST-00068,IL,Naperville,67896,US,USD,4.61,0.0,57.73
114-2452972-8685711,2025-02-10,23:49:47,Shipped,FBM,Amazon.com,Standard,CUST-01729,ME,Centerville,66645,US,USD,5.16,1.41,386.41
114-2708399-3133651,2025-02-10,02:21:27,Shipped,FBA,Amazon.com,Standard,CUST-01759,NC,Greensboro,80157,US,USD,0.0,0.0,57.15
114-3921178-2715740,2025-02-10,17:36:24,Shipped,FBA,Amazon.com,Two-Day,CUST-00550,TX,Austin,96214,US,USD,0.0,2.57,51.51
114-4561243-1295576,2025-02-10,02:22:52,Shipped,FBA,Amazon.com,Standard,CUST-00207,NY,Albany,28096,US,USD,0.0,0.0,58.26
114-6944560-8232780,2025-02-10,16:53:22,Shipped,FBA,Amazon.com,Standard,CUST-00236,NJ,Paterson,49326,US,USD,0.0,5.78,143.58
114-8347741-5742281,2025-02-10,13:04:29,Pending,FBA,Amazon.com,Two-Day,CUST-00193,CO,Fairview,21239,US,USD,0.0,0.0,26.5
114-1073470-1368958,2025-02-11,16:08:51,Shipped,FBA,Amazon.com,Two-Day,CUST-00667,CA,Sacramento,61744,US,USD,0.0,0.0,17.61
114-1623137-2613678,2025-02-11,18:45:13,Shipped,FBA,Amazon.com,Two-Day,CUST-00608,NV,Georgetown,96246,US,USD,0.0,0.0,89.73
114-4353274-2074999,2025-02-11,06:40:25,Canceled,FBA,Amazon.com,Two-Day,CUST-01466,NY,Syracuse,74331,US,USD,0.0,0.0,109.5
114-4565762-3182864,2025-02-11,11:39:37,Unshipped,FBA,Amazon.com,Standard,CUST-00810,OH,Cleveland,72616,US,USD,0.0,3.06,233.41
114-7391642-7137345,2025-02-11,11:01:57,Shipped,FBA,Amazon.com,Standard,CUST-00642,TX,Houston,83010,US,USD,0.0,0.0,80.18
114-8244288-3181033,2025-02-11,23:39:34,Shipped,FBA,Amazon.com,Standard,CUST-01502,KS,Riverside,21338,US,USD,0.0,0.0,18.93
114-8368372-4185169,2025-02-11,08:42:50,Shipped,FBA,Amazon.com,Two-Day,CUST-01341,TX,Dallas,60361,US,USD,0.0,0.0,38.1
114-1876263-8095167,2025-02-12,13:05:55,Shipped,FBM,Amazon.com,Standard,CUST-00721,OK,Springfield,69516,US,USD,7.73,0.0,61.28
114-1919374-7455317,2025-02-12,23:23:02,Shipped,FBA,Amazon.com,Standard,CUST-00700,MN,Springfield,80601,US,USD,0.0,0.0,41.1
114-4298297-7866413,2025-02-12,14:13:39,Shipped,FBM,Amazon.com,Standard,CUST-00045,CT,Springfield,19725,US,USD,4.03,0.0,112.06
114-6937465-1898548,2025-02-12,14:55:24,Shipped,FBA,Amazon.com,Two-Day,CUST-00760,CO,Riverside,61201,US,USD,0.0,0.0,75.14
114-8666056-9083617,2025-02-12,18:49:04,Shipped,FBM,Amazon.com,Standard,CUST-00590,NC,Raleigh,64831,US,USD,5.23,2.97,231.38
114-9701622-1729471,2025-02-12,05:13:37,Shipped,FBM,Amazon.com,Standard,CUST-01448,KS,Fairview,50086,US,USD,6.06,0.0,59.8
114-1519997-2520604,2025-02-13,12:03:43,Pending,FBM,Amazon.com,Standard,CUST-00308,MO,Centerville,91681,US,USD,7.95,0.0,187.41
114-4156588-4448087,2025-02-13,04:56:26,Shipped,FBA,Amazon.com,Standard,CUST-00430,NJ,Paterson,44922,US,USD,0.0,0.0,69.29
114-5432782-7129838,2025-02-13,22:25:37,Shipped,FBA,Amazon.com,Standard,CUST-00528,TX,San Antonio,77403,US,USD,0.0,0.0,106.1
114-5912228-2103332,2025-02-13,18:01:56,Canceled,FBA,Amazon.com,Two-Day,CUST-00693,ND,Springfield,73201,US,USD,0.0,0.0,121.63
114-7280832-9129618,2025-02-13,06:30:32,Shipped,FBA,Amazon.com,Standard,CUST-01475,IL,Chicago,83023,US,USD,0.0,0.0,136.24
114-8167189-6324124,2025-02-13,04:48:36,Shipped,FBA,Amazon.com,Standard,CUST-00626,CO,Centerville,49669,US,USD,0.0,0.0,19.47
114-8199730-8026853,2025-02-13,17:27:40,Shipped,FBA,Amazon.com,Standard,CUST-00614,TX,Austin,72447,US,USD,0.0,0.0,123.95
114-9066585-5419713,2025-02-13,15:57:06,Shipped,FBA,Amazon.com,Expedited,CUST-00589,NJ,Trenton,74771,US,USD,0.0,0.0,40.54
114-1036611-8096466,2025-02-14,17:02:33,Pending,FBM,Amazon.com,Standard,CUST-00232,FL,Tampa,57962,US,USD,6.87,0.0,95.57
114-1778251-3061272,2025-02-14,00:43:47,Shipped,FBA,Amazon.com,Standard,CUST-00169,IA,Fairview,35470,US,USD,0.0,0.0,305.78
114-3787980-3684001,2025-02-14,15:43:01,Canceled,FBA,Amazon.com,Expedited,CUST-00668,MA,Cambridge,64646,US,USD,0.0,0.0,101.96
114-5378377-1673337,2025-02-14,13:20:05,Pending,FBM,Amazon.com,Standard,CUST-01748,UT,Fairview,84261,US,USD,4.0,0.0,141.53
114-5909612-7136216,2025-02-14,18:53:19,Shipped,FBA,Amazon.com,Two-Day,CUST-00757,CA,Fresno,11268,US,USD,0.0,0.0,13.62
114-6351705-2544587,2025-02-14,22:27:49,Shipped,FBA,Amazon.com,Two-Day,CUST-01235,AZ,Tucson,90478,US,USD,0.0,0.0,54.48
114-2149517-2572322,2025-02-15,09:57:05,Shipped,FBA,Amazon.com,Standard,CUST-00420,MN,Springfield,18906,US,USD,0.0,0.0,49.25
114-3433514-7490950,2025-02-15,05:56:11,Shipped,FBA,Amazon.com,Two-Day,CUST-00847,RI,Centerville,61355,US,USD,0.0,0.0,177.4
114-5377586-3019769,2025-02-15,15:51:53,Shipped,FBA,Amazon.com,Two-Day,CUST-00746,CA,San Jose,40169,US,USD,0.0,0.0,21.32
114-6034975-1404438,2025-02-15,17:37:59,Shipped,FBM,Amazon.com,Standard,CUST-00560,WA,Seattle,78454,US,USD,5.07,0.0,62.69
114-9579726-9277714,2025-02-15,03:55:54,Shipped,FBM,Amazon.com,Standard,CUST-00663,CT,Georgetown,88059,US,USD,7.04,0.0,62.71
114-1247568-3122120,2025-02-16,19:34:59,Shipped,FBA,Amazon.com,Two-Day,CUST-00208,WI,Riverside,23143,US,USD,0.0,0.0,99.05
114-4128270-6035338,2025-02-16,22:26:51,Shipped,FBA,Amazon.com,Standard,CUST-00648,GA,Augusta,76194,US,USD,0.0,0.0,75.67
114-4370808-2303527,2025-02-16,23:31:43,Shipped,FBA,Amazon.com,Standard,CUST-00243,GA,Augusta,51533,US,USD,0.0,0.0,26.96
114-5131966-1138883,2025-02-16,02:02:36,Shipped,FBA,Amazon.com,Two-Day,CUST-01357,GA,Macon,77397,US,USD,0.0,0.0,174.53
114-6655346-1331949,2025-02-16,18:24:52,Shipped,FBA,Amazon.com,Two-Day,CUST-01680,AK,Centerville,26326,US,USD,0.0,12.01,75.92
114-6932930-1211654,2025-02-16,07:20:46,Shipped,FBA,Amazon.com,Two-Day,CUST-01435,FL,Fort Lauderdale,57520,US,USD,0.0,3.05,56.04
114-7029116-7338467,2025-02-16,01:33:44,Shipped,FBA,Amazon.com,Two-Day,CUST-01680,AK,Centerville,26326,US,USD,0.0,0.0,40.54
114-7750500-5354644,2025-02-16,07:46:36,Shipped,FBA,Amazon.com,Two-Day,CUST-01772,OH,Cleveland,31957,US,USD,0.0,0.0,90.53
114-6833547-2640751,2025-02-17,15:18:27,Shipped,FBA,Amazon.com,Two-Day,CUST-01530,TX,Austin,25524,US,USD,0.0,0.0,17.61
114-7155043-6005242,2025-02-17,15:55:51,Shipped,FBM,Amazon.com,Standard,CUST-00081,MD,Fairview,46291,US,USD,5.22,0.0,36.81
114-1240522-9246718,2025-02-18,09:22:39,Pending,FBA,Amazon.com,Two-Day,CUST-00560,WA,Seattle,78454,US,USD,0.0,0.0,86.26
114-1424015-2198780,2025-02-18,08:24:36,Shipped,FBA,Amazon.com,Standard,CUST-00320,GA,Savannah,64700,US,USD,0.0,0.0,221.75
114-4464127-1222519,2025-02-18,08:53:04,Shipped,FBA,Amazon.com,Standard,CUST-01460,WV,Riverside,52160,US,USD,0.0,0.0,98.79
114-6902803-3007039,2025-02-18,10:44:09,Shipped,FBA,Amazon.com,Two-Day,CUST-00496,CO,Riverside,12955,US,USD,0.0,0.0,40.54
114-8405483-2346854,2025-02-18,19:11:16,Shipped,FBA,Amazon.com,Standard,CUST-00007,WI,Georgetown,41217,US,USD,0.0,0.0,110.91
114-9839713-4815503,2025-02-18,07:27:48,Shipped,FBM,Amazon.com,Standard,CUST-01084,TX,Austin,15367,US,USD,6.77,0.0,133.69
114-1453303-3307012,2025-02-19,20:55:27,Shipped,FBA,Amazon.com,Two-Day,CUST-00461,MI,Ann Arbor,45349,US,USD,0.0,6.03,75.05
114-2204692-5809679,2025-02-19,06:44:31,Shipped,FBM,Amazon.com,Standard,CUST-01481,MD,Riverside,89102,US,USD,7.14,2.33,26.13
114-3093662-6174508,2025-02-19,16:57:42,Shipped,FBA,Amazon.com,Two-Day,CUST-00752,DC,Springfield,49252,US,USD,0.0,0.0,247.08
114-4368129-8962835,2025-02-19,04:44:51,Shipped,FBM,Amazon.com,Standard,CUST-00144,AK,Springfield,42943,US,USD,5.33,2.63,375.99
114-5814049-5273756,2025-02-19,18:26:22,Canceled,FBA,Amazon.com,Two-Day,CUST-01289,GA,Savannah,15799,US,USD,0.0,0.0,51.35
114-7573147-3831541,2025-02-19,20:25:10,Shipped,FBA,Amazon.com,Two-Day,CUST-01180,WY,Centerville,56447,US,USD,0.0,0.0,88.7
114-1663375-7104838,2025-02-20,15:51:04,Shipped,FBA,Amazon.com,Two-Day,CUST-01551,FL,Orlando,71500,US,USD,0.0,0.0,21.66
114-6481567-5951639,2025-02-20,00:17:48,Shipped,FBM,Amazon.com,Standard,CUST-00212,PA,Erie,67536,US,USD,5.25,0.0,50.87
114-9744886-9435345,2025-02-20,18:28:02,Shipped,FBA,Amazon.com,Two-Day,CUST-01645,TX,Houston,67422,US,USD,0.0,5.47,144.89
114-1377555-6964179,2025-02-21,14:20:43,Shipped,FBA,Amazon.com,Two-Day,CUST-01790,MI,Grand Rapids,63465,US,USD,0.0,0.0,162.48
114-4324362-4933783,2025-02-21,02:58:03,Shipped,FBA,Amazon.com,Two-Day,CUST-01471,OR,Centerville,25663,US,USD,0.0,0.0,15.31
114-8405073-4850836,2025-02-21,19:28:54,Shipped,FBA,Amazon.com,Expedited,CUST-00010,UT,Riverside,41034,US,USD,0.0,0.0,42.31
114-1634124-2686460,2025-02-22,02:51:02,Shipped,FBA,Amazon.com,Standard,CUST-01419,WA,Seattle,82150,US,USD,0.0,1.5,300.85
114-4243587-6617699,2025-02-22,02:54:47,Canceled,FBM,Amazon.com,Expedited,CUST-01123,CA,Sacramento,75034,US,USD,4.09,0.0,115.0
114-1846631-1599611,2025-02-23,07:05:20,Shipped,FBA,Amazon.com,Two-Day,CUST-00679,OR,Georgetown,21161,US,USD,0.0,0.0,278.62
114-2415819-6695216,2025-02-23,21:34:05,Shipped,FBA,Amazon.com,Two-Day,CUST-01430,TX,San Antonio,68114,US,USD,0.0,0.0,21.32
114-6027924-3733169,2025-02-23,08:36:02,Shipped,FBA,Amazon.com,Two-Day,CUST-00708,RI,Riverside,98864,US,USD,0.0,0.0,19.25
114-1564896-3390594,2025-02-24,01:58:23,Shipped,FBA,Amazon.com,Two-Day,CUST-01212,CA,Fresno,53684,US,USD,0.0,2.3,169.64
114-1749285-7470354,2025-02-24,10:57:25,Canceled,FBA,Amazon.com,Two-Day,CUST-01060,TX,Austin,34514,US,USD,0.0,0.0,49.25
114-3949116-4363896,2025-02-24,17:45:23,Canceled,FBM,Amazon.com,Standard,CUST-00461,MI,Ann Arbor,45349,US,USD,6.93,0.0,49.24
114-3370656-8369810,2025-02-25,12:20:26,Shipped,FBA,Amazon.com,Two-Day,CUST-01609,GA,Augusta,28591,US,USD,0.0,0.0,166.67
114-5610226-1508917,2025-02-25,11:04:51,Shipped,FBM,Amazon.com,Expedited,CUST-01577,OH,Cleveland,57681,US,USD,4.64,0.0,85.72
114-6321605-5878302,2025-02-25,02:53:07,Shipped,FBM,Amazon.com,Expedited,CUST-01176,HI,Fairview,47602,US,USD,6.88,0.0,63.12
114-3666472-7988135,2025-02-26,04:02:59,Shipped,FBA,Amazon.com,Expedited,CUST-01492,MD,Riverside,39041,US,USD,0.0,0.0,154.72
114-4818153-9613865,2025-02-26,16:07:06,Shipped,FBM,Amazon.com,Expedited,CUST-00496,CO,Riverside,12955,US,USD,5.76,0.0,110.68
114-6939432-9537648,2025-02-26,07:38:42,Shipped,FBA,Amazon.com,Two-Day,CUST-01190,NC,Charlotte,40366,US,USD,0.0,0.0,46.35
114-1233398-9406813,2025-02-27,08:20:16,Canceled,FBM,Amazon.com,Expedited,CUST-00183,CA,San Jose,40673,US,USD,7.87,0.0,146.41
114-2184456-1455692,2025-02-27,05:15:30,Shipped,FBA,Amazon.com,Two-Day,CUST-01129,CA,San Jose,95620,US,USD,0.0,0.0,18.93
114-3734765-4524077,2025-02-27,06:30:17,Shipped,FBM,Amazon.com,Standard,CUST-00169,IA,Fairview,35470,US,USD,7.7,0.0,175.07
114-7786727-6040873,2025-02-27,20:35:02,Shipped,FBA,Amazon.com,Standard,CUST-00120,TX,Austin,52026,US,USD,0.0,0.0,18.93
114-1457506-7480772,2025-02-28,05:27:36,Shipped,FBA,Amazon.com,Two-Day,CUST-00897,WV,Riverside,96066,US,USD,0.0,0.0,148.12
114-2218773-3693317,2025-02-28,13:52:59,Shipped,FBA,Amazon.com,Standard,CUST-00088,IL,Springfield,44152,US,USD,0.0,0.0,91.24
114-2750356-6528835,2025-02-28,22:58:56,Shipped,FBA,Amazon.com,Two-Day,CUST-00760,CO,Riverside,61201,US,USD,0.0,0.0,89.73
114-3063918-1291552,2025-02-28,00:54:27,Pending,FBA,Amazon.com,Standard,CUST-01268,IL,Peoria,92709,US,USD,0.0,0.0,87.21
114-6165767-9642054,2025-02-28,02:08:07,Shipped,FBM,Amazon.com,Standard,CUST-00711,MD,Riverside,16155,US,USD,6.99,0.0,31.81
114-6658004-8893828,2025-02-28,21:47:55,Shipped,FBM,Amazon.com,Scheduled,CUST-01728,GA,Savannah,91665,US,USD,6.54,0.0,96.27
114-1056349-9659693,2025-03-01,02:24:36,Shipped,FBA,Amazon.com,Standard,CUST-01551,FL,Orlando,71500,US,USD,0.0,4.66,38.52
114-2135789-8332121,2025-03-01,22:37:45,Shipped,FBA,Amazon.com,Standard,CUST-00987,MI,Lansing,24302,US,USD,0.0,0.0,109.5
114-5028339-3014052,2025-03-01,21:56:23,Shipped,FBA,Amazon.com,Standard,CUST-00525,TN,Nashville,79315,US,USD,0.0,1.83,249.5
114-7596826-4153748,2025-03-01,09:42:40,Shipped,FBM,Amazon.com,Standard,CUST-00183,CA,San Jose,40673,US,USD,5.04,0.0,20.35
114-8142454-3021076,2025-03-01,22:06:04,Shipped,FBA,Amazon.com,Standard,CUST-00334,VA,Arlington,62171,US,USD,0.0,0.0,107.84
114-8608039-3601196,2025-03-01,13:59:13,Shipped,FBA,Amazon.com,Two-Day,CUST-01556,NE,Springfield,18076,US,USD,0.0,0.0,72.21
114-1800922-2841967,2025-03-02,02:52:57,Shipped,FBA,Amazon.com,Two-Day,CUST-00420,MN,Springfield,18906,US,USD,0.0,0.0,17.84
114-6110124-2154674,2025-03-02,11:46:15,Shipped,FBM,Amazon.com,Standard,CUST-00499,NC,Greensboro,50381,US,USD,4.25,4.61,63.49
114-8424332-4792245,2025-03-02,09:32:52,Shipped,FBA,Amazon.com,Two-Day,CUST-00500,MS,Centerville,47831,US,USD,0.0,8.18,210.06
114-8424332-4792245,2025-03-02,09:32:52,Shipped,FBA,Amazon.com,Two-Day,CUST-00500,MS,Centerville,47831,US,USD,0.0,8.18,210.06
114-8666531-4789896,2025-03-02,21:23:58,Shipped,FBA,Amazon.com,Two-Day,CUST-01343,VA,Norfolk,94390,US,USD,0.0,0.0,128.71
114-2442046-1790983,2025-03-03,19:03:42,Shipped,FBA,Amazon.com,Two-Day,CUST-01648,NY,Buffalo,28025,US,USD,0.0,0.0,42.31
114-2665331-5671330,2025-03-03,03:54:47,Shipped,FBA,Amazon.com,Standard,CUST-00305,NJ,Jersey City,83553,US,USD,0.0,2.2,52.32
114-3259071-5694772,2025-03-03,07:56:05,Shipped,FBA,Amazon.com,Standard,CUST-00689,MI,Grand Rapids,12440,US,USD,0.0,2.47,162.67
114-3672979-3967496,2025-03-03,11:10:28,Shipped,FBA,Amazon.com,Two-Day,CUST-00260,CA,Los Angeles,46977,US,USD,0.0,0.0,154.05
114-9461660-1495807,2025-03-03,21:19:14,Shipped,FBA,Amazon.com,Two-Day,CUST-00827,GA,Atlanta,79550,US,USD,0.0,0.0,19.47
114-4943004-9982809,2025-03-04,21:24:33,Shipped,FBA,Amazon.com,Two-Day,CUST-00144,AK,Springfield,42943,US,USD,0.0,0.0,21.36
114-7562471-4062040,2025-03-04,10:03:49,Shipped,FBM,Amazon.com,Standard,CUST-01588,AZ,Tucson,75100,US,USD,6.76,0.0,79.36
114-8063272-6861357,2025-03-04,22:09:54,Shipped,FBA,Amazon.com,Expedited,CUST-00851,SC,Centerville,73234,US,USD,0.0,0.0,175.23
114-9009453-6130509,2025-03-04,10:07:54,Shipped,FBA,Amazon.com,Standard,CUST-00397,TX,El Paso,12058,US,USD,0.0,0.0,39.53
114-9172000-4212063,2025-03-04,22:27:49,Shipped,FBA,Amazon.com,Standard,CUST-00634,MI,Lansing,67177,US,USD,0.0,0.0,31.59
114-9388090-1504718,2025-03-04,03:00:11,Canceled,FBA,Amazon.com,Standard,CUST-00212,PA,Erie,67536,US,USD,0.0,4.97,79.61
114-9528030-5409809,2025-03-04,11:09:36,Shipped,FBA,Amazon.com,Two-Day,CUST-01248,NV,Riverside,67310,US,USD,0.0,0.0,24.82
114-2895920-9221915,2025-03-05,01:53:05,Shipped,FBA,Amazon.com,Two-Day,CUST-00253,OH,Cleveland,55073,US,USD,0.0,0.0,153.18
114-3083730-7129228,2025-03-05,06:40:50,Shipped,FBA,Amazon.com,Two-Day,CUST-00737,WI,Springfield,25531,US,USD,0.0,0.0,97.71
114-4922062-1156351,2025-03-05,23:03:11,Shipped,FBA,Amazon.com,Two-Day,CUST-00554,IN,Fairview,44754,US,USD,0.0,0.0,327.24
114-5009764-6915526,2025-03-05,21:24:57,Shipped,FBA,Amazon.com,Two-Day,CUST-00983,GA,Augusta,77171,US,USD,0.0,0.0,83.42
114-5661974-1626767,2025-03-05,01:54:04,Shipped,FBA,Amazon.com,Two-Day,CUST-01335,NC,Charlotte,32145,US,USD,0.0,0.0,191.33
114-6137400-2451359,2025-03-05,10:50:47,Shipped,FBA,Amazon.com,Standard,CUST-01579,TX,Fort Worth,80295,US,USD,0.0,0.0,88.7
114-9434963-3124791,2025-03-05,16:37:04,Canceled,FBA,Amazon.com,Two-Day,CUST-00316,CO,Georgetown,12816,US,USD,0.0,0.0,64.08
114-4601629-5527803,2025-03-06,04:30:26,Shipped,FBA,Amazon.com,Two-Day,CUST-00172,WI,Riverside,51652,US,USD,0.0,0.0,106.74
114-5691746-6300302,2025-03-06,18:18:45,Shipped,FBM,Amazon.com,Standard,CUST-00485,MO,Georgetown,81888,US,USD,7.22,0.0,134.01
114-6107007-7087108,2025-03-06,09:55:41,Shipped,FBA,Amazon.com,Two-Day,CUST-01418,KS,Centerville,94186,US,USD,0.0,0.0,19.25
114-7337981-4882352,2025-03-06,19:10:02,Canceled,FBA,Amazon.com,Expedited,CUST-00942,CA,Sacramento,64432,US,USD,0.0,0.0,55.67
114-9622363-2327669,2025-03-06,02:37:45,Shipped,FBA,Amazon.com,Two-Day,CUST-00508,NY,Albany,84130,US,USD,0.0,0.0,18.37
114-4635470-3562992,2025-03-07,17:42:54,Shipped,FBA,Amazon.com,Two-Day,CUST-00263,KY,Springfield,81197,US,USD,0.0,0.0,88.7
114-5295403-9962138,2025-03-07,06:10:15,Shipped,FBA,Amazon.com,Two-Day,CUST-01749,FL,Miami,73818,US,USD,0.0,0.0,107.91
114-8839464-1855315,2025-03-07,00:40:51,Shipped,FBA,Amazon.com,Standard,CUST-01185,MD,,87080,US,USD,0.0,0.0,40.21
114-3961635-2247698,2025-03-08,14:32:00,Shipped,FBM,Amazon.com,Expedited,CUST-01460,WV,Riverside,52160,US,USD,4.67,0.0,135.53
114-6155337-5723640,2025-03-08,06:32:43,Shipped,FBA,Amazon.com,Two-Day,CUST-00552,OH,Cleveland,54035,US,USD,0.0,0.0,13.62
114-6160334-2696630,2025-03-08,07:08:44,Shipped,FBA,Amazon.com,Two-Day,CUST-00384,OK,Riverside,91379,US,USD,0.0,0.0,57.15
114-8681474-8470869,2025-03-08,13:55:59,Shipped,FBA,Amazon.com,Two-Day,CUST-00250,NH,Georgetown,68306,US,USD,0.0,0.0,223.86
114-4456664-2563204,2025-03-09,13:28:57,Shipped,FBM,Amazon.com,Standard,CUST-00033,TN,Knoxville,17806,US,USD,7.51,0.0,169.96
114-6233885-3128762,2025-03-09,02:06:59,Shipped,FBM,Amazon.com,Standard,CUST-00557,MO,Georgetown,51071,US,USD,6.83,0.0,95.53
114-6900708-1662107,2025-03-09,13:06:57,Shipped,FBA,Amazon.com,Two-Day,CUST-01647,GA,Macon,18773,US,USD,0.0,7.61,366.01
114-7208359-7734040,2025-03-09,22:03:30,Pending,FBA,Amazon.com,Standard,CUST-01138,TN,Nashville,41217,US,USD,0.0,0.0,177.4
114-7871605-5127721,2025-03-09,11:57:45,Shipped,FBA,Amazon.com,Standard,CUST-00950,OK,Centerville,46500,US,USD,0.0,0.0,24.09
114-2084304-2873952,2025-03-10,05:22:02,Shipped,FBA,Amazon.com,Expedited,CUST-00599,ME,Fairview,77760,US,USD,0.0,0.0,24.09
114-3990767-3165349,2025-03-10,21:37:13,Shipped,FBA,Amazon.com,Expedited,CUST-01098,CO,Fairview,17977,US,USD,0.0,5.76,179.76
114-5770818-9720948,2025-03-10,05:45:34,Shipped,FBA,Amazon.com,Two-Day,CUST-00931,SD,Springfield,60067,US,USD,0.0,2.09,258.21
114-6406341-5174283,2025-03-10,21:50:44,Shipped,FBA,Amazon.com,Two-Day,CUST-00847,RI,Centerville,61355,US,USD,0.0,0.0,249.0
114-2190891-4326518,2025-03-11,14:18:35,Shipped,FBA,Amazon.com,Two-Day,CUST-00545,AZ,Tucson,76412,US,USD,0.0,0.0,34.22
114-5902673-7685461,2025-03-11,00:32:56,Shipped,FBA,Amazon.com,Standard,CUST-00760,CO,Riverside,61201,US,USD,0.0,0.0,72.33
114-6472794-1020311,2025-03-11,07:38:55,Shipped,FBA,Amazon.com,Standard,CUST-00474,NM,Fairview,16758,US,USD,0.0,0.0,35.68
114-6568060-5974557,2025-03-11,19:46:34,Shipped,FBA,Amazon.com,Two-Day,CUST-01220,MA,Springfield,65725,US,USD,0.0,0.0,123.51
114-8160556-7731559,2025-03-11,21:07:37,Shipped,FBA,Amazon.com,Two-Day,CUST-01444,NC,Greensboro,22950,US,USD,0.0,0.0,19.47
114-5550331-7582395,2025-03-12,11:29:07,Canceled,FBA,Amazon.com,Standard,CUST-00977,IL,Peoria,15244,US,USD,0.0,0.0,141.45
114-7530373-5534911,2025-03-12,16:00:36,Pending,FBA,Amazon.com,Two-Day,CUST-00863,ID,Springfield,82708,US,USD,0.0,0.0,23.36
114-1786700-9252661,2025-03-13,04:11:05,Shipped,FBM,Amazon.com,Standard,CUST-01280,AZ,Phoenix,50537,US,USD,5.13,0.0,79.64
114-1809403-7601083,2025-03-13,03:34:07,Shipped,FBA,Amazon.com,Two-Day,CUST-00139,NV,Georgetown,23955,US,USD,0.0,0.0,46.37
114-5128333-4430825,2025-03-13,06:42:13,Shipped,FBA,Amazon.com,Two-Day,CUST-01071,FL,Miami,87857,US,USD,0.0,0.0,63.12
114-9060352-7014574,2025-03-13,12:31:42,Shipped,FBA,Amazon.com,Standard,CUST-01228,LA,Georgetown,88476,US,USD,0.0,0.0,12.73
114-3000855-2276185,2025-03-14,09:11:46,Shipped,FBA,Amazon.com,Two-Day,CUST-00629,MI,Grand Rapids,68361,US,USD,0.0,0.0,198.2
114-3527377-4710478,2025-03-14,22:24:40,Shipped,FBA,Amazon.com,Two-Day,CUST-01594,AK,Centerville,12523,US,USD,0.0,0.0,46.76
114-6002828-3435911,2025-03-14,08:57:50,Canceled,FBA,Amazon.com,Two-Day,CUST-01156,GA,Augusta,95594,US,USD,0.0,0.0,118.59
114-6728280-6984457,2025-03-14,09:47:50,Shipped,FBA,Amazon.com,Standard,CUST-01143,KS,Fairview,95674,US,USD,0.0,0.0,101.5
114-7513054-1179268,2025-03-14,07:01:37,Shipped,FBA,Amazon.com,Two-Day,CUST-00626,CO,Centerville,49669,US,USD,0.0,3.36,100.22
114-7781554-1918930,2025-03-14,00:41:28,Unshipped,FBA,Amazon.com,Standard,CUST-01747,KS,Centerville,52412,US,USD,0.0,0.0,31.59
114-3128186-7280747,2025-03-15,07:48:10,Shipped,FBA,Amazon.com,Two-Day,CUST-01729,ME,Centerville,66645,US,USD,0.0,9.09,179.25
114-3447725-6635504,2025-03-15,16:27:12,Shipped,FBA,Amazon.com,Two-Day,CUST-00265,SD,Centerville,22315,US,USD,0.0,0.0,79.06
114-4092823-4058136,2025-03-15,09:10:10,Shipped,FBA,Amazon.com,Expedited,CUST-00475,OH,Columbus,83499,US,USD,0.0,0.0,169.85
114-4238768-2831981,2025-03-15,12:55:42,Shipped,FBA,Amazon.com,Standard,CUST-01732,CT,Centerville,20863,US,USD,0.0,0.0,124.8
114-6815610-5067139,2025-03-15,05:02:53,Shipped,FBA,Amazon.com,Standard,CUST-00326,FL,Fort Lauderdale,84323,US,USD,0.0,0.0,67.17
114-8206562-8364631,2025-03-15,12:34:28,Shipped,FBA,Amazon.com,Standard,CUST-00514,OH,Cleveland,77917,US,USD,0.0,0.0,19.25
114-8703962-7832145,2025-03-15,11:49:30,Shipped,FBA,Amazon.com,Two-Day,CUST-00087,LA,Fairview,95778,US,USD,0.0,0.0,54.55
114-1116866-7811008,2025-03-17,23:37:59,Shipped,FBA,Amazon.com,Standard,CUST-01650,NY,Syracuse,64166,US,USD,0.0,0.0,42.31
114-3702847-8762357,2025-03-17,09:47:14,Shipped,FBA,Amazon.com,Two-Day,CUST-00454,OR,Springfield,29558,US,USD,0.0,0.0,94.16
114-5931039-5620628,2025-03-17,10:53:35,Shipped,FBA,Amazon.com,Standard,CUST-00683,NJ,Newark,79193,US,USD,0.0,0.0,51.35
114-7025935-1794146,2025-03-17,22:46:34,Shipped,FBA,Amazon.com,Standard,CUST-00094,NC,Charlotte,14944,US,USD,0.0,0.0,88.7
114-2629693-7420346,2025-03-18,01:35:10,Shipped,FBA,Amazon.com,Expedited,CUST-01639,CA,Sacramento,68252,US,USD,0.0,0.0,22.81
114-5731833-1079643,2025-03-18,14:23:08,Shipped,FBA,Amazon.com,Two-Day,CUST-00573,ND,Fairview,50392,US,USD,0.0,0.0,89.73
114-7531196-6836135,2025-03-18,22:26:24,Shipped,FBA,Amazon.com,Two-Day,CUST-00093,FL,Jacksonville,21539,US,USD,0.0,0.0,71.2
114-7670460-1542835,2025-03-18,15:57:45,Shipped,FBA,Amazon.com,Two-Day,CUST-00163,IA,Fairview,89503,US,USD,0.0,0.0,55.67
114-8489936-6160178,2025-03-18,07:51:51,Shipped,FBA,Amazon.com,Two-Day,CUST-00835,SC,Fairview,38885,US,USD,0.0,0.0,29.73
114-9991642-4836845,2025-03-18,16:33:29,Shipped,FBA,Amazon.com,Two-Day,CUST-01047,ND,Springfield,39362,US,USD,0.0,0.0,274.04
114-2699570-7423250,2025-03-19,18:26:50,Shipped,FBM,Amazon.com,Expedited,CUST-00351,MI,Lansing,78766,US,USD,5.72,0.0,506.21
114-3100416-6290332,2025-03-19,16:06:07,Shipped,FBM,Amazon.com,Standard,CUST-01363,PA,Allentown,30498,US,USD,6.62,0.0,156.15
114-3618261-2184412,2025-03-19,07:30:00,Shipped,FBA,Amazon.com,Two-Day,CUST-00208,WI,Riverside,23143,US,USD,0.0,0.0,260.54
114-6213397-9540127,2025-03-19,12:32:12,Shipped,FBA,Amazon.com,Standard,CUST-00204,MN,Centerville,95403,US,USD,0.0,0.0,192.96
114-7243070-9350868,2025-03-19,05:14:46,Shipped,FBA,Amazon.com,Two-Day,CUST-01061,MI,Detroit,56455,US,USD,0.0,0.0,55.67
114-7759870-8918739,2025-03-19,04:19:25,Shipped,FBA,Amazon.com,Standard,CUST-01408,AK,Georgetown,35727,US,USD,0.0,0.0,194.6
114-8169650-6113383,2025-03-19,18:58:44,Shipped,FBA,Amazon.com,Two-Day,CUST-00553,CT,Fairview,67146,US,USD,0.0,0.0,42.64
114-1118435-4011818,2025-03-20,06:41:54,Shipped,FBA,Amazon.com,Two-Day,CUST-01700,ID,Riverside,27339,US,USD,0.0,0.0,48.1
114-1152551-9107948,2025-03-20,03:01:00,Shipped,FBA,Amazon.com,Two-Day,CUST-01724,MD,Georgetown,42151,US,USD,0.0,0.0,119.08
114-2240805-6849932,2025-03-20,23:37:01,Shipped,FBA,Amazon.com,Two-Day,CUST-00541,WI,Georgetown,81646,US,USD,0.0,4.26,182.32
114-5252431-8326619,2025-03-21,01:06:57,Shipped,FBM,Amazon.com,Expedited,CUST-00717,KY,Springfield,14370,US,USD,7.12,0.0,28.48
114-7186497-2007074,2025-03-21,21:47:59,Shipped,FBA,Amazon.com,Two-Day,CUST-01241,PA,Pittsburgh,20154,US,USD,0.0,0.0,213.97
114-9141482-8121484,2025-03-21,07:19:57,Shipped,FBA,Amazon.com,Standard,CUST-00070,CA,Sacramento,13794,US,USD,0.0,0.0,19.25
114-9823976-9008410,2025-03-21,21:48:55,Shipped,FBA,Amazon.com,Two-Day,CUST-00792,HI,Georgetown,87000,US,USD,0.0,1.51,80.5
114-1909939-8074975,2025-03-22,21:56:17,Pending,FBA,Amazon.com,Standard,CUST-00373,WA,Spokane,30643,US,USD,0.0,0.0,100.46
114-3686287-7889897,2025-03-22,03:01:38,Canceled,FBA,Amazon.com,Two-Day,CUST-00030,PA,Allentown,84403,US,USD,0.0,0.0,116.41
114-4797739-5928043,2025-03-22,16:56:50,Shipped,FBM,Amazon.com,Expedited,CUST-01232,FL,Jacksonville,74904,US,USD,4.71,0.0,173.31
114-7847739-8477565,2025-03-22,13:52:17,Shipped,FBA,Amazon.com,Standard,CUST-00432,IA,Riverside,10433,US,USD,0.0,0.0,113.7
114-4296453-1168086,2025-03-23,01:38:42,Shipped,FBA,Amazon.com,Two-Day,CUST-00510,CA,San Jose,70429,US,USD,0.0,0.0,110.46
114-4949097-5053585,2025-03-23,03:39:34,Shipped,FBA,Amazon.com,Expedited,CUST-01412,TX,El Paso,14485,US,USD,0.0,0.0,31.59
114-6223892-7239071,2025-03-23,20:07:12,Shipped,FBA,Amazon.com,Standard,CUST-01049,AL,Springfield,44037,US,USD,0.0,0.0,108.32
114-2086312-9802768,2025-03-24,23:36:07,Shipped,FBM,Amazon.com,Scheduled,CUST-00004,CA,Fresno,91620,US,USD,7.83,0.0,23.14
114-4599278-4665326,2025-03-24,03:05:51,Shipped,FBA,Amazon.com,Two-Day,CUST-00410,KS,Georgetown,29809,US,USD,0.0,0.0,115.66
114-5300855-9741858,2025-03-24,22:48:07,Shipped,FBA,Amazon.com,Expedited,CUST-00139,NV,Georgetown,23955,US,USD,0.0,0.0,84.3
114-6470261-6051327,2025-03-24,17:05:56,Canceled,FBA,Amazon.com,Two-Day,CUST-00679,OR,Georgetown,21161,US,USD,0.0,0.0,111.39
114-6832076-2353223,2025-03-24,03:51:16,Shipped,FBM,Amazon.com,Standard,CUST-01323,WA,Seattle,60246,US,USD,6.99,0.0,73.45
114-7306118-6830800,2025-03-24,05:46:45,Shipped,FBA,Amazon.com,Two-Day,CUST-01010,LA,Georgetown,47172,US,USD,0.0,0.0,171.48
114-2536829-9505975,2025-03-25,01:33:22,Shipped,FBA,Amazon.com,Two-Day,CUST-00683,NJ,Newark,79193,US,USD,0.0,2.68,15.69
114-3253741-1660353,2025-03-25,12:16:42,Shipped,FBA,Amazon.com,Expedited,CUST-00190,IL,Naperville,87436,US,USD,0.0,0.0,84.18
114-4287909-1535776,2025-03-25,21:31:48,Shipped,FBM,Amazon.com,Standard,CUST-01167,PA,Pittsburgh,87493,US,USD,4.31,0.0,131.77
114-7787413-1812055,2025-03-25,12:50:17,Shipped,FBM,Amazon.com,Standard,CUST-00913,LA,Springfield,66479,US,USD,5.37,0.0,116.28
114-7896688-4728964,2025-03-25,16:37:45,Shipped,FBA,Amazon.com,Two-Day,CUST-00808,MO,Centerville,84135,US,USD,0.0,0.0,49.37
114-9481883-8269081,2025-03-25,21:13:07,Shipped,FBM,Amazon.com,Expedited,CUST-01247,SC,Georgetown,20249,US,USD,5.78,0.0,60.38
114-9799535-9045436,2025-03-25,05:24:20,Shipped,FBM,Amazon.com,Standard,CUST-00796,MO,Fairview,13105,US,USD,6.26,0.0,38.26
114-1882583-5778457,2025-03-26,14:37:07,Shipped,FBA,Amazon.com,Two-Day,CUST-00552,OH,Cleveland,54035,US,USD,0.0,2.55,86.33
114-1929841-8247080,2025-03-26,20:41:07,Unshipped,FBA,Amazon.com,Two-Day,CUST-00483,MD,Springfield,48209,US,USD,0.0,0.0,89.73
114-2330787-8615995,2025-03-26,19:38:09,Shipped,FBA,Amazon.com,Standard,CUST-00735,FL,Orlando,59666,US,USD,0.0,0.0,36.82
114-2522726-9269834,2025-03-26,14:13:34,Shipped,FBA,Amazon.com,Expedited,CUST-01194,TX,Austin,74651,US,USD,0.0,0.0,102.7
114-7541975-8743686,2025-03-26,08:40:12,Shipped,FBA,Amazon.com,Two-Day,CUST-00247,NM,Georgetown,20911,US,USD,0.0,0.0,96.15
114-1128442-8326285,2025-03-27,07:01:08,Canceled,FBA,Amazon.com,Standard,CUST-00803,MI,Grand Rapids,73176,US,USD,0.0,0.0,54.48
114-1805731-6696574,2025-03-27,10:36:10,Shipped,FBM,Amazon.com,Standard,CUST-00078,SC,Centerville,43029,US,USD,7.3,0.0,78.34
114-2078775-6566969,2025-03-27,16:40:59,Shipped,FBA,Amazon.com,Standard,CUST-00614,TX,Austin,72447,US,USD,0.0,0.0,42.18
114-3422865-4628876,2025-03-27,16:38:10,Shipped,FBA,Amazon.com,Two-Day,CUST-00225,NY,Syracuse,56665,US,USD,0.0,1.56,311.05
114-7311721-8099188,2025-03-27,06:40:49,Shipped,FBA,Amazon.com,Two-Day,CUST-00109,AL,Fairview,70853,US,USD,0.0,0.0,32.0
114-1011337-3897634,2025-03-28,20:19:04,Shipped,FBA,Amazon.com,Two-Day,CUST-00711,MD,Riverside,16155,US,USD,0.0,0.0,131.55
114-3113847-1876627,2025-03-28,16:42:00,Shipped,FBA,Amazon.com,Two-Day,CUST-00103,TX,Austin,96725,US,USD,0.0,0.0,31.31
114-4119712-8245643,2025-03-28,03:18:12,Shipped,FBA,Amazon.com,Two-Day,CUST-00663,CT,Georgetown,88059,US,USD,0.0,0.0,158.12
114-8579433-9361982,2025-03-28,12:25:51,Canceled,FBA,Amazon.com,Two-Day,CUST-00741,ND,Georgetown,18503,US,USD,0.0,0.0,64.56
114-9577717-4674007,2025-03-28,16:09:16,Shipped,FBA,Amazon.com,Standard,CUST-00895,CA,Los Angeles,55838,US,USD,0.0,0.0,10.4
114-2732002-5088595,2025-03-29,22:50:38,Pending,FBA,Amazon.com,Two-Day,CUST-00105,TX,Fort Worth,36181,US,USD,0.0,6.02,80.14
114-5544401-5330922,2025-03-29,21:53:40,Shipped,FBM,Amazon.com,Standard,CUST-01553,NY,New York,19932,US,USD,4.43,0.0,176.53
114-6538054-2672667,2025-03-29,11:33:28,Shipped,FBA,Amazon.com,Standard,CUST-00872,CA,Fresno,35248,US,USD,0.0,0.0,172.23
114-6550320-7112026,2025-03-29,18:49:18,Shipped,FBA,Amazon.com,Two-Day,CUST-00424,MO,Riverside,43205,US,USD,0.0,0.0,234.66
114-6930723-8773747,2025-03-29,06:39:53,Shipped,FBM,Amazon.com,Standard,CUST-01148,OH,Toledo,74927,US,USD,7.97,0.0,51.15
114-7947234-5795036,2025-03-29,16:31:53,Shipped,FBA,Amazon.com,Two-Day,CUST-00444,MA,Worcester,18271,US,USD,0.0,0.0,130.5
114-8447214-6205899,2025-03-29,07:22:28,Unshipped,FBA,Amazon.com,Two-Day,CUST-00087,LA,Fairview,95778,US,USD,0.0,0.0,68.16
114-9232445-7458432,2025-03-29,10:44:37,Shipped,FBA,Amazon.com,Two-Day,CUST-01451,TX,El Paso,83463,US,USD,0.0,0.0,102.7
114-9853402-1869144,2025-03-29,03:30:03,Shipped,FBA,Amazon.com,Standard,CUST-01400,FL,Jacksonville,30641,US,USD,0.0,3.99,60.46
114-2203787-4675611,2025-03-30,12:04:37,Unshipped,FBA,Amazon.com,Two-Day,CUST-00688,MA,Boston,45296,US,USD,0.0,4.68,67.53
114-3161704-6539431,2025-03-30,13:52:38,Shipped,FBA,Amazon.com,Standard,CUST-00972,VA,Richmond,98432,US,USD,0.0,0.0,8.44
114-3170365-9621340,2025-03-30,05:01:06,Shipped,FBM,Amazon.com,Standard,CUST-00609,SD,Georgetown,26950,US,USD,6.18,0.0,148.85
114-3896621-2007940,2025-03-30,20:48:28,Shipped,FBA,Amazon.com,Standard,CUST-01076,ID,Springfield,45381,US,USD,0.0,0.0,88.4
114-6508963-7609338,2025-03-30,04:32:23,Shipped,FBM,Amazon.com,Scheduled,CUST-00614,TX,Austin,72447,US,USD,7.42,0.0,21.04
114-3144013-2561478,2025-03-31,16:28:01,Shipped,FBA,Amazon.com,Expedited,CUST-00258,MO,Springfield,33908,US,USD,0.0,0.0,148.42
114-3438137-8208441,2025-03-31,18:27:59,Shipped,FBM,Amazon.com,Standard,CUST-00349,MN,Georgetown,57210,US,USD,6.95,0.0,69.77
114-4259863-8087736,2025-03-31,21:09:12,Shipped,FBA,Amazon.com,Two-Day,CUST-00952,MN,Riverside,95715,US,USD,0.0,0.0,91.46
114-6698851-8928853,2025-03-31,05:30:10,Shipped,FBM,Amazon.com,Standard,CUST-01178,FL,Miami,64870,US,USD,5.27,0.0,25.25
114-8536945-1410292,2025-03-31,07:28:37,Shipped,FBM,Amazon.com,Standard,CUST-00855,MO,Centerville,42112,US,USD,5.19,0.0,90.29
114-8789111-7637791,2025-03-31,02:26:52,Shipped,FBA,Amazon.com,Two-Day,CUST-00544,TX,Fort Worth,98476,US,USD,0.0,0.0,26.96
114-8873496-8332314,2025-03-31,02:38:46,Shipped,FBA,Amazon.com,Two-Day,CUST-01081,MT,Georgetown,54993,US,USD,0.0,0.0,294.98
114-9011589-6608076,2025-03-31,21:18:23,Shipped,FBA,Amazon.com,Two-Day,CUST-00987,MI,Lansing,24302,US,USD,0.0,0.0,83.86
114-9058519-6027321,2025-03-31,22:11:36,Shipped,FBA,Amazon.com,Standard,CUST-00208,WI,Riverside,23143,US,USD,0.0,10.09,115.55
114-1395398-3733001,2025-04-01,01:59:05,Shipped,FBM,Amazon.com,Standard,CUST-01062,TX,Austin,45728,US,USD,7.42,0.0,47.42
114-2976437-4963753,2025-04-01,12:34:01,Shipped,FBA,Amazon.com,Two-Day,CUST-00343,TX,Dallas,11600,US,USD,0.0,0.0,31.9
114-3328562-4204629,2025-04-01,16:14:40,Pending,FBA,Amazon.com,Two-Day,CUST-01791,VA,Arlington,81770,US,USD,0.0,0.0,97.43
114-6495382-6944309,2025-04-01,16:03:25,Canceled,FBA,Amazon.com,Two-Day,CUST-00681,CA,San Jose,36975,US,USD,0.0,0.0,109.5
114-7044732-7318365,2025-04-01,09:04:08,Shipped,FBA,Amazon.com,Standard,CUST-00666,NC,Raleigh,72423,US,USD,0.0,0.0,84.3
114-8445840-6357653,2025-04-01,18:53:54,Shipped,FBM,Amazon.com,Standard,CUST-01085,UT,Centerville,56170,US,USD,6.16,0.0,25.09
114-9993427-5659334,2025-04-01,17:17:28,Shipped,FBA,Amazon.com,Standard,CUST-00069,UT,Springfield,77537,US,USD,0.0,1.18,14.13
114-3377526-5124095,2025-04-02,07:02:48,Shipped,FBA,Amazon.com,Standard,CUST-00625,GA,Macon,96208,US,USD,0.0,0.0,63.85
114-6167692-4858531,2025-04-02,19:27:20,Shipped,FBM,Amazon.com,Scheduled,CUST-00652,VA,Richmond,66894,US,USD,7.41,0.0,82.06
114-4831878-2758200,2025-04-03,00:19:11,Shipped,FBA,Amazon.com,Expedited,CUST-00778,NV,Riverside,48554,US,USD,0.0,9.22,99.98
114-5497124-5808585,2025-04-03,21:33:19,Shipped,FBA,Amazon.com,Expedited,CUST-00404,NE,Springfield,99662,US,USD,0.0,0.0,15.31
114-3340240-6570296,2025-04-04,09:42:55,Shipped,FBA,Amazon.com,Two-Day,CUST-01007,KY,Georgetown,14277,US,USD,0.0,0.0,84.3
114-6227878-4593275,2025-04-04,12:04:05,Shipped,FBA,Amazon.com,Standard,CUST-01555,VA,Richmond,79540,US,USD,0.0,0.0,88.7
114-6446890-5883111,2025-04-04,05:59:26,Shipped,FBA,Amazon.com,Standard,CUST-01501,NY,Rochester,80288,US,USD,0.0,0.0,72.27
114-8810454-6244702,2025-04-04,15:25:36,Unshipped,FBA,Amazon.com,Two-Day,CUST-01525,MA,Cambridge,42204,US,USD,0.0,0.0,19.86
114-1199856-9133203,2025-04-05,05:41:58,Shipped,FBA,Amazon.com,Standard,CUST-00060,AL,Centerville,82358,US,USD,0.0,1.8,66.6
114-5225033-3320597,2025-04-05,03:54:43,Shipped,FBA,Amazon.com,Two-Day,CUST-00766,PA,Allentown,87003,US,USD,0.0,0.0,27.71
114-5427729-4335575,2025-04-05,14:51:40,Shipped,FBA,Amazon.com,Standard,CUST-00144,AK,Springfield,42943,US,USD,0.0,0.0,110.46
114-1250130-2193206,2025-04-06,12:29:34,Shipped,FBA,Amazon.com,Standard,CUST-01704,MO,Centerville,42955,US,USD,0.0,0.0,145.94
114-1706838-5228822,2025-04-06,03:47:54,Shipped,FBA,Amazon.com,Two-Day,CUST-01004,MI,Lansing,60012,US,USD,0.0,0.0,88.7
114-2261287-1235107,2025-04-06,23:53:31,Pending,FBM,Amazon.com,Standard,CUST-00969,WA,Spokane,82311,US,USD,7.5,0.0,305.5
114-5005627-9134482,2025-04-06,18:15:41,Shipped,FBA,Amazon.com,Standard,CUST-00162,MD,Springfield,86756,US,USD,0.0,0.0,51.35
114-9425559-8243348,2025-04-06,12:26:30,Shipped,FBM,Amazon.com,Scheduled,CUST-00262,GA,Atlanta,53286,US,USD,6.76,0.0,59.35
114-2093600-2773585,2025-04-07,11:15:56,Shipped,FBA,Amazon.com,Standard,CUST-01138,TN,Nashville,41217,US,USD,0.0,8.3,158.66
114-3640810-2981040,2025-04-07,05:02:07,Shipped,FBM,Amazon.com,Scheduled,CUST-00188,CA,Sacramento,94341,US,USD,7.83,0.0,172.2
114-5295287-4450602,2025-04-07,08:57:46,Shipped,FBA,Amazon.com,Two-Day,CUST-00770,CT,Centerville,70008,US,USD,0.0,0.0,39.53
114-6192577-4827056,2025-04-07,09:52:00,Shipped,FBA,Amazon.com,Two-Day,CUST-01515,IN,Georgetown,57203,US,USD,0.0,0.0,174.51
114-7343187-6802621,2025-04-07,15:50:15,Shipped,FBA,Amazon.com,Two-Day,CUST-01312,MA,Cambridge,83093,US,USD,0.0,0.0,10.4
114-8427204-9190792,2025-04-07,21:11:17,Pending,FBA,Amazon.com,Two-Day,CUST-01343,VA,Norfolk,94390,US,USD,0.0,0.0,54.16
114-8718660-7224807,2025-04-07,09:42:20,Shipped,FBA,Amazon.com,Standard,CUST-01707,PA,Pittsburgh,68974,US,USD,0.0,4.35,96.22
114-9735033-5357905,2025-04-07,10:04:41,Shipped,FBA,Amazon.com,Standard,CUST-00292,GA,Atlanta,77844,US,USD,0.0,0.0,64.76
114-1999252-7164610,2025-04-08,06:35:43,Shipped,FBA,Amazon.com,Two-Day,CUST-01667,NC,Greensboro,34899,US,USD,0.0,0.0,49.25
114-2872444-8117748,2025-04-08,11:06:39,Shipped,FBM,Amazon.com,Expedited,CUST-00774,IL,Chicago,70577,US,USD,4.73,0.0,363.65
114-4433479-7878296,2025-04-08,20:54:17,Shipped,FBM,Amazon.com,Standard,CUST-00706,MS,Riverside,96486,US,USD,5.62,0.0,36.55
114-7123271-4147796,2025-04-08,22:20:05,Shipped,FBA,Amazon.com,Two-Day,CUST-01323,WA,Seattle,60246,US,USD,0.0,0.0,57.15
114-8290687-9988298,2025-04-08,11:50:26,Shipped,FBA,Amazon.com,Two-Day,CUST-01304,CA,Fresno,93599,US,USD,0.0,0.0,41.5
114-6753744-3116351,2025-04-09,12:21:09,Shipped,FBM,Amazon.com,Standard,CUST-00220,AZ,Scottsdale,86916,US,USD,6.74,1.73,141.77
114-8001320-1972247,2025-04-09,15:05:37,Shipped,FBA,Amazon.com,Standard,CUST-00648,GA,Augusta,76194,US,USD,0.0,0.0,90.98
114-8107822-2512159,2025-04-09,03:00:41,Shipped,FBA,Amazon.com,Two-Day,CUST-01424,TN,Chattanooga,36502,US,USD,0.0,0.0,354.8
114-2073135-1762895,2025-04-10,02:30:55,Shipped,FBA,Amazon.com,Standard,CUST-01567,AL,Springfield,56316,US,USD,0.0,0.0,211.62
114-4375409-5807265,2025-04-10,13:36:32,Canceled,FBA,Amazon.com,Standard,CUST-01585,CO,Springfield,26241,US,USD,0.0,0.0,188.74
114-4672490-8736146,2025-04-10,11:58:26,Shipped,FBA,Amazon.com,Two-Day,CUST-00609,SD,Georgetown,26950,US,USD,0.0,0.0,19.86
114-6451071-4332037,2025-04-10,06:30:04,Shipped,FBM,Amazon.com,Standard,CUST-01245,FL,Fort Lauderdale,67630,US,USD,5.71,0.0,113.06
114-6565835-8575740,2025-04-10,12:37:37,Pending,FBA,Amazon.com,Expedited,CUST-00851,SC,Centerville,73234,US,USD,0.0,2.34,146.69
114-7078269-7856711,2025-04-10,15:00:01,Shipped,FBA,Amazon.com,Standard,CUST-00892,SD,Springfield,48019,US,USD,0.0,0.0,73.93
114-7926648-9210573,2025-04-10,23:14:01,Shipped,FBA,Amazon.com,Two-Day,CUST-00994,ID,Fairview,48915,US,USD,0.0,0.0,46.37
114-9584556-7951201,2025-04-10,00:04:43,Shipped,FBA,Amazon.com,Standard,CUST-00878,PA,Allentown,84993,US,USD,0.0,0.0,64.79
114-9680402-4859970,2025-04-10,17:21:21,Shipped,FBM,Amazon.com,Standard,CUST-01701,CO,Riverside,69630,US,USD,5.88,0.0,111.96
114-9886335-2204950,2025-04-10,19:25:11,Shipped,FBA,Amazon.com,Two-Day,CUST-00163,IA,Fairview,89503,US,USD,0.0,0.0,507.54
114-1841265-9851124,2025-04-11,22:30:12,Shipped,FBA,Amazon.com,Standard,CUST-01145,SC,Riverside,78287,US,USD,0.0,0.0,153.92
114-3708034-5508903,2025-04-11,15:58:12,Shipped,FBM,Amazon.com,Expedited,CUST-00523,NH,Fairview,13835,US,USD,7.68,0.0,70.86
114-8125708-5266054,2025-04-11,18:33:10,Shipped,FBA,Amazon.com,Two-Day,CUST-01086,CA,Fresno,83498,US,USD,0.0,0.0,31.54
114-3989152-4416763,2025-04-12,03:13:30,Shipped,FBA,Amazon.com,Two-Day,CUST-00532,NC,Greensboro,33500,US,USD,0.0,0.0,31.54
114-4506080-5318856,2025-04-12,02:46:57,Shipped,FBA,Amazon.com,Standard,CUST-01451,TX,El Paso,83463,US,USD,0.0,0.0,70.98
114-5841590-4006178,2025-04-12,16:21:58,Shipped,FBA,Amazon.com,Standard,CUST-01231,NC,Raleigh,78149,US,USD,0.0,0.0,52.27
114-1102798-5969314,2025-04-13,23:24:57,Shipped,FBA,Amazon.com,Two-Day,CUST-01111,CA,San Jose,70225,US,USD,0.0,0.0,27.71
114-4158767-2452140,2025-04-13,09:21:21,Shipped,FBA,Amazon.com,Standard,CUST-00181,OH,Cleveland,77388,US,USD,0.0,0.0,77.84
114-4524697-5966782,2025-04-13,12:33:54,Unshipped,FBA,Amazon.com,Two-Day,CUST-01721,OK,Centerville,24973,US,USD,0.0,0.0,51.35
114-4660410-1701917,2025-04-13,15:53:04,Shipped,FBA,Amazon.com,Standard,CUST-00913,LA,Springfield,66479,US,USD,0.0,0.0,160.73
114-8198110-5519410,2025-04-13,07:25:13,Shipped,FBA,Amazon.com,Two-Day,CUST-00973,GA,Atlanta,86962,US,USD,0.0,0.0,31.59
114-9862858-4963732,2025-04-13,09:22:16,Shipped,FBA,Amazon.com,Two-Day,CUST-00071,NM,Centerville,16626,US,USD,0.0,0.0,23.75
114-1706718-1933707,2025-04-14,19:35:20,Shipped,FBM,Amazon.com,Standard,CUST-00554,IN,Fairview,44754,US,USD,4.57,0.0,23.5
114-2196690-7424230,2025-04-14,05:26:10,Shipped,FBA,Amazon.com,Two-Day,CUST-00147,CA,Los Angeles,66165,US,USD,0.0,0.0,22.81
114-2807429-7227310,2025-04-14,18:02:32,Shipped,FBA,Amazon.com,Two-Day,CUST-00596,PA,Philadelphia,86085,US,USD,0.0,1.21,96.12
114-3108645-8874357,2025-04-14,07:12:23,Shipped,FBA,Amazon.com,Two-Day,CUST-00707,MD,Riverside,18526,US,USD,0.0,0.0,32.0
114-3743507-6053211,2025-04-14,22:40:03,Shipped,FBA,Amazon.com,Standard,CUST-01024,IN,Centerville,31116,US,USD,0.0,0.0,10.4
114-6645656-5851810,2025-04-14,09:11:48,Shipped,FBA,Amazon.com,Two-Day,CUST-00308,MO,,91681,US,USD,0.0,0.0,128.75
114-7657818-7266564,2025-04-14,06:42:58,Shipped,FBM,Amazon.com,Scheduled,CUST-00869,KS,Riverside,87566,US,USD,6.27,0.0,128.95
114-8841724-1477989,2025-04-14,17:45:26,Shipped,FBA,Amazon.com,Standard,CUST-00619,VA,Virginia Beach,77294,US,USD,0.0,0.0,69.3
114-9296726-4621098,2025-04-14,16:30:00,Shipped,FBA,Amazon.com,Two-Day,CUST-00820,CT,Georgetown,24312,US,USD,0.0,0.0,129.12
114-1057131-2870242,2025-04-15,02:19:11,Shipped,FBA,Amazon.com,Two-Day,CUST-01317,NC,Durham,40765,US,USD,0.0,44.9,321.82
114-1194871-3566062,2025-04-15,08:25:30,Shipped,FBA,Amazon.com,Two-Day,CUST-00242,MI,Lansing,92742,US,USD,0.0,0.0,135.1
114-2090215-5751340,2025-04-15,03:10:25,Shipped,FBM,Amazon.com,Scheduled,CUST-00255,CT,Fairview,34716,US,USD,5.36,0.0,26.72
114-2247151-5978272,2025-04-15,01:52:06,Shipped,FBA,Amazon.com,Two-Day,CUST-00517,MN,Springfield,27200,US,USD,0.0,0.0,49.25
114-4042513-3113236,2025-04-15,06:20:09,Unshipped,FBA,Amazon.com,Two-Day,CUST-01237,SC,Riverside,71668,US,USD,0.0,0.0,298.3
114-4608251-4327277,2025-04-15,06:47:26,Shipped,FBA,Amazon.com,Standard,CUST-01639,CA,Sacramento,68252,US,USD,0.0,6.72,175.2
114-5730805-4837098,2025-04-15,12:19:42,Shipped,FBA,Amazon.com,Two-Day,CUST-00006,GA,Atlanta,53911,US,USD,0.0,2.26,187.05
114-1351224-4180493,2025-04-16,05:58:55,Shipped,FBA,Amazon.com,Two-Day,CUST-01318,WA,Bellevue,38613,US,USD,0.0,0.0,163.02
114-9625133-6996242,2025-04-16,19:12:31,Shipped,FBA,Amazon.com,Standard,CUST-01193,PA,Pittsburgh,69486,US,USD,0.0,0.0,40.54
114-9674426-3903434,2025-04-16,07:28:46,Shipped,FBA,Amazon.com,Standard,CUST-00006,GA,Atlanta,53911,US,USD,0.0,0.0,109.5
114-3305689-5984788,2025-04-17,22:15:28,Shipped,FBM,Amazon.com,Scheduled,CUST-00194,CO,Centerville,88753,US,USD,6.68,0.0,30.94
114-6723129-9768914,2025-04-17,00:33:28,Shipped,FBM,Amazon.com,Scheduled,CUST-00872,CA,Fresno,35248,US,USD,5.08,0.0,59.63
114-8046016-5474855,2025-04-17,14:42:30,Shipped,FBA,Amazon.com,Two-Day,CUST-00338,MI,Ann Arbor,52477,US,USD,0.0,0.0,30.93
114-8116066-6162216,2025-04-17,01:55:41,Shipped,FBA,Amazon.com,Standard,CUST-01619,IL,Springfield,48331,US,USD,0.0,0.0,212.66
114-8362559-4004050,2025-04-17,17:18:25,Canceled,FBA,Amazon.com,Standard,CUST-00568,AL,Springfield,78414,US,USD,0.0,2.71,86.44
114-8655050-2493042,2025-04-17,17:59:09,Canceled,FBA,Amazon.com,Two-Day,CUST-00803,MI,Grand Rapids,73176,US,USD,0.0,0.0,95.4
114-9757408-3166549,2025-04-17,13:01:47,Pending,FBM,Amazon.com,Standard,CUST-01746,MO,Springfield,16411,US,USD,6.56,0.0,94.65
114-2120195-5262432,2025-04-18,03:44:34,Pending,FBM,Amazon.com,Expedited,CUST-01469,MA,Springfield,86997,US,USD,7.58,0.0,62.13
114-4024776-5176643,2025-04-18,10:46:07,Shipped,FBM,Amazon.com,Standard,CUST-01048,CA,San Diego,32307,US,USD,7.3,0.0,87.72
114-5404929-4438988,2025-04-18,04:56:08,Unshipped,FBA,Amazon.com,Standard,CUST-01038,FL,Miami,60540,US,USD,0.0,0.0,85.46
114-5970532-1534227,2025-04-18,10:53:06,Shipped,FBM,Amazon.com,Expedited,CUST-01116,WI,Riverside,41013,US,USD,5.6,0.0,93.53
114-7905365-2969282,2025-04-18,16:28:04,Shipped,FBM,Amazon.com,Standard,CUST-01115,IL,Chicago,30863,US,USD,4.22,0.0,57.98
114-1750347-7750414,2025-04-19,14:26:16,Shipped,FBA,Amazon.com,Two-Day,CUST-01008,KS,Centerville,25007,US,USD,0.0,0.0,29.15
114-5535463-9451978,2025-04-19,18:37:12,Shipped,FBA,Amazon.com,Two-Day,CUST-00691,NC,Greensboro,80836,US,USD,0.0,0.0,40.32
114-5280320-4646534,2025-04-20,05:10:11,Shipped,FBA,Amazon.com,Expedited,CUST-00372,CA,San Diego,35237,US,USD,0.0,4.39,26.54
114-6210505-9660904,2025-04-20,04:29:31,Shipped,FBA,Amazon.com,Standard,CUST-01781,SD,Centerville,12979,US,USD,0.0,0.0,38.94
114-7195501-1552596,2025-04-20,09:48:31,Shipped,FBA,Amazon.com,Expedited,CUST-01799,MS,Georgetown,99170,US,USD,0.0,3.05,161.98
114-1399180-7813611,2025-04-21,01:00:10,Shipped,FBA,Amazon.com,Two-Day,CUST-01009,MI,Lansing,94523,US,USD,0.0,3.24,110.25
114-1757786-8073819,2025-04-21,14:32:19,Shipped,FBA,Amazon.com,Two-Day,CUST-00044,NV,Riverside,31319,US,USD,0.0,0.0,46.0
114-3192171-8470094,2025-04-21,11:23:58,Shipped,FBA,Amazon.com,Two-Day,CUST-00373,WA,Spokane,30643,US,USD,0.0,0.0,19.98
114-3470026-9089056,2025-04-21,09:17:53,Shipped,FBA,Amazon.com,Standard,CUST-00644,NC,Charlotte,90028,US,USD,0.0,0.0,112.06
114-4213743-3129095,2025-04-22,12:12:09,Shipped,FBA,Amazon.com,Expedited,CUST-01383,NC,Greensboro,19571,US,USD,0.0,0.0,108.56
114-4639954-4224468,2025-04-22,09:59:45,Shipped,FBA,Amazon.com,Expedited,CUST-00096,IN,Riverside,23462,US,USD,0.0,0.0,79.05
114-6354606-6694220,2025-04-22,06:11:18,Shipped,FBA,Amazon.com,Two-Day,CUST-01008,KS,Centerville,25007,US,USD,0.0,5.73,80.85
114-6770456-2862430,2025-04-22,02:16:40,Shipped,FBA,Amazon.com,Two-Day,CUST-00596,PA,Philadelphia,86085,US,USD,0.0,0.0,29.15
114-7427265-3494146,2025-04-22,10:57:29,Shipped,FBA,Amazon.com,Two-Day,CUST-00686,IL,Chicago,51948,US,USD,0.0,0.0,79.98
114-7614280-1952471,2025-04-22,20:38:32,Shipped,FBA,Amazon.com,Two-Day,CUST-00429,SC,Fairview,68442,US,USD,0.0,0.0,21.66
114-2407193-2042987,2025-04-23,02:44:10,Shipped,FBA,Amazon.com,Two-Day,CUST-00140,TX,Dallas,99573,US,USD,0.0,0.0,40.54
114-6549505-1737397,2025-04-23,13:57:17,Shipped,FBA,Amazon.com,Two-Day,CUST-01548,MS,Springfield,90290,US,USD,0.0,0.0,11.77
114-8533390-3344288,2025-04-23,15:46:40,Shipped,FBA,Amazon.com,Standard,CUST-01346,TX,El Paso,35813,US,USD,0.0,0.0,52.27
114-9401209-6230363,2025-04-23,22:16:05,Shipped,FBM,Amazon.com,Expedited,CUST-01614,CA,San Jose,72805,US,USD,7.85,2.69,26.82
114-9406212-6394660,2025-04-23,04:59:52,Shipped,FBA,Amazon.com,Two-Day,CUST-00161,HI,Centerville,51471,US,USD,0.0,0.0,67.58
114-9453252-9974617,2025-04-23,02:58:46,Shipped,FBA,Amazon.com,Expedited,CUST-00890,ND,Riverside,32913,US,USD,0.0,0.0,109.5
114-9493741-7082832,2025-04-23,21:28:17,Shipped,FBM,Amazon.com,Scheduled,CUST-01609,GA,Augusta,28591,US,USD,4.03,0.0,17.47
114-5380146-1260894,2025-04-24,20:20:54,Shipped,FBM,Amazon.com,Standard,CUST-00301,PA,Pittsburgh,30079,US,USD,4.82,0.0,22.43
114-6715585-5421053,2025-04-24,07:49:17,Shipped,FBA,Amazon.com,Two-Day,CUST-00968,NY,New York,41395,US,USD,0.0,0.0,17.61
114-8427751-2213021,2025-04-24,03:51:08,Shipped,FBA,Amazon.com,Two-Day,CUST-01483,WI,Riverside,74325,US,USD,0.0,0.0,126.73
114-9784352-6371749,2025-04-24,03:32:12,Shipped,FBM,Amazon.com,Expedited,CUST-00033,TN,Knoxville,17806,US,USD,7.57,0.0,343.42
114-4308896-7490389,2025-04-25,15:11:33,Shipped,FBM,Amazon.com,Expedited,CUST-00101,NY,New York,95664,US,USD,6.28,0.0,122.49
114-4923546-1978974,2025-04-25,20:48:14,Shipped,FBA,Amazon.com,Standard,CUST-00179,ID,Fairview,61445,US,USD,0.0,3.88,188.18
114-5542450-3605524,2025-04-25,11:44:57,Shipped,FBA,Amazon.com,Standard,CUST-00762,MD,Centerville,13517,US,USD,0.0,1.48,11.96
114-6950129-9357931,2025-04-25,14:07:29,Shipped,FBM,Amazon.com,Standard,CUST-01099,MA,Worcester,77667,US,USD,7.76,0.0,36.91
114-7151970-2001307,2025-04-25,18:10:54,Shipped,FBA,Amazon.com,Two-Day,CUST-00366,NJ,Trenton,32939,US,USD,0.0,0.0,66.41
114-7175393-3434160,2025-04-25,13:44:46,Unshipped,FBA,Amazon.com,Standard,CUST-00659,AZ,Phoenix,13655,US,USD,0.0,0.0,72.13
114-8980134-5252992,2025-04-25,10:06:52,Shipped,FBA,Amazon.com,Two-Day,CUST-01489,FL,Fort Lauderdale,32722,US,USD,0.0,1.88,122.29
114-9845104-8468785,2025-04-25,05:52:55,Shipped,FBA,Amazon.com,Two-Day,CUST-01140,NY,Buffalo,47040,US,USD,0.0,0.0,501.58
114-2055082-7139999,2025-04-26,02:27:31,Shipped,FBA,Amazon.com,Two-Day,CUST-01129,CA,San Jose,95620,US,USD,0.0,0.0,89.73
114-3927103-9335005,2025-04-26,03:43:57,Shipped,FBA,Amazon.com,Two-Day,CUST-00316,CO,Georgetown,12816,US,USD,0.0,0.0,13.62
114-9472758-9620221,2025-04-26,01:32:19,Shipped,FBA,Amazon.com,Two-Day,CUST-00041,FL,Tampa,68540,US,USD,0.0,0.0,63.85
114-1445758-1493220,2025-04-27,20:44:31,Shipped,FBA,Amazon.com,Two-Day,CUST-00584,MS,Fairview,46935,US,USD,0.0,3.79,28.11
114-2168916-7798969,2025-04-27,04:04:18,Shipped,FBA,Amazon.com,Standard,CUST-00403,MN,Centerville,77757,US,USD,0.0,0.0,31.54
114-2845435-1186109,2025-04-27,13:02:21,Shipped,FBA,Amazon.com,Two-Day,CUST-00630,MI,Lansing,16674,US,USD,0.0,4.71,27.19
114-2966166-2285087,2025-04-27,07:13:02,Canceled,FBA,Amazon.com,Two-Day,CUST-01016,GA,Savannah,52258,US,USD,0.0,0.0,21.66
114-4734158-5791625,2025-04-27,11:40:36,Shipped,FBA,Amazon.com,Expedited,CUST-00936,NE,Springfield,28811,US,USD,0.0,0.0,163.14
114-8526197-8441428,2025-04-27,11:11:59,Shipped,FBM,Amazon.com,Standard,CUST-00745,GA,Savannah,59034,US,USD,7.45,0.0,34.41
114-8742296-8938314,2025-04-27,16:40:18,Shipped,FBA,Amazon.com,Standard,CUST-01137,MN,Springfield,67403,US,USD,0.0,0.0,31.59
114-2511667-8708517,2025-04-28,23:03:13,Shipped,FBA,Amazon.com,Expedited,CUST-01418,KS,Centerville,94186,US,USD,0.0,0.0,31.59
114-3556951-2386621,2025-04-28,02:52:40,Shipped,FBA,Amazon.com,Standard,CUST-00150,PA,Allentown,78864,US,USD,0.0,3.05,147.1
114-4554778-2887541,2025-04-28,03:47:27,Shipped,FBA,Amazon.com,Standard,CUST-00014,NY,Syracuse,15286,US,USD,0.0,0.0,24.09
114-5792011-9576779,2025-04-28,02:02:36,Shipped,FBA,Amazon.com,Two-Day,CUST-01250,CA,San Jose,65584,US,USD,0.0,0.0,212.87
114-6906708-7643689,2025-04-28,06:07:54,Shipped,FBA,Amazon.com,Two-Day,CUST-00424,MO,Riverside,43205,US,USD,0.0,2.85,77.74
114-2037381-8385584,2025-04-29,14:47:31,Shipped,FBA,Amazon.com,Two-Day,CUST-01200,AL,Georgetown,38074,US,USD,0.0,4.18,386.89
114-2721335-3346808,2025-04-29,04:35:22,Shipped,FBA,Amazon.com,Two-Day,CUST-00239,AZ,Phoenix,56018,US,USD,0.0,0.0,54.16
114-3145504-6470508,2025-04-29,05:39:54,Shipped,FBA,Amazon.com,Two-Day,CUST-00372,CA,San Diego,35237,US,USD,0.0,1.82,138.58
114-3665065-9817050,2025-04-29,16:32:21,Shipped,FBM,Amazon.com,Expedited,CUST-00759,MA,Springfield,84473,US,USD,7.59,0.0,95.52
114-3830317-5815583,2025-04-29,10:50:12,Shipped,FBA,Amazon.com,Two-Day,CUST-00743,OH,Cincinnati,86177,US,USD,0.0,0.0,21.36
114-4617166-8875106,2025-04-29,07:08:32,Shipped,FBA,Amazon.com,Standard,CUST-01729,ME,Centerville,66645,US,USD,0.0,0.0,372.85
114-5789406-4297494,2025-04-29,04:17:31,Canceled,FBA,Amazon.com,Two-Day,CUST-00930,PA,Pittsburgh,46659,US,USD,0.0,0.0,208.99
114-6831067-8157670,2025-04-29,01:37:47,Shipped,FBA,Amazon.com,Two-Day,CUST-00815,WI,Springfield,24322,US,USD,0.0,0.0,31.54
114-2212374-3223747,2025-04-30,23:11:50,Shipped,FBA,Amazon.com,Two-Day,CUST-00847,RI,Centerville,61355,US,USD,0.0,0.0,133.32
114-4239823-9909616,2025-04-30,23:32:44,Shipped,FBA,Amazon.com,Two-Day,CUST-01283,NY,New York,72566,US,USD,0.0,0.0,32.0
114-8665949-2755534,2025-04-30,17:08:59,Shipped,FBA,Amazon.com,Two-Day,CUST-00603,AZ,Phoenix,55823,US,USD,0.0,0.0,110.91
114-9650608-8981410,2025-04-30,21:01:28,Shipped,FBA,Amazon.com,Two-Day,CUST-00862,WA,Seattle,37192,US,USD,0.0,0.0,21.66
114-1241821-1720769,2025-05-01,16:33:12,Shipped,FBA,Amazon.com,Expedited,CUST-01220,MA,Springfield,65725,US,USD,0.0,0.0,278.64
114-1701872-4736736,2025-05-01,03:58:08,Shipped,FBA,Amazon.com,Two-Day,CUST-01507,WV,Georgetown,18342,US,USD,0.0,0.0,78.0
114-1829826-4127536,2025-05-01,02:16:09,Shipped,FBM,Amazon.com,Standard,CUST-00786,WA,Tacoma,52384,US,USD,5.45,1.82,121.07
114-2094858-8101457,2025-05-01,19:37:33,Shipped,FBA,Amazon.com,Two-Day,CUST-01175,CO,Riverside,80466,US,USD,0.0,0.0,26.96
114-5795040-6387138,2025-05-01,13:37:27,Shipped,FBM,Amazon.com,Expedited,CUST-00235,OH,Toledo,11276,US,USD,6.84,0.0,159.87
114-6573051-4273522,2025-05-01,17:04:57,Unshipped,FBA,Amazon.com,Two-Day,CUST-00111,TX,El Paso,94829,US,USD,0.0,0.0,134.5
114-6890539-2332905,2025-05-01,21:54:36,Shipped,FBM,Amazon.com,Standard,CUST-01549,SC,Springfield,22004,US,USD,5.4,0.0,23.77
114-8579892-3258890,2025-05-01,14:21:51,Shipped,FBA,Amazon.com,Two-Day,CUST-00480,MD,Centerville,21443,US,USD,0.0,0.0,72.39
114-2045024-9911596,2025-05-02,14:35:36,Shipped,FBA,Amazon.com,Two-Day,CUST-01635,TN,Nashville,59803,US,USD,0.0,0.0,48.18
114-2357692-8790518,2025-05-02,17:07:05,Shipped,FBA,Amazon.com,Standard,CUST-01648,NY,Buffalo,28025,US,USD,0.0,0.0,72.2
114-3414221-8733438,2025-05-02,09:13:16,Shipped,FBA,Amazon.com,Two-Day,CUST-01571,OH,Toledo,18273,US,USD,0.0,0.0,54.83
114-3461185-2264074,2025-05-02,21:14:43,Shipped,FBA,Amazon.com,Two-Day,CUST-01141,IL,Peoria,72744,US,USD,0.0,0.0,55.67
114-4383032-2762187,2025-05-02,07:06:48,Shipped,FBA,Amazon.com,Two-Day,CUST-01475,IL,Chicago,83023,US,USD,0.0,1.0,127.92
114-5123067-3721719,2025-05-02,00:57:05,Shipped,FBM,Amazon.com,Standard,CUST-00422,CA,San Diego,88562,US,USD,4.98,0.0,56.33
114-1437110-4503140,2025-05-03,04:58:48,Shipped,FBA,Amazon.com,Standard,CUST-00099,FL,Orlando,37681,US,USD,0.0,0.0,8.44
114-1584689-6974357,2025-05-03,22:17:06,Shipped,FBA,Amazon.com,Two-Day,CUST-01051,OH,Toledo,25715,US,USD,0.0,0.0,89.73
114-1916788-2035654,2025-05-03,01:56:16,Shipped,FBA,Amazon.com,Standard,CUST-00715,MA,Boston,72072,US,USD,0.0,1.44,42.93
114-5677917-7840159,2025-05-03,09:32:25,Shipped,FBM,Amazon.com,Standard,CUST-00713,CT,Springfield,42765,US,USD,5.19,0.0,174.57
114-7948577-9493164,2025-05-03,01:40:30,Shipped,FBA,Amazon.com,Two-Day,CUST-00157,MO,Georgetown,79888,US,USD,0.0,3.01,198.23
114-9763534-2473843,2025-05-03,00:04:36,Shipped,FBA,Amazon.com,Two-Day,CUST-00452,CA,Los Angeles,83100,US,USD,0.0,0.0,15.31
114-9816957-5408947,2025-05-03,14:24:59,Shipped,FBA,Amazon.com,Two-Day,CUST-01799,MS,Georgetown,99170,US,USD,0.0,0.0,23.84
114-1244233-1642597,2025-05-04,11:59:21,Shipped,FBA,Amazon.com,Two-Day,CUST-00393,TN,Nashville,58394,US,USD,0.0,2.78,46.74
114-2159104-8226768,2025-05-04,01:14:31,Unshipped,FBA,Amazon.com,Expedited,CUST-00445,NC,Durham,52498,US,USD,0.0,0.0,112.75
114-2203302-8913234,2025-05-04,16:44:17,Shipped,FBA,Amazon.com,Expedited,CUST-01211,WA,Tacoma,26936,US,USD,0.0,0.0,51.35
114-8293710-3374744,2025-05-04,19:24:53,Shipped,FBM,Amazon.com,Standard,CUST-01420,TX,Houston,76155,US,USD,7.45,0.0,39.04
114-8391531-3682839,2025-05-04,12:48:59,Shipped,FBA,Amazon.com,Standard,CUST-00053,OH,Toledo,44524,US,USD,0.0,0.0,29.15
114-9114525-8552842,2025-05-04,12:17:34,Shipped,FBA,Amazon.com,Two-Day,CUST-00189,TX,El Paso,40191,US,USD,0.0,0.0,131.71
114-1766394-3659852,2025-05-05,22:03:00,Shipped,FBA,Amazon.com,Two-Day,CUST-00836,WI,Centerville,21854,US,USD,0.0,0.0,94.01
114-6769927-1358872,2025-05-05,04:36:59,Shipped,FBA,Amazon.com,Two-Day,CUST-00397,TX,El Paso,12058,US,USD,0.0,0.0,26.96
114-9190407-3262204,2025-05-05,19:18:39,Shipped,FBM,Amazon.com,Expedited,CUST-00132,NV,Georgetown,32760,US,USD,3.99,0.0,58.15
114-9067436-8029189,2025-05-06,06:14:44,Shipped,FBM,Amazon.com,Expedited,CUST-01752,OH,Cleveland,37664,US,USD,7.66,0.0,194.24
114-9870081-1028039,2025-05-06,05:58:13,Pending,FBA,Amazon.com,Expedited,CUST-01057,VA,Arlington,95890,US,USD,0.0,2.66,48.18
114-4673313-7737944,2025-05-07,20:17:42,Shipped,FBM,Amazon.com,Scheduled,CUST-01770,TN,Memphis,54839,US,USD,6.49,0.0,313.26
114-4919503-2653386,2025-05-07,22:56:13,Shipped,FBM,Amazon.com,Expedited,CUST-00186,FL,Miami,77720,US,USD,5.07,0.0,68.92
114-6435832-9534904,2025-05-07,18:12:38,Shipped,FBA,Amazon.com,Two-Day,CUST-01743,CA,Los Angeles,68840,US,USD,0.0,0.0,34.81
114-6854544-9505331,2025-05-07,02:06:10,Canceled,FBA,Amazon.com,Two-Day,CUST-01592,TX,El Paso,83096,US,USD,0.0,0.0,189.01
114-6919121-1611857,2025-05-07,07:03:41,Shipped,FBA,Amazon.com,Two-Day,CUST-00481,ID,Riverside,46168,US,USD,0.0,0.0,62.82
114-7846350-4536982,2025-05-07,08:50:11,Shipped,FBM,Amazon.com,Standard,CUST-01694,NC,Raleigh,40027,US,USD,4.05,0.0,52.28
114-8472359-2026766,2025-05-07,00:00:20,Shipped,FBA,Amazon.com,Two-Day,CUST-00856,NY,Albany,97914,US,USD,0.0,0.0,39.53
114-1416279-1124054,2025-05-08,02:12:59,Shipped,FBA,Amazon.com,Standard,CUST-00440,AL,Georgetown,70079,US,USD,0.0,0.0,30.93
114-1611180-2502260,2025-05-08,07:36:50,Canceled,FBM,Amazon.com,Scheduled,CUST-00921,DE,Riverside,47965,US,USD,6.15,0.0,166.33
114-2223458-3788216,2025-05-08,02:25:02,Shipped,FBM,Amazon.com,Expedited,CUST-00120,TX,Austin,52026,US,USD,5.36,0.0,54.61
114-3264229-4403907,2025-05-08,05:36:26,Shipped,FBM,Amazon.com,Standard,CUST-01336,WI,Riverside,44669,US,USD,6.41,0.0,34.12
114-4342029-3047807,2025-05-08,18:11:10,Shipped,FBA,Amazon.com,Two-Day,CUST-00290,IL,Springfield,89745,US,USD,0.0,0.0,74.22
114-9178636-7467175,2025-05-08,11:15:38,Canceled,FBM,Amazon.com,Standard,CUST-01378,MD,Riverside,25622,US,USD,7.31,0.0,56.07
114-2458978-9522024,2025-05-09,11:01:29,Shipped,FBA,Amazon.com,Standard,CUST-00253,OH,Cleveland,55073,US,USD,0.0,0.0,27.71
114-2530721-1285659,2025-05-09,23:44:38,Shipped,FBA,Amazon.com,Two-Day,CUST-00066,NH,Fairview,46745,US,USD,0.0,0.0,221.25
114-3398723-5993606,2025-05-09,09:03:50,Pending,FBA,Amazon.com,Two-Day,CUST-00732,UT,Springfield,82704,US,USD,0.0,0.0,93.37
114-5326328-1242716,2025-05-09,19:35:18,Shipped,FBA,Amazon.com,Two-Day,CUST-00986,KS,Springfield,39235,US,USD,0.0,4.17,30.05
114-8342238-2342069,2025-05-09,20:08:54,Shipped,FBM,Amazon.com,Standard,CUST-00306,LA,Fairview,99749,US,USD,4.72,0.0,143.57
114-3414645-1021398,2025-05-10,23:27:26,Canceled,FBA,Amazon.com,Expedited,CUST-00489,TX,San Antonio,67788,US,USD,0.0,0.0,18.37
114-4049023-1236655,2025-05-10,17:04:06,Shipped,FBM,Amazon.com,Standard,CUST-00607,TX,San Antonio,13784,US,USD,7.34,0.0,22.65
114-4099954-9592429,2025-05-10,11:43:16,Shipped,FBM,Amazon.com,Standard,CUST-00791,KY,Springfield,53922,US,USD,4.38,0.0,23.63
114-6456051-8079274,2025-05-10,23:52:23,Shipped,FBM,Amazon.com,Standard,CUST-00778,NV,Riverside,48554,US,USD,6.76,2.57,60.28
114-6738186-2261538,2025-05-10,12:01:05,Shipped,FBA,Amazon.com,Two-Day,CUST-00126,OR,Centerville,24945,US,USD,0.0,0.0,22.81
114-7067867-8070174,2025-05-10,17:06:43,Shipped,FBA,Amazon.com,Standard,CUST-00150,PA,Allentown,78864,US,USD,0.0,0.0,15.31
114-8452671-8427035,2025-05-10,22:27:58,Unshipped,FBA,Amazon.com,Two-Day,CUST-01435,FL,Fort Lauderdale,57520,US,USD,0.0,0.0,42.64
114-5554797-4082714,2025-05-11,05:47:56,Shipped,FBA,Amazon.com,Expedited,CUST-01522,MI,Lansing,16669,US,USD,0.0,0.0,270.3
114-6295785-1005430,2025-05-11,14:06:34,Shipped,FBA,Amazon.com,Two-Day,CUST-01469,MA,Springfield,86997,US,USD,0.0,11.69,97.15
114-6404413-3692134,2025-05-11,14:26:15,Shipped,FBA,Amazon.com,Two-Day,CUST-01079,AK,Georgetown,68886,US,USD,0.0,0.0,221.12
114-7515318-3064526,2025-05-11,05:15:47,Shipped,FBA,Amazon.com,Two-Day,CUST-00087,LA,Fairview,95778,US,USD,0.0,0.0,89.92
114-1068234-7690564,2025-05-12,13:04:18,Shipped,FBA,Amazon.com,Standard,CUST-00063,TX,Dallas,60206,US,USD,0.0,0.0,108.32
114-2854048-3319852,2025-05-12,06:48:59,Shipped,FBA,Amazon.com,Two-Day,CUST-00798,OH,Columbus,74440,US,USD,0.0,0.0,15.31
114-3718518-9299028,2025-05-12,00:07:08,Shipped,FBA,Amazon.com,Two-Day,CUST-00234,MA,Worcester,82789,US,USD,0.0,0.0,115.32
114-5530803-2395962,2025-05-12,09:03:18,Shipped,FBM,Amazon.com,Expedited,CUST-00099,FL,Orlando,37681,US,USD,4.33,2.96,349.19
114-8558810-3191111,2025-05-12,06:01:25,Shipped,FBA,Amazon.com,Two-Day,CUST-00795,MO,Fairview,27598,US,USD,0.0,0.0,21.36
114-2315697-6324160,2025-05-13,19:26:02,Canceled,FBA,Amazon.com,Expedited,CUST-01486,MO,Fairview,92095,US,USD,0.0,0.0,13.44
114-3969484-8341566,2025-05-13,03:51:20,Shipped,FBA,Amazon.com,Two-Day,CUST-01614,CA,San Jose,72805,US,USD,0.0,0.0,195.63
114-4181033-9912808,2025-05-13,00:48:47,Shipped,FBA,Amazon.com,Standard,CUST-01469,MA,Springfield,86997,US,USD,0.0,0.0,12.73
114-9668174-9743709,2025-05-13,11:46:33,Shipped,FBA,Amazon.com,Standard,CUST-00313,WI,Riverside,90997,US,USD,0.0,0.0,15.31
114-9752470-7307579,2025-05-13,16:37:39,Shipped,FBA,Amazon.com,Expedited,CUST-01132,AZ,Mesa,19275,US,USD,0.0,0.0,21.66
114-1418686-1587065,2025-05-14,14:44:23,Shipped,FBA,Amazon.com,Two-Day,CUST-01579,TX,Fort Worth,80295,US,USD,0.0,0.0,40.21
114-2811276-4903200,2025-05-14,03:25:21,Pending,FBA,Amazon.com,Standard,CUST-00991,CA,San Diego,17088,US,USD,0.0,0.0,57.78
114-4407162-4994924,2025-05-14,08:14:28,Shipped,FBA,Amazon.com,Two-Day,CUST-00706,MS,Riverside,96486,US,USD,0.0,0.0,68.96
114-5619072-2057139,2025-05-14,08:32:47,Shipped,FBM,Amazon.com,Standard,CUST-01724,MD,Georgetown,42151,US,USD,6.0,0.0,48.31
114-7257735-8426175,2025-05-14,00:46:11,Shipped,FBA,Amazon.com,Two-Day,CUST-01330,OK,Fairview,30875,US,USD,0.0,8.39,91.29
114-7303337-2480079,2025-05-14,15:55:08,Shipped,FBA,Amazon.com,Standard,CUST-01057,VA,Arlington,95890,US,USD,0.0,0.0,103.35
114-8839459-6008177,2025-05-14,08:50:51,Shipped,FBA,Amazon.com,Standard,CUST-00032,CA,San Francisco,10089,US,USD,0.0,0.0,30.93
114-1947427-7297881,2025-05-15,22:24:20,Shipped,FBA,Amazon.com,Two-Day,CUST-00258,MO,Springfield,33908,US,USD,0.0,0.0,130.4
114-3251077-2675543,2025-05-15,11:44:29,Shipped,FBA,Amazon.com,Standard,CUST-00841,PA,Allentown,57844,US,USD,0.0,2.51,40.83
114-3957166-9255362,2025-05-15,03:08:40,Shipped,FBA,Amazon.com,Two-Day,CUST-01558,SC,Fairview,87088,US,USD,0.0,0.0,164.44
114-4045186-1613527,2025-05-15,01:23:32,Shipped,FBA,Amazon.com,Two-Day,CUST-01200,AL,Georgetown,38074,US,USD,0.0,0.0,51.35
114-5696356-7847168,2025-05-15,12:04:41,Shipped,FBA,Amazon.com,Standard,CUST-00523,NH,Fairview,13835,US,USD,0.0,0.0,40.54
114-6688767-1803653,2025-05-15,09:27:02,Shipped,FBA,Amazon.com,Two-Day,CUST-00494,ME,Springfield,28274,US,USD,0.0,0.0,24.82
114-8074598-2489435,2025-05-15,11:29:29,Pending,FBA,Amazon.com,Standard,CUST-00489,TX,San Antonio,67788,US,USD,0.0,0.0,87.93
114-9421916-4555070,2025-05-15,12:27:20,Pending,FBA,Amazon.com,Two-Day,CUST-01453,CO,Fairview,79838,US,USD,0.0,0.0,102.7
114-2997279-8554947,2025-05-16,22:52:50,Shipped,FBA,Amazon.com,Expedited,CUST-00103,TX,Austin,96725,US,USD,0.0,0.0,107.91
114-3403382-6766532,2025-05-16,01:53:40,Shipped,FBM,Amazon.com,Expedited,CUST-01623,NV,Riverside,61950,US,USD,7.62,0.0,25.23
114-4580392-4922668,2025-05-16,11:58:05,Pending,FBA,Amazon.com,Standard,CUST-00679,OR,Georgetown,21161,US,USD,0.0,0.0,79.95
114-4982089-9332027,2025-05-16,01:45:12,Shipped,FBM,Amazon.com,Scheduled,CUST-00808,MO,Centerville,84135,US,USD,4.55,0.0,113.65
114-5527187-1893114,2025-05-16,16:15:03,Shipped,FBM,Amazon.com,Standard,CUST-00571,TX,Dallas,87264,US,USD,4.25,0.0,88.93
114-6320116-5892932,2025-05-16,16:16:25,Shipped,FBA,Amazon.com,Expedited,CUST-00733,PA,Philadelphia,13890,US,USD,0.0,0.0,245.54
114-6993606-5814928,2025-05-16,14:30:50,Shipped,FBM,Amazon.com,Standard,CUST-00315,MS,Springfield,51347,US,USD,5.19,1.48,41.66
114-8172234-3758751,2025-05-16,13:52:27,Unshipped,FBA,Amazon.com,Two-Day,CUST-00955,FL,Miami,17808,US,USD,0.0,0.0,179.17
114-8435451-7025440,2025-05-16,11:12:32,Shipped,FBM,Amazon.com,Standard,CUST-00198,FL,Fort Lauderdale,25403,US,USD,4.93,0.0,83.2
114-8979193-2173006,2025-05-16,08:34:57,Shipped,FBA,Amazon.com,Two-Day,CUST-01643,OH,Columbus,49620,US,USD,0.0,0.0,57.62
114-8011398-2367270,2025-05-17,16:43:03,Shipped,FBA,Amazon.com,Standard,CUST-01312,MA,Cambridge,83093,US,USD,0.0,0.0,21.32
114-9142203-1686780,2025-05-17,09:18:33,Canceled,FBM,Amazon.com,Expedited,CUST-01589,CA,San Diego,22040,US,USD,4.76,0.0,115.67
114-2251198-9440339,2025-05-18,03:37:17,Shipped,FBA,Amazon.com,Two-Day,CUST-00337,MA,Springfield,69098,US,USD,0.0,0.0,30.93
114-6026673-7871859,2025-05-18,08:09:31,Shipped,FBM,Amazon.com,Standard,CUST-00372,CA,San Diego,35237,US,USD,5.48,0.0,34.63
114-6056497-8404917,2025-05-18,04:30:11,Canceled,FBA,Amazon.com,Two-Day,CUST-00456,PA,Philadelphia,23686,US,USD,0.0,1.69,76.01
114-6115213-3047234,2025-05-18,15:42:23,Shipped,FBA,Amazon.com,Two-Day,CUST-01501,NY,Rochester,80288,US,USD,0.0,11.3,108.22
114-7029298-2134458,2025-05-18,05:28:35,Shipped,FBA,Amazon.com,Two-Day,CUST-00795,MO,Fairview,27598,US,USD,0.0,0.0,32.8
114-7475947-8140130,2025-05-18,14:43:08,Pending,FBM,Amazon.com,Standard,CUST-00188,CA,Sacramento,94341,US,USD,7.1,0.0,93.65
114-7604560-1600262,2025-05-18,11:54:13,Shipped,FBM,Amazon.com,Scheduled,CUST-00818,PA,Pittsburgh,35954,US,USD,4.23,0.0,85.31
114-7725763-8984075,2025-05-18,13:57:42,Shipped,FBA,Amazon.com,Two-Day,CUST-01082,TX,Dallas,24442,US,USD,0.0,0.0,11.77
114-9601069-5935322,2025-05-18,07:49:31,Shipped,FBA,Amazon.com,Two-Day,CUST-01033,LA,Centerville,66270,US,USD,0.0,0.0,110.34
114-3404372-5373164,2025-05-19,11:46:48,Shipped,FBA,Amazon.com,Two-Day,CUST-00416,OH,Cincinnati,68827,US,USD,0.0,0.0,426.28
114-3610403-2872993,2025-05-19,13:44:12,Shipped,FBA,Amazon.com,Expedited,CUST-01576,TX,Fort Worth,44866,US,USD,0.0,0.0,87.93
114-7505803-1840271,2025-05-19,22:43:37,Shipped,FBA,Amazon.com,Standard,CUST-01052,AR,Centerville,97586,US,USD,0.0,0.0,108.98
114-8550026-6318899,2025-05-19,11:43:42,Shipped,FBA,Amazon.com,Two-Day,CUST-01337,MO,Riverside,44078,US,USD,0.0,0.0,98.5
114-1311508-2510365,2025-05-20,22:03:15,Shipped,FBM,Amazon.com,Standard,CUST-01493,CA,Sacramento,12043,US,USD,4.88,0.0,17.61
114-3556085-2663450,2025-05-20,16:30:20,Shipped,FBA,Amazon.com,Standard,CUST-01551,FL,Orlando,71500,US,USD,0.0,0.0,30.93
114-5046832-1741058,2025-05-20,16:37:14,Shipped,FBA,Amazon.com,Two-Day,CUST-00181,OH,Cleveland,77388,US,USD,0.0,0.0,89.89
114-6393757-5429833,2025-05-20,23:56:57,Shipped,FBA,Amazon.com,Expedited,CUST-01696,OK,Centerville,32010,US,USD,0.0,0.0,51.35
114-8453196-1721426,2025-05-20,14:41:00,Shipped,FBA,Amazon.com,Two-Day,CUST-00955,FL,Miami,17808,US,USD,0.0,0.0,72.58
114-9174087-2421913,2025-05-20,10:24:45,Shipped,FBA,Amazon.com,Two-Day,CUST-00256,AZ,Scottsdale,59592,US,USD,0.0,0.0,49.25
114-2140173-5592592,2025-05-21,23:04:01,Shipped,FBA,Amazon.com,Expedited,CUST-00774,IL,Chicago,70577,US,USD,0.0,0.0,43.14
114-3123388-3855738,2025-05-21,14:57:58,Shipped,FBA,Amazon.com,Standard,CUST-01764,LA,Fairview,64470,US,USD,0.0,0.0,228.29
114-3463285-6999526,2025-05-21,18:41:19,Shipped,FBA,Amazon.com,Two-Day,CUST-00427,NY,Albany,33388,US,USD,0.0,0.0,13.26
114-5843410-7388440,2025-05-21,14:26:49,Pending,FBM,Amazon.com,Standard,CUST-00195,MA,Springfield,31983,US,USD,7.14,5.88,41.8
114-6356374-4462747,2025-05-21,14:10:03,Shipped,FBA,Amazon.com,Two-Day,CUST-00247,NM,Georgetown,20911,US,USD,0.0,0.0,24.82
114-6424896-7937827,2025-05-21,06:00:52,Shipped,FBA,Amazon.com,Two-Day,CUST-00348,CA,San Jose,90096,US,USD,0.0,0.0,76.37
114-9571429-2016341,2025-05-21,22:23:10,Shipped,FBA,Amazon.com,Two-Day,CUST-01538,FL,Tampa,31873,US,USD,0.0,0.0,48.23
114-9654286-9271382,2025-05-21,10:48:50,Shipped,FBA,Amazon.com,Two-Day,CUST-01403,NV,Fairview,13735,US,USD,0.0,0.0,105.98
114-3422611-6669643,2025-05-22,12:14:02,Shipped,FBA,Amazon.com,Two-Day,CUST-00246,LA,Springfield,22524,US,USD,0.0,0.0,40.21
114-4006157-1142126,2025-05-22,14:07:05,Shipped,FBM,Amazon.com,Standard,CUST-00004,CA,Fresno,91620,US,USD,5.47,5.8,52.62
114-4694666-3811220,2025-05-22,13:18:08,Shipped,FBM,Amazon.com,Standard,CUST-00663,CT,Georgetown,88059,US,USD,7.46,0.0,134.3
114-7485823-1068238,2025-05-22,12:27:32,Shipped,FBA,Amazon.com,Two-Day,CUST-01647,GA,Macon,18773,US,USD,0.0,0.0,154.29
114-1207531-3103598,2025-05-23,05:00:08,Shipped,FBA,Amazon.com,Standard,CUST-01123,CA,Sacramento,75034,US,USD,0.0,0.0,107.91
114-1814704-1553753,2025-05-23,05:23:22,Shipped,FBM,Amazon.com,Expedited,CUST-00013,NC,Raleigh,69233,US,USD,5.05,0.0,86.54
114-2319149-6000709,2025-05-23,07:19:37,Shipped,FBM,Amazon.com,Standard,CUST-01003,GA,Augusta,24860,US,USD,6.51,0.0,141.34
114-2725212-8313716,2025-05-23,15:52:53,Canceled,FBA,Amazon.com,Two-Day,CUST-01013,MA,Cambridge,16760,US,USD,0.0,0.0,40.32
114-4263962-7890772,2025-05-23,11:38:25,Shipped,FBA,Amazon.com,Standard,CUST-00735,FL,Orlando,59666,US,USD,0.0,0.0,23.15
114-3278556-4230963,2025-05-24,06:40:34,Shipped,FBA,Amazon.com,Standard,CUST-00189,TX,El Paso,40191,US,USD,0.0,0.0,63.18
114-3376832-9350305,2025-05-24,15:18:08,Shipped,FBA,Amazon.com,Standard,CUST-00592,OH,Toledo,27459,US,USD,0.0,0.0,130.62
114-5882538-1939836,2025-05-24,08:34:02,Shipped,FBA,Amazon.com,Two-Day,CUST-00699,CA,San Diego,64154,US,USD,0.0,1.69,141.85
114-6863178-7830399,2025-05-24,01:51:29,Unshipped,FBA,Amazon.com,Standard,CUST-01654,FL,Fort Lauderdale,19295,US,USD,0.0,0.0,13.44
114-7696236-2591366,2025-05-24,03:44:47,Shipped,FBM,Amazon.com,Standard,CUST-01725,CA,San Francisco,63046,US,USD,4.5,0.0,19.81
114-8849130-6133161,2025-05-24,10:10:54,Shipped,FBA,Amazon.com,Standard,CUST-00952,MN,Riverside,95715,US,USD,0.0,2.18,89.17
114-9963980-5857528,2025-05-24,23:01:09,Shipped,FBA,Amazon.com,Standard,CUST-01317,NC,Durham,40765,US,USD,0.0,0.0,67.5
114-3491461-5081724,2025-05-25,06:08:30,Shipped,FBA,Amazon.com,Two-Day,CUST-00660,WA,Bellevue,76227,US,USD,0.0,0.0,15.31
114-3801766-6814121,2025-05-25,14:18:02,Shipped,FBA,Amazon.com,Standard,CUST-01292,NV,Springfield,95966,US,USD,0.0,0.0,99.92
114-5059357-6660550,2025-05-25,17:14:45,Shipped,FBM,Amazon.com,Standard,CUST-00337,MA,Springfield,69098,US,USD,6.11,0.0,18.84
114-5063102-6702260,2025-05-25,04:35:25,Shipped,FBA,Amazon.com,Standard,CUST-01756,ND,Georgetown,84959,US,USD,0.0,0.0,42.34
114-9798981-4152619,2025-05-25,14:56:15,Pending,FBM,Amazon.com,Standard,CUST-00682,SC,Fairview,62664,US,USD,6.29,8.28,120.8
114-5435616-7488035,2025-05-26,07:32:42,Shipped,FBA,Amazon.com,Expedited,CUST-01746,MO,Springfield,16411,US,USD,0.0,0.0,257.77
114-7060340-9510197,2025-05-26,19:57:05,Shipped,FBA,Amazon.com,Two-Day,CUST-01384,MA,Boston,62620,US,USD,0.0,0.0,12.73
114-9201294-6110010,2025-05-26,18:39:02,Shipped,FBA,Amazon.com,Two-Day,CUST-00480,MD,Centerville,21443,US,USD,0.0,0.0,54.16
114-1394043-5995921,2025-05-27,03:23:55,Shipped,FBA,Amazon.com,Standard,CUST-01538,FL,Tampa,31873,US,USD,0.0,0.0,15.31
114-3078240-1056132,2025-05-27,13:22:35,Pending,FBA,Amazon.com,Two-Day,CUST-00430,NJ,Paterson,44922,US,USD,0.0,1.62,30.28
114-5686885-3956450,2025-05-27,15:12:41,Shipped,FBA,Amazon.com,Expedited,CUST-00087,LA,Fairview,95778,US,USD,0.0,0.0,24.09
114-6380888-9424336,2025-05-27,03:22:12,Shipped,FBM,Amazon.com,Expedited,CUST-01127,MT,Springfield,30691,US,USD,7.63,0.0,44.45
114-6530519-5203413,2025-05-27,17:25:12,Shipped,FBA,Amazon.com,Expedited,CUST-01593,MO,Riverside,40495,US,USD,0.0,0.0,26.96
114-8381477-8665812,2025-05-27,21:47:04,Shipped,FBA,Amazon.com,Two-Day,CUST-01219,KY,Georgetown,29902,US,USD,0.0,0.0,173.37
114-2885510-6900257,2025-05-28,11:26:21,Shipped,FBM,Amazon.com,Standard,CUST-00841,PA,Allentown,57844,US,USD,7.4,0.0,35.11
114-5984128-2452043,2025-05-28,13:19:13,Unshipped,FBA,Amazon.com,Two-Day,CUST-01574,WV,Georgetown,89873,US,USD,0.0,0.0,87.93
114-6879774-2051379,2025-05-28,17:24:15,Pending,FBA,Amazon.com,Standard,CUST-00093,FL,Jacksonville,21539,US,USD,0.0,0.0,50.62
114-7108156-7090779,2025-05-28,09:56:02,Shipped,FBA,Amazon.com,Two-Day,CUST-01028,TX,Dallas,28161,US,USD,0.0,0.0,89.73
114-1035443-1273090,2025-05-29,17:58:51,Shipped,FBA,Amazon.com,Two-Day,CUST-01058,VA,Arlington,91327,US,USD,0.0,0.0,110.91
114-4063955-3881643,2025-05-29,09:08:16,Shipped,FBM,Amazon.com,Standard,CUST-00017,NY,New York,11567,US,USD,4.53,0.0,43.78
114-4081560-5709373,2025-05-29,11:26:11,Shipped,FBM,Amazon.com,Standard,CUST-00554,IN,Fairview,44754,US,USD,7.71,0.0,88.79
114-7093251-2251886,2025-05-29,04:18:00,Shipped,FBM,Amazon.com,Scheduled,CUST-01041,CT,Springfield,26265,US,USD,4.39,2.09,17.61
114-7853022-7253059,2025-05-29,15:30:50,Shipped,FBM,Amazon.com,Standard,CUST-00874,OK,Springfield,45405,US,USD,4.97,0.0,99.55
114-8860310-9841593,2025-05-29,04:50:23,Shipped,FBM,Amazon.com,Expedited,CUST-01746,MO,Springfield,16411,US,USD,4.85,0.0,117.34
114-9032737-5104413,2025-05-29,15:42:20,Shipped,FBA,Amazon.com,Standard,CUST-00409,TX,San Antonio,90713,US,USD,0.0,0.0,17.61
114-9452364-4250427,2025-05-29,13:04:00,Shipped,FBA,Amazon.com,Expedited,CUST-00384,OK,Riverside,91379,US,USD,0.0,0.0,34.22
114-9460150-2859364,2025-05-29,12:39:13,Shipped,FBA,Amazon.com,Standard,CUST-00090,VA,Virginia Beach,29762,US,USD,0.0,0.0,21.36
114-1140823-1545747,2025-05-30,20:23:25,Shipped,FBA,Amazon.com,Standard,CUST-01172,PA,Allentown,41860,US,USD,0.0,0.0,42.31
114-3758155-3482120,2025-05-30,08:17:35,Shipped,FBA,Amazon.com,Two-Day,CUST-01122,TX,Austin,84487,US,USD,0.0,0.0,19.25
114-8535305-6059943,2025-05-30,17:07:06,Shipped,FBA,Amazon.com,Two-Day,CUST-01451,TX,El Paso,83463,US,USD,0.0,0.0,117.69
114-9326220-8139701,2025-05-30,03:53:27,Pending,FBA,Amazon.com,Standard,CUST-01449,AL,Riverside,60160,US,USD,0.0,0.0,132.57
114-4234229-1191868,2025-05-31,23:24:56,Shipped,FBA,Amazon.com,Two-Day,CUST-00521,KY,Georgetown,87748,US,USD,0.0,18.52,128.01
114-6154085-8434324,2025-05-31,18:27:15,Shipped,FBA,Amazon.com,Standard,CUST-01354,IN,Centerville,35873,US,USD,0.0,0.0,13.44
114-6372872-4641570,2025-05-31,02:57:49,Shipped,FBA,Amazon.com,Expedited,CUST-00245,NC,Raleigh,96772,US,USD,0.0,0.0,107.91
114-7074501-6479726,2025-05-31,21:08:51,Shipped,FBA,Amazon.com,Two-Day,CUST-00938,OH,Columbus,27324,US,USD,0.0,2.29,16.69
114-8922493-2938893,2025-05-31,23:49:04,Canceled,FBA,Amazon.com,Standard,CUST-01624,GA,Atlanta,85427,US,USD,0.0,0.0,94.92
114-9712305-1537243,2025-05-31,04:26:07,Shipped,FBM,Amazon.com,Standard,CUST-01508,IN,Centerville,19094,US,USD,4.74,0.0,120.17
114-8518469-5343566,2025-06-01,23:16:51,Shipped,FBA,Amazon.com,Two-Day,CUST-01459,WV,Fairview,66533,US,USD,0.0,0.0,50.61
114-2277184-9606924,2025-06-02,05:21:40,Shipped,FBA,Amazon.com,Standard,CUST-00456,PA,Philadelphia,23686,US,USD,0.0,0.0,85.66
114-2614213-7515730,2025-06-02,19:13:13,Shipped,FBA,Amazon.com,Expedited,CUST-00774,IL,Chicago,70577,US,USD,0.0,0.0,12.73
114-4185312-4982314,2025-06-02,17:35:40,Shipped,FBA,Amazon.com,Expedited,CUST-01606,WI,Springfield,91169,US,USD,0.0,0.0,221.82
114-5977397-8344026,2025-06-02,03:34:58,Shipped,FBA,Amazon.com,Two-Day,CUST-01719,CA,San Francisco,29876,US,USD,0.0,0.0,31.59
114-7160734-8899026,2025-06-02,12:07:20,Shipped,FBA,Amazon.com,Two-Day,CUST-00607,TX,San Antonio,13784,US,USD,0.0,0.0,64.15
114-9382645-3564094,2025-06-02,00:22:13,Shipped,FBA,Amazon.com,Standard,CUST-00715,MA,Boston,72072,US,USD,0.0,0.0,22.81
114-9717867-9828712,2025-06-02,07:30:26,Shipped,FBA,Amazon.com,Expedited,CUST-00144,AK,Springfield,42943,US,USD,0.0,0.0,109.19
114-9749598-2953333,2025-06-02,01:50:27,Shipped,FBA,Amazon.com,Two-Day,CUST-00198,FL,Fort Lauderdale,25403,US,USD,0.0,0.0,31.9
114-1745402-3119488,2025-06-03,01:02:37,Shipped,FBA,Amazon.com,Two-Day,CUST-00459,NY,Albany,36208,US,USD,0.0,0.0,51.35
114-3621766-7229979,2025-06-03,23:14:46,Shipped,FBM,Amazon.com,Expedited,CUST-00608,NV,Georgetown,96246,US,USD,4.52,0.0,134.11
114-4788034-3055871,2025-06-03,08:16:02,Shipped,FBM,Amazon.com,Standard,CUST-00388,AZ,Phoenix,88415,US,USD,6.58,0.0,49.01
114-6061922-9443215,2025-06-03,12:09:57,Shipped,FBM,Amazon.com,Expedited,CUST-01224,SC,Riverside,68600,US,USD,6.68,0.0,114.59
114-3317161-7548852,2025-06-04,06:56:01,Shipped,FBA,Amazon.com,Two-Day,CUST-01611,TX,Fort Worth,45800,US,USD,0.0,0.0,110.91
114-3606610-8473407,2025-06-04,13:07:07,Shipped,FBA,Amazon.com,Expedited,CUST-00192,VA,Richmond,77717,US,USD,0.0,0.0,52.27
114-4951822-7520513,2025-06-04,16:49:30,Shipped,FBA,Amazon.com,Two-Day,CUST-01578,CA,San Jose,91350,US,USD,0.0,0.0,91.24
114-5243170-6353360,2025-06-04,12:49:19,Canceled,FBA,Amazon.com,Two-Day,CUST-01033,LA,Centerville,66270,US,USD,0.0,0.0,156.65
114-8719552-8873233,2025-06-04,02:55:09,Shipped,FBA,Amazon.com,Two-Day,CUST-01098,CO,Fairview,17977,US,USD,0.0,3.03,47.93
114-9169004-1922240,2025-06-04,04:47:58,Shipped,FBA,Amazon.com,Two-Day,CUST-00218,FL,Tampa,54560,US,USD,0.0,0.0,38.84
114-1199068-5238439,2025-06-05,19:18:09,Shipped,FBA,Amazon.com,Two-Day,CUST-01100,LA,Riverside,49438,US,USD,0.0,0.0,88.7
114-1554536-4704808,2025-06-05,07:06:45,Shipped,FBA,Amazon.com,Two-Day,CUST-00258,MO,Springfield,33908,US,USD,0.0,0.0,157.32
114-1719389-3898378,2025-06-05,11:05:13,Shipped,FBA,Amazon.com,Two-Day,CUST-01223,MN,Centerville,58855,US,USD,0.0,0.0,165.02
114-2827663-8802705,2025-06-05,08:58:32,Shipped,FBA,Amazon.com,Two-Day,CUST-00436,ND,Springfield,92656,US,USD,0.0,0.0,109.5
114-4221482-2574702,2025-06-05,18:39:22,Shipped,FBM,Amazon.com,Scheduled,CUST-01193,PA,Pittsburgh,69486,US,USD,7.03,0.0,38.62
114-4840564-6811821,2025-06-05,09:04:24,Shipped,FBA,Amazon.com,Two-Day,CUST-01274,MS,Fairview,94919,US,USD,0.0,0.0,119.24
114-6956512-2651995,2025-06-05,07:03:59,Shipped,FBA,Amazon.com,Two-Day,CUST-01051,OH,Toledo,25715,US,USD,0.0,0.0,38.97
114-7340456-9963996,2025-06-05,17:33:57,Shipped,FBA,Amazon.com,Two-Day,CUST-00754,WY,,72185,US,USD,0.0,0.0,13.26
114-1054467-3984141,2025-06-06,00:31:53,Shipped,FBM,Amazon.com,Expedited,CUST-01016,GA,Savannah,52258,US,USD,5.36,0.0,15.76
114-1790257-6838757,2025-06-06,16:51:23,Pending,FBA,Amazon.com,Two-Day,CUST-00890,ND,Riverside,32913,US,USD,0.0,0.0,15.31
114-3127039-4756768,2025-06-06,17:47:02,Shipped,FBM,Amazon.com,Expedited,CUST-01107,WI,Centerville,65683,US,USD,4.13,0.0,211.47
114-3732729-7220778,2025-06-06,03:01:38,Shipped,FBA,Amazon.com,Two-Day,CUST-01352,AL,Fairview,17977,US,USD,0.0,0.0,140.02
114-4421831-8770973,2025-06-06,11:30:29,Shipped,FBA,Amazon.com,Two-Day,CUST-00316,CO,Georgetown,12816,US,USD,0.0,0.0,54.55
114-7044525-3614845,2025-06-06,15:16:36,Shipped,FBA,Amazon.com,Two-Day,CUST-00665,NY,Albany,22843,US,USD,0.0,0.0,254.88
114-7371211-6915111,2025-06-06,00:32:06,Shipped,FBA,Amazon.com,Two-Day,CUST-00430,NJ,Paterson,44922,US,USD,0.0,0.0,55.67
114-8104723-9467237,2025-06-06,11:27:02,Shipped,FBA,Amazon.com,Standard,CUST-00734,PA,Allentown,82680,US,USD,0.0,0.0,156.66
114-1601533-7099658,2025-06-07,16:59:30,Shipped,FBA,Amazon.com,Two-Day,CUST-00099,FL,Orlando,37681,US,USD,0.0,0.0,87.92
114-4526499-6340952,2025-06-07,11:07:02,Shipped,FBA,Amazon.com,Two-Day,CUST-00149,TX,El Paso,90689,US,USD,0.0,0.0,290.87
114-6392735-8502556,2025-06-07,01:11:48,Shipped,FBM,Amazon.com,Standard,CUST-00320,GA,Savannah,64700,US,USD,6.81,0.0,94.75
114-8296545-1311727,2025-06-07,03:31:18,Unshipped,FBM,Amazon.com,Standard,CUST-00121,SD,Centerville,62858,US,USD,6.05,0.0,60.6
114-1641726-6341250,2025-06-08,08:03:28,Shipped,FBA,Amazon.com,Standard,CUST-00144,AK,Springfield,42943,US,USD,0.0,0.0,494.56
114-2697504-6370127,2025-06-08,22:19:27,Shipped,FBM,Amazon.com,Standard,CUST-00078,SC,Centerville,43029,US,USD,4.04,0.0,35.63
114-5314741-4669487,2025-06-08,05:57:02,Shipped,FBM,Amazon.com,Standard,CUST-00943,HI,Fairview,95899,US,USD,7.1,6.28,76.8
114-6494717-4427554,2025-06-08,08:03:25,Shipped,FBA,Amazon.com,Two-Day,CUST-00857,OR,Centerville,58145,US,USD,0.0,0.0,19.86
114-9908966-9901867,2025-06-08,04:35:11,Canceled,FBM,Amazon.com,Standard,CUST-01555,VA,Richmond,79540,US,USD,5.37,0.0,143.99
114-1463222-8576990,2025-06-09,18:51:54,Shipped,FBA,Amazon.com,Two-Day,CUST-00851,SC,Centerville,73234,US,USD,0.0,0.0,21.64
114-1474035-4116596,2025-06-09,08:35:37,Pending,FBA,Amazon.com,Two-Day,CUST-01616,CA,Fresno,74032,US,USD,0.0,0.0,75.3
114-2224634-6122965,2025-06-09,08:56:26,Canceled,FBA,Amazon.com,Two-Day,CUST-00393,TN,Nashville,58394,US,USD,0.0,0.0,46.89
114-3299522-1735592,2025-06-09,00:40:35,Canceled,FBA,Amazon.com,Standard,CUST-00217,ND,Centerville,85354,US,USD,0.0,0.0,26.96
114-3008248-7971116,2025-06-10,18:18:06,Shipped,FBM,Amazon.com,Expedited,CUST-01138,TN,Nashville,41217,US,USD,6.71,0.0,81.02
114-3471253-2410170,2025-06-10,22:19:11,Shipped,FBA,Amazon.com,Two-Day,CUST-00987,MI,Lansing,24302,US,USD,0.0,0.0,68.06
114-7486012-1082541,2025-06-10,13:28:55,Canceled,FBA,Amazon.com,Two-Day,CUST-01617,SC,Georgetown,58142,US,USD,0.0,4.2,95.61
114-7743856-7329897,2025-06-10,22:54:54,Shipped,FBA,Amazon.com,Two-Day,CUST-00190,IL,Naperville,87436,US,USD,0.0,0.0,49.25
114-9716644-1690978,2025-06-10,06:01:39,Shipped,FBA,Amazon.com,Standard,CUST-01129,CA,San Jose,95620,US,USD,0.0,0.0,63.85
114-1462791-9944486,2025-06-12,19:16:51,Shipped,FBM,Amazon.com,Standard,CUST-01360,SD,Centerville,98208,US,USD,4.71,0.0,114.21
114-4533439-1940363,2025-06-12,04:02:08,Pending,FBA,Amazon.com,Expedited,CUST-01712,AZ,Mesa,53444,US,USD,0.0,0.0,101.36
114-8033901-7623806,2025-06-12,10:00:27,Shipped,FBA,Amazon.com,Two-Day,CUST-01381,IN,Springfield,79699,US,USD,0.0,0.0,27.71
114-2666198-5664006,2025-06-13,17:28:05,Unshipped,FBM,Amazon.com,Standard,CUST-00346,NY,Buffalo,29432,US,USD,5.77,0.0,183.71
114-3435279-2580209,2025-06-13,18:49:25,Shipped,FBA,Amazon.com,Two-Day,CUST-00774,IL,Chicago,70577,US,USD,0.0,2.21,19.11
114-9958483-6516331,2025-06-13,00:53:49,Shipped,FBM,Amazon.com,Standard,CUST-00609,SD,Georgetown,26950,US,USD,4.85,0.0,42.33
114-1151539-8454748,2025-06-14,14:36:39,Shipped,FBA,Amazon.com,Standard,CUST-00535,IL,Naperville,65666,US,USD,0.0,0.0,53.13
114-2190742-5743330,2025-06-14,17:45:17,Shipped,FBA,Amazon.com,Two-Day,CUST-01352,AL,Fairview,17977,US,USD,0.0,0.0,70.6
114-4633913-4694667,2025-06-14,23:26:47,Shipped,FBA,Amazon.com,Two-Day,CUST-00584,MS,Fairview,46935,US,USD,0.0,0.0,82.16
114-6965855-6340079,2025-06-14,23:00:58,Shipped,FBA,Amazon.com,Two-Day,CUST-00740,PA,Allentown,26575,US,USD,0.0,0.0,88.7
114-7408963-2670620,2025-06-14,13:11:13,Canceled,FBA,Amazon.com,Two-Day,CUST-01375,MA,Springfield,82964,US,USD,0.0,0.0,41.1
114-8722147-7082985,2025-06-14,16:46:10,Shipped,FBA,Amazon.com,Expedited,CUST-01638,CA,San Diego,90441,US,USD,0.0,0.0,19.25
114-1894161-8595571,2025-06-15,20:10:35,Shipped,FBA,Amazon.com,Two-Day,CUST-00442,NJ,Jersey City,95037,US,USD,0.0,0.0,29.15
114-3201617-3589277,2025-06-15,07:09:46,Pending,FBA,Amazon.com,Standard,CUST-00469,KY,Fairview,48769,US,USD,0.0,0.84,111.56
114-5543184-7606979,2025-06-15,20:56:49,Shipped,FBA,Amazon.com,Two-Day,CUST-00223,LA,Fairview,56338,US,USD,0.0,0.0,49.25
114-5748505-2514619,2025-06-15,22:20:11,Shipped,FBA,Amazon.com,Two-Day,CUST-00056,UT,Georgetown,40886,US,USD,0.0,0.0,24.82
114-7245743-4688718,2025-06-15,07:13:44,Shipped,FBA,Amazon.com,Two-Day,CUST-00329,FL,Jacksonville,39170,US,USD,0.0,0.0,38.5
114-1994790-5341292,2025-06-16,00:29:15,Shipped,FBA,Amazon.com,Two-Day,CUST-00389,UT,Springfield,21866,US,USD,0.0,0.0,95.18
114-2935851-3771969,2025-06-16,08:09:15,Unshipped,FBA,Amazon.com,Two-Day,CUST-00997,MA,Boston,29727,US,USD,0.0,0.0,29.15
114-3566569-8548251,2025-06-16,07:17:01,Shipped,FBA,Amazon.com,Two-Day,CUST-01628,ID,Springfield,74907,US,USD,0.0,13.47,200.61
114-3845107-4833000,2025-06-16,22:13:39,Shipped,FBA,Amazon.com,Standard,CUST-00557,MO,Georgetown,51071,US,USD,0.0,5.54,79.51
114-5923181-1415063,2025-06-16,11:37:31,Shipped,FBM,Amazon.com,Scheduled,CUST-01573,WV,Georgetown,53392,US,USD,7.27,0.0,149.63
114-8187538-9089012,2025-06-16,03:27:15,Shipped,FBA,Amazon.com,Two-Day,CUST-00012,CA,Los Angeles,30369,US,USD,0.0,1.72,15.89
114-2379201-7336938,2025-06-17,10:40:57,Shipped,FBM,Amazon.com,Standard,CUST-01724,MD,Georgetown,42151,US,USD,7.26,0.0,39.26
114-3162530-6109362,2025-06-17,01:09:51,Shipped,FBM,Amazon.com,Scheduled,CUST-01595,PA,Philadelphia,15259,US,USD,7.86,0.0,32.68
114-3874563-3451220,2025-06-17,17:41:49,Shipped,FBA,Amazon.com,Two-Day,CUST-01027,NY,New York,77894,US,USD,0.0,0.0,10.4
114-5286392-3851877,2025-06-17,02:33:10,Shipped,FBA,Amazon.com,Expedited,CUST-00142,TX,Fort Worth,60972,US,USD,0.0,0.0,182.99
114-5338042-6890588,2025-06-17,22:24:24,Shipped,FBA,Amazon.com,Expedited,CUST-00804,OH,Cleveland,82463,US,USD,0.0,0.0,31.9
114-5837652-2737911,2025-06-17,16:48:20,Shipped,FBA,Amazon.com,Two-Day,CUST-01422,IL,Chicago,79881,US,USD,0.0,0.0,108.32
114-8478399-8257604,2025-06-18,07:59:04,Shipped,FBA,Amazon.com,Two-Day,CUST-00212,PA,Erie,67536,US,USD,0.0,0.0,54.16
114-2083587-6020258,2025-06-19,12:05:19,Shipped,FBA,Amazon.com,Standard,CUST-00507,PA,Pittsburgh,13728,US,USD,0.0,0.0,86.26
114-2532162-7307818,2025-06-19,04:01:16,Shipped,FBA,Amazon.com,Two-Day,CUST-00002,MA,Worcester,77603,US,USD,0.0,0.0,40.0
114-4031676-4429433,2025-06-19,20:21:50,Canceled,FBA,Amazon.com,Two-Day,CUST-01639,CA,Sacramento,68252,US,USD,0.0,1.25,29.85
114-5779750-8829244,2025-06-19,22:07:01,Shipped,FBM,Amazon.com,Standard,CUST-00938,OH,Columbus,27324,US,USD,5.45,0.0,56.8
114-8675783-5184707,2025-06-19,21:00:18,Shipped,FBA,Amazon.com,Two-Day,CUST-00096,IN,Riverside,23462,US,USD,0.0,0.0,62.79
114-9144052-3503192,2025-06-19,11:32:57,Shipped,FBM,Amazon.com,Standard,CUST-01322,GA,Savannah,62435,US,USD,7.18,0.0,38.23
114-9954070-1468996,2025-06-19,05:07:53,Shipped,FBA,Amazon.com,Two-Day,CUST-00571,TX,Dallas,87264,US,USD,0.0,0.0,8.44
114-5390923-2006351,2025-06-20,17:36:56,Shipped,FBA,Amazon.com,Standard,CUST-00269,FL,Miami,15504,US,USD,0.0,0.0,15.31
114-8221154-4404305,2025-06-20,17:24:06,Shipped,FBA,Amazon.com,Two-Day,CUST-00230,GA,Macon,51373,US,USD,0.0,0.0,91.31
114-8368441-8769303,2025-06-20,09:57:07,Shipped,FBM,Amazon.com,Expedited,CUST-01133,CO,Riverside,45456,US,USD,7.61,0.0,88.03
114-4616283-9651004,2025-06-21,22:40:09,Shipped,FBM,Amazon.com,Standard,CUST-00362,AL,Georgetown,99848,US,USD,5.73,0.0,44.67
114-4851602-4893816,2025-06-21,23:11:43,Shipped,FBA,Amazon.com,Two-Day,CUST-00737,WI,Springfield,25531,US,USD,0.0,0.0,147.41
114-5446285-6713848,2025-06-21,00:18:52,Shipped,FBM,Amazon.com,Standard,CUST-00505,PA,Pittsburgh,13517,US,USD,5.77,0.0,74.03
114-5604580-2866156,2025-06-21,03:31:08,Shipped,FBM,Amazon.com,Standard,CUST-01781,SD,Centerville,12979,US,USD,7.26,14.49,289.11
114-6224220-9314378,2025-06-21,09:53:25,Shipped,FBA,Amazon.com,Standard,CUST-01452,AZ,Tucson,22237,US,USD,0.0,0.0,110.91
114-6399648-6699648,2025-06-21,10:25:49,Shipped,FBA,Amazon.com,Two-Day,CUST-01742,NY,Albany,29493,US,USD,0.0,0.0,17.61
114-8903263-4817169,2025-06-21,15:12:00,Shipped,FBA,Amazon.com,Two-Day,CUST-00235,OH,Toledo,11276,US,USD,0.0,0.0,82.22
114-3089862-9736208,2025-06-22,22:44:53,Shipped,FBA,Amazon.com,Two-Day,CUST-01101,AL,Riverside,25035,US,USD,0.0,0.0,118.8
114-5365738-9539168,2025-06-22,16:44:28,Shipped,FBA,Amazon.com,Two-Day,CUST-00215,NY,Syracuse,36255,US,USD,0.0,0.0,204.03
114-5742703-2057860,2025-06-22,20:24:53,Shipped,FBM,Amazon.com,Standard,CUST-00746,CA,San Jose,40169,US,USD,5.78,0.0,167.01
114-6977619-1755625,2025-06-22,19:43:02,Shipped,FBA,Amazon.com,Standard,CUST-01609,GA,Augusta,28591,US,USD,0.0,0.0,72.29
114-2346369-2119403,2025-06-23,07:20:40,Shipped,FBA,Amazon.com,Two-Day,CUST-00957,HI,Riverside,25366,US,USD,0.0,0.0,207.01
114-4035787-9772017,2025-06-23,03:06:46,Shipped,FBM,Amazon.com,Standard,CUST-00346,NY,Buffalo,29432,US,USD,7.55,7.11,111.35
114-5111559-4877019,2025-06-23,08:58:31,Shipped,FBA,Amazon.com,Expedited,CUST-01485,MO,Georgetown,61666,US,USD,0.0,0.0,12.73
114-5838878-3914709,2025-06-23,22:22:55,Shipped,FBA,Amazon.com,Standard,CUST-01467,KY,Centerville,50609,US,USD,0.0,0.0,143.34
114-6528230-6493151,2025-06-23,04:27:59,Shipped,FBA,Amazon.com,Standard,CUST-01381,IN,Springfield,79699,US,USD,0.0,0.0,64.56
114-7927055-5211212,2025-06-23,18:08:44,Shipped,FBA,Amazon.com,Expedited,CUST-00930,PA,Pittsburgh,46659,US,USD,0.0,0.0,136.5
114-8734943-4465905,2025-06-23,23:38:25,Canceled,FBA,Amazon.com,Expedited,CUST-00608,NV,Georgetown,96246,US,USD,0.0,0.0,63.12
114-8740350-6232620,2025-06-23,18:59:28,Shipped,FBA,Amazon.com,Two-Day,CUST-01603,AZ,Mesa,11620,US,USD,0.0,0.0,64.3
114-1266694-2778984,2025-06-24,19:02:39,Shipped,FBM,Amazon.com,Standard,CUST-01196,IL,Chicago,51262,US,USD,5.35,0.0,37.25
114-1365020-4731316,2025-06-24,07:04:58,Shipped,FBA,Amazon.com,Two-Day,CUST-00652,VA,Richmond,66894,US,USD,0.0,0.0,131.88
114-2231929-6686779,2025-06-24,00:23:14,Shipped,FBA,Amazon.com,Two-Day,CUST-01028,TX,Dallas,28161,US,USD,0.0,0.0,32.42
114-3862345-8418392,2025-06-24,19:36:23,Shipped,FBM,Amazon.com,Standard,CUST-00965,CA,San Francisco,91139,US,USD,6.02,0.0,21.33
114-4886308-3795624,2025-06-24,02:59:41,Unshipped,FBM,Amazon.com,Expedited,CUST-00789,NJ,Jersey City,43022,US,USD,5.22,0.0,37.12
114-5764276-3192634,2025-06-24,21:53:52,Shipped,FBA,Amazon.com,Two-Day,CUST-01446,NY,Rochester,31049,US,USD,0.0,0.0,19.47
114-7324847-1293064,2025-06-24,20:12:46,Shipped,FBA,Amazon.com,Two-Day,CUST-00698,VT,Springfield,27527,US,USD,0.0,0.0,51.35
114-1840925-3566756,2025-06-25,06:53:20,Unshipped,FBM,Amazon.com,Standard,CUST-00067,KS,Fairview,68079,US,USD,6.58,0.0,33.54
114-3771786-6688369,2025-06-25,14:28:27,Pending,FBA,Amazon.com,Two-Day,CUST-00827,GA,Atlanta,79550,US,USD,0.0,0.0,82.57
114-3863862-1725367,2025-06-25,15:58:14,Shipped,FBA,Amazon.com,Standard,CUST-00903,LA,Springfield,26531,US,USD,0.0,0.0,115.07
114-5085025-6324047,2025-06-25,22:55:04,Shipped,FBA,Amazon.com,Two-Day,CUST-00644,NC,Charlotte,90028,US,USD,0.0,10.65,78.05
114-5534221-1057075,2025-06-25,13:46:09,Shipped,FBM,Amazon.com,Standard,CUST-00347,IL,Springfield,53399,US,USD,4.49,0.0,48.49
114-5740020-2565912,2025-06-25,11:16:53,Shipped,FBM,Amazon.com,Expedited,CUST-01484,GA,Atlanta,78136,US,USD,5.73,0.0,30.55
114-6034623-2545326,2025-06-25,02:03:38,Shipped,FBM,Amazon.com,Standard,CUST-01140,NY,Buffalo,47040,US,USD,6.19,0.0,70.75
114-7585847-4639898,2025-06-25,09:38:12,Shipped,FBA,Amazon.com,Two-Day,CUST-00460,FL,Orlando,38333,US,USD,0.0,0.0,77.88
114-8602836-2575236,2025-06-25,16:14:20,Shipped,FBA,Amazon.com,Standard,CUST-00521,KY,Georgetown,87748,US,USD,0.0,0.0,17.84
114-8680964-7219517,2025-06-25,18:29:46,Pending,FBA,Amazon.com,Two-Day,CUST-00763,CA,Fresno,78733,US,USD,0.0,1.34,125.92
114-9032352-6648123,2025-06-25,14:41:05,Pending,FBM,Amazon.com,Standard,CUST-00403,MN,Centerville,77757,US,USD,6.05,0.0,17.82
114-9594836-8924037,2025-06-25,07:53:20,Shipped,FBM,Amazon.com,Standard,CUST-00903,LA,Springfield,26531,US,USD,7.2,0.0,38.74
114-1801609-7068105,2025-06-26,04:42:46,Shipped,FBA,Amazon.com,Two-Day,CUST-01315,AZ,Mesa,49850,US,USD,0.0,0.0,80.22
114-2196967-7900000,2025-06-26,02:01:49,Shipped,FBA,Amazon.com,Two-Day,CUST-00029,DE,Riverside,33081,US,USD,0.0,1.68,48.79
114-4083015-2648873,2025-06-26,13:06:58,Shipped,FBA,Amazon.com,Expedited,CUST-00186,FL,Miami,77720,US,USD,0.0,0.0,135.73
114-6395440-4940134,2025-06-26,13:19:55,Shipped,FBM,Amazon.com,Expedited,CUST-00247,NM,Georgetown,20911,US,USD,6.46,0.0,30.48
114-7985879-7745527,2025-06-26,14:17:26,Pending,FBM,Amazon.com,Standard,CUST-00473,IL,Naperville,99740,US,USD,6.95,3.17,198.37
114-3461675-1923821,2025-06-27,16:48:32,Shipped,FBA,Amazon.com,Two-Day,CUST-00236,NJ,Paterson,49326,US,USD,0.0,0.0,277.13
114-3461675-1923821,2025-06-27,16:48:32,Shipped,FBA,Amazon.com,Two-Day,CUST-00236,NJ,Paterson,49326,US,USD,0.0,0.0,277.13
114-5013490-6336113,2025-06-27,10:39:37,Shipped,FBA,Amazon.com,Two-Day,CUST-00247,NM,Georgetown,20911,US,USD,0.0,4.81,96.2
114-6120953-9573604,2025-06-27,08:55:38,Shipped,FBA,Amazon.com,Two-Day,CUST-01015,NC,Charlotte,92764,US,USD,0.0,0.0,63.35
114-7413170-3255109,2025-06-27,17:38:15,Shipped,FBM,Amazon.com,Standard,CUST-00640,CA,Fresno,30788,US,USD,5.29,0.0,100.51
114-8698572-1957543,2025-06-27,04:28:22,Shipped,FBA,Amazon.com,Two-Day,CUST-01018,WA,Bellevue,93160,US,USD,0.0,0.0,19.42
114-8806617-2020147,2025-06-27,11:32:41,Shipped,FBA,Amazon.com,Two-Day,CUST-00640,CA,Fresno,30788,US,USD,0.0,0.0,19.25
114-9506803-9011321,2025-06-27,21:02:10,Canceled,FBA,Amazon.com,Two-Day,CUST-00602,SC,Centerville,56729,US,USD,0.0,0.0,204.86
114-3811691-3318931,2025-06-28,22:53:39,Shipped,FBA,Amazon.com,Two-Day,CUST-00557,MO,Georgetown,51071,US,USD,0.0,0.0,59.85
114-5900791-2212136,2025-06-28,11:28:26,Shipped,FBA,Amazon.com,Two-Day,CUST-00158,CA,San Francisco,23621,US,USD,0.0,0.0,242.7
114-7865555-6632977,2025-06-28,15:13:40,Shipped,FBM,Amazon.com,Standard,CUST-00752,DC,Springfield,49252,US,USD,6.94,0.0,273.04
114-3570708-9721164,2025-06-29,08:23:28,Shipped,FBA,Amazon.com,Two-Day,CUST-00405,CT,Springfield,71455,US,USD,0.0,0.0,110.91
114-6275507-4120097,2025-06-29,03:27:21,Shipped,FBA,Amazon.com,Standard,CUST-00792,HI,Georgetown,87000,US,USD,0.0,0.0,36.82
114-9986173-1124292,2025-06-29,08:42:11,Shipped,FBA,Amazon.com,Two-Day,CUST-00698,VT,Springfield,27527,US,USD,0.0,0.0,105.99
114-1604167-8552693,2025-06-30,20:45:57,Shipped,FBA,Amazon.com,Expedited,CUST-01585,CO,Springfield,26241,US,USD,0.0,0.0,135.05
114-3345814-8299487,2025-06-30,13:29:34,Shipped,FBA,Amazon.com,Expedited,CUST-00532,NC,Greensboro,33500,US,USD,0.0,0.0,56.87
114-5503370-3122320,2025-06-30,18:24:01,Canceled,FBA,Amazon.com,Two-Day,CUST-00785,VA,Richmond,91877,US,USD,0.0,0.0,51.35
114-6624867-7826219,2025-06-30,23:01:06,Shipped,FBA,Amazon.com,Standard,CUST-01007,KY,Georgetown,14277,US,USD,0.0,0.0,219.0
114-2547607-6585036,2025-07-01,14:24:44,Shipped,FBA,Amazon.com,Two-Day,CUST-00645,KS,Springfield,31895,US,USD,0.0,0.0,438.0
114-8389817-1186804,2025-07-01,17:31:56,Shipped,FBM,Amazon.com,Standard,CUST-01002,OH,Toledo,95054,US,USD,5.45,0.0,24.87
114-9346043-7412210,2025-07-01,23:11:28,Shipped,FBM,Amazon.com,Standard,CUST-01163,WY,Springfield,88719,US,USD,5.03,0.0,22.1
114-3399483-8733485,2025-07-02,03:33:48,Shipped,FBA,Amazon.com,Two-Day,CUST-01026,DC,Springfield,30760,US,USD,0.0,0.0,15.31
114-3621838-6868570,2025-07-02,22:10:48,Unshipped,FBA,Amazon.com,Standard,CUST-00223,LA,Fairview,56338,US,USD,0.0,0.0,17.61
114-4457407-2682205,2025-07-02,21:08:10,Shipped,FBA,Amazon.com,Two-Day,CUST-00452,CA,Los Angeles,83100,US,USD,0.0,0.0,61.97
114-4668839-2014393,2025-07-02,02:18:15,Shipped,FBM,Amazon.com,Standard,CUST-00540,TN,Chattanooga,71082,US,USD,4.25,0.0,55.6
114-6849505-1239294,2025-07-02,07:50:26,Shipped,FBA,Amazon.com,Standard,CUST-00700,MN,Springfield,80601,US,USD,0.0,0.0,74.65
114-7925315-2826251,2025-07-02,05:22:16,Unshipped,FBM,Amazon.com,Standard,CUST-01356,NC,Durham,10064,US,USD,6.25,0.0,555.94
114-8361457-5992100,2025-07-02,11:06:37,Shipped,FBM,Amazon.com,Standard,CUST-01058,VA,Arlington,91327,US,USD,5.19,0.0,108.94
114-8490272-5941880,2025-07-02,07:25:16,Pending,FBA,Amazon.com,Two-Day,CUST-00714,IL,Peoria,66616,US,USD,0.0,0.0,27.71
114-1313231-9271947,2025-07-03,23:51:42,Shipped,FBM,Amazon.com,Standard,CUST-00118,VA,Richmond,73167,US,USD,7.18,0.0,81.83
114-2920773-4764411,2025-07-03,05:38:55,shipped,FBM,Amazon.com,Standard,CUST-01612,MN,Riverside,18540,US,USD,7.71,0.0,32.53
114-2921352-4843704,2025-07-03,04:09:56,Pending,FBM,Amazon.com,Expedited,CUST-00215,NY,Syracuse,36255,US,USD,7.89,0.0,168.74
114-5108131-5317031,2025-07-03,04:42:16,Shipped,FBA,Amazon.com,Two-Day,CUST-01585,CO,Springfield,26241,US,USD,0.0,0.0,54.16
114-1363733-6147703,2025-07-04,10:54:07,Shipped,FBA,Amazon.com,Two-Day,CUST-00943,HI,Fairview,95899,US,USD,0.0,0.0,52.27
114-1911379-7658078,2025-07-04,09:05:42,Shipped,FBA,Amazon.com,Standard,CUST-00763,CA,Fresno,78733,US,USD,0.0,0.0,107.91
114-3549198-1265271,2025-07-04,12:46:01,Shipped,FBA,Amazon.com,Two-Day,CUST-01734,OK,Centerville,33274,US,USD,0.0,0.0,107.91
114-4715138-1009139,2025-07-04,17:22:26,Shipped,FBA,Amazon.com,Two-Day,CUST-01791,VA,Arlington,81770,US,USD,0.0,0.0,63.57
114-2415200-3867901,2025-07-05,10:34:28,Shipped,FBA,Amazon.com,Standard,CUST-00019,NH,Centerville,26880,US,USD,0.0,0.0,19.86
114-3502581-2023580,2025-07-05,07:21:05,Shipped,FBA,Amazon.com,Expedited,CUST-01321,AK,Georgetown,61402,US,USD,0.0,0.0,488.82
114-5387696-2573407,2025-07-05,10:11:53,Shipped,FBA,Amazon.com,Standard,CUST-00388,AZ,Phoenix,88415,US,USD,0.0,0.0,63.08
114-8134099-8096065,2025-07-05,23:29:47,Shipped,FBA,Amazon.com,Two-Day,CUST-01356,NC,Durham,10064,US,USD,0.0,0.0,31.9
114-1220581-7215142,2025-07-06,14:05:05,Shipped,FBA,Amazon.com,Expedited,CUST-00274,TX,Dallas,81137,US,USD,0.0,0.0,39.53
114-8419974-9066248,2025-07-06,02:23:28,Shipped,FBA,Amazon.com,Two-Day,CUST-00442,NJ,Jersey City,95037,US,USD,0.0,0.0,19.25
114-8650199-2961905,2025-07-06,08:02:18,Shipped,FBA,Amazon.com,Two-Day,CUST-00637,AL,Fairview,71908,US,USD,0.0,0.0,54.16
114-9552017-5064263,2025-07-06,00:53:28,Shipped,FBA,Amazon.com,Two-Day,CUST-01237,SC,Riverside,71668,US,USD,0.0,0.0,83.69
114-1037242-7116407,2025-07-07,14:47:44,Shipped,FBA,Amazon.com,Two-Day,CUST-00642,TX,Houston,83010,US,USD,0.0,0.0,11.33
114-4373085-9243243,2025-07-07,03:42:12,Shipped,FBA,Amazon.com,Standard,CUST-01186,OR,Georgetown,77853,US,USD,0.0,0.0,83.71
114-6983124-3368038,2025-07-07,19:13:02,Shipped,FBA,Amazon.com,Standard,CUST-01535,NE,Centerville,29593,US,USD,0.0,0.0,82.95
114-2426942-9561996,2025-07-08,21:50:06,Shipped,FBA,Amazon.com,Standard,CUST-00555,DC,Georgetown,22416,US,USD,0.0,0.0,34.09
114-4745730-2768980,2025-07-08,04:45:50,Shipped,FBA,Amazon.com,Two-Day,CUST-00135,TX,Dallas,81802,US,USD,0.0,0.0,31.9
114-5466216-1653656,2025-07-08,13:03:09,Shipped,FBA,Amazon.com,Two-Day,CUST-00488,TN,Memphis,97340,US,USD,0.0,0.0,95.15
114-5963481-5016828,2025-07-08,15:39:39,Shipped,FBA,Amazon.com,Two-Day,CUST-00530,SC,Centerville,25167,US,USD,0.0,0.0,76.29
114-6567769-6949632,2025-07-08,18:29:40,Shipped,FBA,Amazon.com,Two-Day,CUST-00851,SC,Centerville,73234,US,USD,0.0,0.0,48.65
114-7514281-2927002,2025-07-08,13:20:00,Shipped,FBA,Amazon.com,Two-Day,CUST-01150,CA,Los Angeles,89788,US,USD,0.0,0.0,74.16
114-8929638-5285297,2025-07-08,17:52:08,Shipped,FBA,Amazon.com,Standard,CUST-01289,GA,Savannah,15799,US,USD,0.0,0.0,22.81
114-9079631-9456021,2025-07-08,17:57:19,Shipped,FBA,Amazon.com,Standard,CUST-01129,CA,San Jose,95620,US,USD,0.0,0.0,107.77
114-1425783-4058597,2025-07-09,09:04:40,Shipped,FBA,Amazon.com,Expedited,CUST-00490,FL,Tampa,29391,US,USD,0.0,0.0,179.46
114-3418432-3758975,2025-07-09,18:55:51,Shipped,FBA,Amazon.com,Standard,CUST-00245,NC,Raleigh,96772,US,USD,0.0,0.0,30.93
114-3663973-8320472,2025-07-09,05:03:45,Shipped,FBM,Amazon.com,Standard,CUST-01315,AZ,Mesa,49850,US,USD,7.44,0.0,103.74
114-3863170-5964603,2025-07-09,21:32:55,Shipped,FBA,Amazon.com,Two-Day,CUST-00452,CA,Los Angeles,83100,US,USD,0.0,0.0,88.7
114-4542961-5078676,2025-07-09,21:09:02,Shipped,FBM,Amazon.com,Standard,CUST-00247,NM,Georgetown,20911,US,USD,7.77,0.0,21.39
114-6872899-1237264,2025-07-09,12:49:48,Shipped,FBA,Amazon.com,Two-Day,CUST-01297,CA,San Jose,35901,US,USD,0.0,0.0,77.65
114-7571030-1558172,2025-07-09,02:28:10,Shipped,FBA,Amazon.com,Standard,CUST-01079,AK,Georgetown,68886,US,USD,0.0,0.0,24.82
114-8180898-3774182,2025-07-09,18:00:36,Pending,FBA,Amazon.com,Standard,CUST-00540,TN,Chattanooga,71082,US,USD,0.0,3.89,31.08
114-9239528-2375726,2025-07-09,15:38:35,Shipped,FBA,Amazon.com,Standard,CUST-00293,NE,Fairview,12844,US,USD,0.0,2.82,73.54
114-8758452-9705563,2025-07-10,07:57:33,Shipped,FBA,Amazon.com,Standard,CUST-01544,AZ,Phoenix,97323,US,USD,0.0,0.0,177.4
114-9004511-5420628,2025-07-10,10:27:25,Shipped,FBA,Amazon.com,Standard,CUST-01039,FL,Fort Lauderdale,97994,US,USD,0.0,0.0,35.22
114-9451894-9269258,2025-07-10,16:55:57,Shipped,FBM,Amazon.com,Expedited,CUST-00426,CA,Los Angeles,43847,US,USD,4.2,0.0,72.46
114-1304647-7844188,2025-07-11,04:42:50,Shipped,FBA,Amazon.com,Expedited,CUST-01248,NV,Riverside,67310,US,USD,0.0,0.0,94.99
114-1454318-8224860,2025-07-11,00:51:51,Shipped,FBA,Amazon.com,Two-Day,CUST-00640,CA,Fresno,30788,US,USD,0.0,0.0,110.91
114-3868387-4035747,2025-07-11,10:31:23,Shipped,FBA,Amazon.com,Two-Day,CUST-01759,NC,Greensboro,80157,US,USD,0.0,0.0,10.4
114-6044884-3511364,2025-07-11,22:26:30,Shipped,FBA,Amazon.com,Two-Day,CUST-00236,NJ,Paterson,49326,US,USD,0.0,1.47,13.84
114-6421773-6779425,2025-07-11,20:03:44,Shipped,FBM,Amazon.com,Expedited,CUST-00745,GA,Savannah,59034,US,USD,6.36,0.0,168.39
114-6942025-7883212,2025-07-11,04:14:33,Shipped,FBM,Amazon.com,Standard,CUST-00261,SC,Springfield,74694,US,USD,4.91,0.0,20.22
114-8213476-3735306,2025-07-11,17:42:52,Shipped,FBA,Amazon.com,Standard,CUST-01763,MD,Springfield,23036,US,USD,0.0,0.0,49.38
114-7533764-4631757,2025-07-12,21:26:13,Shipped,FBA,Amazon.com,Expedited,CUST-01691,NY,Syracuse,88525,US,USD,0.0,0.0,93.08
114-7816383-1317536,2025-07-12,02:12:33,Shipped,FBA,Amazon.com,Standard,CUST-00733,PA,Philadelphia,13890,US,USD,0.0,0.0,26.96
114-3966646-2780896,2025-07-13,06:57:28,Shipped,FBA,Amazon.com,Two-Day,CUST-01468,MD,Riverside,80728,US,USD,0.0,0.0,159.38
114-4572034-1474171,2025-07-13,00:18:50,Shipped,FBM,Amazon.com,Standard,CUST-01524,FL,Fort Lauderdale,30428,US,USD,5.18,7.68,187.91
114-6160344-2479872,2025-07-13,13:30:46,Shipped,FBA,Amazon.com,Two-Day,CUST-01601,CT,Georgetown,49139,US,USD,0.0,0.0,88.7
114-9955283-5726937,2025-07-13,02:50:11,Shipped,FBA,Amazon.com,Expedited,CUST-01023,HI,Centerville,19643,US,USD,0.0,0.0,46.0
114-9997668-3689591,2025-07-13,17:07:43,Shipped,FBA,Amazon.com,Two-Day,CUST-01309,CO,Centerville,37149,US,USD,0.0,0.0,64.56
114-1191390-8279185,2025-07-14,20:13:36,Shipped,FBA,Amazon.com,Two-Day,CUST-00811,UT,Riverside,44253,US,USD,0.0,1.11,146.56
114-3217128-4356911,2025-07-14,13:31:02,Unshipped,FBA,Amazon.com,Two-Day,CUST-00094,NC,Charlotte,14944,US,USD,0.0,0.0,24.09
114-5588065-9678193,2025-07-14,03:29:21,Shipped,FBA,Amazon.com,Two-Day,CUST-00697,CT,Centerville,45784,US,USD,0.0,0.0,17.84
114-5588065-9678193,2025-07-14,03:29:21,Shipped,FBA,Amazon.com,Two-Day,CUST-00697,CT,Centerville,45784,US,USD,0.0,0.0,17.84
114-6682752-4065824,2025-07-14,01:30:00,Shipped,FBA,Amazon.com,Two-Day,CUST-00571,TX,Dallas,87264,US,USD,0.0,0.0,176.83
114-7806348-7010895,2025-07-14,12:03:07,Shipped,FBM,Amazon.com,Standard,CUST-00809,KY,Georgetown,74044,US,USD,4.42,0.0,228.37
114-8665557-3329447,2025-07-14,13:35:31,Pending,FBM,Amazon.com,Standard,CUST-01648,NY,Buffalo,28025,US,USD,5.61,11.05,87.79
114-1222628-9167792,2025-07-15,20:05:33,Shipped,FBA,Amazon.com,Standard,CUST-00622,NV,Fairview,86966,US,USD,0.0,0.0,128.72
114-3971133-9735313,2025-07-15,07:01:54,Shipped,FBA,Amazon.com,Standard,CUST-00690,ND,Riverside,49926,US,USD,0.0,0.0,25.43
114-6023750-9488686,2025-07-15,23:38:59,Shipped,FBA,Amazon.com,Standard,CUST-00459,NY,Albany,36208,US,USD,0.0,0.0,128.23
114-6506432-1896819,2025-07-15,18:58:03,Shipped,FBM,Amazon.com,Standard,CUST-00442,NJ,Jersey City,95037,US,USD,4.12,0.0,36.12
114-7841598-3972741,2025-07-15,19:18:25,Canceled,FBM,Amazon.com,Standard,CUST-00763,CA,Fresno,78733,US,USD,7.48,0.0,128.38
114-1818034-2693035,2025-07-16,08:22:00,Shipped,FBA,Amazon.com,Two-Day,CUST-00506,TX,Houston,95696,US,USD,0.0,0.0,54.16
114-2371053-6067049,2025-07-16,23:58:03,Shipped,FBA,Amazon.com,Standard,CUST-01146,LA,Springfield,40815,US,USD,0.0,0.0,19.86
114-2785491-1945869,2025-07-16,20:08:21,Shipped,FBA,Amazon.com,Two-Day,CUST-00733,PA,Philadelphia,13890,US,USD,0.0,6.21,104.7
114-4571154-7832762,2025-07-16,20:25:21,Canceled,FBA,Amazon.com,Two-Day,CUST-01755,WA,Seattle,63390,US,USD,0.0,0.0,30.93
114-4986535-4460115,2025-07-16,18:19:19,Shipped,FBA,Amazon.com,Two-Day,CUST-00593,SD,Centerville,88275,US,USD,0.0,0.0,41.1
114-8325380-9312160,2025-07-16,20:36:18,Shipped,FBM,Amazon.com,Scheduled,CUST-01148,OH,Toledo,74927,US,USD,6.27,0.0,25.52
114-9034655-2428964,2025-07-16,01:10:59,Shipped,FBM,Amazon.com,Standard,CUST-01673,NY,Albany,92327,US,USD,5.38,0.0,124.73
114-9057631-8798942,2025-07-16,23:34:01,Shipped,FBA,Amazon.com,Two-Day,CUST-00992,CA,Fresno,33082,US,USD,0.0,0.0,26.96
114-9565525-9964328,2025-07-16,16:58:38,Shipped,FBA,Amazon.com,Two-Day,CUST-01497,MT,Springfield,64511,US,USD,0.0,0.0,25.43
114-2196138-1132204,2025-07-17,14:38:01,Shipped,FBA,Amazon.com,Two-Day,CUST-01497,MT,Springfield,64511,US,USD,0.0,0.0,21.66
114-4106561-6794240,2025-07-17,16:52:19,Shipped,FBM,Amazon.com,Standard,CUST-01475,IL,Chicago,83023,US,USD,4.89,0.0,117.2
114-4353699-1756410,2025-07-17,13:36:41,shipped,FBA,Amazon.com,Two-Day,CUST-01430,TX,San Antonio,68114,US,USD,0.0,0.0,40.21
114-5013424-3441994,2025-07-17,22:34:49,Shipped,FBA,Amazon.com,Two-Day,CUST-00366,NJ,Trenton,32939,US,USD,0.0,0.0,115.2
114-6047451-9993160,2025-07-17,05:01:53,Shipped,FBA,Amazon.com,Two-Day,CUST-00867,NC,Greensboro,89452,US,USD,0.0,0.0,373.25
114-7027672-9846486,2025-07-17,10:47:23,Shipped,FBA,Amazon.com,Standard,CUST-01413,CT,Springfield,28737,US,USD,0.0,0.0,126.2
114-7737955-6622956,2025-07-17,22:57:36,Shipped,FBA,Amazon.com,Two-Day,CUST-00658,AL,Fairview,38014,US,USD,0.0,0.0,21.66
114-8063855-6468515,2025-07-17,01:21:25,Shipped,FBA,Amazon.com,Expedited,CUST-00937,NY,Buffalo,11545,US,USD,0.0,3.7,267.24
114-9694184-3803056,2025-07-17,08:14:54,Shipped,FBA,Amazon.com,Two-Day,CUST-00081,MD,Fairview,46291,US,USD,0.0,0.0,83.47
114-1488297-2028182,2025-07-18,13:18:25,Shipped,FBA,Amazon.com,Expedited,CUST-00257,CA,Fresno,99737,US,USD,0.0,0.0,57.75
114-2379095-8134635,2025-07-18,21:14:15,Shipped,FBA,Amazon.com,Two-Day,CUST-00908,MA,Cambridge,15028,US,USD,0.0,0.0,16.09
114-2931463-5840565,2025-07-18,16:31:38,Canceled,FBA,Amazon.com,Expedited,CUST-01724,MD,Georgetown,42151,US,USD,0.0,0.0,31.9
114-4622405-4333996,2025-07-18,23:33:02,Shipped,FBA,Amazon.com,Two-Day,CUST-00660,WA,Bellevue,76227,US,USD,0.0,0.0,8.78
114-4814971-8393823,2025-07-18,18:50:44,Shipped,FBA,Amazon.com,Standard,CUST-01062,TX,Austin,45728,US,USD,0.0,0.0,25.43
114-6234254-6994307,2025-07-18,04:35:19,Shipped,FBA,Amazon.com,Standard,CUST-00847,RI,Centerville,61355,US,USD,0.0,0.0,27.5
114-2671275-8626561,2025-07-19,12:48:03,Shipped,FBA,Amazon.com,Two-Day,CUST-01243,MA,Springfield,90725,US,USD,0.0,0.0,41.64
114-2671275-8626561,2025-07-19,12:48:03,Shipped,FBA,Amazon.com,Two-Day,CUST-01243,MA,Springfield,90725,US,USD,0.0,0.0,41.64
114-3006090-9866475,2025-07-19,11:30:05,Shipped,FBA,Amazon.com,Two-Day,CUST-00125,MO,Riverside,69566,US,USD,0.0,0.0,19.25
114-3508613-8512901,2025-07-19,03:12:17,Canceled,FBA,Amazon.com,Two-Day,CUST-01330,OK,Fairview,30875,US,USD,0.0,0.0,90.5
114-4707712-6763075,2025-07-19,04:31:09,Shipped,FBM,Amazon.com,Scheduled,CUST-01417,ID,Centerville,96933,US,USD,7.1,0.0,41.32
114-5200727-5754387,2025-07-19,23:01:51,Shipped,FBA,Amazon.com,Standard,CUST-01593,MO,Riverside,40495,US,USD,0.0,4.83,70.84
114-7341168-9351880,2025-07-19,23:00:36,Shipped,FBA,Amazon.com,Two-Day,CUST-00528,TX,San Antonio,77403,US,USD,0.0,3.07,158.44
114-8911742-5480450,2025-07-19,01:37:20,Shipped,FBA,Amazon.com,Standard,CUST-01170,CA,Sacramento,64798,US,USD,0.0,0.0,44.44
114-1744769-1395428,2025-07-20,18:40:50,Shipped,FBA,Amazon.com,Standard,CUST-00593,SD,Centerville,88275,US,USD,0.0,0.0,19.25
114-4234902-2627821,2025-07-20,10:43:36,Shipped,FBA,Amazon.com,Standard,CUST-01175,CO,Riverside,80466,US,USD,0.0,0.0,13.44
114-6629822-6912948,2025-07-20,20:44:19,Shipped,FBA,Amazon.com,Expedited,CUST-00075,CA,Fresno,39505,US,USD,0.0,0.0,213.68
114-1334878-7747471,2025-07-21,04:27:21,Shipped,FBM,Amazon.com,Standard,CUST-01781,SD,Centerville,12979,US,USD,4.86,0.0,21.57
114-1756866-4104484,2025-07-21,22:33:46,Shipped,FBA,Amazon.com,Two-Day,CUST-01147,MO,,45428,US,USD,0.0,0.0,21.66
114-2543109-8826136,2025-07-21,15:48:45,Shipped,FBM,Amazon.com,Scheduled,CUST-00713,CT,Springfield,42765,US,USD,7.73,0.0,50.86
114-4737494-5214684,2025-07-21,01:51:14,Shipped,FBA,Amazon.com,Standard,CUST-01579,TX,Fort Worth,80295,US,USD,0.0,6.2,120.39
114-5161086-5578178,2025-07-21,17:33:12,Shipped,FBA,Amazon.com,Two-Day,CUST-01451,TX,El Paso,83463,US,USD,0.0,0.0,24.09
114-5962273-4222243,2025-07-21,21:04:45,Shipped,FBA,Amazon.com,Two-Day,CUST-01251,AZ,Tucson,67944,US,USD,0.0,0.0,79.44
114-8531023-9781792,2025-07-21,05:09:38,Shipped,FBA,Amazon.com,Standard,CUST-00576,KS,Fairview,21829,US,USD,0.0,0.0,107.91
114-9227143-1887311,2025-07-21,03:07:01,Pending,FBA,Amazon.com,Two-Day,CUST-00265,SD,Centerville,22315,US,USD,0.0,0.0,121.0
114-1281774-2141277,2025-07-22,18:23:15,Shipped,FBA,Amazon.com,Standard,CUST-01624,GA,Atlanta,85427,US,USD,0.0,0.0,165.17
114-2571975-4017046,2025-07-22,21:52:37,Shipped,FBM,Amazon.com,Standard,CUST-01608,TX,El Paso,58866,US,USD,4.33,0.0,32.04
114-4269335-3011841,2025-07-22,05:58:02,Shipped,FBA,Amazon.com,Standard,CUST-00868,FL,Miami,34651,US,USD,0.0,0.0,64.49
114-4583225-6539379,2025-07-22,06:02:39,Shipped,FBA,Amazon.com,Standard,CUST-00892,SD,Springfield,48019,US,USD,0.0,0.0,120.59
114-7494032-1770246,2025-07-22,06:27:30,Shipped,FBA,Amazon.com,Standard,CUST-01048,CA,San Diego,32307,US,USD,0.0,0.0,333.16
114-8091166-7131350,2025-07-22,02:03:47,Pending,FBA,Amazon.com,Expedited,CUST-01330,OK,Fairview,30875,US,USD,0.0,11.51,118.38
114-8304041-7196373,2025-07-22,21:24:36,Shipped,FBA,Amazon.com,Two-Day,CUST-01764,LA,Fairview,64470,US,USD,0.0,17.32,146.05
114-1693359-3999723,2025-07-23,00:05:46,Shipped,FBA,Amazon.com,Two-Day,CUST-01167,PA,Pittsburgh,87493,US,USD,0.0,0.0,63.85
114-2673074-8722609,2025-07-23,04:02:07,Shipped,FBA,Amazon.com,Two-Day,CUST-00140,TX,Dallas,99573,US,USD,0.0,0.0,126.21
114-3687155-3471319,2025-07-23,23:23:04,Shipped,FBA,Amazon.com,Two-Day,CUST-00165,TX,El Paso,28884,US,USD,0.0,0.0,276.07
114-5052136-3167929,2025-07-23,04:28:22,Shipped,FBA,Amazon.com,Two-Day,CUST-00119,MD,Springfield,11526,US,USD,0.0,0.0,11.33
114-5875062-6503422,2025-07-23,15:31:36,Shipped,FBM,Amazon.com,Standard,CUST-00798,OH,Columbus,74440,US,USD,6.81,3.8,61.82
114-6489988-5916321,2025-07-23,11:08:38,Shipped,FBA,Amazon.com,Standard,CUST-01553,NY,New York,19932,US,USD,0.0,0.0,31.54
114-9483345-7371071,2025-07-23,13:27:02,Unshipped,FBA,Amazon.com,Two-Day,CUST-01781,SD,Centerville,12979,US,USD,0.0,0.0,30.93
114-3383215-5185490,2025-07-24,18:38:33,Shipped,FBA,Amazon.com,Two-Day,CUST-00233,NC,Durham,46651,US,USD,0.0,0.0,18.77
114-4115183-3151871,2025-07-24,16:30:10,Shipped,FBA,Amazon.com,Two-Day,CUST-00933,FL,Orlando,68465,US,USD,0.0,0.0,124.99
114-6305294-8401926,2025-07-24,21:30:14,Shipped,FBA,Amazon.com,Expedited,CUST-00894,ME,Georgetown,73998,US,USD,0.0,0.61,10.72
114-7093273-5456537,2025-07-24,03:41:30,Shipped,FBA,Amazon.com,Two-Day,CUST-00762,MD,Centerville,13517,US,USD,0.0,0.0,104.59
114-7266775-6909755,2025-07-24,19:12:57,Pending,FBM,Amazon.com,Expedited,CUST-00394,ND,Fairview,14087,US,USD,6.72,0.0,29.87
114-7547783-1567849,2025-07-24,07:21:12,Shipped,FBA,Amazon.com,Two-Day,CUST-01635,TN,Nashville,59803,US,USD,0.0,0.0,192.15
114-7662761-1700728,2025-07-24,00:05:05,Shipped,FBA,Amazon.com,Two-Day,CUST-00510,CA,San Jose,70429,US,USD,0.0,0.0,26.88
114-1139059-1453258,2025-07-25,08:41:51,Pending,FBA,Amazon.com,Standard,CUST-01420,TX,Houston,76155,US,USD,0.0,0.0,61.86
114-3473354-7656175,2025-07-25,20:45:44,Shipped,FBA,Amazon.com,Two-Day,CUST-00393,TN,Nashville,58394,US,USD,0.0,0.0,12.73
114-6355946-1615730,2025-07-25,15:06:21,Shipped,FBA,Amazon.com,Two-Day,CUST-00816,OR,Centerville,50383,US,USD,0.0,0.0,62.83
114-6927330-4919857,2025-07-25,03:30:41,Shipped,FBM,Amazon.com,Expedited,CUST-00796,MO,Fairview,13105,US,USD,7.8,0.0,25.41
114-7519642-7551047,2025-07-25,01:14:29,Shipped,FBA,Amazon.com,Expedited,CUST-00242,MI,Lansing,92742,US,USD,0.0,0.0,434.49
114-7718285-5060311,2025-07-25,00:12:35,Shipped,FBM,Amazon.com,Standard,CUST-01057,VA,Arlington,95890,US,USD,4.81,0.0,20.12
114-8008336-9108453,2025-07-25,18:28:55,Shipped,FBA,Amazon.com,Two-Day,CUST-01700,ID,Riverside,27339,US,USD,0.0,5.88,119.03
114-9330861-1286698,2025-07-25,12:19:48,Shipped,FBA,Amazon.com,Two-Day,CUST-00957,HI,Riverside,25366,US,USD,0.0,0.0,102.7
114-9544092-5362897,2025-07-25,04:42:52,Shipped,FBA,Amazon.com,Standard,CUST-00241,PA,Philadelphia,59947,US,USD,0.0,0.0,109.5
114-3993629-8249594,2025-07-26,10:29:42,Shipped,FBM,Amazon.com,Scheduled,CUST-00047,ID,Georgetown,66911,US,USD,4.55,0.0,313.07
114-4592093-5230909,2025-07-26,19:30:10,Shipped,FBA,Amazon.com,Standard,CUST-01752,OH,Cleveland,37664,US,USD,0.0,0.0,54.16
114-7438905-2000745,2025-07-26,02:22:48,Shipped,FBA,Amazon.com,Two-Day,CUST-00817,FL,Jacksonville,78807,US,USD,0.0,0.0,31.59
114-6318806-5700372,2025-07-27,16:01:43,Shipped,FBA,Amazon.com,Two-Day,CUST-00784,CA,Fresno,31895,US,USD,0.0,0.0,39.27
114-7978758-6351693,2025-07-27,00:00:44,Shipped,FBA,Amazon.com,Expedited,CUST-00984,DE,Centerville,44449,US,USD,0.0,0.0,162.23
114-8291756-7462851,2025-07-27,22:40:42,Pending,FBA,Amazon.com,Two-Day,CUST-01580,CT,Springfield,48747,US,USD,0.0,0.0,132.04
114-9072838-5059568,2025-07-27,12:02:19,Pending,FBA,Amazon.com,Two-Day,CUST-00942,CA,Sacramento,64432,US,USD,0.0,0.0,110.91
114-1623846-7829220,2025-07-28,13:30:53,Shipped,FBA,Amazon.com,Two-Day,CUST-00064,MA,Worcester,91034,US,USD,0.0,0.0,19.42
114-6524509-3280721,2025-07-28,05:31:13,Shipped,FBA,Amazon.com,Standard,CUST-00521,KY,Georgetown,87748,US,USD,0.0,0.0,155.46
114-6584570-7038276,2025-07-28,20:15:26,Shipped,FBA,Amazon.com,Two-Day,CUST-00977,IL,Peoria,15244,US,USD,0.0,2.9,98.56
114-7421516-9353000,2025-07-28,15:09:45,shipped,FBA,Amazon.com,Standard,CUST-00910,WA,Tacoma,65846,US,USD,0.0,2.0,74.52
114-8608933-3809588,2025-07-28,10:04:14,Shipped,FBM,Amazon.com,Standard,CUST-01519,OH,Cleveland,79459,US,USD,7.54,0.0,151.14
114-9839217-8172725,2025-07-28,22:17:53,Shipped,FBA,Amazon.com,Two-Day,CUST-01318,WA,Bellevue,38613,US,USD,0.0,0.0,343.2
114-2160287-2619386,2025-07-29,02:38:52,Shipped,FBA,Amazon.com,Standard,CUST-01325,VA,Virginia Beach,52601,US,USD,0.0,0.0,83.36
114-3757814-4404838,2025-07-29,07:52:49,Shipped,FBA,Amazon.com,Standard,CUST-01598,PA,Pittsburgh,89641,US,USD,0.0,0.0,12.73
114-4400765-3834436,2025-07-29,07:26:24,Shipped,FBM,Amazon.com,Standard,CUST-00161,HI,Centerville,51471,US,USD,7.11,0.0,47.32
114-5026372-7488130,2025-07-29,02:35:14,Shipped,FBA,Amazon.com,Standard,CUST-00501,AL,Georgetown,88372,US,USD,0.0,0.0,38.5
114-5470985-4188748,2025-07-29,14:18:28,Shipped,FBM,Amazon.com,Standard,CUST-00481,ID,Riverside,46168,US,USD,4.25,12.37,181.56
114-5788962-7135890,2025-07-29,21:31:33,Shipped,FBM,Amazon.com,Standard,CUST-00652,VA,Richmond,66894,US,USD,4.98,0.0,46.07
114-8524391-7111775,2025-07-29,02:03:01,Shipped,FBA,Amazon.com,Standard,CUST-00992,CA,Fresno,33082,US,USD,0.0,0.0,138.53
114-2215338-5880639,2025-07-30,12:22:51,Pending,FBA,Amazon.com,Two-Day,CUST-00613,CT,Georgetown,27208,US,USD,0.0,3.75,37.34
114-3678970-4681354,2025-07-30,22:21:58,Shipped,FBA,Amazon.com,Two-Day,CUST-00437,NJ,Newark,35309,US,USD,0.0,0.0,17.61
114-5246950-3666335,2025-07-30,20:45:58,Shipped,FBA,Amazon.com,Two-Day,CUST-00948,TX,Houston,10285,US,USD,0.0,0.0,106.53
114-6774032-1053482,2025-07-30,16:10:45,Shipped,FBA,Amazon.com,Two-Day,CUST-00386,VT,Riverside,32686,US,USD,0.0,0.0,221.82
114-7653465-5050622,2025-07-30,16:16:33,Shipped,FBA,Amazon.com,Standard,CUST-01050,CA,San Jose,90314,US,USD,0.0,0.0,238.86
114-8016574-9120075,2025-07-30,13:17:26,Shipped,FBA,Amazon.com,Standard,CUST-00931,SD,Springfield,60067,US,USD,0.0,0.0,42.72
114-3261050-1706174,2025-07-31,21:04:59,Shipped,FBA,Amazon.com,Expedited,CUST-00832,SC,Georgetown,14160,US,USD,0.0,0.0,64.98
114-6212898-3595236,2025-07-31,21:11:56,Shipped,FBA,Amazon.com,Two-Day,CUST-01498,OH,Cincinnati,88660,US,USD,0.0,0.0,31.59
114-7422554-3715486,2025-07-31,18:09:01,Shipped,FBA,Amazon.com,Standard,CUST-01777,CO,Centerville,74794,US,USD,0.0,0.0,25.46
114-7579359-5250843,2025-07-31,14:29:55,Shipped,FBA,Amazon.com,Two-Day,CUST-01509,CO,Fairview,17433,US,USD,0.0,0.0,46.27
114-8186119-1866050,2025-07-31,14:03:21,Shipped,FBA,Amazon.com,Standard,CUST-01391,MT,Centerville,37339,US,USD,0.0,0.0,105.32
114-1064545-8671957,2025-08-01,16:12:51,Shipped,FBA,Amazon.com,Standard,CUST-00142,TX,Fort Worth,60972,US,USD,0.0,0.0,9.99
114-1824629-1415625,2025-08-01,12:24:43,Shipped,FBA,Amazon.com,Standard,CUST-00515,OR,Riverside,30257,US,USD,0.0,0.0,11.77
114-2632871-9803553,2025-08-01,10:47:08,Shipped,FBM,Amazon.com,Standard,CUST-00762,MD,Centerville,13517,US,USD,5.44,0.0,63.19
114-4176777-4226808,2025-08-01,03:19:27,Canceled,FBA,Amazon.com,Two-Day,CUST-01175,CO,Riverside,80466,US,USD,0.0,0.0,127.38
114-5292408-9565320,2025-08-01,21:34:42,Shipped,FBA,Amazon.com,Two-Day,CUST-01399,CA,Los Angeles,18019,US,USD,0.0,0.0,44.98
114-7668192-4567285,2025-08-01,18:24:38,Shipped,FBA,Amazon.com,Two-Day,CUST-00709,SD,Georgetown,69497,US,USD,0.0,0.0,88.7
114-9813864-9222291,2025-08-01,06:29:54,Shipped,FBA,Amazon.com,Standard,CUST-01424,TN,Chattanooga,36502,US,USD,0.0,0.0,27.71
114-1512899-1836164,2025-08-02,04:08:23,Shipped,FBA,Amazon.com,Two-Day,CUST-01742,NY,Albany,29493,US,USD,0.0,0.0,34.94
114-4317299-6748605,2025-08-02,23:00:17,Shipped,FBA,Amazon.com,Standard,CUST-01318,WA,Bellevue,38613,US,USD,0.0,0.0,31.59
114-5902041-8884678,2025-08-02,11:53:54,Shipped,FBA,Amazon.com,Two-Day,CUST-01139,MA,Boston,11952,US,USD,0.0,0.0,51.35
114-6132586-5031696,2025-08-02,09:49:17,Shipped,FBA,Amazon.com,Two-Day,CUST-01509,CO,Fairview,17433,US,USD,0.0,0.0,15.31
114-1586085-9786991,2025-08-03,18:18:53,Shipped,FBA,Amazon.com,Standard,CUST-01483,WI,Riverside,74325,US,USD,0.0,0.0,118.59
114-2944884-4786393,2025-08-03,08:03:32,Shipped,FBA,Amazon.com,Two-Day,CUST-00290,IL,Springfield,89745,US,USD,0.0,0.0,15.31
114-4498805-3112051,2025-08-03,14:47:33,Shipped,FBA,Amazon.com,Two-Day,CUST-00948,TX,Houston,10285,US,USD,0.0,0.0,360.9
114-6723129-5236865,2025-08-03,20:43:25,Shipped,FBA,Amazon.com,Two-Day,CUST-00407,MN,Fairview,18050,US,USD,0.0,0.0,134.58
114-9039487-8427157,2025-08-03,04:37:38,Shipped,FBA,Amazon.com,Expedited,CUST-01475,IL,Chicago,83023,US,USD,0.0,0.0,222.68
114-4956097-7928527,2025-08-04,12:46:02,Shipped,FBA,Amazon.com,Two-Day,CUST-01421,UT,Springfield,36041,US,USD,0.0,0.0,21.66
114-6211024-6542047,2025-08-04,01:01:47,Shipped,FBA,Amazon.com,Two-Day,CUST-01643,OH,Columbus,49620,US,USD,0.0,0.0,46.37
114-6496688-9968716,2025-08-04,01:15:48,Shipped,FBA,Amazon.com,Two-Day,CUST-00640,CA,Fresno,30788,US,USD,0.0,0.0,171.76
114-9828041-8224494,2025-08-04,15:16:07,Shipped,FBA,Amazon.com,Expedited,CUST-01691,NY,Syracuse,88525,US,USD,0.0,0.0,58.64
114-1553114-7068270,2025-08-05,00:08:03,Shipped,FBM,Amazon.com,Expedited,CUST-01615,NY,Albany,10255,US,USD,6.39,4.22,70.2
114-3588068-7850567,2025-08-05,02:34:04,Shipped,FBA,Amazon.com,Two-Day,CUST-01066,WA,Bellevue,61368,US,USD,0.0,0.0,93.91
114-4209825-7219265,2025-08-05,14:06:25,Shipped,FBA,Amazon.com,Two-Day,CUST-00087,LA,Fairview,95778,US,USD,0.0,0.0,163.13
114-5410755-7672198,2025-08-05,00:20:02,Pending,FBA,Amazon.com,Two-Day,CUST-00500,MS,Centerville,47831,US,USD,0.0,0.0,144.12
114-5959945-5911006,2025-08-05,14:07:23,Unshipped,FBA,Amazon.com,Standard,CUST-01499,MN,Riverside,19243,US,USD,0.0,3.73,89.76
114-1347445-5072102,2025-08-06,11:48:18,Shipped,FBM,Amazon.com,Expedited,CUST-00273,OK,Springfield,59514,US,USD,4.51,0.0,192.01
114-3001603-2869625,2025-08-06,19:57:30,Shipped,FBA,Amazon.com,Two-Day,CUST-00551,AZ,Phoenix,51486,US,USD,0.0,0.0,70.44
114-4431419-8511427,2025-08-06,17:05:35,Shipped,FBA,Amazon.com,Two-Day,CUST-01679,AZ,Tucson,81003,US,USD,0.0,0.0,107.91
114-8438749-1667019,2025-08-06,23:48:05,Shipped,FBA,Amazon.com,Two-Day,CUST-00141,NV,Springfield,57013,US,USD,0.0,1.42,78.26
114-1142955-9827228,2025-08-07,15:05:17,Canceled,FBA,Amazon.com,Standard,CUST-01058,VA,Arlington,91327,US,USD,0.0,0.0,71.82
114-4768255-6435508,2025-08-07,03:25:46,Shipped,FBA,Amazon.com,Expedited,CUST-00045,CT,Springfield,19725,US,USD,0.0,0.0,22.81
114-4824416-3723046,2025-08-07,14:00:29,Shipped,FBA,Amazon.com,Expedited,CUST-00093,FL,Jacksonville,21539,US,USD,0.0,0.0,120.63
114-1007682-1811391,2025-08-08,00:29:42,Shipped,FBM,Amazon.com,Standard,CUST-01491,CA,Sacramento,33368,US,USD,6.71,0.0,30.8
114-1460514-1793521,2025-08-08,04:53:56,Shipped,FBM,Amazon.com,Standard,CUST-01555,VA,Richmond,79540,US,USD,4.02,0.0,24.0
114-3283061-1108971,2025-08-08,01:14:53,Canceled,FBA,Amazon.com,Standard,CUST-00292,GA,Atlanta,77844,US,USD,0.0,0.0,415.75
114-7120355-7192139,2025-08-08,16:50:48,Shipped,FBA,Amazon.com,Standard,CUST-01455,IL,Naperville,97493,US,USD,0.0,10.68,78.02
114-9774529-2910617,2025-08-08,21:37:24,Shipped,FBA,Amazon.com,Two-Day,CUST-01116,WI,Riverside,41013,US,USD,0.0,0.0,53.65
114-1537687-6447660,2025-08-09,15:30:23,Shipped,FBA,Amazon.com,Two-Day,CUST-01630,DE,Springfield,37143,US,USD,0.0,2.06,17.8
114-2510930-4827193,2025-08-09,17:31:44,Shipped,FBA,Amazon.com,Two-Day,CUST-01717,OH,Cincinnati,28868,US,USD,0.0,0.89,119.77
114-3419050-9484576,2025-08-09,08:39:32,Shipped,FBA,Amazon.com,Standard,CUST-00091,FL,Tampa,33639,US,USD,0.0,0.0,19.25
114-4103558-8589182,2025-08-09,02:09:51,Shipped,FBM,Amazon.com,Standard,CUST-00608,NV,Georgetown,96246,US,USD,7.17,0.0,71.73
114-5875471-9606378,2025-08-09,22:03:43,Shipped,FBA,Amazon.com,Standard,CUST-00808,MO,Centerville,84135,US,USD,0.0,0.0,95.11
114-6840880-3672219,2025-08-09,19:20:01,Shipped,FBA,Amazon.com,Two-Day,CUST-00533,MD,Springfield,25626,US,USD,0.0,0.0,40.54
114-8157573-4128472,2025-08-09,05:23:22,Shipped,FBM,Amazon.com,Standard,CUST-01293,CT,Georgetown,60330,US,USD,4.43,0.0,74.31
114-9064545-9918074,2025-08-09,05:56:28,Shipped,FBM,Amazon.com,Expedited,CUST-00022,HI,Georgetown,91156,US,USD,5.91,0.0,19.53
114-9329090-5549028,2025-08-09,09:32:54,Shipped,FBM,Amazon.com,Standard,CUST-00758,WI,,80464,US,USD,5.03,0.0,48.35
114-3843913-4040080,2025-08-10,22:44:12,Shipped,FBA,Amazon.com,Standard,CUST-00623,KY,Riverside,37665,US,USD,0.0,0.0,62.0
114-6748291-2799434,2025-08-10,10:46:01,Shipped,FBA,Amazon.com,Expedited,CUST-01700,ID,Riverside,27339,US,USD,0.0,0.0,29.77
114-2255266-5638566,2025-08-11,18:56:34,Canceled,FBA,Amazon.com,Standard,CUST-01684,KY,Centerville,67232,US,USD,0.0,0.0,8.78
114-3254885-1403953,2025-08-11,21:38:01,Shipped,FBA,Amazon.com,Standard,CUST-00974,NJ,Paterson,20322,US,USD,0.0,0.0,208.21
114-4288089-7361302,2025-08-11,10:10:11,Shipped,FBA,Amazon.com,Two-Day,CUST-01669,NM,Fairview,33996,US,USD,0.0,0.0,30.93
114-4595723-9445045,2025-08-11,12:17:25,Shipped,FBA,Amazon.com,Two-Day,CUST-01502,KS,Riverside,21338,US,USD,0.0,0.0,221.82
114-5644752-8988369,2025-08-11,10:21:27,Shipped,FBA,Amazon.com,Two-Day,CUST-01648,NY,Buffalo,28025,US,USD,0.0,2.95,80.43
114-8929208-3213110,2025-08-11,19:14:36,Shipped,FBM,Amazon.com,Standard,CUST-00258,MO,Springfield,33908,US,USD,4.97,0.0,17.2
114-9471402-2129705,2025-08-11,00:05:42,Shipped,FBM,Amazon.com,Standard,CUST-00786,WA,Tacoma,52384,US,USD,7.16,0.0,34.87
114-1037905-2611475,2025-08-12,01:34:24,Shipped,FBA,Amazon.com,Two-Day,CUST-01764,LA,Fairview,64470,US,USD,0.0,0.0,72.44
114-1942331-9036334,2025-08-12,10:36:03,Shipped,FBA,Amazon.com,Standard,CUST-00796,MO,Fairview,13105,US,USD,0.0,0.0,15.31
114-3292128-9933036,2025-08-12,14:17:20,Shipped,FBA,Amazon.com,Standard,CUST-01385,CA,San Jose,65987,US,USD,0.0,0.0,89.73
114-7552360-8486449,2025-08-12,23:57:29,Shipped,FBM,Amazon.com,Standard,CUST-00250,NH,Georgetown,68306,US,USD,4.27,0.0,187.56
114-7679738-1725375,2025-08-12,14:20:21,Shipped,FBA,Amazon.com,Two-Day,CUST-00255,CT,,34716,US,USD,0.0,0.0,40.0
114-7714063-3560920,2025-08-12,01:40:13,Canceled,FBM,Amazon.com,Standard,CUST-00280,TX,San Antonio,14099,US,USD,4.3,0.0,80.57
114-9473773-4020122,2025-08-12,07:55:28,Canceled,FBA,Amazon.com,Two-Day,CUST-01445,GA,Augusta,56186,US,USD,0.0,9.81,157.03
114-9746235-4388404,2025-08-12,14:45:09,Shipped,FBA,Amazon.com,Two-Day,CUST-00733,PA,Philadelphia,13890,US,USD,0.0,0.0,108.86
114-1775541-5069646,2025-08-13,01:10:25,Shipped,FBM,Amazon.com,Standard,CUST-00357,IL,Naperville,46913,US,USD,5.67,0.0,124.19
114-2950343-7307615,2025-08-13,15:56:43,Shipped,FBA,Amazon.com,Two-Day,CUST-01381,IN,Springfield,79699,US,USD,0.0,0.0,11.77
114-3984801-1361007,2025-08-13,19:55:41,Shipped,FBA,Amazon.com,Two-Day,CUST-00547,CA,Fresno,86541,US,USD,0.0,0.0,173.42
114-4300113-9475540,2025-08-13,04:51:55,Shipped,FBM,Amazon.com,Standard,CUST-01116,WI,Riverside,41013,US,USD,7.52,0.0,58.61
114-4834184-7581414,2025-08-13,18:32:17,Shipped,FBA,Amazon.com,Expedited,CUST-01538,FL,Tampa,31873,US,USD,0.0,0.0,109.5
114-8260880-8103918,2025-08-13,20:52:34,Shipped,FBA,Amazon.com,Standard,CUST-01511,TX,Houston,83755,US,USD,0.0,0.0,17.07
114-1326040-2025061,2025-08-14,00:54:04,Shipped,FBA,Amazon.com,Standard,CUST-01625,RI,Fairview,74117,US,USD,0.0,0.0,164.15
114-3018097-8116859,2025-08-14,02:32:08,Shipped,FBA,Amazon.com,Standard,CUST-01681,IA,Riverside,38880,US,USD,0.0,0.0,30.29
114-3253530-9541450,2025-08-14,00:36:26,Shipped,FBM,Amazon.com,Standard,CUST-00368,WV,Fairview,52904,US,USD,5.03,0.0,23.96
114-5606801-9110374,2025-08-14,22:01:34,Shipped,FBA,Amazon.com,Two-Day,CUST-01781,SD,Centerville,12979,US,USD,0.0,0.0,83.42
114-9415830-8260487,2025-08-14,02:19:44,Shipped,FBM,Amazon.com,Scheduled,CUST-01537,VT,Riverside,57869,US,USD,5.47,6.23,90.8
114-3204083-7504517,2025-08-15,15:59:44,Canceled,FBA,Amazon.com,Two-Day,CUST-00259,TX,Fort Worth,74486,US,USD,0.0,0.0,87.85
114-3235256-8165054,2025-08-15,01:12:19,Shipped,FBA,Amazon.com,Two-Day,CUST-00006,GA,Atlanta,53911,US,USD,0.0,0.0,42.06
114-4192687-9278147,2025-08-15,03:10:04,Shipped,FBA,Amazon.com,Two-Day,CUST-01660,PA,Erie,18694,US,USD,0.0,0.0,21.66
114-5783664-8824531,2025-08-15,04:42:53,Shipped,FBA,Amazon.com,Standard,CUST-00663,CT,Georgetown,88059,US,USD,0.0,10.47,149.79
114-8727235-2297658,2025-08-15,03:02:05,Shipped,FBA,Amazon.com,Standard,CUST-01052,AR,Centerville,97586,US,USD,0.0,0.0,30.93
114-3092024-4491652,2025-08-16,10:33:35,Pending,FBA,Amazon.com,Two-Day,CUST-01501,NY,Rochester,80288,US,USD,0.0,0.0,25.32
114-4822670-6464970,2025-08-16,00:39:13,Shipped,FBM,Amazon.com,Standard,CUST-00488,TN,Memphis,97340,US,USD,4.05,0.0,34.98
114-1389858-8084846,2025-08-17,19:28:00,Shipped,FBA,Amazon.com,Two-Day,CUST-01424,TN,Chattanooga,36502,US,USD,0.0,0.0,57.15
114-2328070-9938707,2025-08-17,16:34:09,Shipped,FBM,Amazon.com,Expedited,CUST-01521,AZ,Mesa,37985,US,USD,7.11,0.0,35.07
114-3047050-9786580,2025-08-17,16:35:54,Shipped,FBA,Amazon.com,Two-Day,CUST-01529,HI,Fairview,32966,US,USD,0.0,0.0,21.32
114-3778380-7956154,2025-08-17,14:40:17,Shipped,FBA,Amazon.com,Standard,CUST-01143,KS,Fairview,95674,US,USD,0.0,1.56,85.59
114-5372718-1076788,2025-08-17,22:45:49,Shipped,FBM,Amazon.com,Standard,CUST-00215,NY,Syracuse,36255,US,USD,5.61,1.31,27.11
114-6205141-8151772,2025-08-17,01:59:40,Shipped,FBA,Amazon.com,Standard,CUST-00544,TX,Fort Worth,98476,US,USD,0.0,0.0,44.63
114-8633504-2955624,2025-08-17,23:07:28,Shipped,FBA,Amazon.com,Two-Day,CUST-00812,MT,Riverside,11617,US,USD,0.0,0.0,103.05
114-1553318-2213893,2025-08-18,18:06:13,Shipped,FBM,Amazon.com,Standard,CUST-01517,NC,Raleigh,62721,US,USD,4.98,9.05,344.18
114-3230554-5273278,2025-08-18,19:38:12,Shipped,FBA,Amazon.com,Two-Day,CUST-01696,OK,Centerville,32010,US,USD,0.0,0.0,218.9
114-5690852-2388581,2025-08-18,21:45:07,Shipped,FBA,Amazon.com,Standard,CUST-00547,CA,Fresno,86541,US,USD,0.0,0.0,22.81
114-6058601-1723916,2025-08-18,03:44:26,Shipped,FBA,Amazon.com,Two-Day,CUST-00642,TX,Houston,83010,US,USD,0.0,0.0,31.54
114-6455722-4431039,2025-08-18,23:02:56,Shipped,FBM,Amazon.com,Standard,CUST-01748,UT,Fairview,84261,US,USD,7.86,0.0,129.48
114-1889459-5884456,2025-08-19,08:28:09,Shipped,FBA,Amazon.com,Standard,CUST-01149,OH,Cleveland,96497,US,USD,0.0,5.58,107.49
114-2013391-7863551,2025-08-19,18:41:23,Shipped,FBA,Amazon.com,Two-Day,CUST-01788,CT,Georgetown,83556,US,USD,0.0,0.0,39.53
114-3455225-4535213,2025-08-19,17:52:45,Shipped,FBM,Amazon.com,Expedited,CUST-01595,PA,Philadelphia,15259,US,USD,5.3,0.0,89.18
114-4718705-4729079,2025-08-19,11:23:01,Shipped,FBA,Amazon.com,Standard,CUST-01276,TN,Chattanooga,41927,US,USD,0.0,0.0,108.32
114-5380869-7006369,2025-08-19,12:33:42,Shipped,FBA,Amazon.com,Standard,CUST-00815,WI,Springfield,24322,US,USD,0.0,5.11,54.57
114-6014876-2335689,2025-08-19,09:55:39,Shipped,FBA,Amazon.com,Two-Day,CUST-00650,WA,Bellevue,70129,US,USD,0.0,0.0,73.58
114-7579146-3726986,2025-08-19,19:04:16,Shipped,FBA,Amazon.com,Two-Day,CUST-01128,CA,Sacramento,50925,US,USD,0.0,4.12,68.09
114-9242860-9093085,2025-08-19,20:15:42,Shipped,FBM,Amazon.com,Standard,CUST-01752,OH,Cleveland,37664,US,USD,7.31,0.0,38.24
114-1412512-8785268,2025-08-20,08:14:50,Shipped,FBA,Amazon.com,Standard,CUST-01063,CA,San Jose,34831,US,USD,0.0,12.24,106.23
114-2320311-8024192,2025-08-20,12:17:45,Shipped,FBA,Amazon.com,Standard,CUST-00584,MS,Fairview,46935,US,USD,0.0,0.0,427.95
114-3323692-3121398,2025-08-20,09:07:30,Shipped,FBM,Amazon.com,Expedited,CUST-01770,TN,Memphis,54839,US,USD,6.11,0.0,37.65
114-3973019-4374894,2025-08-20,05:01:56,Shipped,FBA,Amazon.com,Two-Day,CUST-00162,MD,Springfield,86756,US,USD,0.0,0.0,13.44
114-4698345-6844967,2025-08-20,20:28:58,Shipped,FBA,Amazon.com,Two-Day,CUST-01674,CO,Riverside,33737,US,USD,0.0,0.0,99.96
114-6567970-8661071,2025-08-20,08:11:59,Shipped,FBA,Amazon.com,Two-Day,CUST-00650,WA,Bellevue,70129,US,USD,0.0,0.0,12.73
114-9778524-5063138,2025-08-20,23:31:47,Unshipped,FBA,Amazon.com,Two-Day,CUST-00017,NY,New York,11567,US,USD,0.0,0.0,82.38
114-2822168-3480833,2025-08-21,06:36:50,Shipped,FBA,Amazon.com,Standard,CUST-00190,IL,Naperville,87436,US,USD,0.0,0.0,26.88
114-3850400-3618941,2025-08-21,09:00:04,Shipped,FBA,Amazon.com,Standard,CUST-01509,CO,Fairview,17433,US,USD,0.0,0.0,146.75
114-4747095-1487474,2025-08-21,14:27:17,Shipped,FBA,Amazon.com,Two-Day,CUST-00715,MA,Boston,72072,US,USD,0.0,0.0,39.03
114-1403445-1843850,2025-08-22,21:52:00,Shipped,FBM,Amazon.com,Standard,CUST-00386,VT,Riverside,32686,US,USD,4.61,0.0,34.38
114-3138084-7093603,2025-08-22,15:33:25,Shipped,FBA,Amazon.com,Two-Day,CUST-00981,CA,San Francisco,43557,US,USD,0.0,0.0,19.42
114-4312137-2962415,2025-08-22,23:46:11,Shipped,FBA,Amazon.com,Standard,CUST-01648,NY,Buffalo,28025,US,USD,0.0,2.11,117.33
114-7038727-6384795,2025-08-22,11:46:43,Pending,FBA,Amazon.com,Standard,CUST-00980,MI,Ann Arbor,85564,US,USD,0.0,0.0,37.86
114-7941798-1770542,2025-08-22,23:48:40,Canceled,FBM,Amazon.com,Standard,CUST-00559,VA,Arlington,45118,US,USD,5.48,0.0,126.18
114-8868449-5966358,2025-08-22,08:06:40,Canceled,FBA,Amazon.com,Standard,CUST-01490,LA,Riverside,56106,US,USD,0.0,0.0,127.02
114-3133694-5334105,2025-08-23,23:17:13,Shipped,FBA,Amazon.com,Two-Day,CUST-01642,IL,Peoria,73733,US,USD,0.0,0.0,309.4
114-5040459-4491103,2025-08-23,10:24:44,Shipped,FBM,Amazon.com,Standard,CUST-00905,LA,Springfield,66223,US,USD,6.92,3.57,88.91
114-5492806-4536556,2025-08-23,08:17:30,Shipped,FBM,Amazon.com,Standard,CUST-01515,IN,Georgetown,57203,US,USD,4.09,0.0,106.17
114-5505739-9378197,2025-08-23,08:25:24,Shipped,FBA,Amazon.com,Two-Day,CUST-00818,PA,Pittsburgh,35954,US,USD,0.0,0.0,312.4
114-7674214-9645484,2025-08-23,17:43:23,Shipped,FBA,Amazon.com,Two-Day,CUST-00457,ME,Georgetown,25212,US,USD,0.0,0.0,160.33
114-8014938-8194576,2025-08-23,10:47:15,Shipped,FBA,Amazon.com,Two-Day,CUST-00161,HI,Centerville,51471,US,USD,0.0,0.0,21.32
114-2306692-9681537,2025-08-24,14:45:10,Pending,FBA,Amazon.com,Two-Day,CUST-00246,LA,Springfield,22524,US,USD,0.0,0.0,219.0
114-2318644-3660212,2025-08-24,11:39:00,Shipped,FBA,Amazon.com,Two-Day,CUST-00489,TX,San Antonio,67788,US,USD,0.0,0.0,19.25
114-3576374-9410611,2025-08-24,10:35:08,Unshipped,FBA,Amazon.com,Two-Day,CUST-00789,NJ,Jersey City,43022,US,USD,0.0,0.0,109.62
114-4083383-3313772,2025-08-24,08:09:18,Shipped,FBA,Amazon.com,Two-Day,CUST-01603,AZ,Mesa,11620,US,USD,0.0,3.49,85.02
114-6000047-8086785,2025-08-24,08:46:17,Shipped,FBA,Amazon.com,Two-Day,CUST-00381,GA,Macon,73898,US,USD,0.0,0.0,34.7
114-7029753-3607348,2025-08-24,14:43:35,Pending,FBA,Amazon.com,Two-Day,CUST-00905,LA,Springfield,66223,US,USD,0.0,0.0,109.5
114-7260863-1043346,2025-08-24,17:33:54,Shipped,FBA,Amazon.com,Standard,CUST-00074,IL,Chicago,47364,US,USD,0.0,0.0,121.62
114-7399105-6471034,2025-08-24,04:47:25,Shipped,FBM,Amazon.com,Standard,CUST-01660,PA,Erie,18694,US,USD,6.93,0.0,53.01
114-8054145-9295417,2025-08-24,05:48:31,Shipped,FBM,Amazon.com,Standard,CUST-01263,NV,Springfield,21870,US,USD,4.23,0.0,398.32
114-1475103-8723932,2025-08-25,20:43:36,Shipped,FBM,Amazon.com,Standard,CUST-01682,CA,San Francisco,68479,US,USD,7.85,0.0,20.58
114-2287737-9770031,2025-08-25,02:13:32,Canceled,FBM,Amazon.com,Standard,CUST-00642,TX,Houston,83010,US,USD,7.02,0.0,58.75
114-3608321-9230633,2025-08-25,10:51:06,Shipped,FBA,Amazon.com,Standard,CUST-01635,TN,Nashville,59803,US,USD,0.0,0.0,107.64
114-3715365-5894796,2025-08-25,10:54:07,Shipped,FBA,Amazon.com,Standard,CUST-00652,VA,Richmond,66894,US,USD,0.0,0.0,71.97
114-4589117-5030330,2025-08-25,03:37:50,Shipped,FBA,Amazon.com,Standard,CUST-00992,CA,Fresno,33082,US,USD,0.0,0.0,21.66
114-1910845-4161506,2025-08-26,06:44:47,Shipped,FBA,Amazon.com,Standard,CUST-00608,NV,Georgetown,96246,US,USD,0.0,0.0,86.29
114-4493852-6101604,2025-08-26,00:15:33,Pending,FBA,Amazon.com,Two-Day,CUST-00630,MI,Lansing,16674,US,USD,0.0,14.59,124.65
114-5406284-9682722,2025-08-26,18:50:29,Shipped,FBA,Amazon.com,Two-Day,CUST-00360,ME,Riverside,73110,US,USD,0.0,0.0,29.77
114-6095718-6094585,2025-08-26,10:28:21,Shipped,FBA,Amazon.com,Standard,CUST-00112,IL,Springfield,54921,US,USD,0.0,0.0,52.29
114-7927827-6009187,2025-08-26,00:07:26,Shipped,FBA,Amazon.com,Expedited,CUST-01758,MA,Boston,39071,US,USD,0.0,0.0,109.5
114-9736618-5094241,2025-08-26,10:32:25,Shipped,FBA,Amazon.com,Two-Day,CUST-00301,PA,Pittsburgh,30079,US,USD,0.0,0.0,55.67
114-2852527-7284551,2025-08-27,02:42:08,Pending,FBA,Amazon.com,Standard,CUST-00390,TX,San Antonio,96623,US,USD,0.0,4.28,71.8
114-7571272-6821861,2025-08-27,04:10:12,Shipped,FBM,Amazon.com,Standard,CUST-01280,AZ,Phoenix,50537,US,USD,7.05,0.0,125.29
114-8025142-9647564,2025-08-27,12:24:04,Shipped,FBM,Amazon.com,Expedited,CUST-00014,NY,Syracuse,15286,US,USD,7.87,0.0,37.64
114-2097739-1559795,2025-08-28,12:06:49,Shipped,FBA,Amazon.com,Standard,CUST-01219,KY,Georgetown,29902,US,USD,0.0,0.0,27.71
114-4235692-7471985,2025-08-28,00:24:39,Shipped,FBM,Amazon.com,Standard,CUST-01702,TX,Houston,59469,US,USD,7.11,0.0,153.38
114-4847454-9128100,2025-08-28,14:07:19,Shipped,FBA,Amazon.com,Two-Day,CUST-00579,IL,Springfield,76366,US,USD,0.0,9.09,122.81
114-4934738-4267721,2025-08-28,06:49:29,Shipped,FBA,Amazon.com,Two-Day,CUST-01281,TX,Houston,96325,US,USD,0.0,0.0,351.8
114-6491763-5306182,2025-08-28,08:48:03,Shipped,FBM,Amazon.com,Expedited,CUST-00698,VT,Springfield,27527,US,USD,5.32,0.0,95.05
114-6660363-6277201,2025-08-28,14:24:25,Shipped,FBA,Amazon.com,Two-Day,CUST-01770,TN,Memphis,54839,US,USD,0.0,0.0,364.76
114-6836472-1496104,2025-08-28,10:47:25,Shipped,FBA,Amazon.com,Standard,CUST-00004,CA,Fresno,91620,US,USD,0.0,0.0,161.24
114-8332013-4310929,2025-08-28,18:02:16,Shipped,FBA,Amazon.com,Two-Day,CUST-01539,NY,New York,45761,US,USD,0.0,0.0,23.08
114-8864986-1841427,2025-08-28,22:20:44,Shipped,FBA,Amazon.com,Two-Day,CUST-01048,CA,San Diego,32307,US,USD,0.0,12.74,165.26
114-9568507-3902146,2025-08-28,22:28:46,Shipped,FBA,Amazon.com,Two-Day,CUST-00761,OH,Cincinnati,22221,US,USD,0.0,0.0,21.36
114-5419989-9392508,2025-08-29,15:06:50,Shipped,FBA,Amazon.com,Two-Day,CUST-00279,MD,Fairview,63713,US,USD,0.0,0.0,48.18
114-7693227-9459049,2025-08-29,17:43:17,Pending,FBA,Amazon.com,Two-Day,CUST-00640,CA,Fresno,30788,US,USD,0.0,0.0,15.31
114-1559992-8221267,2025-08-30,22:07:24,Shipped,FBA,Amazon.com,Two-Day,CUST-00208,WI,Riverside,23143,US,USD,0.0,0.0,17.84
114-1986329-2236275,2025-08-30,21:08:45,Shipped,FBA,Amazon.com,Standard,CUST-00466,NY,Buffalo,85196,US,USD,0.0,0.0,17.61
114-5733314-1055548,2025-08-30,22:09:36,Shipped,FBA,Amazon.com,Two-Day,CUST-01091,FL,Jacksonville,81543,US,USD,0.0,0.0,114.2
114-6959962-7029324,2025-08-30,19:25:19,Shipped,FBA,Amazon.com,Standard,CUST-00854,ME,Springfield,25380,US,USD,0.0,0.0,144.42
114-8300449-5079519,2025-08-30,16:17:32,Shipped,FBM,Amazon.com,Standard,CUST-00248,TN,Memphis,42426,US,USD,5.35,0.0,80.0
114-8675769-4649548,2025-08-30,04:48:09,Shipped,FBA,Amazon.com,Two-Day,CUST-00785,VA,Richmond,91877,US,USD,0.0,0.0,51.35
114-1886527-8706751,2025-08-31,16:11:10,Shipped,FBA,Amazon.com,Standard,CUST-01161,MS,Springfield,34150,US,USD,0.0,0.0,83.85
114-1905377-7459138,2025-08-31,14:50:54,Shipped,FBA,Amazon.com,Standard,CUST-01147,MO,Springfield,45428,US,USD,0.0,0.0,55.67
114-3817316-5822101,2025-08-31,22:56:01,Shipped,FBA,Amazon.com,Two-Day,CUST-01426,AL,Georgetown,97571,US,USD,0.0,0.0,186.58
114-4560472-8582977,2025-08-31,17:35:45,Canceled,FBA,Amazon.com,Two-Day,CUST-00938,OH,Columbus,27324,US,USD,0.0,2.26,16.67
114-5387245-6256161,2025-08-31,02:44:14,Shipped,FBM,Amazon.com,Standard,CUST-01610,RI,Springfield,72456,US,USD,5.94,0.0,71.99
114-2719287-9457448,2025-09-01,15:59:59,Shipped,FBA,Amazon.com,Two-Day,CUST-01140,NY,Buffalo,47040,US,USD,0.0,0.0,107.91
114-5492325-6597078,2025-09-01,05:05:15,Shipped,FBA,Amazon.com,Two-Day,CUST-00035,WI,Riverside,30644,US,USD,0.0,0.0,235.26
114-9322041-9812666,2025-09-01,16:31:31,Shipped,FBA,Amazon.com,Standard,CUST-00763,CA,Fresno,78733,US,USD,0.0,0.0,23.37
114-1909520-4158898,2025-09-02,00:07:03,Shipped,FBA,Amazon.com,Standard,CUST-00731,NY,Albany,36911,US,USD,0.0,2.99,81.36
114-2888084-2859107,2025-09-02,11:25:30,Shipped,FBA,Amazon.com,Two-Day,CUST-01198,WI,Springfield,42232,US,USD,0.0,0.0,117.78
114-3981309-5593695,2025-09-02,02:41:59,Shipped,FBA,Amazon.com,Two-Day,CUST-00798,OH,Columbus,74440,US,USD,0.0,0.0,68.26
114-6839902-2488469,2025-09-02,16:10:06,Shipped,FBA,Amazon.com,Standard,CUST-00050,CA,Sacramento,72957,US,USD,0.0,0.0,17.84
114-8294376-6489924,2025-09-02,19:16:35,Shipped,FBM,Amazon.com,Standard,CUST-01447,OR,Fairview,32551,US,USD,4.63,3.57,132.04
114-9311462-9988810,2025-09-02,04:18:52,Shipped,FBA,Amazon.com,Two-Day,CUST-00446,MD,Springfield,87736,US,USD,0.0,0.0,16.88
114-1667618-2160739,2025-09-03,00:01:17,Shipped,FBA,Amazon.com,Two-Day,CUST-01040,ID,Fairview,35971,US,USD,0.0,0.0,86.48
114-2973851-9468355,2025-09-03,03:49:30,Shipped,FBA,Amazon.com,Standard,CUST-01245,FL,Fort Lauderdale,67630,US,USD,0.0,0.0,160.47
114-4264201-8014497,2025-09-03,18:15:59,Shipped,FBM,Amazon.com,Standard,CUST-00191,NV,Georgetown,31119,US,USD,7.72,0.0,73.86
114-4381218-6670157,2025-09-03,16:23:30,Shipped,FBA,Amazon.com,Standard,CUST-01177,TX,Austin,92920,US,USD,0.0,0.0,41.1
114-4731908-7877393,2025-09-03,16:58:24,Shipped,FBM,Amazon.com,Standard,CUST-01781,SD,Centerville,12979,US,USD,5.6,0.0,328.85
114-4945906-4541350,2025-09-04,03:42:41,Shipped,FBA,Amazon.com,Expedited,CUST-00192,VA,Richmond,77717,US,USD,0.0,0.0,80.42
114-8335333-7222910,2025-09-04,21:36:33,Shipped,FBM,Amazon.com,Scheduled,CUST-00083,CT,Riverside,13336,US,USD,5.36,0.0,56.71
114-1511403-2814986,2025-09-05,02:03:52,Shipped,FBM,Amazon.com,Expedited,CUST-00397,TX,El Paso,12058,US,USD,5.84,0.0,52.21
114-1730932-8458267,2025-09-05,19:58:59,Shipped,FBA,Amazon.com,Two-Day,CUST-00282,MA,Boston,11715,US,USD,0.0,5.95,58.01
114-3026132-5996836,2025-09-05,09:05:37,Shipped,FBA,Amazon.com,Two-Day,CUST-00638,IA,Centerville,26920,US,USD,0.0,0.0,60.06
114-9167558-5844001,2025-09-05,12:57:07,Shipped,FBA,Amazon.com,Two-Day,CUST-01379,NC,Charlotte,77143,US,USD,0.0,0.0,22.81
114-9477292-3269058,2025-09-05,22:03:53,Shipped,FBM,Amazon.com,Standard,CUST-00593,SD,Centerville,88275,US,USD,4.5,1.69,28.4
114-1615455-7749412,2025-09-06,08:13:21,Shipped,FBA,Amazon.com,Expedited,CUST-00442,NJ,Jersey City,95037,US,USD,0.0,0.0,45.38
114-2053339-9930441,2025-09-06,23:49:25,Shipped,FBA,Amazon.com,Two-Day,CUST-00517,MN,Springfield,27200,US,USD,0.0,2.31,113.78
114-2617137-4888291,2025-09-06,22:53:55,Shipped,FBA,Amazon.com,Two-Day,CUST-00183,CA,San Jose,40673,US,USD,0.0,0.0,52.27
114-9866499-8443053,2025-09-06,03:27:01,Shipped,FBA,Amazon.com,Two-Day,CUST-01702,TX,Houston,59469,US,USD,0.0,0.0,18.93
114-1580613-8574426,2025-09-07,22:49:17,Shipped,FBA,Amazon.com,Two-Day,CUST-01576,TX,Fort Worth,44866,US,USD,0.0,0.0,85.5
114-1586757-2169197,2025-09-07,20:09:08,Shipped,FBA,Amazon.com,Two-Day,CUST-00163,IA,Fairview,89503,US,USD,0.0,0.0,19.47
114-3140084-3211036,2025-09-07,17:51:41,Shipped,FBA,Amazon.com,Expedited,CUST-01265,MI,Grand Rapids,27397,US,USD,0.0,0.0,52.27
114-4142256-9278139,2025-09-07,01:45:54,Shipped,FBM,Amazon.com,Standard,CUST-00914,DE,Springfield,99517,US,USD,4.77,0.0,47.49
114-1423782-7245407,2025-09-08,05:46:08,Shipped,FBA,Amazon.com,Two-Day,CUST-01788,CT,Georgetown,83556,US,USD,0.0,0.0,24.09
114-1912015-9915844,2025-09-08,09:40:49,Shipped,FBA,Amazon.com,Two-Day,CUST-01141,IL,Peoria,72744,US,USD,0.0,4.22,110.9
114-2325635-1638631,2025-09-08,22:01:19,Shipped,FBA,Amazon.com,Standard,CUST-00001,LA,Fairview,45554,US,USD,0.0,0.0,106.68
114-4052888-3475732,2025-09-08,23:22:27,Shipped,FBA,Amazon.com,Two-Day,CUST-01193,PA,Pittsburgh,69486,US,USD,0.0,0.0,29.77
114-6663203-6376940,2025-09-08,02:22:03,Shipped,FBA,Amazon.com,Expedited,CUST-01508,IN,Centerville,19094,US,USD,0.0,0.0,202.85
114-6925744-8784315,2025-09-08,01:11:14,Shipped,FBA,Amazon.com,Two-Day,CUST-01598,PA,Pittsburgh,89641,US,USD,0.0,0.0,109.5
114-8421289-6490541,2025-09-08,16:28:42,Shipped,FBA,Amazon.com,Standard,CUST-00546,NY,Rochester,47281,US,USD,0.0,0.0,24.09
114-8801561-2032396,2025-09-08,03:04:39,Pending,FBA,Amazon.com,Standard,CUST-00309,CA,San Diego,21247,US,USD,0.0,0.0,63.85
114-8828891-5790833,2025-09-08,23:06:21,Shipped,FBA,Amazon.com,Two-Day,CUST-01222,PA,Allentown,73353,US,USD,0.0,1.73,138.7
114-2568625-7416175,2025-09-09,08:25:34,Shipped,FBA,Amazon.com,Two-Day,CUST-01525,MA,Cambridge,42204,US,USD,0.0,0.0,376.14
114-6363949-1605303,2025-09-09,08:43:53,Shipped,FBA,Amazon.com,Two-Day,CUST-00994,ID,Fairview,48915,US,USD,0.0,0.0,16.66
114-9205804-2637806,2025-09-09,21:34:44,Shipped,FBA,Amazon.com,Two-Day,CUST-01696,OK,Centerville,32010,US,USD,0.0,0.0,19.42
114-1887516-4967937,2025-09-10,15:42:32,Shipped,FBA,Amazon.com,Standard,CUST-01338,MN,Georgetown,46083,US,USD,0.0,0.0,34.14
114-2554833-4412989,2025-09-10,01:51:30,Shipped,FBM,Amazon.com,Standard,CUST-01511,TX,Houston,83755,US,USD,5.48,0.0,160.22
114-3031820-5924142,2025-09-10,10:29:47,Shipped,FBM,Amazon.com,Expedited,CUST-00346,NY,Buffalo,29432,US,USD,6.98,0.0,125.92
114-3779844-8126142,2025-09-10,12:26:53,Shipped,FBA,Amazon.com,Expedited,CUST-00527,NH,Riverside,67627,US,USD,0.0,0.0,24.09
114-6818799-3139037,2025-09-10,20:09:20,Shipped,FBA,Amazon.com,Standard,CUST-00868,FL,Miami,34651,US,USD,0.0,0.0,11.77
114-2278697-2196088,2025-09-11,01:38:52,Shipped,FBM,Amazon.com,Standard,CUST-01746,MO,Springfield,16411,US,USD,7.9,0.0,123.98
114-3033943-5184283,2025-09-11,02:22:56,Canceled,FBA,Amazon.com,Two-Day,CUST-01113,MO,Riverside,85502,US,USD,0.0,0.0,31.9
114-3204917-1155325,2025-09-11,11:42:41,Shipped,FBM,Amazon.com,Standard,CUST-00670,TX,Fort Worth,58409,US,USD,5.73,0.0,70.29
114-3460174-3491173,2025-09-11,18:01:03,Shipped,FBA,Amazon.com,Two-Day,CUST-01126,VA,Norfolk,12954,US,USD,0.0,0.0,28.36
114-4196639-9953228,2025-09-11,09:31:08,Shipped,FBA,Amazon.com,Two-Day,CUST-01551,FL,Orlando,71500,US,USD,0.0,1.36,13.95
114-7230214-1390751,2025-09-11,01:45:34,Shipped,FBM,Amazon.com,Scheduled,CUST-01105,NC,Raleigh,32383,US,USD,7.15,0.0,129.38
114-7781693-1934269,2025-09-11,03:11:23,Shipped,FBA,Amazon.com,Two-Day,CUST-00810,OH,Cleveland,72616,US,USD,0.0,0.0,19.42
114-8126042-4443319,2025-09-11,02:58:10,Shipped,FBM,Amazon.com,Expedited,CUST-00439,NV,Fairview,17347,US,USD,4.79,0.0,36.69
114-4003831-4947358,2025-09-12,20:42:29,Shipped,FBM,Amazon.com,Standard,CUST-00114,CT,Riverside,23593,US,USD,5.55,0.0,97.11
114-5646615-2124104,2025-09-12,23:50:24,Shipped,FBA,Amazon.com,Two-Day,CUST-01724,MD,Georgetown,42151,US,USD,0.0,0.0,25.59
114-7433863-2219835,2025-09-12,05:52:38,Shipped,FBM,Amazon.com,Scheduled,CUST-00223,LA,Fairview,56338,US,USD,4.32,0.0,51.93
114-8528175-9903454,2025-09-12,20:43:59,Shipped,FBA,Amazon.com,Standard,CUST-00614,TX,Austin,72447,US,USD,0.0,0.0,89.31
114-8614029-3499169,2025-09-12,08:25:36,Shipped,FBA,Amazon.com,Standard,CUST-00078,SC,Centerville,43029,US,USD,0.0,26.33,288.34
114-1035718-1907844,2025-09-13,19:16:13,Shipped,FBM,Amazon.com,Standard,CUST-00445,NC,Durham,52498,US,USD,7.39,0.0,26.32
114-1685796-3669613,2025-09-13,01:23:25,Shipped,FBA,Amazon.com,Expedited,CUST-00019,NH,Centerville,26880,US,USD,0.0,0.0,154.73
114-1792402-4988610,2025-09-13,23:09:15,Shipped,FBA,Amazon.com,Two-Day,CUST-00950,OK,Centerville,46500,US,USD,0.0,0.0,117.78
114-3466790-6222441,2025-09-13,15:40:44,Shipped,FBM,Amazon.com,Standard,CUST-01192,AK,Centerville,13378,US,USD,7.8,0.0,71.65
114-7546329-2183382,2025-09-13,22:34:43,Canceled,FBA,Amazon.com,Two-Day,CUST-00715,MA,Boston,72072,US,USD,0.0,0.0,10.4
114-4169589-3224150,2025-09-14,15:17:50,Shipped,FBA,Amazon.com,Two-Day,CUST-00734,PA,Allentown,82680,US,USD,0.0,0.0,31.54
114-5702943-7353303,2025-09-14,16:06:25,Shipped,FBA,Amazon.com,Two-Day,CUST-00532,NC,Greensboro,33500,US,USD,0.0,0.0,16.71
114-6038196-6232838,2025-09-14,13:55:28,Shipped,FBA,Amazon.com,Standard,CUST-00232,FL,Tampa,57962,US,USD,0.0,0.0,43.32
114-6157968-7753014,2025-09-14,15:00:53,Shipped,FBA,Amazon.com,Standard,CUST-01788,CT,Georgetown,83556,US,USD,0.0,0.0,20.8
114-7899490-6916216,2025-09-14,06:16:55,Canceled,FBA,Amazon.com,Standard,CUST-01733,CA,San Francisco,22099,US,USD,0.0,0.0,232.09
114-5665644-3498115,2025-09-16,15:38:52,Shipped,FBA,Amazon.com,Two-Day,CUST-01382,VA,Richmond,19579,US,USD,0.0,0.0,52.95
114-6751144-3827901,2025-09-16,21:07:52,Shipped,FBA,Amazon.com,Expedited,CUST-00406,WV,Fairview,47907,US,USD,0.0,0.0,146.5
114-9425063-1466182,2025-09-16,12:39:59,Shipped,FBM,Amazon.com,Standard,CUST-01004,MI,Lansing,60012,US,USD,6.65,0.0,58.07
114-7947528-4602190,2025-09-17,04:30:44,Pending,FBA,Amazon.com,Standard,CUST-00454,OR,Springfield,29558,US,USD,0.0,0.0,173.47
114-7981815-7955891,2025-09-17,08:47:22,Shipped,FBA,Amazon.com,Two-Day,CUST-00448,NC,Durham,30677,US,USD,0.0,5.64,38.36
114-8634919-7772365,2025-09-17,01:49:35,Shipped,FBA,Amazon.com,Two-Day,CUST-01011,WI,Riverside,10544,US,USD,0.0,0.0,225.45
114-1208835-3542616,2025-09-18,06:46:15,Shipped,FBA,Amazon.com,Two-Day,CUST-01064,CO,Springfield,99281,US,USD,0.0,0.0,30.93
114-1489629-8560170,2025-09-18,04:54:40,Shipped,FBM,Amazon.com,Standard,CUST-01584,TX,Austin,46169,US,USD,5.27,0.0,82.56
114-2299872-4702383,2025-09-18,21:12:38,Shipped,FBM,Amazon.com,Standard,CUST-00547,CA,Fresno,86541,US,USD,6.35,0.0,27.71
114-2475571-2674504,2025-09-18,09:20:56,Shipped,FBM,Amazon.com,Standard,CUST-01354,IN,Centerville,35873,US,USD,7.54,0.0,92.6
114-4141275-9409580,2025-09-18,17:23:01,Shipped,FBM,Amazon.com,Standard,CUST-01696,OK,Centerville,32010,US,USD,7.82,0.0,83.49
114-9615046-1777548,2025-09-18,20:04:30,Shipped,FBA,Amazon.com,Two-Day,CUST-00020,IA,Springfield,32018,US,USD,0.0,0.0,205.42
114-9660305-6037482,2025-09-18,22:13:21,Shipped,FBM,Amazon.com,Standard,CUST-01702,TX,Houston,59469,US,USD,5.7,0.0,37.7
114-4559209-8491643,2025-09-19,10:15:59,Shipped,FBA,Amazon.com,Standard,CUST-00679,OR,Georgetown,21161,US,USD,0.0,0.0,51.35
114-5014599-7528706,2025-09-19,14:52:27,Shipped,FBA,Amazon.com,Standard,CUST-00345,MI,Detroit,42075,US,USD,0.0,0.0,131.06
114-7347525-1530938,2025-09-19,19:20:55,Shipped,FBA,Amazon.com,Expedited,CUST-00524,IA,Riverside,75619,US,USD,0.0,0.0,69.48
114-7974040-9463009,2025-09-19,04:36:55,Shipped,FBA,Amazon.com,Standard,CUST-01271,VA,Richmond,43844,US,USD,0.0,0.0,204.28
114-9497333-9831150,2025-09-19,09:13:02,Shipped,FBA,Amazon.com,Two-Day,CUST-00643,TX,Houston,16608,US,USD,0.0,0.0,51.35
114-1295982-6899272,2025-09-20,14:36:47,Unshipped,FBM,Amazon.com,Standard,CUST-01049,AL,Springfield,44037,US,USD,5.05,0.0,378.32
114-2659332-7261430,2025-09-20,03:41:18,Shipped,FBA,Amazon.com,Two-Day,CUST-01145,SC,Riverside,78287,US,USD,0.0,0.0,77.08
114-4610859-2352637,2025-09-20,08:55:16,Shipped,FBA,Amazon.com,Two-Day,CUST-01053,WA,Tacoma,73269,US,USD,0.0,0.0,41.1
114-4648083-8555391,2025-09-20,16:32:42,Shipped,FBA,Amazon.com,Two-Day,CUST-00791,KY,Springfield,53922,US,USD,0.0,0.0,32.37
114-1300420-2638718,2025-09-21,01:30:34,Shipped,FBA,Amazon.com,Two-Day,CUST-01301,NC,Greensboro,14798,US,USD,0.0,0.0,149.3
114-2968629-6926041,2025-09-21,19:22:13,Shipped,FBA,Amazon.com,Standard,CUST-01752,OH,Cleveland,37664,US,USD,0.0,6.84,99.06
114-5778850-8368703,2025-09-21,17:46:13,Shipped,FBM,Amazon.com,Standard,CUST-00786,WA,Tacoma,52384,US,USD,6.86,0.0,82.53
114-5898168-6679255,2025-09-21,15:30:50,Canceled,FBA,Amazon.com,Two-Day,CUST-01623,NV,Riverside,61950,US,USD,0.0,0.0,10.4
114-6555400-3879733,2025-09-21,11:01:28,Shipped,FBA,Amazon.com,Two-Day,CUST-01116,WI,Riverside,41013,US,USD,0.0,0.0,51.35
114-9538403-5615589,2025-09-21,01:39:24,Shipped,FBA,Amazon.com,Two-Day,CUST-00763,CA,Fresno,78733,US,USD,0.0,0.0,29.77
114-2032394-7443160,2025-09-22,00:52:44,Canceled,FBA,Amazon.com,Two-Day,CUST-01318,WA,Bellevue,38613,US,USD,0.0,0.0,151.45
114-2073783-4502996,2025-09-22,09:30:38,Shipped,FBA,Amazon.com,Standard,CUST-00501,AL,Georgetown,88372,US,USD,0.0,0.0,64.56
114-2387142-7207788,2025-09-22,18:58:07,Shipped,FBA,Amazon.com,Two-Day,CUST-01282,NE,Riverside,67219,US,USD,0.0,0.8,109.61
114-2951677-9405818,2025-09-22,12:59:49,Shipped,FBA,Amazon.com,Standard,CUST-01382,VA,Richmond,19579,US,USD,0.0,0.0,23.36
114-3639760-8299367,2025-09-22,23:08:33,Shipped,FBA,Amazon.com,Two-Day,CUST-00357,IL,Naperville,46913,US,USD,0.0,0.0,213.19
114-9250720-1262129,2025-09-22,04:49:18,Shipped,FBM,Amazon.com,Standard,CUST-01725,CA,San Francisco,63046,US,USD,7.76,0.0,67.77
114-1032382-3966959,2025-09-23,16:16:44,Shipped,FBM,Amazon.com,Standard,CUST-01219,KY,Georgetown,29902,US,USD,6.36,0.0,82.03
114-2586848-8141025,2025-09-23,22:01:06,Pending,FBA,Amazon.com,Standard,CUST-01451,TX,El Paso,83463,US,USD,0.0,0.0,40.32
114-8205561-5257397,2025-09-23,05:52:51,Shipped,FBA,Amazon.com,Two-Day,CUST-01081,MT,Georgetown,54993,US,USD,0.0,0.0,38.1
114-8530924-3031316,2025-09-23,11:10:51,Shipped,FBA,Amazon.com,Two-Day,CUST-00403,MN,Centerville,77757,US,USD,0.0,10.25,202.83
114-9532665-6707938,2025-09-23,13:37:28,Shipped,FBM,Amazon.com,Expedited,CUST-00660,WA,Bellevue,76227,US,USD,7.87,3.71,70.13
114-1381592-2067733,2025-09-24,09:16:44,Shipped,FBA,Amazon.com,Two-Day,CUST-01283,NY,New York,72566,US,USD,0.0,0.0,102.26
114-2449920-8645121,2025-09-24,21:02:05,Shipped,FBA,Amazon.com,Two-Day,CUST-00827,GA,Atlanta,79550,US,USD,0.0,0.0,39.53
114-3170668-1933074,2025-09-24,15:53:18,Shipped,FBA,Amazon.com,Two-Day,CUST-01165,OH,Toledo,47104,US,USD,0.0,0.0,111.43
114-6934384-1606155,2025-09-24,02:26:18,Shipped,FBM,Amazon.com,Standard,CUST-00480,MD,Centerville,21443,US,USD,6.36,0.0,76.03
114-7769399-9855976,2025-09-24,05:38:11,Shipped,FBA,Amazon.com,Two-Day,CUST-01698,FL,Orlando,30017,US,USD,0.0,0.0,16.88
114-2087632-6307428,2025-09-25,06:38:09,Shipped,FBA,Amazon.com,Expedited,CUST-00658,AL,Fairview,38014,US,USD,0.0,0.0,96.73
114-2704402-8990770,2025-09-25,08:03:24,Shipped,FBA,Amazon.com,Standard,CUST-01561,PA,Philadelphia,56254,US,USD,0.0,0.0,88.7
114-3193452-4643636,2025-09-25,10:41:45,Shipped,FBA,Amazon.com,Two-Day,CUST-00452,CA,Los Angeles,83100,US,USD,0.0,0.0,63.85
114-3410505-9793970,2025-09-25,12:09:10,Shipped,FBA,Amazon.com,Standard,CUST-01643,OH,Columbus,49620,US,USD,0.0,0.0,89.73
114-4402432-7455564,2025-09-25,16:38:43,Shipped,FBA,Amazon.com,Two-Day,CUST-00179,ID,Fairview,61445,US,USD,0.0,0.0,55.42
114-5267139-7907767,2025-09-25,14:16:12,Shipped,FBA,Amazon.com,Expedited,CUST-01372,OH,Toledo,17774,US,USD,0.0,0.0,230.08
114-6392695-3422288,2025-09-25,23:33:24,Shipped,FBA,Amazon.com,Two-Day,CUST-01584,TX,Austin,46169,US,USD,0.0,0.0,39.53
114-7333260-8259630,2025-09-25,12:34:58,Shipped,FBA,Amazon.com,Standard,CUST-01659,OK,Riverside,41632,US,USD,0.0,4.32,109.62
114-8020412-7964682,2025-09-25,14:11:54,Shipped,FBA,Amazon.com,Standard,CUST-01795,FL,Fort Lauderdale,25725,US,USD,0.0,0.0,63.64
114-9874133-7840953,2025-09-25,05:08:47,Shipped,FBA,Amazon.com,Two-Day,CUST-01187,MA,Cambridge,51756,US,USD,0.0,0.0,40.32
114-5148110-8920339,2025-09-26,03:57:16,Shipped,FBA,Amazon.com,Standard,CUST-01123,CA,Sacramento,75034,US,USD,0.0,0.0,13.44
114-7590653-8300787,2025-09-26,08:35:59,Shipped,FBA,Amazon.com,Standard,CUST-00259,TX,Fort Worth,74486,US,USD,0.0,0.0,37.23
114-8330694-3822219,2025-09-26,06:19:59,Shipped,FBA,Amazon.com,Two-Day,CUST-00109,AL,Fairview,70853,US,USD,0.0,0.0,69.24
114-8423695-9490514,2025-09-26,15:28:42,Shipped,FBM,Amazon.com,Standard,CUST-00159,NV,Riverside,13113,US,USD,5.98,0.0,113.0
114-9641292-2433988,2025-09-26,08:01:39,Shipped,FBM,Amazon.com,Standard,CUST-01309,CO,Centerville,37149,US,USD,5.37,4.71,40.69
114-2020050-6863157,2025-09-27,17:26:24,Pending,FBA,Amazon.com,Expedited,CUST-00528,TX,San Antonio,77403,US,USD,0.0,0.0,50.01
114-6966022-7415850,2025-09-27,16:27:07,Shipped,FBA,Amazon.com,Standard,CUST-01598,PA,Pittsburgh,89641,US,USD,0.0,2.52,467.93
114-7029800-8262829,2025-09-27,16:12:12,Shipped,FBA,Amazon.com,Expedited,CUST-00968,NY,New York,41395,US,USD,0.0,0.0,22.81
114-7401253-6658278,2025-09-27,12:32:19,Shipped,FBM,Amazon.com,Standard,CUST-01771,UT,Fairview,13904,US,USD,5.55,0.0,93.48
114-8604820-7821267,2025-09-27,08:42:03,Shipped,FBA,Amazon.com,Standard,CUST-00569,MA,Boston,41205,US,USD,0.0,0.0,22.81
114-8673707-8317344,2025-09-27,20:07:56,Shipped,FBM,Amazon.com,Expedited,CUST-00891,NV,Centerville,59688,US,USD,4.7,0.0,120.31
114-9081810-3535547,2025-09-27,15:39:36,Shipped,FBA,Amazon.com,Two-Day,CUST-00169,IA,Fairview,35470,US,USD,0.0,0.0,177.4
114-1538882-6438528,2025-09-28,15:45:15,Canceled,FBA,Amazon.com,Standard,CUST-01796,NY,New York,99662,US,USD,0.0,4.4,138.64
114-5484943-7759550,2025-09-28,16:52:22,Shipped,FBA,Amazon.com,Two-Day,CUST-00262,GA,Atlanta,53286,US,USD,0.0,3.27,45.43
114-7352469-8998815,2025-09-28,21:46:03,Shipped,FBA,Amazon.com,Two-Day,CUST-00346,NY,Buffalo,29432,US,USD,0.0,2.18,134.32
114-9826044-7025082,2025-09-28,11:24:14,Shipped,FBM,Amazon.com,Standard,CUST-00623,KY,Riverside,37665,US,USD,5.48,3.47,55.84
114-1919610-8656683,2025-09-29,07:20:26,Shipped,FBA,Amazon.com,Two-Day,CUST-01595,PA,Philadelphia,15259,US,USD,0.0,0.0,69.82
114-2623716-5098984,2025-09-29,16:09:48,Pending,FBM,Amazon.com,Standard,CUST-00451,NY,Buffalo,75521,US,USD,4.37,0.0,26.03
114-5974281-3809884,2025-09-29,12:44:20,Shipped,FBA,Amazon.com,Standard,CUST-00754,WY,Riverside,72185,US,USD,0.0,0.0,117.16
114-6309385-5022689,2025-09-29,22:11:33,Shipped,FBM,Amazon.com,Standard,CUST-01413,CT,Springfield,28737,US,USD,5.07,0.0,32.78
114-1331072-4373226,2025-09-30,03:39:54,Shipped,FBA,Amazon.com,Expedited,CUST-01167,PA,Pittsburgh,87493,US,USD,0.0,0.0,93.83
114-2748618-4754162,2025-09-30,14:47:24,Shipped,FBA,Amazon.com,Two-Day,CUST-01354,IN,Centerville,35873,US,USD,0.0,17.45,261.44
114-3052064-1845752,2025-09-30,02:23:21,Canceled,FBM,Amazon.com,Standard,CUST-01517,NC,Raleigh,62721,US,USD,4.31,0.0,110.21
114-6742335-4170043,2025-10-01,05:56:24,Shipped,FBA,Amazon.com,Standard,CUST-01347,MI,Grand Rapids,36546,US,USD,0.0,0.0,34.22
114-8364154-3361040,2025-10-01,04:09:24,Shipped,FBA,Amazon.com,Expedited,CUST-01576,TX,Fort Worth,44866,US,USD,0.0,0.0,19.42
114-9640071-1102177,2025-10-01,09:48:55,Pending,FBA,Amazon.com,Standard,CUST-00590,NC,Raleigh,64831,US,USD,0.0,1.73,132.29
114-1078329-3271965,2025-10-02,15:31:18,Shipped,FBM,Amazon.com,Standard,CUST-00503,CA,San Diego,82851,US,USD,6.28,6.67,139.26
114-2718032-3556585,2025-10-02,17:38:04,Shipped,FBM,Amazon.com,Scheduled,CUST-01354,IN,Centerville,35873,US,USD,7.16,0.0,24.23
114-6173755-4953879,2025-10-02,21:07:20,Shipped,FBA,Amazon.com,Two-Day,CUST-00245,NC,Raleigh,96772,US,USD,0.0,0.0,21.36
114-6213765-6630212,2025-10-02,05:48:13,Shipped,FBA,Amazon.com,Two-Day,CUST-01451,TX,El Paso,83463,US,USD,0.0,0.0,164.78
114-6329228-5372810,2025-10-02,10:17:27,Shipped,FBA,Amazon.com,Two-Day,CUST-01341,TX,Dallas,60361,US,USD,0.0,0.0,46.0
114-2990120-7901602,2025-10-03,21:58:39,Shipped,FBA,Amazon.com,Standard,CUST-00332,GA,Atlanta,78242,US,USD,0.0,0.0,22.81
114-5028920-8571422,2025-10-03,17:26:47,Shipped,FBA,Amazon.com,Two-Day,CUST-00226,TX,Fort Worth,10868,US,USD,0.0,0.0,63.85
114-7424095-1283069,2025-10-03,21:05:42,Canceled,FBM,Amazon.com,Standard,CUST-00920,NC,Durham,64919,US,USD,6.27,0.0,61.94
114-7705999-5492929,2025-10-03,21:46:19,Shipped,FBA,Amazon.com,Standard,CUST-01147,MO,Springfield,45428,US,USD,0.0,0.0,21.66
114-7819810-2895795,2025-10-03,22:43:05,Shipped,FBM,Amazon.com,Standard,CUST-00024,TX,El Paso,81258,US,USD,6.59,0.0,36.36
114-8130059-6793850,2025-10-03,11:44:04,Shipped,FBM,Amazon.com,Standard,CUST-01484,GA,Atlanta,78136,US,USD,5.01,0.0,77.22
114-8697601-8416816,2025-10-03,15:21:45,Shipped,FBA,Amazon.com,Two-Day,CUST-00534,GA,Atlanta,57672,US,USD,0.0,0.0,169.95
114-8826778-1141285,2025-10-03,04:02:30,Shipped,FBA,Amazon.com,Two-Day,CUST-00642,TX,Houston,83010,US,USD,0.0,5.97,98.09
114-9336274-5396971,2025-10-03,00:18:05,Shipped,FBA,Amazon.com,Expedited,CUST-00790,CO,Riverside,53522,US,USD,0.0,0.0,78.84
114-9455389-8232901,2025-10-03,15:34:23,Shipped,FBA,Amazon.com,Standard,CUST-01582,UT,Fairview,13313,US,USD,0.0,0.0,141.08
114-9471318-7973599,2025-10-03,14:20:13,Shipped,FBA,Amazon.com,Expedited,CUST-00428,TX,El Paso,23926,US,USD,0.0,0.0,129.12
114-4799605-6476889,2025-10-04,02:20:21,Shipped,FBA,Amazon.com,Expedited,CUST-01610,RI,Springfield,72456,US,USD,0.0,0.0,53.23
114-8051963-7296953,2025-10-04,17:04:13,Shipped,FBM,Amazon.com,Scheduled,CUST-00425,WI,Fairview,43729,US,USD,7.53,3.44,43.62
114-9762895-1296835,2025-10-04,13:11:23,Shipped,FBA,Amazon.com,Standard,CUST-01462,WA,Tacoma,94536,US,USD,0.0,0.0,39.53
114-5283351-5833630,2025-10-05,11:38:44,Shipped,FBA,Amazon.com,Two-Day,CUST-00626,CO,Centerville,49669,US,USD,0.0,0.0,86.28
114-5372731-4521464,2025-10-05,06:58:33,Shipped,FBA,Amazon.com,Standard,CUST-01497,MT,Springfield,64511,US,USD,0.0,0.0,185.25
114-6352593-3152041,2025-10-05,01:52:09,Shipped,FBA,Amazon.com,Two-Day,CUST-00256,AZ,Scottsdale,59592,US,USD,0.0,12.63,77.1
114-7335531-3346389,2025-10-05,03:39:28,Shipped,FBA,Amazon.com,Expedited,CUST-00446,MD,Springfield,87736,US,USD,0.0,0.0,142.12
114-7368799-4660541,2025-10-05,14:24:54,Shipped,FBA,Amazon.com,Two-Day,CUST-00851,SC,Centerville,73234,US,USD,0.0,0.0,59.71
114-7490167-7070328,2025-10-05,11:01:05,Shipped,FBM,Amazon.com,Standard,CUST-00259,TX,Fort Worth,74486,US,USD,7.58,0.0,27.44
114-4116654-5607228,2025-10-06,18:38:40,Canceled,FBA,Amazon.com,Two-Day,CUST-00615,CO,Riverside,66899,US,USD,0.0,0.0,37.03
114-4593330-8410501,2025-10-06,18:12:54,Shipped,FBA,Amazon.com,Standard,CUST-01026,DC,Springfield,30760,US,USD,0.0,0.0,32.0
114-7128954-6826709,2025-10-06,01:23:22,Shipped,FBA,Amazon.com,Standard,CUST-00029,DE,Riverside,33081,US,USD,0.0,0.0,123.32
114-7705326-1371368,2025-10-06,08:40:43,Shipped,FBM,Amazon.com,Standard,CUST-01446,NY,Rochester,31049,US,USD,6.83,0.0,539.52
114-4512465-2977718,2025-10-07,11:05:37,Pending,FBA,Amazon.com,Standard,CUST-01324,GA,Savannah,28162,US,USD,0.0,0.0,190.86
114-9493615-2061027,2025-10-07,07:35:50,Shipped,FBA,Amazon.com,Two-Day,CUST-00824,OH,Toledo,72027,US,USD,0.0,0.0,116.26
114-2320700-5983135,2025-10-08,09:16:29,Shipped,FBA,Amazon.com,Standard,CUST-01230,MO,Georgetown,20673,US,USD,0.0,0.0,42.18
114-2410042-2346651,2025-10-08,13:53:33,Shipped,FBA,Amazon.com,Standard,CUST-00778,NV,Riverside,48554,US,USD,0.0,0.0,136.52
114-3387832-7012532,2025-10-08,04:06:20,Shipped,FBA,Amazon.com,Two-Day,CUST-00663,CT,Georgetown,88059,US,USD,0.0,0.0,28.36
114-4325224-7332082,2025-10-08,21:10:11,Shipped,FBA,Amazon.com,Expedited,CUST-00489,TX,San Antonio,67788,US,USD,0.0,0.0,197.38
114-6498604-5926379,2025-10-08,23:16:24,Shipped,FBA,Amazon.com,Two-Day,CUST-00350,CA,San Francisco,82151,US,USD,0.0,11.88,301.66
114-2442367-7339320,2025-10-09,16:15:40,Shipped,FBA,Amazon.com,Standard,CUST-00222,IL,Springfield,22190,US,USD,0.0,0.0,65.33
114-3750233-1543922,2025-10-09,05:15:45,Shipped,FBM,Amazon.com,Standard,CUST-01523,IL,Naperville,68062,US,USD,5.13,0.0,67.13
114-5471354-4770010,2025-10-09,19:57:49,Shipped,FBA,Amazon.com,Standard,CUST-00110,UT,Fairview,65836,US,USD,0.0,0.0,86.85
114-8102763-1719623,2025-10-09,15:20:53,Shipped,FBA,Amazon.com,Two-Day,CUST-00468,NJ,Paterson,41524,US,USD,0.0,0.0,103.35
114-1113458-1561731,2025-10-10,09:39:19,Shipped,FBA,Amazon.com,Two-Day,CUST-00261,SC,Springfield,74694,US,USD,0.0,0.0,50.79
114-1456774-5242364,2025-10-10,18:41:21,Shipped,FBA,Amazon.com,Two-Day,CUST-01481,MD,Riverside,89102,US,USD,0.0,0.0,110.45
114-3460905-7400252,2025-10-10,14:46:09,Shipped,FBM,Amazon.com,Expedited,CUST-00409,TX,San Antonio,90713,US,USD,6.24,0.0,70.04
114-4245735-8053366,2025-10-10,22:29:51,Shipped,FBA,Amazon.com,Expedited,CUST-00532,NC,Greensboro,33500,US,USD,0.0,0.0,149.84
114-6154357-8312178,2025-10-10,19:07:15,Canceled,FBA,Amazon.com,Two-Day,CUST-00803,MI,Grand Rapids,73176,US,USD,0.0,4.12,35.41
114-8111541-6532106,2025-10-10,01:26:07,Shipped,FBM,Amazon.com,Standard,CUST-00258,MO,Springfield,33908,US,USD,6.83,0.0,192.31
114-8368490-8807275,2025-10-10,12:10:04,Shipped,FBA,Amazon.com,Two-Day,CUST-00707,MD,Riverside,18526,US,USD,0.0,0.0,21.36
114-5295429-5405291,2025-10-11,14:01:39,Shipped,FBA,Amazon.com,Expedited,CUST-01550,OK,Centerville,51996,US,USD,0.0,8.87,149.98
114-6247713-2424447,2025-10-11,00:53:12,Shipped,FBA,Amazon.com,Two-Day,CUST-00858,TX,San Antonio,13018,US,USD,0.0,0.0,12.23
114-6444426-1278043,2025-10-11,00:06:54,Shipped,FBA,Amazon.com,Standard,CUST-00260,CA,Los Angeles,46977,US,USD,0.0,1.79,233.01
114-7691642-1230539,2025-10-11,05:18:54,Shipped,FBA,Amazon.com,Two-Day,CUST-00369,MS,Riverside,36894,US,USD,0.0,0.0,75.87
114-8833403-9998667,2025-10-11,08:45:29,Canceled,FBA,Amazon.com,Standard,CUST-00557,MO,Georgetown,51071,US,USD,0.0,0.0,90.3
114-9741256-7961284,2025-10-11,08:55:19,Shipped,FBM,Amazon.com,Expedited,CUST-00309,CA,San Diego,21247,US,USD,5.15,0.0,34.92
114-9842479-5761675,2025-10-11,15:17:23,Shipped,FBA,Amazon.com,Two-Day,CUST-00605,MA,Worcester,64580,US,USD,0.0,0.0,25.59
114-1600952-4951960,2025-10-12,21:00:52,Shipped,FBM,Amazon.com,Standard,CUST-00708,RI,Riverside,98864,US,USD,6.11,0.0,507.29
114-4417878-7420561,2025-10-12,05:57:25,Canceled,FBM,Amazon.com,Standard,CUST-00790,CO,Riverside,53522,US,USD,7.32,0.0,55.44
114-5551579-5685098,2025-10-12,11:42:58,Shipped,FBM,Amazon.com,Standard,CUST-00345,MI,Detroit,42075,US,USD,5.89,0.0,113.83
114-6540402-5289026,2025-10-12,19:43:48,Shipped,FBA,Amazon.com,Two-Day,CUST-00078,SC,Centerville,43029,US,USD,0.0,4.87,45.41
114-7653694-9698049,2025-10-12,14:16:34,Shipped,FBA,Amazon.com,Two-Day,CUST-00722,MA,Boston,87710,US,USD,0.0,0.0,22.81
114-8935481-2151879,2025-10-12,15:15:18,Shipped,FBA,Amazon.com,Standard,CUST-00161,HI,Centerville,51471,US,USD,0.0,0.0,107.91
114-8990239-5794514,2025-10-12,18:15:16,Shipped,FBA,Amazon.com,Two-Day,CUST-00243,GA,Augusta,51533,US,USD,0.0,0.0,42.5
114-1167461-2855497,2025-10-13,07:51:24,Shipped,FBA,Amazon.com,Two-Day,CUST-01188,AK,Centerville,78044,US,USD,0.0,2.34,61.57
114-1484388-8657036,2025-10-13,08:59:24,Shipped,FBA,Amazon.com,Standard,CUST-00827,GA,,79550,US,USD,0.0,0.0,147.71
114-2292432-4354243,2025-10-13,08:25:01,Shipped,FBA,Amazon.com,Two-Day,CUST-01748,UT,Fairview,84261,US,USD,0.0,0.0,158.85
114-2867149-2567420,2025-10-13,22:52:02,Shipped,FBA,Amazon.com,Two-Day,CUST-00754,WY,Riverside,72185,US,USD,0.0,0.0,43.2
114-5287055-8526850,2025-10-13,08:04:41,Shipped,FBA,Amazon.com,Expedited,CUST-01323,WA,Seattle,60246,US,USD,0.0,4.7,107.2
114-6952222-5309910,2025-10-13,07:53:08,Shipped,FBA,Amazon.com,Two-Day,CUST-00711,MD,Riverside,16155,US,USD,0.0,0.0,119.6
114-9352271-3026573,2025-10-13,11:41:54,Shipped,FBA,Amazon.com,Standard,CUST-00690,ND,Riverside,49926,US,USD,0.0,0.0,110.91
114-2051615-8123804,2025-10-14,21:08:01,Shipped,FBA,Amazon.com,Two-Day,CUST-00014,NY,Syracuse,15286,US,USD,0.0,0.0,70.28
114-2175979-8005284,2025-10-14,09:05:19,Shipped,FBA,Amazon.com,Two-Day,CUST-01591,WA,Seattle,37165,US,USD,0.0,0.0,134.32
114-3690713-2655138,2025-10-14,11:25:10,Pending,FBM,Amazon.com,Standard,CUST-00693,ND,Springfield,73201,US,USD,5.45,0.0,113.36
114-9994992-8127697,2025-10-14,12:15:13,Shipped,FBA,Amazon.com,Two-Day,CUST-01193,PA,Pittsburgh,69486,US,USD,0.0,0.0,15.31
114-3239535-1287658,2025-10-15,16:51:19,Unshipped,FBM,Amazon.com,Standard,CUST-01560,PA,Erie,49353,US,USD,5.53,0.0,89.64
114-5087533-4577137,2025-10-15,03:01:59,Shipped,FBA,Amazon.com,Standard,CUST-00457,ME,Georgetown,25212,US,USD,0.0,17.86,220.77
114-7611347-4290133,2025-10-15,08:50:25,Shipped,FBA,Amazon.com,Standard,CUST-01336,WI,Riverside,44669,US,USD,0.0,0.0,82.5
114-9175938-1016421,2025-10-15,04:49:41,Shipped,FBA,Amazon.com,Two-Day,CUST-00313,WI,Riverside,90997,US,USD,0.0,4.94,168.36
114-9993251-4172570,2025-10-15,13:09:57,Pending,FBA,Amazon.com,Two-Day,CUST-01330,OK,Fairview,30875,US,USD,0.0,0.0,93.57
114-1461792-3027565,2025-10-16,16:14:56,Shipped,FBM,Amazon.com,Standard,CUST-01248,NV,Riverside,67310,US,USD,4.56,0.0,93.26
114-2366435-9152593,2025-10-16,22:24:00,Shipped,FBA,Amazon.com,Two-Day,CUST-00225,NY,Syracuse,56665,US,USD,0.0,0.0,61.86
114-2856961-4686394,2025-10-16,23:19:00,Pending,FBM,Amazon.com,Expedited,CUST-00080,WI,Georgetown,89829,US,USD,5.35,0.0,125.64
114-4538150-2964885,2025-10-16,00:51:36,Shipped,FBA,Amazon.com,Two-Day,CUST-00181,OH,Cleveland,77388,US,USD,0.0,0.0,186.55
114-7706676-8737920,2025-10-16,02:37:22,Shipped,FBA,Amazon.com,Two-Day,CUST-01798,CA,San Diego,94929,US,USD,0.0,0.0,68.68
114-8333995-4845372,2025-10-16,16:57:09,Shipped,FBA,Amazon.com,Standard,CUST-01558,SC,Fairview,87088,US,USD,0.0,0.0,220.87
114-6463031-9431822,2025-10-17,01:29:40,Pending,FBM,Amazon.com,Scheduled,CUST-01746,MO,Springfield,16411,US,USD,7.97,0.0,149.74
114-7127224-2336917,2025-10-17,15:23:36,Shipped,FBA,Amazon.com,Standard,CUST-00593,SD,Centerville,88275,US,USD,0.0,0.0,34.97
114-7573456-3483526,2025-10-17,15:06:04,Shipped,FBA,Amazon.com,Standard,CUST-00311,MI,Grand Rapids,81620,US,USD,0.0,0.0,13.62
114-9968320-4940961,2025-10-17,17:26:35,Shipped,FBA,Amazon.com,Standard,CUST-01481,MD,Riverside,89102,US,USD,0.0,0.0,15.31
114-1306759-8995867,2025-10-18,08:54:09,Shipped,FBA,Amazon.com,Two-Day,CUST-00563,MD,Riverside,13631,US,USD,0.0,0.0,56.08
114-1697733-8354140,2025-10-18,07:28:10,Shipped,FBA,Amazon.com,Standard,CUST-00828,MN,Centerville,77490,US,USD,0.0,8.08,276.28
114-1827548-6029882,2025-10-18,10:50:25,Shipped,FBA,Amazon.com,Two-Day,CUST-00523,NH,Fairview,13835,US,USD,0.0,0.0,32.0
114-2459729-3685450,2025-10-18,13:45:26,Shipped,FBM,Amazon.com,Standard,CUST-00219,CT,Fairview,68034,US,USD,5.54,0.0,24.96
114-5162620-3970058,2025-10-18,21:41:25,Shipped,FBA,Amazon.com,Standard,CUST-01452,AZ,Tucson,22237,US,USD,0.0,0.0,98.33
114-6309945-1652579,2025-10-18,21:09:04,Shipped,FBA,Amazon.com,Two-Day,CUST-00822,NY,New York,44875,US,USD,0.0,3.61,144.34
114-8100065-9281651,2025-10-18,18:48:06,Shipped,FBA,Amazon.com,Two-Day,CUST-01045,GA,Macon,20455,US,USD,0.0,0.0,21.66
114-9262295-7450410,2025-10-18,16:36:12,Shipped,FBA,Amazon.com,Standard,CUST-00225,NY,Syracuse,56665,US,USD,0.0,0.0,45.62
114-9959503-9537777,2025-10-18,08:13:29,Shipped,FBA,Amazon.com,Standard,CUST-00111,TX,El Paso,94829,US,USD,0.0,0.0,85.37
114-9983324-8464258,2025-10-18,00:05:10,Shipped,FBM,Amazon.com,Expedited,CUST-01351,MI,Ann Arbor,21974,US,USD,7.72,0.0,72.28
114-2730412-6765842,2025-10-19,14:19:44,Pending,FBA,Amazon.com,Expedited,CUST-00808,MO,Centerville,84135,US,USD,0.0,0.0,195.21
114-3571587-2586409,2025-10-19,05:28:29,Shipped,FBA,Amazon.com,Two-Day,CUST-00785,VA,Richmond,91877,US,USD,0.0,6.38,107.9
114-4027306-8740047,2025-10-19,12:39:56,Shipped,FBA,Amazon.com,Standard,CUST-01706,OH,Toledo,49258,US,USD,0.0,0.0,57.13
114-6707521-2806572,2025-10-19,00:42:32,Shipped,FBA,Amazon.com,Two-Day,CUST-01420,TX,Houston,76155,US,USD,0.0,0.0,17.61
114-6854013-2931710,2025-10-19,00:56:55,Shipped,FBA,Amazon.com,Two-Day,CUST-01420,TX,Houston,76155,US,USD,0.0,0.0,29.77
114-8100485-6508711,2025-10-19,10:47:01,Shipped,FBM,Amazon.com,Standard,CUST-01599,FL,Jacksonville,13777,US,USD,6.0,0.0,66.26
114-1165941-4173279,2025-10-20,23:05:27,Shipped,FBA,Amazon.com,Two-Day,CUST-00446,MD,Springfield,87736,US,USD,0.0,0.0,43.13
114-1270874-2573490,2025-10-20,19:10:13,Shipped,FBA,Amazon.com,Two-Day,CUST-00516,NV,Georgetown,79742,US,USD,0.0,0.0,25.31
114-1352521-3548305,2025-10-20,14:14:53,Shipped,FBA,Amazon.com,Two-Day,CUST-00584,MS,Fairview,46935,US,USD,0.0,0.0,327.04
114-2931889-1312108,2025-10-20,18:41:43,Shipped,FBA,Amazon.com,Standard,CUST-00190,IL,Naperville,87436,US,USD,0.0,0.0,89.73
114-3604669-8356629,2025-10-20,16:34:37,Shipped,FBA,Amazon.com,Two-Day,CUST-01250,CA,San Jose,65584,US,USD,0.0,0.0,111.44
114-3604669-8356629,2025-10-20,16:34:37,Shipped,FBA,Amazon.com,Two-Day,CUST-01250,CA,San Jose,65584,US,USD,0.0,0.0,111.44
114-3924375-1023893,2025-10-20,17:29:02,Shipped,FBA,Amazon.com,Standard,CUST-01635,TN,Nashville,59803,US,USD,0.0,0.0,132.65
114-4735341-9666745,2025-10-20,02:19:56,Shipped,FBA,Amazon.com,Standard,CUST-00143,OK,Springfield,60014,US,USD,0.0,0.0,57.78
114-5622848-5228381,2025-10-20,13:27:08,Shipped,FBA,Amazon.com,Standard,CUST-01099,MA,Worcester,77667,US,USD,0.0,5.33,41.04
114-7160857-4947086,2025-10-20,15:54:41,Shipped,FBA,Amazon.com,Two-Day,CUST-00604,MS,Fairview,83825,US,USD,0.0,0.0,160.85
114-1315114-9892508,2025-10-21,05:26:32,Shipped,FBA,Amazon.com,Standard,CUST-01169,OH,Toledo,95093,US,USD,0.0,0.0,13.44
114-2974711-3574997,2025-10-21,03:31:10,Shipped,FBA,Amazon.com,Expedited,CUST-00045,CT,Springfield,19725,US,USD,0.0,0.0,30.93
114-3034691-5496126,2025-10-21,11:32:45,Shipped,FBA,Amazon.com,Two-Day,CUST-00641,AR,Centerville,24938,US,USD,0.0,0.0,37.17
114-3276207-4565885,2025-10-21,19:36:13,Shipped,FBA,Amazon.com,Two-Day,CUST-01057,VA,Arlington,95890,US,USD,0.0,0.0,27.71
114-5518616-6432543,2025-10-21,16:41:14,Shipped,FBA,Amazon.com,Two-Day,CUST-01734,OK,Centerville,33274,US,USD,0.0,0.0,78.75
114-5687581-9998431,2025-10-21,18:02:37,Shipped,FBA,Amazon.com,Standard,CUST-01515,IN,Georgetown,57203,US,USD,0.0,0.0,70.89
114-6892384-4423948,2025-10-21,13:22:19,Shipped,FBA,Amazon.com,Two-Day,CUST-01595,PA,Philadelphia,15259,US,USD,0.0,0.0,207.8
114-7725217-3071361,2025-10-21,12:08:49,Shipped,FBA,Amazon.com,Two-Day,CUST-01370,LA,Fairview,24003,US,USD,0.0,0.0,207.21
114-1448551-8054731,2025-10-22,07:49:23,Shipped,FBA,Amazon.com,Two-Day,CUST-00468,NJ,Paterson,41524,US,USD,0.0,0.0,18.93
114-2282728-3160782,2025-10-22,15:14:02,Unshipped,FBM,Amazon.com,Standard,CUST-00483,MD,Springfield,48209,US,USD,4.33,0.0,86.55
114-8615569-2146797,2025-10-22,10:28:35,Canceled,FBA,Amazon.com,Two-Day,CUST-00953,OH,Cleveland,60413,US,USD,0.0,1.21,51.37
114-5056217-6847756,2025-10-23,05:51:23,Shipped,FBA,Amazon.com,Two-Day,CUST-00303,NC,Charlotte,72371,US,USD,0.0,0.0,23.08
114-8900187-2975230,2025-10-23,22:21:44,Shipped,FBM,Amazon.com,Standard,CUST-00383,VA,Norfolk,82895,US,USD,7.19,0.0,38.12
114-1075087-6394829,2025-10-24,10:26:32,Shipped,FBA,Amazon.com,Two-Day,CUST-01581,LA,Riverside,59284,US,USD,0.0,2.38,64.06
114-1640552-9927838,2025-10-24,11:48:24,Shipped,FBA,Amazon.com,Two-Day,CUST-00049,PA,Erie,30131,US,USD,0.0,0.77,9.22
114-3352197-8833048,2025-10-24,06:20:17,Shipped,FBA,Amazon.com,Two-Day,CUST-01136,OH,Columbus,60741,US,USD,0.0,0.0,51.76
114-4120277-1514486,2025-10-24,22:36:51,Shipped,FBA,Amazon.com,Two-Day,CUST-00778,NV,Riverside,48554,US,USD,0.0,0.0,113.1
114-4972084-5009415,2025-10-24,20:04:31,Unshipped,FBA,Amazon.com,Standard,CUST-00430,NJ,Paterson,44922,US,USD,0.0,0.0,42.4
114-5649256-2536329,2025-10-24,17:45:46,Shipped,FBA,Amazon.com,Two-Day,CUST-00029,DE,Riverside,33081,US,USD,0.0,1.09,70.77
114-3492388-2305072,2025-10-25,02:12:27,Shipped,FBM,Amazon.com,Standard,CUST-01720,AZ,Phoenix,44800,US,USD,4.21,0.0,58.37
114-4238575-7536220,2025-10-25,07:56:07,Shipped,FBA,Amazon.com,Two-Day,CUST-00816,OR,Centerville,50383,US,USD,0.0,2.68,79.04
114-4987459-1097409,2025-10-25,15:41:32,Shipped,FBA,Amazon.com,Two-Day,CUST-00033,TN,Knoxville,17806,US,USD,0.0,0.0,115.56
114-7275474-8026800,2025-10-25,18:35:04,Unshipped,FBA,Amazon.com,Expedited,CUST-00897,WV,Riverside,96066,US,USD,0.0,0.0,85.08
114-1623816-6642939,2025-10-26,23:48:16,Shipped,FBA,Amazon.com,Standard,CUST-00594,TX,Dallas,89478,US,USD,0.0,0.0,10.4
114-2210028-3955533,2025-10-26,16:04:37,Shipped,FBM,Amazon.com,Standard,CUST-00501,AL,Georgetown,88372,US,USD,6.55,0.0,200.34
114-5764423-9382060,2025-10-26,07:49:24,Shipped,FBA,Amazon.com,Two-Day,CUST-00679,OR,Georgetown,21161,US,USD,0.0,0.0,90.41
114-7649529-8773281,2025-10-26,11:25:00,Shipped,FBA,Amazon.com,Two-Day,CUST-01555,VA,Richmond,79540,US,USD,0.0,0.0,13.26
114-8873534-1395920,2025-10-26,11:32:07,Shipped,FBA,Amazon.com,Two-Day,CUST-00381,GA,Macon,73898,US,USD,0.0,0.0,156.98
114-9318064-7280278,2025-10-26,17:30:18,Shipped,FBA,Amazon.com,Standard,CUST-00808,MO,Centerville,84135,US,USD,0.0,0.0,217.0
114-9435536-2301306,2025-10-26,10:58:20,Shipped,FBA,Amazon.com,Two-Day,CUST-00327,CO,Centerville,27575,US,USD,0.0,0.0,303.69
114-1505537-2675184,2025-10-27,02:22:41,Pending,FBA,Amazon.com,Standard,CUST-01148,OH,Toledo,74927,US,USD,0.0,0.0,27.71
114-1761206-6351268,2025-10-27,22:57:21,Shipped,FBA,Amazon.com,Two-Day,CUST-00381,GA,Macon,73898,US,USD,0.0,17.88,142.71
114-1432966-9710053,2025-10-28,23:31:52,Shipped,FBA,Amazon.com,Two-Day,CUST-00109,AL,Fairview,70853,US,USD,0.0,0.0,238.42
114-1930682-6040881,2025-10-28,15:47:40,Shipped,FBM,Amazon.com,Standard,CUST-01232,FL,Jacksonville,74904,US,USD,4.35,0.0,58.51
114-2373845-3875835,2025-10-28,03:33:01,Shipped,FBA,Amazon.com,Two-Day,CUST-00501,AL,Georgetown,88372,US,USD,0.0,0.0,21.66
114-2990897-2583759,2025-10-28,00:49:42,Shipped,FBA,Amazon.com,Two-Day,CUST-00188,CA,Sacramento,94341,US,USD,0.0,0.0,112.69
114-6779930-7347458,2025-10-28,16:09:27,Shipped,FBA,Amazon.com,Two-Day,CUST-00908,MA,Cambridge,15028,US,USD,0.0,5.18,63.26
114-8115696-8983343,2025-10-28,00:15:18,Shipped,FBM,Amazon.com,Expedited,CUST-00800,NV,Centerville,50824,US,USD,5.12,0.0,26.44
114-9156068-6403625,2025-10-28,16:43:56,Shipped,FBA,Amazon.com,Two-Day,CUST-01405,FL,Jacksonville,18693,US,USD,0.0,0.0,39.53
114-9594812-2619858,2025-10-28,12:18:41,Shipped,FBA,Amazon.com,Two-Day,CUST-01200,AL,Georgetown,38074,US,USD,0.0,0.0,110.91
114-9613285-9408522,2025-10-28,09:04:24,Shipped,FBA,Amazon.com,Expedited,CUST-01748,UT,Fairview,84261,US,USD,0.0,3.21,24.5
114-1435029-9565146,2025-10-29,03:29:59,Shipped,FBM,Amazon.com,Scheduled,CUST-01188,AK,Centerville,78044,US,USD,6.97,0.0,58.32
114-4330078-5257405,2025-10-29,10:14:11,Shipped,FBA,Amazon.com,Expedited,CUST-01278,WV,Georgetown,62527,US,USD,0.0,0.0,171.65
114-5890606-6172427,2025-10-29,08:10:00,Pending,FBM,Amazon.com,Standard,CUST-01513,CA,San Francisco,47023,US,USD,6.54,0.0,95.24
114-7193786-3712051,2025-10-29,01:01:36,Canceled,FBM,Amazon.com,Standard,CUST-01647,GA,Macon,18773,US,USD,5.3,0.0,88.72
114-2861892-4350838,2025-10-30,22:22:29,Shipped,FBA,Amazon.com,Expedited,CUST-00109,AL,Fairview,70853,US,USD,0.0,0.0,205.4
114-4318648-8202822,2025-10-30,06:32:09,Shipped,FBA,Amazon.com,Two-Day,CUST-01236,OH,Cincinnati,27739,US,USD,0.0,0.0,89.67
114-7740917-7509961,2025-10-30,16:42:59,Shipped,FBA,Amazon.com,Standard,CUST-01630,DE,Springfield,37143,US,USD,0.0,0.0,302.08
114-2377645-9461557,2025-10-31,00:22:48,Shipped,FBA,Amazon.com,Two-Day,CUST-00468,NJ,Paterson,41524,US,USD,0.0,0.0,17.84
114-4580672-9433279,2025-10-31,04:13:33,Shipped,FBA,Amazon.com,Two-Day,CUST-01680,AK,Centerville,26326,US,USD,0.0,0.0,51.35
114-6030215-8154964,2025-10-31,15:08:56,Shipped,FBA,Amazon.com,Two-Day,CUST-01006,CT,Centerville,23588,US,USD,0.0,0.0,102.7
114-9102857-1714040,2025-10-31,20:56:18,Shipped,FBA,Amazon.com,Two-Day,CUST-01492,MD,Riverside,39041,US,USD,0.0,0.0,17.61
114-9768429-9793064,2025-10-31,23:16:07,Shipped,FBA,Amazon.com,Standard,CUST-00448,NC,Durham,30677,US,USD,0.0,0.0,283.11
114-1545282-4697270,2025-11-01,07:29:32,Shipped,FBA,Amazon.com,Two-Day,CUST-00170,WI,Centerville,94498,US,USD,0.0,0.0,13.62
114-2968441-5048742,2025-11-01,02:02:34,Shipped,FBA,Amazon.com,Two-Day,CUST-00972,VA,Richmond,98432,US,USD,0.0,0.0,163.6
114-6360170-1065512,2025-11-01,07:26:24,Shipped,FBA,Amazon.com,Two-Day,CUST-00854,ME,Springfield,25380,US,USD,0.0,0.0,62.6
114-7188870-3645228,2025-11-01,19:46:18,Shipped,FBA,Amazon.com,Two-Day,CUST-00709,SD,Georgetown,69497,US,USD,0.0,0.0,193.27
114-7954859-2906849,2025-11-01,21:27:16,Shipped,FBA,Amazon.com,Two-Day,CUST-00188,CA,Sacramento,94341,US,USD,0.0,6.61,104.3
114-8914020-7839128,2025-11-01,05:11:35,Shipped,FBA,Amazon.com,Two-Day,CUST-00985,WY,Riverside,83505,US,USD,0.0,0.0,43.13
114-9837466-2137485,2025-11-01,09:54:01,Shipped,FBA,Amazon.com,Two-Day,CUST-00733,PA,Philadelphia,13890,US,USD,0.0,0.0,34.22
114-1434408-4172705,2025-11-02,03:04:22,Shipped,FBA,Amazon.com,Two-Day,CUST-01508,IN,Centerville,19094,US,USD,0.0,0.0,28.36
114-1869207-1089689,2025-11-02,00:28:42,Shipped,FBM,Amazon.com,Scheduled,CUST-00993,CA,San Francisco,78783,US,USD,6.52,0.0,381.43
114-2307160-1427977,2025-11-02,21:08:59,Pending,FBA,Amazon.com,Two-Day,CUST-01031,NY,Albany,23486,US,USD,0.0,0.0,19.42
114-2573354-8156678,2025-11-02,10:03:16,Shipped,FBA,Amazon.com,Two-Day,CUST-00847,RI,Centerville,61355,US,USD,0.0,0.0,27.96
114-3986429-6032294,2025-11-02,20:44:57,Shipped,FBA,Amazon.com,Two-Day,CUST-01657,UT,Fairview,61724,US,USD,0.0,1.46,87.53
114-6050335-6324069,2025-11-02,04:07:40,Shipped,FBA,Amazon.com,Expedited,CUST-00860,DC,Springfield,52628,US,USD,0.0,0.0,75.67
114-8019404-9309706,2025-11-02,19:32:29,Shipped,FBA,Amazon.com,Standard,CUST-01553,NY,New York,19932,US,USD,0.0,0.0,50.04
114-8295837-8353740,2025-11-02,21:47:01,Shipped,FBA,Amazon.com,Standard,CUST-00808,MO,Centerville,84135,US,USD,0.0,0.0,63.08
114-8881419-1889808,2025-11-02,16:11:08,Shipped,FBA,Amazon.com,Two-Day,CUST-01551,FL,Orlando,71500,US,USD,0.0,0.0,251.8
114-9646009-6357357,2025-11-02,15:36:44,Shipped,FBM,Amazon.com,Standard,CUST-00507,PA,Pittsburgh,13728,US,USD,4.22,0.0,169.54
114-1667591-8590566,2025-11-03,12:10:25,Shipped,FBA,Amazon.com,Two-Day,CUST-01281,TX,Houston,96325,US,USD,0.0,0.0,34.78
114-5561286-1957962,2025-11-03,01:11:29,Canceled,FBM,Amazon.com,Expedited,CUST-00273,OK,Springfield,59514,US,USD,7.42,0.0,47.96
114-6052852-8778526,2025-11-03,03:17:03,Shipped,FBA,Amazon.com,Two-Day,CUST-00930,PA,Pittsburgh,46659,US,USD,0.0,0.0,104.91
114-6102169-5465305,2025-11-03,07:19:23,Pending,FBM,Amazon.com,Expedited,CUST-00239,AZ,Phoenix,56018,US,USD,6.51,0.0,115.33
114-6250385-8780433,2025-11-03,07:30:34,Shipped,FBA,Amazon.com,Two-Day,CUST-00593,SD,Centerville,88275,US,USD,0.0,4.35,24.8
114-6540690-5491003,2025-11-03,06:10:57,Shipped,FBM,Amazon.com,Standard,CUST-00908,MA,Cambridge,15028,US,USD,5.93,0.0,31.36
114-7165694-6816305,2025-11-03,11:59:48,Shipped,FBA,Amazon.com,Standard,CUST-01420,TX,Houston,76155,US,USD,0.0,0.0,51.35
114-7505169-5636007,2025-11-03,03:00:04,Shipped,FBA,Amazon.com,Two-Day,CUST-00271,MD,Springfield,17834,US,USD,0.0,9.31,79.39
114-9991823-3666514,2025-11-03,23:59:11,Shipped,FBA,Amazon.com,Two-Day,CUST-00520,FL,Miami,12464,US,USD,0.0,0.0,270.06
114-3104700-5762545,2025-11-04,18:19:35,Shipped,FBA,Amazon.com,Two-Day,CUST-01799,MS,Georgetown,99170,US,USD,0.0,0.0,34.22
114-3649503-7997029,2025-11-04,05:23:02,Canceled,FBA,Amazon.com,Two-Day,CUST-01232,FL,Jacksonville,74904,US,USD,0.0,8.27,71.14
114-6190960-5147892,2025-11-04,19:20:38,Shipped,FBA,Amazon.com,Standard,CUST-00871,TX,Austin,28775,US,USD,0.0,0.0,114.01
114-6261616-5090726,2025-11-04,19:29:32,Shipped,FBA,Amazon.com,Expedited,CUST-00245,NC,Raleigh,96772,US,USD,0.0,0.0,25.59
114-3347697-2824269,2025-11-05,02:11:26,Shipped,FBA,Amazon.com,Two-Day,CUST-00494,ME,Springfield,28274,US,USD,0.0,0.0,128.97
114-5339934-5141418,2025-11-05,16:53:28,Shipped,FBM,Amazon.com,Standard,CUST-00126,OR,Centerville,24945,US,USD,4.05,0.0,17.67
114-6900463-9259031,2025-11-05,08:35:21,Shipped,FBA,Amazon.com,Two-Day,CUST-00803,MI,Grand Rapids,73176,US,USD,0.0,5.88,45.47
114-7640636-2257320,2025-11-05,13:14:27,Shipped,FBA,Amazon.com,Standard,CUST-01140,NY,Buffalo,47040,US,USD,0.0,0.0,38.5
114-8329211-7988235,2025-11-05,07:00:39,Shipped,FBA,Amazon.com,Two-Day,CUST-01708,OK,Centerville,42046,US,USD,0.0,0.0,57.15
114-8675147-7109497,2025-11-05,04:07:01,Shipped,FBM,Amazon.com,Expedited,CUST-01037,OH,Cincinnati,11428,US,USD,5.98,0.0,73.96
114-1023891-6025522,2025-11-06,13:35:33,Shipped,FBA,Amazon.com,Two-Day,CUST-00919,CA,Sacramento,55526,US,USD,0.0,0.0,52.58
114-1288432-7705340,2025-11-06,07:21:43,Shipped,FBA,Amazon.com,Two-Day,CUST-00405,CT,Springfield,71455,US,USD,0.0,1.22,70.75
114-2334618-3817927,2025-11-06,21:49:29,Shipped,FBA,Amazon.com,Two-Day,CUST-00426,CA,Los Angeles,43847,US,USD,0.0,6.92,125.51
114-3527006-6864355,2025-11-06,11:12:11,Shipped,FBM,Amazon.com,Standard,CUST-00977,IL,Peoria,15244,US,USD,7.98,0.0,223.8
114-5541971-7228229,2025-11-06,00:37:46,Shipped,FBM,Amazon.com,Standard,CUST-01714,VA,Arlington,53783,US,USD,6.19,0.0,56.86
114-7206518-5762579,2025-11-06,17:53:19,Shipped,FBM,Amazon.com,Standard,CUST-01770,TN,Memphis,54839,US,USD,4.86,1.06,97.46
114-7840815-1460746,2025-11-06,19:55:21,Shipped,FBA,Amazon.com,Two-Day,CUST-00443,FL,Jacksonville,90114,US,USD,0.0,1.7,196.81
114-8770596-9869719,2025-11-06,15:42:57,Shipped,FBM,Amazon.com,Standard,CUST-00397,TX,El Paso,12058,US,USD,5.09,0.0,67.64
114-1171259-3122871,2025-11-07,11:54:59,Shipped,FBA,Amazon.com,Standard,CUST-00761,OH,Cincinnati,22221,US,USD,0.0,0.0,184.9
114-2363895-7950122,2025-11-07,11:20:44,Shipped,FBA,Amazon.com,Two-Day,CUST-00730,TX,Houston,93724,US,USD,0.0,2.62,63.5
114-2455936-6543511,2025-11-07,19:29:06,Shipped,FBA,Amazon.com,Expedited,CUST-01370,LA,Fairview,24003,US,USD,0.0,0.0,74.34
114-3512904-9926748,2025-11-07,10:49:56,Shipped,FBA,Amazon.com,Two-Day,CUST-01126,VA,Norfolk,12954,US,USD,0.0,1.58,28.19
114-4987452-4879075,2025-11-07,15:05:10,Shipped,FBA,Amazon.com,Standard,CUST-00389,UT,Springfield,21866,US,USD,0.0,0.0,82.93
114-6926213-5059993,2025-11-07,20:18:28,Shipped,FBM,Amazon.com,Standard,CUST-00164,KY,Centerville,30489,US,USD,4.02,0.0,29.45
114-7436129-1256104,2025-11-07,13:02:45,Shipped,FBM,Amazon.com,Standard,CUST-01194,TX,Austin,74651,US,USD,5.13,0.0,45.67
114-7686685-9757771,2025-11-07,03:58:24,Shipped,FBA,Amazon.com,Two-Day,CUST-01734,OK,Centerville,33274,US,USD,0.0,0.0,46.37
114-8375752-3609434,2025-11-07,08:17:57,Shipped,FBA,Amazon.com,Standard,CUST-01057,VA,Arlington,95890,US,USD,0.0,0.0,82.74
114-9725796-1115992,2025-11-07,08:37:11,Shipped,FBA,Amazon.com,Two-Day,CUST-00859,WY,Georgetown,33736,US,USD,0.0,0.0,70.84
114-2345424-6696694,2025-11-08,15:55:31,Shipped,FBA,Amazon.com,Standard,CUST-00590,NC,Raleigh,64831,US,USD,0.0,1.52,32.37
114-3640954-7970196,2025-11-08,00:01:34,Shipped,FBM,Amazon.com,Standard,CUST-01215,IL,Chicago,12625,US,USD,5.26,0.0,157.27
114-4260556-1760803,2025-11-08,16:33:03,Shipped,FBA,Amazon.com,Two-Day,CUST-00754,WY,Riverside,72185,US,USD,0.0,0.0,19.86
114-4587926-5283675,2025-11-08,02:48:42,Shipped,FBA,Amazon.com,Two-Day,CUST-01481,MD,Riverside,89102,US,USD,0.0,0.0,58.26
114-4881400-7660590,2025-11-08,06:38:38,Shipped,FBA,Amazon.com,Two-Day,CUST-00276,AZ,Mesa,80989,US,USD,0.0,0.0,18.98
114-7119422-5016724,2025-11-08,22:30:21,Shipped,FBM,Amazon.com,Standard,CUST-00810,OH,Cleveland,72616,US,USD,6.36,0.0,70.92
114-7219910-4368734,2025-11-08,08:25:07,Shipped,FBA,Amazon.com,Two-Day,CUST-00562,NV,Fairview,94678,US,USD,0.0,3.57,199.48
114-1842268-4624716,2025-11-09,03:35:18,Shipped,FBM,Amazon.com,Standard,CUST-01553,NY,New York,19932,US,USD,4.31,0.0,132.88
114-3108352-1096323,2025-11-09,17:08:20,Shipped,FBA,Amazon.com,Two-Day,CUST-00652,VA,Richmond,66894,US,USD,0.0,0.0,38.84
114-3792503-9356059,2025-11-09,21:03:05,Shipped,FBA,Amazon.com,Two-Day,CUST-00969,WA,Spokane,82311,US,USD,0.0,0.0,60.8
114-4277096-8108762,2025-11-09,11:47:51,Shipped,FBA,Amazon.com,Standard,CUST-01027,NY,New York,77894,US,USD,0.0,0.0,93.62
114-7778469-7106741,2025-11-09,05:27:49,Shipped,FBA,Amazon.com,Expedited,CUST-00186,FL,Miami,77720,US,USD,0.0,0.0,110.91
114-3825424-7915367,2025-11-10,01:39:57,Shipped,FBA,Amazon.com,Two-Day,CUST-00076,NY,New York,72140,US,USD,0.0,0.0,10.4
114-4182837-5295390,2025-11-10,01:45:57,Shipped,FBA,Amazon.com,Two-Day,CUST-01721,OK,Centerville,24973,US,USD,0.0,0.0,101.48
114-6383487-3966199,2025-11-10,01:06:43,Shipped,FBA,Amazon.com,Two-Day,CUST-00406,WV,Fairview,47907,US,USD,0.0,0.0,75.55
114-8891816-4965533,2025-11-10,16:41:12,Shipped,FBA,Amazon.com,Standard,CUST-01617,SC,Georgetown,58142,US,USD,0.0,0.0,259.21
114-8942987-8405736,2025-11-10,22:41:37,Shipped,FBA,Amazon.com,Two-Day,CUST-01345,NJ,Jersey City,50541,US,USD,0.0,0.0,93.69
114-9396036-9433742,2025-11-10,09:12:42,Shipped,FBM,Amazon.com,Expedited,CUST-01588,AZ,Tucson,75100,US,USD,6.1,4.6,87.04
114-1827125-2856331,2025-11-11,12:56:44,Shipped,FBA,Amazon.com,Two-Day,CUST-00429,SC,Fairview,68442,US,USD,0.0,0.0,24.09
114-2983863-8138039,2025-11-11,12:43:50,Canceled,FBA,Amazon.com,Two-Day,CUST-00165,TX,El Paso,28884,US,USD,0.0,0.0,437.03
114-4584557-2065817,2025-11-11,01:03:06,Shipped,FBA,Amazon.com,Standard,CUST-00648,GA,Augusta,76194,US,USD,0.0,1.26,36.56
114-5602790-6973875,2025-11-11,07:27:31,Shipped,FBA,Amazon.com,Standard,CUST-00290,IL,Springfield,89745,US,USD,0.0,0.0,70.84
114-5798227-7958486,2025-11-11,23:54:05,Shipped,FBA,Amazon.com,Standard,CUST-00095,AL,Riverside,12348,US,USD,0.0,0.0,66.14
114-8601004-3640686,2025-11-11,19:13:59,Shipped,FBM,Amazon.com,Standard,CUST-00554,IN,Fairview,44754,US,USD,6.63,0.0,222.45
114-9646994-9982196,2025-11-11,04:34:19,Shipped,FBM,Amazon.com,Standard,CUST-00600,ID,Georgetown,96169,US,USD,4.89,0.0,18.51
114-4446435-4943305,2025-11-12,10:47:50,Shipped,FBM,Amazon.com,Standard,CUST-00917,TX,San Antonio,68427,US,USD,6.92,5.11,87.86
114-4867004-3054350,2025-11-12,19:25:20,Shipped,FBA,Amazon.com,Expedited,CUST-00584,MS,Fairview,46935,US,USD,0.0,0.0,107.91
114-5722742-8637727,2025-11-12,22:29:23,Shipped,FBM,Amazon.com,Standard,CUST-00048,TX,Fort Worth,80795,US,USD,6.9,0.0,75.6
114-7444109-5164118,2025-11-12,07:18:49,Shipped,FBA,Amazon.com,Two-Day,CUST-00193,CO,Fairview,21239,US,USD,0.0,0.0,155.3
114-8007575-7597744,2025-11-12,12:23:23,Pending,FBA,Amazon.com,Standard,CUST-00903,LA,Springfield,26531,US,USD,0.0,0.0,35.22
114-8075179-4211939,2025-11-12,14:04:03,Shipped,FBM,Amazon.com,Standard,CUST-00232,FL,Tampa,57962,US,USD,7.35,0.0,211.04
114-1702635-2730197,2025-11-13,09:38:03,Canceled,FBA,Amazon.com,Standard,CUST-01608,TX,El Paso,58866,US,USD,0.0,0.0,21.36
114-4441673-9335292,2025-11-13,22:03:08,Shipped,FBA,Amazon.com,Two-Day,CUST-00741,ND,Georgetown,18503,US,USD,0.0,0.0,31.54
114-7111452-7293912,2025-11-13,05:57:05,Shipped,FBA,Amazon.com,Expedited,CUST-00525,TN,Nashville,79315,US,USD,0.0,0.0,41.1
114-8428647-1498946,2025-11-13,18:37:11,Shipped,FBA,Amazon.com,Two-Day,CUST-01700,ID,Riverside,27339,US,USD,0.0,0.0,275.36
114-8598149-1182174,2025-11-13,02:27:20,Shipped,FBA,Amazon.com,Two-Day,CUST-00346,NY,Buffalo,29432,US,USD,0.0,0.0,27.71
114-9241188-1627585,2025-11-13,06:48:26,Shipped,FBM,Amazon.com,Standard,CUST-01778,AZ,Mesa,42248,US,USD,7.92,0.0,61.2
114-9781620-8781718,2025-11-13,21:59:30,Shipped,FBA,Amazon.com,Two-Day,CUST-01522,MI,Lansing,16669,US,USD,0.0,0.0,19.86
114-9930343-1806878,2025-11-13,21:35:44,Shipped,FBA,Amazon.com,Two-Day,CUST-00224,MA,Cambridge,36170,US,USD,0.0,0.0,138.24
114-5065883-8480522,2025-11-14,03:06:57,Shipped,FBM,Amazon.com,Standard,CUST-01035,GA,Augusta,62206,US,USD,7.51,9.18,150.46
114-7649320-1384288,2025-11-14,18:40:44,Shipped,FBA,Amazon.com,Two-Day,CUST-01389,AK,Riverside,36437,US,USD,0.0,0.0,38.94
114-8204115-4243483,2025-11-14,21:36:35,Shipped,FBA,Amazon.com,Standard,CUST-00424,MO,Riverside,43205,US,USD,0.0,0.0,52.23
114-8697738-9959191,2025-11-14,12:06:49,Shipped,FBA,Amazon.com,Two-Day,CUST-00403,MN,Centerville,77757,US,USD,0.0,0.0,54.16
114-2142551-1274903,2025-11-15,21:56:34,Canceled,FBA,Amazon.com,Standard,CUST-01507,WV,Georgetown,18342,US,USD,0.0,0.0,274.09
114-2698268-8301355,2025-11-15,14:37:33,Shipped,FBA,Amazon.com,Two-Day,CUST-00068,IL,Naperville,67896,US,USD,0.0,4.44,44.81
114-3843853-8865185,2025-11-15,09:07:14,Shipped,FBA,Amazon.com,Two-Day,CUST-01701,CO,Riverside,69630,US,USD,0.0,0.0,107.91
114-6082538-8539008,2025-11-15,01:38:52,Canceled,FBA,Amazon.com,Two-Day,CUST-00459,NY,Albany,36208,US,USD,0.0,0.0,59.84
114-7106435-6842763,2025-11-15,09:04:39,Shipped,FBA,Amazon.com,Two-Day,CUST-01152,NV,Springfield,82521,US,USD,0.0,0.0,88.7
114-7811271-1609611,2025-11-15,04:28:41,Shipped,FBA,Amazon.com,Two-Day,CUST-01395,CT,Centerville,12116,US,USD,0.0,1.5,12.12
114-1132564-9808268,2025-11-16,02:51:11,Unshipped,FBA,Amazon.com,Standard,CUST-01333,CO,Springfield,48399,US,USD,0.0,0.0,22.81
114-2713500-6017941,2025-11-16,14:11:38,Shipped,FBM,Amazon.com,Standard,CUST-00975,CA,Fresno,28463,US,USD,6.32,0.0,63.93
114-4276627-2036514,2025-11-16,14:48:53,Shipped,FBA,Amazon.com,Standard,CUST-00684,NY,Rochester,28878,US,USD,0.0,0.0,63.85
114-5254385-9053977,2025-11-16,14:14:36,Shipped,FBA,Amazon.com,Two-Day,CUST-00639,TX,Dallas,40765,US,USD,0.0,0.0,24.09
114-6337409-5426451,2025-11-16,05:01:19,Shipped,FBA,Amazon.com,Standard,CUST-01689,CA,San Francisco,67185,US,USD,0.0,7.7,77.81
114-6637962-3241147,2025-11-16,09:21:22,Shipped,FBM,Amazon.com,Scheduled,CUST-01665,RI,Fairview,41380,US,USD,5.93,0.0,74.35
114-9870853-9355260,2025-11-16,05:13:12,Shipped,FBM,Amazon.com,Standard,CUST-01586,IL,,92429,US,USD,6.05,0.0,51.8
114-2863415-8884983,2025-11-17,03:57:57,Shipped,FBM,Amazon.com,Standard,CUST-00729,IL,Springfield,64879,US,USD,7.57,0.0,85.13
114-3063877-8417780,2025-11-17,18:59:04,Shipped,FBM,Amazon.com,Standard,CUST-01381,IN,Springfield,79699,US,USD,7.76,0.0,19.46
114-4706182-1979022,2025-11-17,04:54:11,Unshipped,FBA,Amazon.com,Two-Day,CUST-00891,NV,Centerville,59688,US,USD,0.0,0.0,103.09
114-5199719-5142288,2025-11-17,19:48:22,Shipped,FBA,Amazon.com,Standard,CUST-00827,GA,Atlanta,79550,US,USD,0.0,0.0,40.21
114-2451909-6388039,2025-11-18,14:01:24,Shipped,FBA,Amazon.com,Two-Day,CUST-01212,CA,Fresno,53684,US,USD,0.0,0.0,74.55
114-3049921-9876767,2025-11-18,13:31:14,Shipped,FBA,Amazon.com,Two-Day,CUST-00341,OH,Cleveland,31249,US,USD,0.0,6.37,40.43
114-8214175-6944002,2025-11-18,01:56:33,Canceled,FBA,Amazon.com,Standard,CUST-00753,IL,Chicago,71866,US,USD,0.0,0.0,52.95
114-9714211-9306532,2025-11-18,13:55:27,Shipped,FBA,Amazon.com,Two-Day,CUST-00246,LA,Springfield,22524,US,USD,0.0,2.29,354.99
114-1898452-7576062,2025-11-19,15:22:12,Shipped,FBA,Amazon.com,Expedited,CUST-00737,WI,Springfield,25531,US,USD,0.0,0.0,102.7
114-3360703-7999133,2025-11-19,08:21:31,Shipped,FBA,Amazon.com,Two-Day,CUST-00892,SD,Springfield,48019,US,USD,0.0,0.0,40.0
114-4903872-1543278,2025-11-19,15:53:04,Shipped,FBA,Amazon.com,Expedited,CUST-00693,ND,Springfield,73201,US,USD,0.0,2.01,340.39
114-4927365-7688663,2025-11-19,01:34:28,Shipped,FBA,Amazon.com,Expedited,CUST-01743,CA,Los Angeles,68840,US,USD,0.0,0.0,31.54
114-9162832-1259473,2025-11-19,12:46:08,Shipped,FBA,Amazon.com,Two-Day,CUST-01137,MN,Springfield,67403,US,USD,0.0,0.0,303.84
114-9853023-6831784,2025-11-19,10:03:34,Shipped,FBA,Amazon.com,Standard,CUST-01545,AR,Riverside,19753,US,USD,0.0,0.0,9.99
114-3211698-3426109,2025-11-20,02:02:36,Shipped,FBM,Amazon.com,Scheduled,CUST-01598,PA,Pittsburgh,89641,US,USD,4.41,1.53,211.45
114-3341165-3491753,2025-11-20,03:16:05,Shipped,FBA,Amazon.com,Standard,CUST-00798,OH,Columbus,74440,US,USD,0.0,0.0,310.42
114-7267337-8992443,2025-11-20,05:48:45,Unshipped,FBA,Amazon.com,Two-Day,CUST-01211,WA,,26936,US,USD,0.0,0.0,179.77
114-1068330-8889720,2025-11-21,04:24:40,Shipped,FBA,Amazon.com,Two-Day,CUST-01343,VA,Norfolk,94390,US,USD,0.0,0.0,246.01
114-1414943-9587333,2025-11-21,14:57:44,Shipped,FBM,Amazon.com,Standard,CUST-01020,AL,Springfield,46040,US,USD,7.93,0.0,226.93
114-2058074-7676741,2025-11-21,20:38:06,Shipped,FBA,Amazon.com,Two-Day,CUST-00545,AZ,Tucson,76412,US,USD,0.0,0.0,41.7
114-4095888-6787298,2025-11-21,10:08:27,Shipped,FBA,Amazon.com,Two-Day,CUST-00383,VA,Norfolk,82895,US,USD,0.0,0.0,88.7
114-4648112-9104782,2025-11-21,08:56:13,Shipped,FBA,Amazon.com,Two-Day,CUST-00372,CA,San Diego,35237,US,USD,0.0,9.84,110.75
114-5066077-6419744,2025-11-21,19:01:50,Pending,FBA,Amazon.com,Standard,CUST-00435,IL,Naperville,33149,US,USD,0.0,0.0,42.64
114-5266269-5151336,2025-11-21,08:24:11,Shipped,FBA,Amazon.com,Standard,CUST-00816,OR,Centerville,50383,US,USD,0.0,0.0,51.35
114-5861477-9526474,2025-11-21,03:28:56,Shipped,FBA,Amazon.com,Standard,CUST-00281,NJ,Paterson,78920,US,USD,0.0,0.0,29.77
114-7925241-6269587,2025-11-21,04:21:09,Shipped,FBM,Amazon.com,Standard,CUST-00658,AL,Fairview,38014,US,USD,5.54,0.0,56.89
114-2241156-3309534,2025-11-22,06:27:31,Shipped,FBA,Amazon.com,Two-Day,CUST-01430,TX,San Antonio,68114,US,USD,0.0,0.0,335.33
114-3703073-5441888,2025-11-22,18:17:57,Shipped,FBA,Amazon.com,Two-Day,CUST-00711,MD,Riverside,16155,US,USD,0.0,0.0,69.34
114-5698885-9344199,2025-11-22,06:22:16,Shipped,FBM,Amazon.com,Standard,CUST-00174,FL,Jacksonville,46264,US,USD,7.77,0.0,104.23
114-7946254-4156161,2025-11-22,12:00:00,Unshipped,FBA,Amazon.com,Two-Day,CUST-01707,PA,Pittsburgh,68974,US,USD,0.0,0.0,27.71
114-7956025-6100742,2025-11-22,16:30:01,Shipped,FBA,Amazon.com,Two-Day,CUST-01677,AZ,Mesa,66335,US,USD,0.0,0.0,114.99
114-8464194-5328525,2025-11-22,02:40:11,Unshipped,FBA,Amazon.com,Standard,CUST-01175,CO,Riverside,80466,US,USD,0.0,0.0,179.17
114-9213416-8651209,2025-11-22,11:48:32,Shipped,FBA,Amazon.com,Expedited,CUST-00992,CA,Fresno,33082,US,USD,0.0,0.0,303.93
114-9497062-2983613,2025-11-22,17:15:56,Shipped,FBA,Amazon.com,Two-Day,CUST-00732,UT,Springfield,82704,US,USD,0.0,0.0,18.98
114-9872495-6264000,2025-11-22,12:47:11,Shipped,FBA,Amazon.com,Standard,CUST-01066,WA,Bellevue,61368,US,USD,0.0,0.0,102.7
114-3537501-1215867,2025-11-23,13:08:42,Shipped,FBM,Amazon.com,Expedited,CUST-00891,NV,Centerville,59688,US,USD,6.15,0.0,38.05
114-3769025-3896697,2025-11-23,03:03:52,Shipped,FBA,Amazon.com,Two-Day,CUST-00969,WA,Spokane,82311,US,USD,0.0,0.0,46.37
114-4266796-8508580,2025-11-23,03:08:20,Shipped,FBA,Amazon.com,Two-Day,CUST-01008,KS,Centerville,25007,US,USD,0.0,3.02,151.52
114-5391977-8221964,2025-11-23,07:30:03,Shipped,FBA,Amazon.com,Expedited,CUST-00158,CA,San Francisco,23621,US,USD,0.0,0.0,136.38
114-5885856-5937639,2025-11-23,14:38:39,Shipped,FBA,Amazon.com,Expedited,CUST-00576,KS,Fairview,21829,US,USD,0.0,0.0,205.4
114-8662433-5861273,2025-11-23,16:46:31,Shipped,FBA,Amazon.com,Expedited,CUST-01509,CO,Fairview,17433,US,USD,0.0,3.58,35.95
114-9655255-2565806,2025-11-23,00:26:16,Shipped,FBA,Amazon.com,Expedited,CUST-01413,CT,Springfield,28737,US,USD,0.0,0.0,97.41
114-1568535-2364051,2025-11-24,21:17:34,Unshipped,FBA,Amazon.com,Two-Day,CUST-01446,NY,Rochester,31049,US,USD,0.0,0.0,18.37
114-4142286-1995465,2025-11-24,05:48:14,Shipped,FBA,Amazon.com,Two-Day,CUST-01522,MI,Lansing,16669,US,USD,0.0,0.0,58.26
114-4434115-9543792,2025-11-24,05:39:03,Shipped,FBA,Amazon.com,Two-Day,CUST-01161,MS,Springfield,34150,US,USD,0.0,0.0,41.15
114-5101044-3980610,2025-11-24,13:45:42,Shipped,FBA,Amazon.com,Two-Day,CUST-00151,FL,Fort Lauderdale,80390,US,USD,0.0,0.0,39.72
114-5867630-3778714,2025-11-24,17:26:47,Shipped,FBA,Amazon.com,Expedited,CUST-01503,NJ,Paterson,24331,US,USD,0.0,0.0,162.38
114-6126257-1155184,2025-11-24,08:37:29,Shipped,FBA,Amazon.com,Standard,CUST-00758,WI,Centerville,80464,US,USD,0.0,0.0,129.54
114-7481628-2458512,2025-11-24,22:33:30,Pending,FBA,Amazon.com,Expedited,CUST-01347,MI,Grand Rapids,36546,US,USD,0.0,0.0,22.81
114-7688721-2256483,2025-11-24,00:21:17,Shipped,FBA,Amazon.com,Standard,CUST-00750,TX,Dallas,35774,US,USD,0.0,0.0,105.9
114-7980239-8748475,2025-11-24,15:07:09,Shipped,FBM,Amazon.com,Scheduled,CUST-01173,VT,Riverside,68328,US,USD,7.37,0.0,58.72
114-8192211-7757550,2025-11-24,11:48:00,Shipped,FBA,Amazon.com,Expedited,CUST-01434,ID,Riverside,73871,US,USD,0.0,0.0,85.44
114-9951272-4069223,2025-11-24,09:55:16,Shipped,FBM,Amazon.com,Standard,CUST-00689,MI,Grand Rapids,12440,US,USD,7.61,2.19,226.48
114-1432349-4481077,2025-11-25,03:52:49,Shipped,FBA,Amazon.com,Two-Day,CUST-00419,MI,Grand Rapids,78151,US,USD,0.0,3.73,53.42
114-2266047-8348655,2025-11-25,05:28:06,Shipped,FBA,Amazon.com,Two-Day,CUST-00418,MO,Fairview,95766,US,USD,0.0,5.48,84.49
114-3074710-3569407,2025-11-25,19:44:47,Shipped,FBA,Amazon.com,Two-Day,CUST-00129,FL,Tampa,24125,US,USD,0.0,0.0,95.49
114-3865798-6937488,2025-11-25,10:14:38,Shipped,FBA,Amazon.com,Two-Day,CUST-00284,MT,Springfield,90862,US,USD,0.0,0.0,9.99
114-1684538-4582206,2025-11-26,06:12:59,Shipped,FBA,Amazon.com,Standard,CUST-00950,OK,Centerville,46500,US,USD,0.0,0.0,179.1
114-2251483-1259548,2025-11-26,17:24:44,Shipped,FBA,Amazon.com,Two-Day,CUST-01459,WV,Fairview,66533,US,USD,0.0,0.0,109.5
114-3383566-8692084,2025-11-26,03:34:13,Shipped,FBA,Amazon.com,Two-Day,CUST-01630,DE,Springfield,37143,US,USD,0.0,0.0,40.21
114-5521161-6471831,2025-11-26,04:06:42,Shipped,FBA,Amazon.com,Standard,CUST-00541,WI,Georgetown,81646,US,USD,0.0,0.0,96.46
114-6109248-4897334,2025-11-26,09:43:19,Unshipped,FBA,Amazon.com,Two-Day,CUST-01183,LA,Riverside,34045,US,USD,0.0,0.0,19.86
114-6184930-3517945,2025-11-26,00:28:20,Shipped,FBM,Amazon.com,Standard,CUST-00713,CT,Springfield,42765,US,USD,5.03,0.0,44.56
114-7608607-5999459,2025-11-26,19:06:14,Pending,FBA,Amazon.com,Standard,CUST-00413,GA,Savannah,37637,US,USD,0.0,0.0,174.0
114-8019638-2558682,2025-11-26,14:58:34,Shipped,FBA,Amazon.com,Two-Day,CUST-01595,PA,Philadelphia,15259,US,USD,0.0,0.0,563.34
114-8146329-6522081,2025-11-26,14:33:47,Shipped,FBA,Amazon.com,Standard,CUST-01657,UT,Fairview,61724,US,USD,0.0,0.0,32.0
114-9521443-9812858,2025-11-26,02:53:44,Shipped,FBM,Amazon.com,Scheduled,CUST-01036,FL,Orlando,19521,US,USD,7.92,1.37,78.98
114-9634200-4532310,2025-11-26,15:26:36,Shipped,FBA,Amazon.com,Two-Day,CUST-01207,NJ,Jersey City,13796,US,USD,0.0,0.0,121.97
114-9855180-8506629,2025-11-26,00:38:52,Shipped,FBM,Amazon.com,Standard,CUST-01236,OH,Cincinnati,27739,US,USD,4.94,0.0,82.47
114-1815567-2517597,2025-11-27,21:29:10,Canceled,FBM,Amazon.com,Standard,CUST-00328,CO,Centerville,72108,US,USD,6.61,0.0,265.27
114-1926499-2373778,2025-11-27,10:43:29,Unshipped,FBA,Amazon.com,Two-Day,CUST-01469,MA,Springfield,86997,US,USD,0.0,7.17,84.9
114-2060677-4158199,2025-11-27,16:09:35,Shipped,FBA,Amazon.com,Standard,CUST-01493,CA,Sacramento,12043,US,USD,0.0,0.0,60.96
114-2612482-8564732,2025-11-27,17:38:46,Pending,FBA,Amazon.com,Two-Day,CUST-01435,FL,Fort Lauderdale,57520,US,USD,0.0,0.0,30.93
114-3279737-8013969,2025-11-27,11:12:54,Shipped,FBA,Amazon.com,Two-Day,CUST-00114,CT,Riverside,23593,US,USD,0.0,0.0,31.54
114-3429782-5475579,2025-11-27,15:32:18,Shipped,FBA,Amazon.com,Two-Day,CUST-00689,MI,Grand Rapids,12440,US,USD,0.0,0.0,143.89
114-7106894-1890021,2025-11-27,07:42:11,Shipped,FBA,Amazon.com,Two-Day,CUST-01786,KY,Fairview,45264,US,USD,0.0,0.0,25.31
114-7816044-3421205,2025-11-27,21:50:02,Shipped,FBA,Amazon.com,Two-Day,CUST-00303,NC,Charlotte,72371,US,USD,0.0,1.26,177.35
114-8402675-6561028,2025-11-27,17:41:03,Pending,FBM,Amazon.com,Standard,CUST-00336,WV,Georgetown,24833,US,USD,4.63,0.0,74.42
114-8719584-5578043,2025-11-27,10:07:31,Canceled,FBA,Amazon.com,Two-Day,CUST-00165,TX,El Paso,28884,US,USD,0.0,0.0,17.61
114-8968236-6615719,2025-11-27,19:40:10,Shipped,FBA,Amazon.com,Two-Day,CUST-01274,MS,Fairview,94919,US,USD,0.0,0.0,42.64
114-9878202-7240771,2025-11-27,06:34:25,Shipped,FBA,Amazon.com,Two-Day,CUST-00766,PA,Allentown,87003,US,USD,0.0,0.0,42.23
114-1372804-9249629,2025-11-28,17:36:06,Shipped,FBA,Amazon.com,Two-Day,CUST-01718,NH,Riverside,15490,US,USD,0.0,0.0,61.32
114-3297217-5157706,2025-11-28,02:17:41,Shipped,FBA,Amazon.com,Two-Day,CUST-00871,TX,Austin,28775,US,USD,0.0,1.14,20.52
114-3297477-7267637,2025-11-28,09:28:35,Shipped,FBA,Amazon.com,Two-Day,CUST-00235,OH,Toledo,11276,US,USD,0.0,0.0,63.85
114-4765638-3634592,2025-11-28,03:45:23,Shipped,FBA,Amazon.com,Standard,CUST-00902,AZ,Scottsdale,75779,US,USD,0.0,4.33,30.37
114-5110017-8890502,2025-11-28,17:52:15,Shipped,FBA,Amazon.com,Standard,CUST-00553,CT,Fairview,67146,US,USD,0.0,0.0,11.7
114-5499677-2558716,2025-11-28,03:57:57,Shipped,FBA,Amazon.com,Expedited,CUST-00441,MS,Springfield,14833,US,USD,0.0,0.0,279.36
114-6370980-3378369,2025-11-28,23:51:30,Shipped,FBA,Amazon.com,Two-Day,CUST-01253,CO,Centerville,15756,US,USD,0.0,0.0,21.66
114-8305474-7998722,2025-11-28,01:24:19,Shipped,FBA,Amazon.com,Expedited,CUST-00991,CA,San Diego,17088,US,USD,0.0,0.0,34.97
114-8533031-8905860,2025-11-28,05:02:04,Shipped,FBA,Amazon.com,Two-Day,CUST-00984,DE,Centerville,44449,US,USD,0.0,0.0,40.54
114-9549183-8929160,2025-11-28,08:20:43,Shipped,FBM,Amazon.com,Expedited,CUST-00916,MO,Riverside,92517,US,USD,7.3,0.53,173.03
114-2392690-1629575,2025-11-29,19:33:14,Shipped,FBA,Amazon.com,Expedited,CUST-00816,OR,Centerville,50383,US,USD,0.0,0.0,113.07
114-3030037-3466780,2025-11-29,05:48:10,Canceled,FBA,Amazon.com,Two-Day,CUST-00050,CA,Sacramento,72957,US,USD,0.0,0.0,18.93
114-3046881-2878573,2025-11-29,16:11:30,Shipped,FBA,Amazon.com,Expedited,CUST-00586,ME,Centerville,35987,US,USD,0.0,5.35,37.97
114-3082280-6115053,2025-11-29,22:22:54,Shipped,FBM,Amazon.com,Standard,CUST-01523,IL,Naperville,68062,US,USD,5.41,0.0,74.31
114-3227060-7604903,2025-11-29,14:23:23,Shipped,FBA,Amazon.com,Standard,CUST-00015,KS,Centerville,77300,US,USD,0.0,0.0,109.99
114-4408903-6372126,2025-11-29,12:18:15,Shipped,FBA,Amazon.com,Two-Day,CUST-00381,GA,Macon,73898,US,USD,0.0,0.0,27.71
114-4665459-4156527,2025-11-29,14:20:32,Shipped,FBA,Amazon.com,Expedited,CUST-00550,TX,Austin,96214,US,USD,0.0,0.0,69.4
114-6035780-7010211,2025-11-29,21:18:19,Shipped,FBM,Amazon.com,Standard,CUST-01481,MD,Riverside,89102,US,USD,6.89,0.0,17.29
114-6042815-1190390,2025-11-29,00:26:43,Shipped,FBA,Amazon.com,Standard,CUST-01782,PA,Philadelphia,57517,US,USD,0.0,0.0,214.58
114-6688883-5191647,2025-11-29,20:44:59,Pending,FBA,Amazon.com,Two-Day,CUST-00795,MO,Fairview,27598,US,USD,0.0,0.0,85.44
114-7304758-5823825,2025-11-29,06:59:53,Shipped,FBA,Amazon.com,Two-Day,CUST-00584,MS,Fairview,46935,US,USD,0.0,0.0,322.98
114-7309417-8214397,2025-11-29,07:53:59,Shipped,FBA,Amazon.com,Expedited,CUST-00023,MO,Springfield,21497,US,USD,0.0,1.28,74.27
114-9104003-1366539,2025-11-29,20:14:25,Shipped,FBA,Amazon.com,Two-Day,CUST-01072,MI,Detroit,15921,US,USD,0.0,0.0,63.85
114-9227413-6531710,2025-11-29,03:51:50,Shipped,FBA,Amazon.com,Two-Day,CUST-01189,NM,Springfield,47728,US,USD,0.0,0.0,10.4
114-1009163-7876428,2025-11-30,08:00:57,Pending,FBA,Amazon.com,Two-Day,CUST-00008,ND,Riverside,78125,US,USD,0.0,0.0,110.91
114-1686526-8976936,2025-11-30,20:43:23,Shipped,FBA,Amazon.com,Two-Day,CUST-01250,CA,San Jose,65584,US,USD,0.0,0.0,127.42
114-1993391-8111802,2025-11-30,02:27:47,Shipped,FBA,Amazon.com,Two-Day,CUST-00587,KS,Fairview,29562,US,USD,0.0,0.0,43.13
114-4297081-1676298,2025-11-30,17:47:26,Shipped,FBA,Amazon.com,Two-Day,CUST-01091,FL,Jacksonville,81543,US,USD,0.0,0.0,49.86
114-4459323-9204714,2025-11-30,14:23:33,Shipped,FBA,Amazon.com,Standard,CUST-00711,MD,Riverside,16155,US,USD,0.0,2.95,21.74
114-4570879-4628399,2025-11-30,01:36:59,Shipped,FBM,Amazon.com,Standard,CUST-01091,FL,Jacksonville,81543,US,USD,5.62,0.0,106.26
114-6303258-5571940,2025-11-30,10:09:02,Shipped,FBA,Amazon.com,Expedited,CUST-01597,OH,Columbus,92271,US,USD,0.0,0.0,130.72
114-6707556-9024903,2025-11-30,07:47:07,Shipped,FBA,Amazon.com,Two-Day,CUST-00384,OK,Riverside,91379,US,USD,0.0,0.0,8.44
114-6936879-7143103,2025-11-30,08:22:08,Shipped,FBA,Amazon.com,Expedited,CUST-00208,WI,Riverside,23143,US,USD,0.0,0.0,182.58
114-9523217-2608578,2025-11-30,05:32:17,Canceled,FBA,Amazon.com,Standard,CUST-00821,FL,Miami,54846,US,USD,0.0,0.0,328.5
114-1162860-4597093,2025-12-01,07:32:54,Shipped,FBA,Amazon.com,Two-Day,CUST-00099,FL,Orlando,37681,US,USD,0.0,0.0,108.17
114-1307364-7097380,2025-12-01,22:03:00,Shipped,FBM,Amazon.com,Standard,CUST-00305,NJ,Jersey City,83553,US,USD,4.45,0.0,21.16
114-2472730-7652371,2025-12-01,22:32:00,Canceled,FBM,Amazon.com,Expedited,CUST-00908,MA,Cambridge,15028,US,USD,4.64,0.0,69.2
114-3142714-9920486,2025-12-01,05:29:23,Shipped,FBA,Amazon.com,Two-Day,CUST-00627,TX,San Antonio,13514,US,USD,0.0,0.0,108.79
114-3395583-8177523,2025-12-01,01:03:11,Shipped,FBM,Amazon.com,Standard,CUST-00016,PA,Erie,82869,US,USD,4.97,0.0,39.67
114-5119286-7858904,2025-12-01,11:25:05,Shipped,FBA,Amazon.com,Two-Day,CUST-00163,IA,Fairview,89503,US,USD,0.0,0.0,44.0
114-5637788-8477665,2025-12-01,22:06:06,Canceled,FBA,Amazon.com,Two-Day,CUST-01343,VA,Norfolk,94390,US,USD,0.0,0.0,248.9
114-5934337-4534275,2025-12-01,07:04:25,Shipped,FBA,Amazon.com,Standard,CUST-00607,TX,San Antonio,13784,US,USD,0.0,0.0,158.17
114-7525222-8423649,2025-12-01,10:03:47,Shipped,FBA,Amazon.com,Two-Day,CUST-00249,NC,Charlotte,96972,US,USD,0.0,0.0,80.01
114-8302818-5361690,2025-12-01,07:57:31,Shipped,FBA,Amazon.com,Two-Day,CUST-00227,WA,Tacoma,74532,US,USD,0.0,0.0,98.5
114-9875949-9041253,2025-12-01,03:15:12,Shipped,FBA,Amazon.com,Two-Day,CUST-01799,MS,Georgetown,99170,US,USD,0.0,0.0,273.39
114-2402366-1106616,2025-12-02,04:41:47,Shipped,FBA,Amazon.com,Two-Day,CUST-01548,MS,Springfield,90290,US,USD,0.0,0.0,131.24
114-4703595-8113194,2025-12-02,06:19:59,Shipped,FBA,Amazon.com,Standard,CUST-00437,NJ,Newark,35309,US,USD,0.0,0.0,66.14
114-4874298-5553056,2025-12-02,11:10:19,Shipped,FBM,Amazon.com,Standard,CUST-01483,WI,Riverside,74325,US,USD,7.87,0.0,132.4
114-5860295-1965082,2025-12-02,03:34:03,Shipped,FBM,Amazon.com,Standard,CUST-00808,MO,Centerville,84135,US,USD,4.81,0.0,144.5
114-7082623-9423783,2025-12-02,16:33:00,Shipped,FBA,Amazon.com,Expedited,CUST-00202,OR,Fairview,34775,US,USD,0.0,0.0,29.65
114-7296444-9248935,2025-12-02,19:24:30,Shipped,FBA,Amazon.com,Two-Day,CUST-00554,IN,Fairview,44754,US,USD,0.0,0.0,110.37
114-7374774-5264310,2025-12-02,06:02:20,Shipped,FBA,Amazon.com,Two-Day,CUST-00832,SC,Georgetown,14160,US,USD,0.0,5.13,164.32
114-8272164-1393776,2025-12-02,21:34:33,Shipped,FBA,Amazon.com,Expedited,CUST-00992,CA,Fresno,33082,US,USD,0.0,0.0,107.91
114-8490876-3281479,2025-12-02,10:13:34,Canceled,FBA,Amazon.com,Standard,CUST-00750,TX,Dallas,35774,US,USD,0.0,0.0,107.02
114-1071499-7849359,2025-12-03,02:09:58,Shipped,FBA,Amazon.com,Two-Day,CUST-00534,GA,Atlanta,57672,US,USD,0.0,0.0,136.04
114-1130320-4225721,2025-12-03,05:21:28,Shipped,FBA,Amazon.com,Two-Day,CUST-00913,LA,Springfield,66479,US,USD,0.0,0.0,36.89
114-1675955-6477170,2025-12-03,11:51:46,Shipped,FBA,Amazon.com,Standard,CUST-00750,TX,Dallas,35774,US,USD,0.0,0.0,298.96
114-2060560-6416279,2025-12-03,01:12:36,Shipped,FBA,Amazon.com,Standard,CUST-00689,MI,Grand Rapids,12440,US,USD,0.0,6.52,127.82
114-3474218-9012950,2025-12-03,04:58:34,Shipped,FBA,Amazon.com,Standard,CUST-00263,KY,Springfield,81197,US,USD,0.0,0.0,63.85
114-4229956-8842645,2025-12-03,05:24:55,Shipped,FBA,Amazon.com,Two-Day,CUST-00103,TX,Austin,96725,US,USD,0.0,0.0,62.82
114-6608828-7473220,2025-12-03,21:39:02,Shipped,FBM,Amazon.com,Standard,CUST-00686,IL,Chicago,51948,US,USD,5.94,0.0,31.37
114-8656707-4673644,2025-12-03,03:51:54,Shipped,FBA,Amazon.com,Standard,CUST-00250,NH,Georgetown,68306,US,USD,0.0,0.0,231.66
114-1518129-5402509,2025-12-04,00:12:35,Shipped,FBA,Amazon.com,Two-Day,CUST-00604,MS,Fairview,83825,US,USD,0.0,0.0,233.52
114-2185411-5373061,2025-12-04,05:52:36,Shipped,FBM,Amazon.com,Scheduled,CUST-00635,PA,Pittsburgh,87025,US,USD,5.7,0.0,191.7
114-2847083-1134024,2025-12-04,19:03:37,Shipped,FBM,Amazon.com,Scheduled,CUST-00134,CO,Fairview,48557,US,USD,6.22,0.0,115.72
114-4828108-7258332,2025-12-04,20:33:37,Shipped,FBM,Amazon.com,Standard,CUST-00256,AZ,Scottsdale,59592,US,USD,4.45,0.0,71.05
114-7357739-3048736,2025-12-04,10:13:21,Shipped,FBM,Amazon.com,Scheduled,CUST-00155,OH,Cincinnati,13238,US,USD,4.67,0.0,30.26
114-7640993-7200485,2025-12-04,06:21:09,Shipped,FBA,Amazon.com,Standard,CUST-00477,MN,Fairview,45043,US,USD,0.0,0.0,177.6
114-7766517-9662405,2025-12-04,17:41:45,Shipped,FBM,Amazon.com,Standard,CUST-00933,FL,Orlando,68465,US,USD,5.78,0.0,101.78
114-8926872-9877472,2025-12-04,02:36:29,Shipped,FBM,Amazon.com,Standard,CUST-00787,GA,Savannah,18652,US,USD,5.93,0.0,45.46
114-4729105-2632493,2025-12-05,17:22:30,Shipped,FBA,Amazon.com,Two-Day,CUST-00711,MD,Riverside,16155,US,USD,0.0,0.0,46.08
114-7815765-5658782,2025-12-05,13:01:47,Shipped,FBA,Amazon.com,Two-Day,CUST-00752,DC,Springfield,49252,US,USD,0.0,3.69,47.66
114-8998623-2362706,2025-12-05,19:08:06,Shipped,FBA,Amazon.com,Two-Day,CUST-00832,SC,Georgetown,14160,US,USD,0.0,0.0,31.9
114-9650043-6422015,2025-12-05,01:01:31,Shipped,FBA,Amazon.com,Expedited,CUST-00078,SC,Centerville,43029,US,USD,0.0,0.0,65.86
114-9756690-4947444,2025-12-05,13:53:29,Shipped,FBM,Amazon.com,Expedited,CUST-00051,CA,Los Angeles,50416,US,USD,6.29,0.0,55.54
114-1014942-9339038,2025-12-06,18:31:37,Shipped,FBA,Amazon.com,Two-Day,CUST-00603,AZ,Phoenix,55823,US,USD,0.0,0.0,338.46
114-1035751-2046696,2025-12-06,20:02:20,Shipped,FBA,Amazon.com,Expedited,CUST-00006,GA,Atlanta,53911,US,USD,0.0,0.0,51.35
114-2643332-5130309,2025-12-06,11:08:36,Shipped,FBA,Amazon.com,Standard,CUST-01397,NC,Durham,71782,US,USD,0.0,0.0,21.66
114-2921264-1467368,2025-12-06,00:41:52,Shipped,FBA,Amazon.com,Two-Day,CUST-00235,OH,Toledo,11276,US,USD,0.0,0.0,118.39
114-3556957-3679781,2025-12-06,02:27:38,Shipped,FBA,Amazon.com,Standard,CUST-00653,KY,Springfield,92786,US,USD,0.0,0.0,13.44
114-4201282-8292352,2025-12-06,17:43:14,Shipped,FBM,Amazon.com,Standard,CUST-01456,CA,San Diego,67718,US,USD,6.25,0.0,45.78
114-5710737-3425708,2025-12-06,08:27:41,Shipped,FBA,Amazon.com,Two-Day,CUST-00916,MO,Riverside,92517,US,USD,0.0,0.0,46.97
114-8945297-1920267,2025-12-06,03:59:19,Shipped,FBA,Amazon.com,Two-Day,CUST-00081,MD,Fairview,46291,US,USD,0.0,0.0,64.84
114-2427420-9746588,2025-12-07,15:07:43,Shipped,FBM,Amazon.com,Standard,CUST-01039,FL,Fort Lauderdale,97994,US,USD,5.19,0.0,267.31
114-4420709-5776564,2025-12-07,03:40:54,Canceled,FBA,Amazon.com,Standard,CUST-00261,SC,Springfield,74694,US,USD,0.0,0.0,240.75
114-5044925-2533751,2025-12-07,23:04:05,Shipped,FBA,Amazon.com,Two-Day,CUST-01549,SC,Springfield,22004,US,USD,0.0,0.0,62.82
114-5718238-3229028,2025-12-07,06:22:53,Shipped,FBM,Amazon.com,Scheduled,CUST-01387,OR,Riverside,34752,US,USD,4.74,0.0,13.18
114-5739585-3390200,2025-12-07,05:29:29,Shipped,FBA,Amazon.com,Two-Day,CUST-00784,CA,Fresno,31895,US,USD,0.0,0.0,104.54
114-6731063-5175772,2025-12-07,00:50:27,Shipped,FBM,Amazon.com,Standard,CUST-01702,TX,Houston,59469,US,USD,7.85,0.0,29.51
114-7001447-8382749,2025-12-07,05:53:04,Shipped,FBM,Amazon.com,Standard,CUST-00434,GA,Augusta,80074,US,USD,5.63,0.0,87.38
114-7139576-1464940,2025-12-07,09:31:12,Shipped,FBM,Amazon.com,Expedited,CUST-00841,PA,Allentown,57844,US,USD,4.75,0.0,29.89
114-8892631-7158062,2025-12-07,12:56:20,Shipped,FBA,Amazon.com,Expedited,CUST-01241,PA,Pittsburgh,20154,US,USD,0.0,0.0,43.13
114-8923401-5843313,2025-12-07,16:39:17,Shipped,FBA,Amazon.com,Two-Day,CUST-01309,CO,Centerville,37149,US,USD,0.0,0.0,107.91
114-9454062-2429792,2025-12-07,23:24:25,Shipped,FBA,Amazon.com,Two-Day,CUST-00712,GA,Augusta,20722,US,USD,0.0,4.24,65.16
114-2119802-6344672,2025-12-08,16:10:41,Shipped,FBA,Amazon.com,Expedited,CUST-01457,FL,Jacksonville,67534,US,USD,0.0,0.0,28.36
114-2465046-2955879,2025-12-08,07:06:41,Shipped,FBA,Amazon.com,Two-Day,CUST-00314,MI,Ann Arbor,24141,US,USD,0.0,0.0,228.91
114-3362879-5203233,2025-12-08,10:15:55,Shipped,FBA,Amazon.com,Two-Day,CUST-01297,CA,San Jose,35901,US,USD,0.0,0.0,109.5
114-5829884-8013146,2025-12-08,05:03:07,Shipped,FBA,Amazon.com,Two-Day,CUST-01211,WA,Tacoma,26936,US,USD,0.0,0.0,265.82
114-6483380-6074887,2025-12-08,12:38:11,Shipped,FBA,Amazon.com,Standard,CUST-00783,NY,Rochester,35185,US,USD,0.0,0.0,40.0
114-8853755-6621269,2025-12-08,04:43:23,Shipped,FBA,Amazon.com,Two-Day,CUST-01518,IN,Centerville,69285,US,USD,0.0,0.0,38.5
114-9852387-7559458,2025-12-08,21:27:31,Shipped,FBM,Amazon.com,Scheduled,CUST-00461,MI,,45349,US,USD,5.36,0.0,24.78
114-2595144-2404057,2025-12-09,00:46:53,Shipped,FBA,Amazon.com,Standard,CUST-01756,ND,Georgetown,84959,US,USD,0.0,0.0,43.7
114-2601929-5729067,2025-12-09,21:47:27,Shipped,FBA,Amazon.com,Standard,CUST-00936,NE,Springfield,28811,US,USD,0.0,0.0,34.7
114-3376812-7930451,2025-12-09,04:25:33,Shipped,FBM,Amazon.com,Standard,CUST-00949,VT,Centerville,68549,US,USD,5.09,0.0,17.32
114-3854350-7660850,2025-12-09,16:33:36,Shipped,FBA,Amazon.com,Standard,CUST-01177,TX,Austin,92920,US,USD,0.0,0.0,89.73
114-5565868-7827850,2025-12-09,23:35:55,Shipped,FBA,Amazon.com,Two-Day,CUST-01579,TX,Fort Worth,80295,US,USD,0.0,8.68,97.75
114-5681608-9273081,2025-12-09,09:33:58,Shipped,FBM,Amazon.com,Standard,CUST-01555,VA,Richmond,79540,US,USD,6.83,0.0,38.03
114-7260226-7903641,2025-12-09,13:18:54,Shipped,FBA,Amazon.com,Standard,CUST-01444,NC,Greensboro,22950,US,USD,0.0,0.0,109.59
114-7628708-4515357,2025-12-09,06:22:01,Shipped,FBA,Amazon.com,Two-Day,CUST-01692,FL,Orlando,21792,US,USD,0.0,0.0,104.16
114-8743662-7905648,2025-12-09,12:21:38,Shipped,FBA,Amazon.com,Standard,CUST-00234,MA,Worcester,82789,US,USD,0.0,2.79,29.21
114-2050358-5904907,2025-12-10,19:54:59,Shipped,FBM,Amazon.com,Standard,CUST-01595,PA,Philadelphia,15259,US,USD,7.2,3.13,35.97
114-2608514-8827322,2025-12-10,20:43:35,Shipped,FBA,Amazon.com,Two-Day,CUST-01232,FL,Jacksonville,74904,US,USD,0.0,0.0,162.0
114-2725757-1362988,2025-12-10,00:12:31,Shipped,FBA,Amazon.com,Standard,CUST-00474,NM,Fairview,16758,US,USD,0.0,0.0,52.27
114-2825233-5921118,2025-12-10,20:01:53,Shipped,FBM,Amazon.com,Standard,CUST-00292,GA,Atlanta,77844,US,USD,4.21,0.0,94.97
114-5952250-7067055,2025-12-10,03:41:35,Shipped,FBA,Amazon.com,Two-Day,CUST-01600,ND,Riverside,24770,US,USD,0.0,12.42,354.22
114-6117538-8722580,2025-12-10,18:50:09,Shipped,FBA,Amazon.com,Two-Day,CUST-00278,OR,Georgetown,60789,US,USD,0.0,0.0,27.96
114-1265074-7845108,2025-12-11,15:14:52,Canceled,FBA,Amazon.com,Two-Day,CUST-01319,TX,Fort Worth,63545,US,USD,0.0,0.0,196.06
114-2972873-8983634,2025-12-11,08:01:48,Shipped,FBA,Amazon.com,Two-Day,CUST-00784,CA,Fresno,31895,US,USD,0.0,0.0,88.7
114-3746863-2597185,2025-12-11,16:49:33,Shipped,FBA,Amazon.com,Two-Day,CUST-00482,TX,Houston,48426,US,USD,0.0,0.0,30.93
114-3970450-7972650,2025-12-11,20:19:13,Shipped,FBA,Amazon.com,Two-Day,CUST-00206,FL,Tampa,83281,US,USD,0.0,6.47,197.54
114-4180902-3495920,2025-12-11,14:10:39,Shipped,FBA,Amazon.com,Expedited,CUST-00879,AZ,Mesa,61060,US,USD,0.0,0.0,151.68
114-8272185-9677444,2025-12-11,14:05:01,Shipped,FBA,Amazon.com,Two-Day,CUST-01455,IL,Naperville,97493,US,USD,0.0,0.0,23.08
114-8308829-4386445,2025-12-11,04:40:04,Shipped,FBA,Amazon.com,Two-Day,CUST-00147,CA,Los Angeles,66165,US,USD,0.0,0.0,46.37
114-9404313-8701555,2025-12-11,09:28:34,Canceled,FBM,Amazon.com,Standard,CUST-01431,NY,Rochester,78713,US,USD,5.74,0.0,102.38
114-9991524-2806709,2025-12-11,07:04:47,Shipped,FBA,Amazon.com,Standard,CUST-00286,NY,Buffalo,84714,US,USD,0.0,0.0,74.58
114-3358096-4555937,2025-12-12,05:27:16,Shipped,FBA,Amazon.com,Expedited,CUST-00790,CO,Riverside,53522,US,USD,0.0,0.0,189.57
114-3847477-4187501,2025-12-12,13:36:00,Canceled,FBA,Amazon.com,Two-Day,CUST-01600,ND,Riverside,24770,US,USD,0.0,0.0,110.91
114-3975387-8917129,2025-12-12,05:23:50,Shipped,FBM,Amazon.com,Standard,CUST-01618,MI,Grand Rapids,52036,US,USD,7.33,5.71,78.38
114-5354387-7096313,2025-12-12,02:15:28,Shipped,FBA,Amazon.com,Two-Day,CUST-00741,ND,Georgetown,18503,US,USD,0.0,0.0,29.77
114-7055412-7851615,2025-12-12,00:36:10,Shipped,FBA,Amazon.com,Two-Day,CUST-00246,LA,Springfield,22524,US,USD,0.0,0.0,124.14
114-7947194-4702232,2025-12-12,10:49:58,Shipped,FBM,Amazon.com,Standard,CUST-00787,GA,Savannah,18652,US,USD,5.13,0.0,68.98
114-8099935-6171733,2025-12-12,08:29:27,Shipped,FBA,Amazon.com,Two-Day,CUST-00240,ND,Georgetown,32877,US,USD,0.0,0.0,116.35
114-8773056-5062815,2025-12-12,02:05:18,Shipped,FBM,Amazon.com,Expedited,CUST-00337,MA,Springfield,69098,US,USD,7.35,0.0,116.85
114-9153687-1082251,2025-12-12,12:47:37,Shipped,FBM,Amazon.com,Standard,CUST-01772,OH,Cleveland,31957,US,USD,6.86,0.0,77.3
114-9919250-4956910,2025-12-12,14:49:46,Shipped,FBA,Amazon.com,Two-Day,CUST-00640,CA,Fresno,30788,US,USD,0.0,0.0,164.34
114-1322537-5650251,2025-12-13,07:52:51,Shipped,FBA,Amazon.com,Two-Day,CUST-00792,HI,Georgetown,87000,US,USD,0.0,0.0,103.28
114-1740603-3053231,2025-12-13,01:14:41,Shipped,FBA,Amazon.com,Two-Day,CUST-01093,MD,Centerville,63773,US,USD,0.0,0.0,63.19
114-3047221-4518167,2025-12-13,16:12:33,Shipped,FBA,Amazon.com,Two-Day,CUST-01170,CA,Sacramento,64798,US,USD,0.0,0.0,82.69
114-5012422-3327157,2025-12-13,20:24:56,Shipped,FBM,Amazon.com,Standard,CUST-00256,AZ,Scottsdale,59592,US,USD,4.66,10.79,74.95
114-5200116-7874661,2025-12-13,21:37:36,Canceled,FBA,Amazon.com,Standard,CUST-00430,NJ,Paterson,44922,US,USD,0.0,0.0,70.31
114-5573497-5934437,2025-12-13,23:08:35,Shipped,FBM,Amazon.com,Standard,CUST-00424,MO,Riverside,43205,US,USD,6.03,0.0,118.57
114-5782489-2126577,2025-12-13,03:07:55,Shipped,FBM,Amazon.com,Standard,CUST-00184,FL,Miami,15230,US,USD,6.2,0.0,463.18
114-6285846-4281077,2025-12-13,07:17:30,Shipped,FBA,Amazon.com,Two-Day,CUST-01740,MN,Riverside,71952,US,USD,0.0,0.0,39.03
114-7047294-4310889,2025-12-13,10:35:15,Canceled,FBM,Amazon.com,Scheduled,CUST-01725,CA,San Francisco,63046,US,USD,7.26,0.0,198.66
114-7393753-4285543,2025-12-13,00:15:01,Shipped,FBA,Amazon.com,Expedited,CUST-00461,MI,Ann Arbor,45349,US,USD,0.0,0.0,55.92
114-7730539-1972168,2025-12-13,00:43:15,Canceled,FBM,Amazon.com,Standard,CUST-00988,AL,Fairview,18450,US,USD,7.44,0.0,96.14
114-9514216-6861302,2025-12-13,19:47:20,Shipped,FBA,Amazon.com,Standard,CUST-00280,TX,San Antonio,14099,US,USD,0.0,0.0,108.37
114-2405180-3814761,2025-12-14,18:53:24,Shipped,FBA,Amazon.com,Expedited,CUST-00851,SC,Centerville,73234,US,USD,0.0,0.0,18.37
114-7762610-1383372,2025-12-14,09:16:34,Shipped,FBA,Amazon.com,Expedited,CUST-01217,NY,New York,59526,US,USD,0.0,0.0,43.13
114-8993284-9557662,2025-12-14,20:31:19,Shipped,FBA,Amazon.com,Two-Day,CUST-00067,KS,Fairview,68079,US,USD,0.0,0.0,109.5
114-9125967-5707823,2025-12-14,07:56:16,Shipped,FBA,Amazon.com,Standard,CUST-00041,FL,Tampa,68540,US,USD,0.0,0.0,41.15
114-2116693-1918370,2025-12-15,15:14:48,Shipped,FBA,Amazon.com,Two-Day,CUST-00540,TN,Chattanooga,71082,US,USD,0.0,0.0,18.2
114-3622869-8835834,2025-12-15,02:38:39,Shipped,FBA,Amazon.com,Two-Day,CUST-00511,TX,El Paso,56659,US,USD,0.0,0.0,17.61
114-4553726-7051746,2025-12-15,08:18:49,Shipped,FBA,Amazon.com,Standard,CUST-00857,OR,Centerville,58145,US,USD,0.0,0.0,63.64
114-4948652-2740898,2025-12-15,06:50:47,Shipped,FBM,Amazon.com,Standard,CUST-01306,CA,San Francisco,25260,US,USD,6.26,0.0,37.19
114-5936237-3534174,2025-12-15,23:48:56,Shipped,FBM,Amazon.com,Standard,CUST-00274,TX,Dallas,81137,US,USD,6.42,0.0,46.96
114-6485289-2707604,2025-12-15,17:41:01,Shipped,FBM,Amazon.com,Standard,CUST-01294,CA,Los Angeles,49708,US,USD,5.08,0.0,36.01
114-8035440-5428654,2025-12-15,04:28:58,Shipped,FBA,Amazon.com,Two-Day,CUST-01512,OH,Columbus,83877,US,USD,0.0,0.0,190.75
114-8153608-9224835,2025-12-15,19:48:57,Canceled,FBA,Amazon.com,Two-Day,CUST-01657,UT,Fairview,61724,US,USD,0.0,0.0,193.72
114-8696913-9516094,2025-12-15,11:29:36,Shipped,FBA,Amazon.com,Two-Day,CUST-00179,ID,Fairview,61445,US,USD,0.0,0.0,168.61
114-8751377-2461656,2025-12-15,00:55:37,Shipped,FBA,Amazon.com,Two-Day,CUST-00969,WA,Spokane,82311,US,USD,0.0,0.0,89.87
114-9076397-3195107,2025-12-15,17:04:01,Shipped,FBA,Amazon.com,Two-Day,CUST-01330,OK,Fairview,30875,US,USD,0.0,0.0,31.9
114-2338593-5615449,2025-12-16,14:36:03,Shipped,FBM,Amazon.com,Standard,CUST-00189,TX,El Paso,40191,US,USD,4.04,0.0,64.94
114-3646009-5848175,2025-12-16,22:46:49,Shipped,FBA,Amazon.com,Two-Day,CUST-00387,CA,Sacramento,88128,US,USD,0.0,0.0,19.42
114-5509601-1916919,2025-12-16,23:39:18,Shipped,FBA,Amazon.com,Two-Day,CUST-00397,TX,El Paso,12058,US,USD,0.0,9.85,124.07
114-6193017-7942075,2025-12-16,20:43:44,Shipped,FBM,Amazon.com,Standard,CUST-00232,FL,Tampa,57962,US,USD,4.05,3.29,45.13
114-8173568-4430903,2025-12-16,16:46:18,Shipped,FBA,Amazon.com,Two-Day,CUST-01483,WI,Riverside,74325,US,USD,0.0,0.81,11.92
114-8391885-9283618,2025-12-16,21:02:13,Shipped,FBA,Amazon.com,Standard,CUST-00716,IL,Chicago,88638,US,USD,0.0,0.0,105.28
114-9009561-5574086,2025-12-16,14:48:04,Shipped,FBA,Amazon.com,Two-Day,CUST-00346,NY,Buffalo,29432,US,USD,0.0,0.0,97.29
114-9202607-5595236,2025-12-16,06:26:07,Shipped,FBA,Amazon.com,Two-Day,CUST-00929,OH,Cleveland,63522,US,USD,0.0,0.0,42.72
114-9873881-4519366,2025-12-16,08:10:30,Shipped,FBA,Amazon.com,Two-Day,CUST-00310,CA,San Jose,24585,US,USD,0.0,0.0,34.98
114-1240903-5431811,2025-12-17,06:49:52,Shipped,FBM,Amazon.com,Standard,CUST-00792,HI,Georgetown,87000,US,USD,6.7,0.0,28.06
114-1581153-4155713,2025-12-17,14:00:51,Shipped,FBA,Amazon.com,Standard,CUST-00658,AL,Fairview,38014,US,USD,0.0,0.0,103.28
114-1701296-3025651,2025-12-17,16:46:52,Shipped,FBA,Amazon.com,Two-Day,CUST-01722,MI,Ann Arbor,85634,US,USD,0.0,0.0,187.91
114-3155312-5423636,2025-12-17,22:53:49,Shipped,FBA,Amazon.com,Two-Day,CUST-01035,GA,Augusta,62206,US,USD,0.0,0.0,88.77
114-3224737-9650325,2025-12-17,21:17:49,Shipped,FBM,Amazon.com,Expedited,CUST-00237,KS,Springfield,38241,US,USD,5.9,0.0,34.26
114-3316968-3820608,2025-12-17,07:08:42,Shipped,FBA,Amazon.com,Two-Day,CUST-01666,IL,Peoria,46506,US,USD,0.0,0.0,51.35
114-4699645-4803300,2025-12-17,07:13:45,Shipped,FBM,Amazon.com,Standard,CUST-01473,TX,San Antonio,66408,US,USD,5.38,0.0,174.45
114-5175927-5422836,2025-12-17,13:52:31,Shipped,FBM,Amazon.com,Standard,CUST-01398,ND,Riverside,42636,US,USD,5.69,0.0,145.82
114-6071231-2888184,2025-12-17,17:06:24,Shipped,FBA,Amazon.com,Two-Day,CUST-00950,OK,Centerville,46500,US,USD,0.0,0.0,57.15
114-6172999-7444535,2025-12-17,21:22:08,Shipped,FBA,Amazon.com,Two-Day,CUST-00686,IL,Chicago,51948,US,USD,0.0,0.0,11.7
114-6952140-4443560,2025-12-17,01:00:02,Shipped,FBA,Amazon.com,Two-Day,CUST-00141,NV,Springfield,57013,US,USD,0.0,5.72,236.3
114-7687351-6410210,2025-12-17,00:03:24,Pending,FBA,Amazon.com,Standard,CUST-00480,MD,Centerville,21443,US,USD,0.0,0.0,19.86
114-9366796-1144522,2025-12-17,15:01:18,Canceled,FBM,Amazon.com,Standard,CUST-00931,SD,Springfield,60067,US,USD,6.09,0.0,52.82
114-1277872-7478733,2025-12-18,17:50:14,Shipped,FBA,Amazon.com,Standard,CUST-01185,MD,Georgetown,87080,US,USD,0.0,0.0,31.9
114-7752669-3970123,2025-12-18,05:12:57,Shipped,FBA,Amazon.com,Two-Day,CUST-00892,SD,Springfield,48019,US,USD,0.0,1.4,19.96
114-9209972-3933600,2025-12-18,13:40:41,Shipped,FBA,Amazon.com,Two-Day,CUST-01469,MA,Springfield,86997,US,USD,0.0,0.0,89.73
114-2732656-8898566,2025-12-19,17:02:04,Shipped,FBM,Amazon.com,Standard,CUST-00800,NV,Centerville,50824,US,USD,5.06,0.0,33.02
114-2832300-1546987,2025-12-19,17:57:45,Shipped,FBA,Amazon.com,Two-Day,CUST-00437,NJ,Newark,35309,US,USD,0.0,0.0,164.81
114-3462001-6589274,2025-12-19,22:13:11,Shipped,FBM,Amazon.com,Expedited,CUST-01644,IL,Peoria,25216,US,USD,5.57,0.0,24.99
114-4958617-2139922,2025-12-19,19:32:02,Shipped,FBM,Amazon.com,Standard,CUST-00445,NC,Durham,52498,US,USD,6.79,0.0,75.51
114-6189138-4529282,2025-12-19,15:50:11,Pending,FBA,Amazon.com,Two-Day,CUST-00290,IL,Springfield,89745,US,USD,0.0,0.0,120.66
114-6607333-2461618,2025-12-19,16:53:28,Pending,FBA,Amazon.com,Expedited,CUST-00034,MA,Boston,58967,US,USD,0.0,0.0,110.91
114-6771537-9153465,2025-12-19,20:19:28,Shipped,FBA,Amazon.com,Two-Day,CUST-01166,IL,Springfield,71693,US,USD,0.0,0.0,266.0
114-2298708-2254955,2025-12-20,19:30:00,Shipped,FBA,Amazon.com,Standard,CUST-00419,MI,Grand Rapids,78151,US,USD,0.0,0.0,104.54
114-5260211-2147253,2025-12-20,16:40:41,Shipped,FBA,Amazon.com,Standard,CUST-00400,AZ,Scottsdale,89242,US,USD,0.0,0.0,93.1
114-6700018-3401705,2025-12-20,02:31:42,Shipped,FBA,Amazon.com,Standard,CUST-00120,TX,Austin,52026,US,USD,0.0,0.0,52.27
114-6777863-6691073,2025-12-20,02:55:29,Shipped,FBA,Amazon.com,Two-Day,CUST-00905,LA,Springfield,66223,US,USD,0.0,0.0,319.92
114-8020527-7174307,2025-12-20,04:17:00,Shipped,FBM,Amazon.com,Standard,CUST-00190,IL,Naperville,87436,US,USD,4.32,3.64,57.83
114-8442935-2754121,2025-12-20,12:20:44,Unshipped,FBA,Amazon.com,Two-Day,CUST-00784,CA,Fresno,31895,US,USD,0.0,0.78,85.68
114-8663365-1501598,2025-12-20,10:13:01,Shipped,FBA,Amazon.com,Standard,CUST-01140,NY,Buffalo,47040,US,USD,0.0,0.0,41.64
114-8952220-8345974,2025-12-20,15:44:21,Shipped,FBA,Amazon.com,Two-Day,CUST-00183,CA,San Jose,40673,US,USD,0.0,0.0,9.99
114-9406943-3021852,2025-12-20,07:25:37,Shipped,FBA,Amazon.com,Two-Day,CUST-00604,MS,Fairview,83825,US,USD,0.0,0.0,155.4
114-9524370-1712300,2025-12-20,04:14:43,Shipped,FBM,Amazon.com,Standard,CUST-01356,NC,Durham,10064,US,USD,4.49,1.0,46.83
114-9693008-8547724,2025-12-20,14:44:27,Shipped,FBA,Amazon.com,Two-Day,CUST-00021,NC,Durham,32650,US,USD,0.0,0.0,21.36
114-1443165-7118277,2025-12-21,10:37:21,Shipped,FBA,Amazon.com,Two-Day,CUST-00566,CA,Los Angeles,51144,US,USD,0.0,0.0,43.32
114-2717063-9665194,2025-12-21,20:22:21,Shipped,FBM,Amazon.com,Scheduled,CUST-00483,MD,Springfield,48209,US,USD,4.41,0.0,30.0
114-3181923-2375762,2025-12-21,01:38:55,Shipped,FBA,Amazon.com,Two-Day,CUST-01446,NY,Rochester,31049,US,USD,0.0,0.0,158.12
114-5991806-8738519,2025-12-21,10:25:44,Shipped,FBM,Amazon.com,Standard,CUST-01647,GA,Macon,18773,US,USD,6.89,0.0,189.96
114-7401792-4999043,2025-12-21,16:09:18,Shipped,FBA,Amazon.com,Standard,CUST-00745,GA,Savannah,59034,US,USD,0.0,0.0,73.33
114-7589461-2830357,2025-12-21,00:13:54,Shipped,FBA,Amazon.com,Two-Day,CUST-00537,CO,Riverside,69589,US,USD,0.0,0.0,202.27
114-8530609-1012904,2025-12-21,07:44:48,Shipped,FBA,Amazon.com,Standard,CUST-00612,TX,San Antonio,25807,US,USD,0.0,0.0,48.18
114-3359292-9727843,2025-12-22,23:43:33,Shipped,FBA,Amazon.com,Two-Day,CUST-01522,MI,Lansing,16669,US,USD,0.0,0.0,43.13
114-6103120-7084611,2025-12-22,06:19:52,Shipped,FBA,Amazon.com,Expedited,CUST-00378,IL,Chicago,71039,US,USD,0.0,22.47,395.71
114-6195171-4553319,2025-12-22,15:34:27,Shipped,FBA,Amazon.com,Standard,CUST-00312,NY,New York,59362,US,USD,0.0,0.0,55.67
114-1292587-6040403,2025-12-23,14:48:50,Shipped,FBM,Amazon.com,Standard,CUST-01381,IN,Springfield,79699,US,USD,5.05,0.0,93.27
114-2951693-3775197,2025-12-23,09:08:16,Shipped,FBA,Amazon.com,Two-Day,CUST-01555,VA,Richmond,79540,US,USD,0.0,0.0,40.21
114-4740199-2287289,2025-12-23,09:45:33,Shipped,FBA,Amazon.com,Expedited,CUST-00075,CA,Fresno,39505,US,USD,0.0,0.0,32.0
114-5873004-7518117,2025-12-23,03:24:22,Shipped,FBM,Amazon.com,Standard,CUST-00298,TX,Austin,20286,US,USD,4.64,0.0,32.35
114-7479928-3041832,2025-12-23,17:18:59,Shipped,FBA,Amazon.com,Two-Day,CUST-00408,MA,Boston,47593,US,USD,0.0,0.0,43.13
114-7876130-8135215,2025-12-23,07:51:29,Shipped,FBA,Amazon.com,Two-Day,CUST-01441,NV,Springfield,41275,US,USD,0.0,0.0,22.81
114-8328570-4579252,2025-12-23,21:52:38,Shipped,FBM,Amazon.com,Expedited,CUST-01024,IN,Centerville,31116,US,USD,6.8,0.0,24.64
114-8593770-5032747,2025-12-23,03:52:42,Shipped,FBA,Amazon.com,Expedited,CUST-00803,MI,Grand Rapids,73176,US,USD,0.0,7.4,283.43
114-9116089-3239622,2025-12-23,23:40:31,Shipped,FBA,Amazon.com,Expedited,CUST-01154,OR,Riverside,27284,US,USD,0.0,0.0,29.77
114-3046517-9316170,2025-12-24,08:20:10,Shipped,FBM,Amazon.com,Expedited,CUST-01678,FL,Tampa,40980,US,USD,7.67,0.0,47.2
114-3161205-5262899,2025-12-24,21:32:56,Shipped,FBM,Amazon.com,Standard,CUST-00079,PA,Philadelphia,10963,US,USD,7.75,0.0,33.34
114-4028779-9011739,2025-12-24,18:38:41,Shipped,FBA,Amazon.com,Two-Day,CUST-00381,GA,Macon,73898,US,USD,0.0,0.0,12.84
114-5937991-3367427,2025-12-24,22:21:57,Shipped,FBM,Amazon.com,Standard,CUST-00234,MA,Worcester,82789,US,USD,4.7,0.0,109.24
114-6811532-8385086,2025-12-24,18:21:51,Shipped,FBA,Amazon.com,Two-Day,CUST-00373,WA,Spokane,30643,US,USD,0.0,0.0,23.08
114-7320713-5696796,2025-12-24,02:29:34,Shipped,FBA,Amazon.com,Two-Day,CUST-00938,OH,Columbus,27324,US,USD,0.0,0.0,166.78
114-7830962-6745242,2025-12-24,07:58:00,Shipped,FBA,Amazon.com,Two-Day,CUST-00406,WV,Fairview,47907,US,USD,0.0,0.0,21.36
114-9465634-6753714,2025-12-24,00:30:10,Shipped,FBA,Amazon.com,Two-Day,CUST-01232,FL,Jacksonville,74904,US,USD,0.0,0.0,185.17
114-9579549-4235507,2025-12-24,20:09:46,Pending,FBA,Amazon.com,Standard,CUST-00693,ND,Springfield,73201,US,USD,0.0,0.0,60.07
114-9903384-9782753,2025-12-24,11:36:37,Shipped,FBA,Amazon.com,Standard,CUST-00229,KY,Georgetown,14268,US,USD,0.0,0.0,138.8
114-1004833-4433037,2025-12-25,22:45:39,Shipped,FBA,Amazon.com,Two-Day,CUST-01755,WA,Seattle,63390,US,USD,0.0,0.0,51.35
114-1187425-2141894,2025-12-25,11:49:44,Shipped,FBM,Amazon.com,Expedited,CUST-01544,AZ,Phoenix,97323,US,USD,5.86,0.0,371.99
114-3480382-3975201,2025-12-25,23:31:17,Shipped,FBA,Amazon.com,Two-Day,CUST-00545,AZ,Tucson,76412,US,USD,0.0,0.0,162.42
114-5545511-9277581,2025-12-25,00:44:53,Canceled,FBA,Amazon.com,Two-Day,CUST-01657,UT,Fairview,61724,US,USD,0.0,0.0,52.27
114-6406072-7534867,2025-12-25,23:17:10,Shipped,FBA,Amazon.com,Two-Day,CUST-00622,NV,Fairview,86966,US,USD,0.0,0.0,178.51
114-9983616-8035682,2025-12-25,09:29:49,Shipped,FBM,Amazon.com,Standard,CUST-00882,AZ,Mesa,42651,US,USD,4.72,0.0,47.85
114-1170355-8003344,2025-12-26,15:19:57,Shipped,FBA,Amazon.com,Standard,CUST-00147,CA,Los Angeles,66165,US,USD,0.0,0.0,25.59
114-1486122-7019864,2025-12-26,23:54:35,Shipped,FBA,Amazon.com,Standard,CUST-00996,MN,Riverside,20198,US,USD,0.0,0.0,107.91
114-1638146-4093346,2025-12-26,13:28:53,Shipped,FBM,Amazon.com,Expedited,CUST-01592,TX,El Paso,83096,US,USD,7.99,0.0,130.73
114-2495826-5833943,2025-12-26,12:22:26,Shipped,FBA,Amazon.com,Two-Day,CUST-00179,ID,Fairview,61445,US,USD,0.0,0.0,65.89
114-4080253-9389382,2025-12-26,02:34:10,Shipped,FBA,Amazon.com,Standard,CUST-00081,MD,Fairview,46291,US,USD,0.0,2.39,29.61
114-4414013-9287266,2025-12-26,11:11:01,Shipped,FBM,Amazon.com,Standard,CUST-00177,FL,Miami,76476,US,USD,7.13,7.12,93.87
114-5852075-2673399,2025-12-26,02:44:25,Shipped,FBA,Amazon.com,Standard,CUST-01405,FL,Jacksonville,18693,US,USD,0.0,0.0,40.21
114-7159620-5881017,2025-12-26,00:50:21,Shipped,FBA,Amazon.com,Expedited,CUST-01192,AK,Centerville,13378,US,USD,0.0,0.0,101.34
114-2996833-5026126,2025-12-27,07:30:34,Shipped,FBA,Amazon.com,Two-Day,CUST-00709,SD,Georgetown,69497,US,USD,0.0,0.0,129.57
114-3908207-6407448,2025-12-27,23:28:47,Shipped,FBA,Amazon.com,Expedited,CUST-00707,MD,Riverside,18526,US,USD,0.0,1.93,78.85
114-4908064-8836178,2025-12-27,04:26:34,Shipped,FBA,Amazon.com,Standard,CUST-00047,ID,Georgetown,66911,US,USD,0.0,0.0,326.17
114-7441237-3818423,2025-12-27,12:51:55,Unshipped,FBA,Amazon.com,Standard,CUST-01310,GA,Augusta,22733,US,USD,0.0,0.0,75.52
114-8245345-6119689,2025-12-27,09:25:01,Shipped,FBM,Amazon.com,Standard,CUST-01097,MS,Fairview,95181,US,USD,6.7,2.11,192.71
114-8745331-4468608,2025-12-27,21:02:59,Shipped,FBM,Amazon.com,Scheduled,CUST-00871,TX,Austin,28775,US,USD,6.93,0.0,58.28
114-8979708-7283936,2025-12-27,12:10:00,Shipped,FBM,Amazon.com,Expedited,CUST-01165,OH,Toledo,47104,US,USD,7.04,4.7,104.55
114-9086174-1320427,2025-12-27,14:25:11,Shipped,FBA,Amazon.com,Two-Day,CUST-01418,KS,Centerville,94186,US,USD,0.0,0.0,285.52
114-9523800-5026266,2025-12-27,10:58:15,Shipped,FBA,Amazon.com,Two-Day,CUST-00710,NC,Durham,63330,US,USD,0.0,0.0,46.8
114-1566326-5768827,2025-12-28,20:53:34,Shipped,FBA,Amazon.com,Two-Day,CUST-00261,SC,Springfield,74694,US,USD,0.0,0.0,51.35
114-2017387-1157537,2025-12-28,13:47:53,Shipped,FBA,Amazon.com,Two-Day,CUST-01034,IL,Chicago,77024,US,USD,0.0,0.0,226.71
114-4506027-7542320,2025-12-28,07:36:03,Shipped,FBA,Amazon.com,Two-Day,CUST-01397,NC,Durham,71782,US,USD,0.0,0.0,122.61
114-4964635-4910709,2025-12-28,17:16:12,Shipped,FBA,Amazon.com,Two-Day,CUST-01787,TX,Houston,72518,US,USD,0.0,4.13,29.29
114-5442642-5947606,2025-12-28,04:28:41,Shipped,FBA,Amazon.com,Two-Day,CUST-01009,MI,Lansing,94523,US,USD,0.0,0.0,20.29
114-5871820-8506606,2025-12-28,00:34:14,Shipped,FBA,Amazon.com,Two-Day,CUST-01280,AZ,Phoenix,50537,US,USD,0.0,0.0,89.73
114-6037384-4920511,2025-12-28,05:08:49,Shipped,FBA,Amazon.com,Two-Day,CUST-00725,VA,Richmond,29321,US,USD,0.0,0.0,127.73
114-8014407-3606044,2025-12-28,03:51:45,Shipped,FBA,Amazon.com,Two-Day,CUST-01735,PA,Allentown,97301,US,USD,0.0,0.0,93.14
114-8268397-1863863,2025-12-28,22:59:28,Shipped,FBA,Amazon.com,Two-Day,CUST-00453,TX,Fort Worth,76524,US,USD,0.0,0.0,63.85
114-8863923-6641575,2025-12-28,02:38:11,Pending,FBA,Amazon.com,Standard,CUST-00623,KY,Riverside,37665,US,USD,0.0,0.0,19.47
114-9060755-6614760,2025-12-28,15:07:07,Shipped,FBA,Amazon.com,Two-Day,CUST-00236,NJ,Paterson,49326,US,USD,0.0,0.0,130.93
114-9556458-1500734,2025-12-28,21:17:30,Unshipped,FBM,Amazon.com,Standard,CUST-00876,OR,Springfield,22838,US,USD,7.75,0.0,233.85
114-2771823-6335820,2025-12-29,11:34:55,Shipped,FBA,Amazon.com,Two-Day,CUST-01584,TX,Austin,46169,US,USD,0.0,0.0,54.55
114-3875528-9522547,2025-12-29,21:56:57,Canceled,FBA,Amazon.com,Two-Day,CUST-00162,MD,Springfield,86756,US,USD,0.0,0.0,110.91
114-4034862-7525831,2025-12-29,05:29:23,Shipped,FBA,Amazon.com,Two-Day,CUST-01799,MS,Georgetown,99170,US,USD,0.0,0.0,95.83
114-4769831-6584798,2025-12-29,10:49:59,Shipped,FBA,Amazon.com,Standard,CUST-00897,WV,Riverside,96066,US,USD,0.0,0.0,42.47
114-6473120-1453966,2025-12-29,14:09:22,Shipped,FBA,Amazon.com,Standard,CUST-01328,NY,Buffalo,48401,US,USD,0.0,0.0,136.93
114-9595138-2250064,2025-12-29,01:05:53,Shipped,FBM,Amazon.com,Standard,CUST-00469,KY,Fairview,48769,US,USD,5.91,0.0,25.16
114-9754653-3301434,2025-12-29,05:45:31,Shipped,FBM,Amazon.com,Standard,CUST-00328,CO,Centerville,72108,US,USD,6.65,0.0,17.33
114-4679897-2428587,2025-12-30,01:37:25,Shipped,FBA,Amazon.com,Two-Day,CUST-01762,ME,Georgetown,95996,US,USD,0.0,0.0,109.5
114-6371339-6458188,2025-12-30,00:09:18,Shipped,FBA,Amazon.com,Two-Day,CUST-00081,MD,Fairview,46291,US,USD,0.0,0.0,20.29
114-6763353-6378128,2025-12-30,07:46:19,Shipped,FBA,Amazon.com,Two-Day,CUST-00257,CA,Fresno,99737,US,USD,0.0,0.0,83.77
114-6878395-8895262,2025-12-30,20:21:57,Shipped,FBA,Amazon.com,Two-Day,CUST-00372,CA,San Diego,35237,US,USD,0.0,0.0,108.32
114-7433210-3595219,2025-12-30,04:37:36,Pending,FBM,Amazon.com,Standard,CUST-00469,KY,Fairview,48769,US,USD,6.16,0.0,31.75
114-2580636-6228650,2025-12-31,23:46:57,Shipped,FBA,Amazon.com,Two-Day,CUST-00147,CA,,66165,US,USD,0.0,0.0,73.72
114-2962397-7140046,2025-12-31,16:49:29,Shipped,FBM,Amazon.com,Standard,CUST-00860,DC,Springfield,52628,US,USD,5.11,0.0,18.37
114-3416225-5077123,2025-12-31,12:12:26,Pending,FBA,Amazon.com,Standard,CUST-00774,IL,Chicago,70577,US,USD,0.0,7.92,67.12
114-3416225-5077123,2025-12-31,12:12:26,Pending,FBA,Amazon.com,Standard,CUST-00774,IL,Chicago,70577,US,USD,0.0,7.92,67.12
114-3429177-8956852,2025-12-31,14:31:45,Shipped,FBA,Amazon.com,Two-Day,CUST-01056,MI,Grand Rapids,87401,US,USD,0.0,3.38,91.31
114-3540061-5091546,2025-12-31,03:44:55,Shipped,FBM,Amazon.com,Expedited,CUST-01422,IL,Chicago,79881,US,USD,4.5,0.0,29.93
114-3691965-6250306,2025-12-31,20:32:10,Pending,FBA,Amazon.com,Standard,CUST-01398,ND,Riverside,42636,US,USD,0.0,0.0,167.01
114-4017976-1717148,2025-12-31,01:02:17,Shipped,FBA,Amazon.com,Two-Day,CUST-00953,OH,Cleveland,60413,US,USD,0.0,0.0,85.51
114-4058469-3133795,2025-12-31,20:37:07,Shipped,FBM,Amazon.com,Standard,CUST-00865,IA,Fairview,57652,US,USD,7.03,3.92,156.69
114-4190596-4606435,2025-12-31,13:12:45,Shipped,FBA,Amazon.com,Two-Day,CUST-00699,CA,San Diego,64154,US,USD,0.0,0.0,109.1
114-4869513-6635841,2025-12-31,13:25:10,Shipped,FBA,Amazon.com,Two-Day,CUST-00162,MD,Springfield,86756,US,USD,0.0,0.0,162.56
114-5120700-5260747,2025-12-31,23:10:59,Shipped,FBA,Amazon.com,Standard,CUST-00325,PA,Pittsburgh,34632,US,USD,0.0,0.0,154.46
114-6690813-9474196,2025-12-31,15:40:03,Unshipped,FBA,Amazon.com,Two-Day,CUST-01535,NE,Centerville,29593,US,USD,0.0,4.74,121.52
114-9370278-4133563,2025-12-31,10:46:02,Shipped,FBM,Amazon.com,Standard,CUST-00761,OH,Cincinnati,22221,US,USD,4.48,0.0,27.29
114-1986368-8920000,2026-01-01,08:22:11,Shipped,FBA,Amazon.com,Two-Day,CUST-01039,FL,Fort Lauderdale,97994,US,USD,0.0,0.0,76.29
114-2743849-6695201,2026-01-01,21:18:50,Shipped,FBA,Amazon.com,Two-Day,CUST-01104,UT,Centerville,96266,US,USD,0.0,0.0,54.16
114-5101807-7945699,2026-01-01,06:11:27,Shipped,FBA,Amazon.com,Two-Day,CUST-00198,FL,Fort Lauderdale,25403,US,USD,0.0,0.0,167.23
114-5690344-3539706,2026-01-01,18:47:53,Shipped,FBA,Amazon.com,Two-Day,CUST-00644,NC,Charlotte,90028,US,USD,0.0,0.0,140.6
114-5856173-4676189,2026-01-01,08:40:59,Shipped,FBA,Amazon.com,Two-Day,CUST-00196,IL,Peoria,60523,US,USD,0.0,0.0,136.02
114-6056432-3854505,2026-01-01,02:03:46,Shipped,FBA,Amazon.com,Two-Day,CUST-01608,TX,El Paso,58866,US,USD,0.0,0.0,120.63
114-8661818-4754074,2026-01-01,03:56:48,shipped,FBA,Amazon.com,Standard,CUST-01363,PA,Allentown,30498,US,USD,0.0,0.0,21.32
114-9318849-5710426,2026-01-01,19:08:29,Shipped,FBA,Amazon.com,Two-Day,CUST-01030,MO,Georgetown,62421,US,USD,0.0,0.0,31.9
114-2506890-4498457,2026-01-02,20:49:58,Shipped,FBA,Amazon.com,Two-Day,CUST-01145,SC,Riverside,78287,US,USD,0.0,0.0,83.42
114-4038768-5848198,2026-01-02,06:21:06,Shipped,FBA,Amazon.com,Standard,CUST-00471,CA,San Francisco,34241,US,USD,0.0,0.0,29.77
114-5160331-2794212,2026-01-02,10:15:42,Shipped,FBA,Amazon.com,Two-Day,CUST-00956,OH,Cleveland,82286,US,USD,0.0,0.0,51.35
114-5812635-2718148,2026-01-02,07:26:41,Shipped,FBA,Amazon.com,Standard,CUST-01158,CA,Fresno,82955,US,USD,0.0,13.65,171.82
114-5988191-3468560,2026-01-02,12:19:15,Shipped,FBA,Amazon.com,Two-Day,CUST-00099,FL,Orlando,37681,US,USD,0.0,0.0,39.53
114-1490346-5107786,2026-01-03,03:17:34,Shipped,FBA,Amazon.com,Standard,CUST-00006,GA,Atlanta,53911,US,USD,0.0,0.0,21.32
114-3021509-4183083,2026-01-03,11:26:48,Shipped,FBM,Amazon.com,Standard,CUST-00021,NC,Durham,32650,US,USD,7.34,0.0,86.4
114-4299102-5185220,2026-01-03,09:18:00,Shipped,FBA,Amazon.com,Standard,CUST-00332,GA,Atlanta,78242,US,USD,0.0,0.0,103.75
114-9147493-4323521,2026-01-04,16:31:45,Shipped,FBA,Amazon.com,Expedited,CUST-00825,CO,Riverside,57344,US,USD,0.0,0.0,109.7
114-4089229-3997051,2026-01-05,01:57:24,Shipped,FBA,Amazon.com,Two-Day,CUST-00643,TX,Houston,16608,US,USD,0.0,0.0,128.0
114-8371931-3278433,2026-01-05,00:15:29,Shipped,FBM,Amazon.com,Standard,CUST-00876,OR,Springfield,22838,US,USD,5.58,0.0,54.83
114-3161123-7760303,2026-01-06,03:16:45,Shipped,FBA,Amazon.com,Two-Day,CUST-00247,NM,Georgetown,20911,US,USD,0.0,0.0,79.44
114-4041827-5439090,2026-01-06,05:44:08,Shipped,FBA,Amazon.com,Standard,CUST-01023,HI,Centerville,19643,US,USD,0.0,0.0,91.66
114-9037659-1668135,2026-01-06,21:48:13,Unshipped,FBA,Amazon.com,Two-Day,CUST-01125,CT,Georgetown,20242,US,USD,0.0,0.0,90.94
114-9159497-5204411,2026-01-06,21:53:14,Shipped,FBA,Amazon.com,Standard,CUST-01370,LA,Fairview,24003,US,USD,0.0,0.0,53.52
114-9718036-4873487,2026-01-06,01:00:34,Shipped,FBA,Amazon.com,Standard,CUST-01254,SC,Centerville,89632,US,USD,0.0,0.0,159.08
114-2964069-2555745,2026-01-07,11:52:37,Shipped,FBM,Amazon.com,Standard,CUST-01608,TX,El Paso,58866,US,USD,7.42,0.0,111.17
114-3235755-4528807,2026-01-07,12:59:51,Shipped,FBA,Amazon.com,Standard,CUST-01378,MD,Riverside,25622,US,USD,0.0,0.0,108.32
114-4507628-4315927,2026-01-07,20:48:56,Shipped,FBA,Amazon.com,Two-Day,CUST-00357,IL,Naperville,46913,US,USD,0.0,0.0,52.27
114-7343227-8947611,2026-01-07,22:53:07,Shipped,FBM,Amazon.com,Standard,CUST-00142,TX,Fort Worth,60972,US,USD,6.1,0.0,69.95
114-7412093-1153033,2026-01-07,00:13:21,Shipped,FBM,Amazon.com,Standard,CUST-00372,CA,San Diego,35237,US,USD,6.35,0.0,67.15
114-7830376-2606578,2026-01-07,06:42:37,Shipped,FBA,Amazon.com,Two-Day,CUST-00631,TX,El Paso,85846,US,USD,0.0,0.0,139.91
114-9332170-5771981,2026-01-07,12:49:43,Shipped,FBA,Amazon.com,Standard,CUST-00737,WI,Springfield,25531,US,USD,0.0,4.86,129.07
114-9627892-7872944,2026-01-07,18:23:52,Shipped,FBM,Amazon.com,Standard,CUST-00215,NY,Syracuse,36255,US,USD,6.47,0.0,29.28
114-3711379-7541014,2026-01-08,13:25:14,Shipped,FBA,Amazon.com,Two-Day,CUST-00193,CO,Fairview,21239,US,USD,0.0,0.0,89.99
114-5818172-2137299,2026-01-08,04:29:28,Shipped,FBA,Amazon.com,Two-Day,CUST-01037,OH,Cincinnati,11428,US,USD,0.0,0.0,40.54
114-8792960-2176937,2026-01-08,06:48:57,Shipped,FBM,Amazon.com,Standard,CUST-01251,AZ,Tucson,67944,US,USD,5.17,0.0,155.07
114-1489484-8964456,2026-01-09,11:33:14,Canceled,FBA,Amazon.com,Two-Day,CUST-00247,NM,Georgetown,20911,US,USD,0.0,7.53,183.21
114-3362438-4245755,2026-01-09,19:53:59,Shipped,FBA,Amazon.com,Two-Day,CUST-00171,PA,Erie,53365,US,USD,0.0,0.0,126.83
114-4050694-2533493,2026-01-09,21:23:55,Shipped,FBA,Amazon.com,Standard,CUST-01408,AK,Georgetown,35727,US,USD,0.0,0.0,54.16
114-4173163-5369272,2026-01-09,17:53:40,Unshipped,FBA,Amazon.com,Two-Day,CUST-01398,ND,Riverside,42636,US,USD,0.0,0.0,27.71
114-6394569-8205785,2026-01-09,19:26:32,Shipped,FBA,Amazon.com,Standard,CUST-00121,SD,Centerville,62858,US,USD,0.0,0.0,77.62
114-6629344-7907522,2026-01-09,00:11:16,Shipped,FBA,Amazon.com,Two-Day,CUST-00766,PA,Allentown,87003,US,USD,0.0,0.0,29.77
114-6748566-3967621,2026-01-09,15:29:29,Shipped,FBA,Amazon.com,Two-Day,CUST-00723,FL,Tampa,65182,US,USD,0.0,3.33,77.44
114-8809645-3022387,2026-01-09,09:33:22,Shipped,FBA,Amazon.com,Two-Day,CUST-00532,NC,Greensboro,33500,US,USD,0.0,0.0,78.81
114-9258239-2073579,2026-01-09,07:00:18,Canceled,FBA,Amazon.com,Two-Day,CUST-01619,IL,Springfield,48331,US,USD,0.0,0.0,30.81
114-3392010-4483223,2026-01-10,03:40:40,Shipped,FBA,Amazon.com,Standard,CUST-00346,NY,Buffalo,29432,US,USD,0.0,0.0,68.26
114-3595166-7860195,2026-01-10,20:52:34,Shipped,FBA,Amazon.com,Two-Day,CUST-01036,FL,Orlando,19521,US,USD,0.0,0.0,215.82
114-3953395-5170552,2026-01-10,06:19:14,Shipped,FBA,Amazon.com,Standard,CUST-00389,UT,Springfield,21866,US,USD,0.0,0.0,88.73
114-4370929-2333079,2026-01-10,18:14:14,Shipped,FBA,Amazon.com,Two-Day,CUST-01033,LA,Centerville,66270,US,USD,0.0,0.0,19.47
114-9008084-7938327,2026-01-10,18:50:29,Canceled,FBM,Amazon.com,Standard,CUST-00259,TX,Fort Worth,74486,US,USD,4.19,0.0,94.76
114-1247327-9491229,2026-01-11,10:41:27,Shipped,FBA,Amazon.com,Two-Day,CUST-01732,CT,Centerville,20863,US,USD,0.0,0.0,19.47
114-3302637-6791413,2026-01-11,17:03:53,Shipped,FBA,Amazon.com,Two-Day,CUST-01148,OH,Toledo,74927,US,USD,0.0,0.0,49.52
114-4783905-2217062,2026-01-11,21:11:02,Shipped,FBA,Amazon.com,Two-Day,CUST-01368,CT,Riverside,37342,US,USD,0.0,0.0,157.58
114-9422774-9924096,2026-01-11,23:33:43,Unshipped,FBM,Amazon.com,Standard,CUST-00154,NC,Charlotte,99463,US,USD,5.99,0.0,90.67
114-9510750-3019619,2026-01-11,02:25:54,Shipped,FBA,Amazon.com,Two-Day,CUST-01462,WA,Tacoma,94536,US,USD,0.0,0.0,52.27
114-4522233-7701498,2026-01-12,04:34:22,Shipped,FBA,Amazon.com,Standard,CUST-00448,NC,Durham,30677,US,USD,0.0,0.0,52.27
114-6985046-5755257,2026-01-12,02:32:42,Shipped,FBA,Amazon.com,Expedited,CUST-01619,IL,Springfield,48331,US,USD,0.0,0.0,69.29
114-8941725-7825855,2026-01-12,05:10:01,Shipped,FBM,Amazon.com,Standard,CUST-00357,IL,Naperville,46913,US,USD,5.26,3.62,28.52
114-5144669-4426857,2026-01-13,11:38:52,Shipped,FBA,Amazon.com,Two-Day,CUST-01535,NE,Centerville,29593,US,USD,0.0,0.0,21.66
114-5659571-2238771,2026-01-13,11:46:46,Shipped,FBA,Amazon.com,Standard,CUST-00260,CA,Los Angeles,46977,US,USD,0.0,0.0,34.7
114-5770534-5124760,2026-01-13,14:29:13,Shipped,FBA,Amazon.com,Two-Day,CUST-00865,IA,Fairview,57652,US,USD,0.0,0.0,10.68
114-6919817-6641554,2026-01-13,06:34:45,Shipped,FBA,Amazon.com,Two-Day,CUST-00027,OR,Fairview,86544,US,USD,0.0,0.0,64.56
114-7384324-2565036,2026-01-13,21:05:40,Pending,FBA,Amazon.com,Standard,CUST-00221,NJ,Jersey City,51383,US,USD,0.0,0.0,147.16
114-8304569-1132170,2026-01-13,21:26:30,Shipped,FBA,Amazon.com,Two-Day,CUST-01125,CT,Georgetown,20242,US,USD,0.0,0.0,69.4
114-5656364-4712037,2026-01-14,17:56:04,Canceled,FBA,Amazon.com,Standard,CUST-00015,KS,Centerville,77300,US,USD,0.0,0.0,12.23
114-6439664-4237620,2026-01-14,01:14:52,Shipped,FBM,Amazon.com,Scheduled,CUST-00629,MI,Grand Rapids,68361,US,USD,7.08,0.0,116.58
114-7451094-5485779,2026-01-14,05:21:22,Shipped,FBM,Amazon.com,Standard,CUST-00090,VA,Virginia Beach,29762,US,USD,6.09,0.0,26.81
114-8025219-5859840,2026-01-14,20:35:04,Shipped,FBM,Amazon.com,Scheduled,CUST-00259,TX,Fort Worth,74486,US,USD,4.86,0.0,34.63
114-8904748-8196818,2026-01-14,01:04:02,Shipped,FBA,Amazon.com,Two-Day,CUST-00429,SC,Fairview,68442,US,USD,0.0,0.0,104.75
114-9249489-6108132,2026-01-14,08:51:21,Canceled,FBA,Amazon.com,Standard,CUST-00501,AL,Georgetown,88372,US,USD,0.0,0.0,31.54
114-1450071-9625375,2026-01-15,10:59:28,Shipped,FBA,Amazon.com,Two-Day,CUST-00514,OH,Cleveland,77917,US,USD,0.0,0.0,34.22
114-1822483-7591382,2026-01-15,21:05:10,Shipped,FBA,Amazon.com,Two-Day,CUST-00342,FL,Jacksonville,47851,US,USD,0.0,0.0,12.23
114-6592366-9386469,2026-01-15,22:55:28,Shipped,FBM,Amazon.com,Standard,CUST-01041,CT,Springfield,26265,US,USD,7.46,0.0,36.72
114-9178706-4660723,2026-01-15,03:04:28,Shipped,FBA,Amazon.com,Standard,CUST-00174,FL,Jacksonville,46264,US,USD,0.0,0.84,10.86
114-3343430-4466761,2026-01-16,05:47:59,Shipped,FBA,Amazon.com,Standard,CUST-01311,CA,Fresno,89864,US,USD,0.0,0.0,29.93
114-3533751-7539332,2026-01-16,09:00:16,Shipped,FBM,Amazon.com,Expedited,CUST-00253,OH,Cleveland,55073,US,USD,6.29,0.0,115.79
114-5502839-3049189,2026-01-16,00:03:59,Shipped,FBA,Amazon.com,Expedited,CUST-00363,NH,Springfield,54453,US,USD,0.0,0.0,54.16
114-5862224-7903981,2026-01-16,07:55:36,Shipped,FBA,Amazon.com,Two-Day,CUST-01650,NY,Syracuse,64166,US,USD,0.0,0.0,129.36
114-1227408-5583707,2026-01-17,20:39:29,Unshipped,FBA,Amazon.com,Two-Day,CUST-01051,OH,Toledo,25715,US,USD,0.0,0.0,10.68
114-5610319-7843405,2026-01-17,00:41:29,Shipped,FBA,Amazon.com,Standard,CUST-00984,DE,Centerville,44449,US,USD,0.0,0.0,129.74
114-5896725-3180839,2026-01-17,01:44:41,Shipped,FBA,Amazon.com,Standard,CUST-01729,ME,Centerville,66645,US,USD,0.0,0.0,138.65
114-8127471-1383773,2026-01-17,19:41:47,Shipped,FBA,Amazon.com,Two-Day,CUST-00935,UT,Fairview,12758,US,USD,0.0,0.0,56.4
114-8295556-6055858,2026-01-17,03:36:53,Shipped,FBM,Amazon.com,Standard,CUST-01185,MD,Georgetown,87080,US,USD,5.97,0.0,31.4
114-2003356-7275509,2026-01-18,03:28:57,Shipped,FBA,Amazon.com,Two-Day,CUST-00748,NJ,Jersey City,44815,US,USD,0.0,0.0,51.35
114-2332825-8503822,2026-01-18,11:59:44,Shipped,FBA,Amazon.com,Expedited,CUST-00158,CA,San Francisco,23621,US,USD,0.0,0.0,311.25
114-3972390-7742191,2026-01-18,17:57:51,Shipped,FBA,Amazon.com,Two-Day,CUST-01731,DC,Riverside,47547,US,USD,0.0,0.0,89.73
114-6253744-4751453,2026-01-18,11:59:48,Shipped,FBM,Amazon.com,Scheduled,CUST-00607,TX,San Antonio,13784,US,USD,4.9,0.0,56.68
114-8298194-9511008,2026-01-18,22:33:01,Shipped,FBA,Amazon.com,Expedited,CUST-00041,FL,Tampa,68540,US,USD,0.0,0.0,20.72
114-8588965-4282567,2026-01-18,08:28:43,Shipped,FBM,Amazon.com,Standard,CUST-01755,WA,Seattle,63390,US,USD,6.16,0.0,236.13
114-8724331-3303276,2026-01-18,21:31:05,Shipped,FBA,Amazon.com,Expedited,CUST-01435,FL,Fort Lauderdale,57520,US,USD,0.0,0.0,97.14
114-9060164-5080366,2026-01-18,20:06:51,Shipped,FBA,Amazon.com,Two-Day,CUST-00713,CT,Springfield,42765,US,USD,0.0,0.0,109.5
114-5328672-3800451,2026-01-19,12:21:36,Shipped,FBA,Amazon.com,Two-Day,CUST-01639,CA,Sacramento,68252,US,USD,0.0,0.0,81.06
114-6319447-7426678,2026-01-19,09:35:28,Pending,FBA,Amazon.com,Standard,CUST-00404,NE,Springfield,99662,US,USD,0.0,1.31,64.39
114-9793825-3671185,2026-01-19,00:18:45,Shipped,FBA,Amazon.com,Two-Day,CUST-01178,FL,Miami,64870,US,USD,0.0,0.0,13.44
114-2299240-7984488,2026-01-20,09:57:00,Shipped,FBA,Amazon.com,Two-Day,CUST-01505,OH,Cleveland,37581,US,USD,0.0,0.0,138.0
114-2392808-5153273,2026-01-20,02:49:58,Pending,FBA,Amazon.com,Two-Day,CUST-00871,TX,Austin,28775,US,USD,0.0,0.0,165.34
114-3363734-2184525,2026-01-20,07:26:41,Shipped,FBA,Amazon.com,Expedited,CUST-01355,MA,Cambridge,24617,US,USD,0.0,0.0,109.1
114-5630385-2057140,2026-01-20,19:55:13,Shipped,FBM,Amazon.com,Standard,CUST-01782,PA,Philadelphia,57517,US,USD,7.05,0.0,58.4
114-7817082-6960712,2026-01-20,12:18:00,Unshipped,FBM,Amazon.com,Standard,CUST-01762,ME,Georgetown,95996,US,USD,6.19,0.0,114.1
114-4741384-7548922,2026-01-21,10:07:10,Shipped,FBM,Amazon.com,Standard,CUST-01455,IL,Naperville,97493,US,USD,6.74,0.0,34.45
114-5613705-9923353,2026-01-21,15:42:59,Pending,FBA,Amazon.com,Standard,CUST-01738,TN,Memphis,18512,US,USD,0.0,0.0,54.16
114-9438922-3537243,2026-01-21,01:17:52,Shipped,FBM,Amazon.com,Expedited,CUST-01782,PA,Philadelphia,57517,US,USD,6.65,0.0,47.19
114-2706522-4918671,2026-01-22,01:43:44,Shipped,FBA,Amazon.com,Two-Day,CUST-01219,KY,Georgetown,29902,US,USD,0.0,11.5,167.51
114-5059623-3890762,2026-01-22,18:03:45,Shipped,FBA,Amazon.com,Two-Day,CUST-00557,MO,Georgetown,51071,US,USD,0.0,1.92,407.22
114-5594995-7276341,2026-01-22,08:53:32,Shipped,FBM,Amazon.com,Standard,CUST-01250,CA,San Jose,65584,US,USD,7.74,0.0,16.18
114-5945200-4777774,2026-01-22,20:05:44,Shipped,FBA,Amazon.com,Two-Day,CUST-00453,TX,Fort Worth,76524,US,USD,0.0,0.0,338.1
114-2321338-6780009,2026-01-23,02:02:58,Canceled,FBA,Amazon.com,Two-Day,CUST-00388,AZ,Phoenix,88415,US,USD,0.0,2.88,43.52
114-3350701-1293499,2026-01-23,07:09:39,Shipped,FBA,Amazon.com,Two-Day,CUST-01519,OH,Cleveland,79459,US,USD,0.0,0.0,195.1
114-3439262-8753918,2026-01-23,07:15:53,Shipped,FBA,Amazon.com,Two-Day,CUST-01451,TX,El Paso,83463,US,USD,0.0,0.0,262.19
114-5468992-6137510,2026-01-23,02:06:41,Canceled,FBA,Amazon.com,Two-Day,CUST-00986,KS,Springfield,39235,US,USD,0.0,3.19,67.51
114-8390876-4695351,2026-01-23,07:44:15,Shipped,FBA,Amazon.com,Two-Day,CUST-00219,CT,Fairview,68034,US,USD,0.0,0.0,20.72
114-2659290-8828832,2026-01-24,01:46:32,Shipped,FBA,Amazon.com,Two-Day,CUST-01283,NY,New York,72566,US,USD,0.0,0.0,145.16
114-7946545-8409312,2026-01-24,21:00:42,Canceled,FBA,Amazon.com,Standard,CUST-01751,AL,Fairview,54952,US,USD,0.0,0.0,20.72
114-1331934-7812566,2026-01-25,17:33:06,Shipped,FBM,Amazon.com,Standard,CUST-00010,UT,Riverside,41034,US,USD,5.53,0.0,62.68
114-1336009-4292858,2026-01-25,16:11:34,Shipped,FBA,Amazon.com,Two-Day,CUST-00236,NJ,Paterson,49326,US,USD,0.0,0.0,318.91
114-1774125-8191536,2026-01-25,14:30:40,Pending,FBA,Amazon.com,Two-Day,CUST-01263,NV,Springfield,21870,US,USD,0.0,15.73,147.32
114-2775920-1524851,2026-01-26,12:06:44,Shipped,FBA,Amazon.com,Two-Day,CUST-00308,MO,Centerville,91681,US,USD,0.0,3.99,115.53
114-3101658-3836512,2026-01-26,10:33:49,Canceled,FBA,Amazon.com,Expedited,CUST-00257,CA,Fresno,99737,US,USD,0.0,0.0,32.0
114-3931114-6900644,2026-01-26,06:23:34,Shipped,FBA,Amazon.com,Two-Day,CUST-01138,TN,Nashville,41217,US,USD,0.0,0.0,68.26
114-4099282-9662882,2026-01-26,11:16:40,Shipped,FBA,Amazon.com,Standard,CUST-00259,TX,Fort Worth,74486,US,USD,0.0,0.0,23.4
114-5211213-5904273,2026-01-26,05:19:44,Shipped,FBA,Amazon.com,Expedited,CUST-01007,KY,Georgetown,14277,US,USD,0.0,0.0,143.08
114-5416539-9674029,2026-01-26,11:50:01,Shipped,FBM,Amazon.com,Standard,CUST-00452,CA,Los Angeles,83100,US,USD,5.56,0.0,24.93
114-5495195-2134464,2026-01-26,22:35:05,Shipped,FBA,Amazon.com,Two-Day,CUST-00810,OH,Cleveland,72616,US,USD,0.0,0.0,13.44
114-7109313-6202649,2026-01-26,22:35:54,Shipped,FBA,Amazon.com,Two-Day,CUST-01314,FL,Fort Lauderdale,20303,US,USD,0.0,4.58,71.09
114-1915045-4874059,2026-01-27,14:29:11,Pending,FBA,Amazon.com,Two-Day,CUST-01258,NY,Rochester,98079,US,USD,0.0,0.0,40.54
114-8210450-3103391,2026-01-27,22:29:50,Shipped,FBM,Amazon.com,Standard,CUST-00497,IA,Centerville,35486,US,USD,7.44,0.0,50.11
114-2449367-9265367,2026-01-28,16:54:18,Shipped,FBA,Amazon.com,Standard,CUST-00320,GA,Savannah,64700,US,USD,0.0,0.0,127.33
114-3358141-9286770,2026-01-28,08:07:24,Pending,FBM,Amazon.com,Standard,CUST-00041,FL,Tampa,68540,US,USD,6.2,0.0,19.82
114-4301912-2286876,2026-01-28,02:28:28,Shipped,FBA,Amazon.com,Expedited,CUST-01105,NC,Raleigh,32383,US,USD,0.0,0.0,110.45
114-7038155-9940552,2026-01-28,16:28:39,Shipped,FBA,Amazon.com,Two-Day,CUST-01711,IL,Springfield,56500,US,USD,0.0,0.0,235.21
114-8234120-5541617,2026-01-28,20:31:58,Canceled,FBM,Amazon.com,Standard,CUST-00081,MD,Fairview,46291,US,USD,6.36,2.73,24.35
114-8953202-2488175,2026-01-28,22:45:38,Shipped,FBA,Amazon.com,Two-Day,CUST-01481,MD,Riverside,89102,US,USD,0.0,0.0,149.01
114-3623644-9336158,2026-01-29,23:14:41,Pending,FBA,Amazon.com,Two-Day,CUST-00049,PA,Erie,30131,US,USD,0.0,0.0,164.38
114-5147923-3712287,2026-01-29,13:18:20,Shipped,FBA,Amazon.com,Standard,CUST-00778,NV,Riverside,48554,US,USD,0.0,0.0,132.65
114-7244360-9629101,2026-01-29,10:07:29,Shipped,FBA,Amazon.com,Two-Day,CUST-01436,IA,Springfield,93631,US,USD,0.0,1.99,72.95
114-6103567-2189550,2026-01-30,09:51:20,Shipped,FBA,Amazon.com,Two-Day,CUST-01614,CA,San Jose,72805,US,USD,0.0,0.0,38.74
114-6544571-9284288,2026-01-30,23:41:58,Shipped,FBA,Amazon.com,Standard,CUST-01683,TX,San Antonio,60393,US,USD,0.0,0.0,17.84
114-7445481-2612275,2026-01-30,08:26:01,Shipped,FBA,Amazon.com,Standard,CUST-00342,FL,Jacksonville,47851,US,USD,0.0,0.0,281.09
114-9762763-9368046,2026-01-30,04:38:40,Shipped,FBA,Amazon.com,Standard,CUST-00880,CT,Georgetown,62776,US,USD,0.0,0.0,204.4
114-2253315-6957849,2026-01-31,07:43:20,Shipped,FBA,Amazon.com,Two-Day,CUST-01293,CT,Georgetown,60330,US,USD,0.0,0.0,32.0
114-2379079-5310479,2026-01-31,19:24:59,Shipped,FBM,Amazon.com,Standard,CUST-00250,NH,Georgetown,68306,US,USD,4.01,0.0,33.78
114-2389365-9491800,2026-01-31,23:15:23,Shipped,FBM,Amazon.com,Standard,CUST-00381,GA,Macon,73898,US,USD,7.16,0.0,186.62
114-5671382-5789180,2026-01-31,06:39:42,Canceled,FBA,Amazon.com,Standard,CUST-01343,VA,Norfolk,94390,US,USD,0.0,0.0,10.68
114-6721470-8789481,2026-01-31,06:58:57,Shipped,FBA,Amazon.com,Two-Day,CUST-00903,LA,Springfield,26531,US,USD,0.0,8.96,66.97
114-6923259-7103770,2026-01-31,16:38:01,Shipped,FBM,Amazon.com,Standard,CUST-00645,KS,Springfield,31895,US,USD,7.71,0.0,79.23
114-8302025-7715181,2026-01-31,09:33:28,Shipped,FBA,Amazon.com,Two-Day,CUST-01764,LA,Fairview,64470,US,USD,0.0,0.0,80.8
114-9071594-4961440,2026-01-31,19:26:34,Shipped,FBA,Amazon.com,Two-Day,CUST-00596,PA,Philadelphia,86085,US,USD,0.0,0.0,21.36
114-9591642-7653240,2026-01-31,22:58:57,Shipped,FBA,Amazon.com,Two-Day,CUST-00424,MO,Riverside,43205,US,USD,0.0,0.0,17.84
114-9646777-5850391,2026-01-31,13:54:42,Unshipped,FBA,Amazon.com,Expedited,CUST-00290,IL,Springfield,89745,US,USD,0.0,0.0,89.73
114-2056423-2797161,2026-02-01,16:00:09,Shipped,FBA,Amazon.com,Two-Day,CUST-00874,OK,Springfield,45405,US,USD,0.0,0.0,50.81
114-3167069-5179658,2026-02-01,20:30:46,Canceled,FBA,Amazon.com,Two-Day,CUST-00012,CA,Los Angeles,30369,US,USD,0.0,0.0,21.66
114-4151255-4383722,2026-02-01,10:32:34,Shipped,FBA,Amazon.com,Two-Day,CUST-01611,TX,Fort Worth,45800,US,USD,0.0,0.0,263.62
114-5583487-8484573,2026-02-01,13:22:44,Shipped,FBA,Amazon.com,Standard,CUST-00596,PA,Philadelphia,86085,US,USD,0.0,0.0,124.65
114-7572601-4110995,2026-02-01,16:56:59,Shipped,FBA,Amazon.com,Standard,CUST-00559,VA,Arlington,45118,US,USD,0.0,0.0,109.99
114-1074924-8331938,2026-02-02,01:24:17,Shipped,FBA,Amazon.com,Two-Day,CUST-01120,FL,Orlando,36370,US,USD,0.0,0.0,114.92
114-2355962-4894835,2026-02-02,04:54:05,Shipped,FBA,Amazon.com,Two-Day,CUST-00669,TX,El Paso,77264,US,USD,0.0,3.59,193.28
114-6208860-1944260,2026-02-02,21:38:58,Shipped,FBA,Amazon.com,Standard,CUST-01571,OH,Toledo,18273,US,USD,0.0,0.0,60.89
114-8280914-2449729,2026-02-02,19:08:32,Shipped,FBA,Amazon.com,Standard,CUST-00922,AZ,Scottsdale,99744,US,USD,0.0,0.0,18.37
114-4128751-5146229,2026-02-03,12:03:03,Shipped,FBM,Amazon.com,Standard,CUST-01579,TX,Fort Worth,80295,US,USD,5.6,0.0,133.85
114-5648789-6118318,2026-02-03,08:21:46,Shipped,FBA,Amazon.com,Standard,CUST-00647,MS,Springfield,36462,US,USD,0.0,0.0,69.3
114-6481165-8115760,2026-02-03,16:05:08,Shipped,FBA,Amazon.com,Two-Day,CUST-01109,ID,Centerville,70076,US,USD,0.0,0.0,72.21
114-7616222-6256890,2026-02-03,10:09:03,Shipped,FBA,Amazon.com,Two-Day,CUST-01276,TN,Chattanooga,41927,US,USD,0.0,0.0,84.68
114-5961162-6918058,2026-02-04,04:01:50,Pending,FBA,Amazon.com,Standard,CUST-00727,CA,San Francisco,55064,US,USD,0.0,0.0,82.92
114-8022144-6118532,2026-02-04,22:37:41,Pending,FBA,Amazon.com,Two-Day,CUST-01546,CA,Los Angeles,11264,US,USD,0.0,0.0,80.42
114-1583544-5735019,2026-02-05,22:33:30,Shipped,FBA,Amazon.com,Two-Day,CUST-01057,VA,Arlington,95890,US,USD,0.0,0.0,40.21
114-3233245-2953385,2026-02-05,18:29:55,Shipped,FBA,Amazon.com,Two-Day,CUST-00139,NV,Georgetown,23955,US,USD,0.0,0.0,27.24
114-3807896-7867650,2026-02-05,05:48:09,Shipped,FBM,Amazon.com,Standard,CUST-00586,ME,Centerville,35987,US,USD,4.29,0.0,94.02
114-7509604-6617119,2026-02-05,20:57:43,Shipped,FBA,Amazon.com,Two-Day,CUST-00830,LA,Centerville,90293,US,USD,0.0,0.0,101.43
114-4317113-9758437,2026-02-06,18:35:23,Shipped,FBA,Amazon.com,Standard,CUST-01383,NC,Greensboro,19571,US,USD,0.0,0.0,29.77
114-6549843-8268205,2026-02-06,02:49:09,Shipped,FBA,Amazon.com,Expedited,CUST-00217,ND,Centerville,85354,US,USD,0.0,0.0,25.59
114-8779870-7160656,2026-02-06,04:22:56,Shipped,FBA,Amazon.com,Standard,CUST-00348,CA,San Jose,90096,US,USD,0.0,0.0,136.52
114-9775696-7563559,2026-02-06,02:36:15,Shipped,FBM,Amazon.com,Standard,CUST-00950,OK,Centerville,46500,US,USD,4.72,0.0,17.56
114-1272505-4867069,2026-02-07,08:26:12,Shipped,FBM,Amazon.com,Standard,CUST-01345,NJ,Jersey City,50541,US,USD,5.11,0.0,94.84
114-2228310-3579324,2026-02-07,18:57:58,Shipped,FBA,Amazon.com,Two-Day,CUST-00939,CA,Los Angeles,23938,US,USD,0.0,0.0,11.7
114-2603126-1046916,2026-02-07,12:49:11,Shipped,FBA,Amazon.com,Two-Day,CUST-00502,FL,Miami,87421,US,USD,0.0,0.0,191.0
114-2974207-7616496,2026-02-07,14:54:01,Shipped,FBA,Amazon.com,Two-Day,CUST-01235,AZ,Tucson,90478,US,USD,0.0,15.33,207.96
114-2996942-9640862,2026-02-07,19:05:56,Shipped,FBA,Amazon.com,Expedited,CUST-00216,LA,Georgetown,86406,US,USD,0.0,0.0,49.74
114-3031888-4869297,2026-02-07,06:23:39,Shipped,FBA,Amazon.com,Two-Day,CUST-01145,SC,Riverside,78287,US,USD,0.0,9.66,93.51
114-3901128-3268011,2026-02-07,09:31:49,Shipped,FBA,Amazon.com,Standard,CUST-01531,TN,Knoxville,42688,US,USD,0.0,0.0,97.77
114-3962746-5139326,2026-02-07,17:41:44,Shipped,FBA,Amazon.com,Two-Day,CUST-00009,ID,Springfield,76247,US,USD,0.0,0.0,103.03
114-4144256-3991642,2026-02-07,00:00:42,Shipped,FBA,Amazon.com,Two-Day,CUST-01233,CT,Centerville,11213,US,USD,0.0,0.0,13.62
114-6513362-2559402,2026-02-07,15:44:08,Shipped,FBA,Amazon.com,Two-Day,CUST-00786,WA,Tacoma,52384,US,USD,0.0,0.0,20.72
114-7555625-4272030,2026-02-07,03:03:14,Shipped,FBM,Amazon.com,Standard,CUST-01363,PA,Allentown,30498,US,USD,7.01,0.0,106.71
114-7594085-3145093,2026-02-07,03:14:36,Shipped,FBM,Amazon.com,Expedited,CUST-00890,ND,Riverside,32913,US,USD,7.91,0.0,20.14
114-7631385-4124302,2026-02-07,14:16:25,Shipped,FBA,Amazon.com,Standard,CUST-00983,GA,Augusta,77171,US,USD,0.0,0.0,19.86
114-2796285-5132505,2026-02-08,00:47:18,Shipped,FBA,Amazon.com,Two-Day,CUST-00514,OH,Cleveland,77917,US,USD,0.0,5.17,37.3
114-4664320-3289931,2026-02-08,02:03:56,Shipped,FBM,Amazon.com,Standard,CUST-01027,NY,New York,77894,US,USD,7.13,4.13,31.36
114-4823549-3440745,2026-02-08,22:03:18,Shipped,FBA,Amazon.com,Two-Day,CUST-01320,FL,Miami,97062,US,USD,0.0,0.0,69.4
114-9295063-9257653,2026-02-08,04:39:59,Shipped,FBA,Amazon.com,Two-Day,CUST-00585,GA,Savannah,12717,US,USD,0.0,12.17,226.05
114-3672181-2426741,2026-02-09,09:32:39,Shipped,FBA,Amazon.com,Two-Day,CUST-00260,CA,Los Angeles,46977,US,USD,0.0,0.0,25.59
114-4946323-8213549,2026-02-09,23:38:45,Shipped,FBA,Amazon.com,Two-Day,CUST-00753,IL,Chicago,71866,US,USD,0.0,0.0,216.62
114-5880139-7039002,2026-02-09,15:32:36,Shipped,FBA,Amazon.com,Two-Day,CUST-01008,KS,Centerville,25007,US,USD,0.0,0.0,53.44
114-9405347-5798292,2026-02-09,21:24:43,Shipped,FBA,Amazon.com,Two-Day,CUST-01287,WA,Seattle,39057,US,USD,0.0,1.46,81.11
114-8503142-3887414,2026-02-10,19:44:41,Shipped,FBA,Amazon.com,Two-Day,CUST-01427,ME,Centerville,28389,US,USD,0.0,0.0,102.62
114-1633485-1491507,2026-02-11,00:57:28,Shipped,FBM,Amazon.com,Standard,CUST-01592,TX,El Paso,83096,US,USD,4.31,0.0,24.6
114-2258473-6292845,2026-02-11,05:03:29,Unshipped,FBA,Amazon.com,Standard,CUST-00913,LA,Springfield,66479,US,USD,0.0,0.0,102.7
114-3883538-7736540,2026-02-11,06:43:53,Shipped,FBM,Amazon.com,Standard,CUST-01501,NY,Rochester,80288,US,USD,4.44,0.0,159.08
114-5336203-1232800,2026-02-11,11:21:15,Shipped,FBA,Amazon.com,Two-Day,CUST-00626,CO,Centerville,49669,US,USD,0.0,0.0,19.86
114-5778306-4896669,2026-02-11,19:33:21,Shipped,FBA,Amazon.com,Two-Day,CUST-00908,MA,Cambridge,15028,US,USD,0.0,0.0,83.22
114-8038964-3640148,2026-02-11,20:32:28,Shipped,FBA,Amazon.com,Standard,CUST-01691,NY,Syracuse,88525,US,USD,0.0,0.0,48.26
114-8302196-8025902,2026-02-11,13:04:16,Shipped,FBA,Amazon.com,Expedited,CUST-01281,TX,Houston,96325,US,USD,0.0,0.0,108.79
114-9645532-8187046,2026-02-11,03:03:53,Shipped,FBA,Amazon.com,Standard,CUST-00688,MA,Boston,45296,US,USD,0.0,5.76,88.91
114-4073568-4851280,2026-02-12,02:57:30,Shipped,FBA,Amazon.com,Expedited,CUST-01030,MO,Georgetown,62421,US,USD,0.0,0.0,28.36
114-4868835-9312337,2026-02-12,06:51:01,Shipped,FBA,Amazon.com,Two-Day,CUST-00573,ND,Fairview,50392,US,USD,0.0,0.0,147.62
114-9934588-2212391,2026-02-12,02:15:42,Unshipped,FBA,Amazon.com,Two-Day,CUST-00643,TX,Houston,16608,US,USD,0.0,0.0,95.39
114-1961549-6413720,2026-02-13,10:29:34,Pending,FBA,Amazon.com,Two-Day,CUST-00055,CT,Georgetown,17993,US,USD,0.0,0.0,23.36
114-2197005-1145719,2026-02-13,04:46:07,Pending,FBA,Amazon.com,Two-Day,CUST-01355,MA,Cambridge,24617,US,USD,0.0,0.0,87.25
114-3731154-3295958,2026-02-13,14:34:28,Shipped,FBM,Amazon.com,Standard,CUST-00719,IN,Springfield,48655,US,USD,7.64,0.0,49.08
114-5599239-2654136,2026-02-13,05:47:46,Pending,FBA,Amazon.com,Two-Day,CUST-01281,TX,Houston,96325,US,USD,0.0,0.0,83.42
114-6207468-6053520,2026-02-13,22:03:30,Shipped,FBM,Amazon.com,Standard,CUST-00232,FL,Tampa,57962,US,USD,5.04,0.0,80.71
114-7739854-5727298,2026-02-13,05:04:12,Shipped,FBM,Amazon.com,Standard,CUST-01463,UT,Centerville,91108,US,USD,5.23,0.0,135.34
114-3018458-8964761,2026-02-14,19:46:43,Shipped,FBA,Amazon.com,Two-Day,CUST-00072,SC,Centerville,93284,US,USD,0.0,0.0,29.77
114-3781529-9923107,2026-02-14,00:13:33,Shipped,FBA,Amazon.com,Two-Day,CUST-01060,TX,Austin,34514,US,USD,0.0,0.0,55.36
114-6307613-5575695,2026-02-14,10:20:12,Shipped,FBM,Amazon.com,Expedited,CUST-00731,NY,Albany,36911,US,USD,6.5,1.74,65.72
114-6498821-3719729,2026-02-14,01:28:00,Shipped,FBA,Amazon.com,Standard,CUST-00592,OH,Toledo,27459,US,USD,0.0,0.0,69.29
114-6677939-3351301,2026-02-14,02:05:26,Shipped,FBM,Amazon.com,Standard,CUST-01539,NY,New York,45761,US,USD,7.65,0.0,59.0
114-2469071-8002686,2026-02-15,16:47:40,Shipped,FBA,Amazon.com,Standard,CUST-01219,KY,Georgetown,29902,US,USD,0.0,0.0,83.42
114-4804948-8429684,2026-02-15,19:01:47,Shipped,FBA,Amazon.com,Two-Day,CUST-00607,TX,San Antonio,13784,US,USD,0.0,0.0,72.21
114-5099412-7132699,2026-02-15,19:36:45,Shipped,FBM,Amazon.com,Standard,CUST-00548,ID,Fairview,63992,US,USD,6.67,0.0,58.94
114-6842088-7765712,2026-02-15,00:55:49,Shipped,FBM,Amazon.com,Expedited,CUST-01247,SC,Georgetown,20249,US,USD,6.14,0.0,45.86
114-4648331-2179945,2026-02-16,05:15:03,Canceled,FBA,Amazon.com,Standard,CUST-00890,ND,Riverside,32913,US,USD,0.0,0.0,39.72
114-8310391-7116762,2026-02-16,06:00:50,Shipped,FBA,Amazon.com,Standard,CUST-01619,IL,Springfield,48331,US,USD,0.0,0.0,91.8
114-9190839-6527255,2026-02-16,15:17:29,Shipped,FBM,Amazon.com,Standard,CUST-01536,RI,Fairview,20888,US,USD,6.85,10.62,77.29
114-9977294-9219617,2026-02-16,12:36:20,Shipped,FBA,Amazon.com,Two-Day,CUST-00181,OH,Cleveland,77388,US,USD,0.0,0.0,192.95
114-1139027-7159872,2026-02-17,16:02:16,Shipped,FBA,Amazon.com,Standard,CUST-00676,MI,Detroit,91889,US,USD,0.0,0.0,30.93
114-1347254-6076534,2026-02-17,11:08:05,Shipped,FBA,Amazon.com,Standard,CUST-00403,MN,Centerville,77757,US,USD,0.0,2.2,151.67
114-2343722-3679963,2026-02-17,14:47:58,Shipped,FBA,Amazon.com,Two-Day,CUST-00803,MI,Grand Rapids,73176,US,USD,0.0,0.0,24.13
114-5465564-1667776,2026-02-17,14:06:33,Shipped,FBA,Amazon.com,Two-Day,CUST-00048,TX,Fort Worth,80795,US,USD,0.0,0.0,63.85
114-6190669-2088575,2026-02-17,13:05:07,Shipped,FBA,Amazon.com,Two-Day,CUST-01425,AK,Centerville,71342,US,USD,0.0,0.0,356.34
114-6440832-5248289,2026-02-17,20:29:21,Canceled,FBA,Amazon.com,Standard,CUST-00638,IA,Centerville,26920,US,USD,0.0,0.0,21.66
114-6968141-9704181,2026-02-17,18:02:11,Shipped,FBA,Amazon.com,Two-Day,CUST-00879,AZ,Mesa,61060,US,USD,0.0,0.0,298.78
114-7898158-2174433,2026-02-17,21:52:39,Shipped,FBA,Amazon.com,Two-Day,CUST-00225,NY,Syracuse,56665,US,USD,0.0,0.0,68.42
114-1656409-9190921,2026-02-18,03:53:53,Shipped,FBA,Amazon.com,Two-Day,CUST-00623,KY,Riverside,37665,US,USD,0.0,0.0,54.55
114-2317595-6859640,2026-02-18,10:56:39,Shipped,FBA,Amazon.com,Standard,CUST-01068,IL,Chicago,34258,US,USD,0.0,0.0,8.44
114-5326084-2732776,2026-02-18,16:08:02,Shipped,FBA,Amazon.com,Two-Day,CUST-01614,CA,San Jose,72805,US,USD,0.0,0.0,28.36
114-6442067-6902088,2026-02-18,16:18:50,Shipped,FBA,Amazon.com,Two-Day,CUST-01772,OH,Cleveland,31957,US,USD,0.0,5.91,124.14
114-1355257-8499717,2026-02-19,13:48:51,Shipped,FBA,Amazon.com,Two-Day,CUST-01282,NE,Riverside,67219,US,USD,0.0,0.0,57.15
114-3342380-1455008,2026-02-19,02:05:39,Shipped,FBA,Amazon.com,Standard,CUST-01563,LA,Fairview,59998,US,USD,0.0,0.0,19.86
114-3853054-3790097,2026-02-19,05:53:52,Shipped,FBA,Amazon.com,Standard,CUST-01102,TX,Houston,72094,US,USD,0.0,9.63,342.64
114-4192759-3654177,2026-02-19,07:39:32,Shipped,FBA,Amazon.com,Standard,CUST-00017,NY,New York,11567,US,USD,0.0,0.0,23.4
114-4749702-1307382,2026-02-19,05:07:49,Shipped,FBA,Amazon.com,Standard,CUST-01732,CT,Centerville,20863,US,USD,0.0,5.44,362.02
114-8346920-8555354,2026-02-19,13:32:18,Pending,FBA,Amazon.com,Two-Day,CUST-00466,NY,Buffalo,85196,US,USD,0.0,0.0,8.44
114-2063628-9603843,2026-02-20,10:58:20,Shipped,FBM,Amazon.com,Scheduled,CUST-00619,VA,Virginia Beach,77294,US,USD,7.09,0.0,34.33
114-5018838-3479259,2026-02-20,06:53:15,Shipped,FBA,Amazon.com,Two-Day,CUST-00437,NJ,Newark,35309,US,USD,0.0,0.0,19.37
114-7380578-8578270,2026-02-20,09:31:20,Shipped,FBA,Amazon.com,Two-Day,CUST-00190,IL,Naperville,87436,US,USD,0.0,1.93,29.61
114-7551085-6304041,2026-02-20,10:00:56,Shipped,FBA,Amazon.com,Expedited,CUST-01516,PA,Pittsburgh,58244,US,USD,0.0,0.0,133.71
114-7683435-6281812,2026-02-20,15:33:00,Pending,FBM,Amazon.com,Standard,CUST-01696,OK,Centerville,32010,US,USD,5.02,0.0,18.46
114-7813283-2733469,2026-02-20,15:24:16,Shipped,FBA,Amazon.com,Expedited,CUST-01698,FL,Orlando,30017,US,USD,0.0,0.0,225.38
114-7969139-7121073,2026-02-20,02:50:39,Shipped,FBA,Amazon.com,Standard,CUST-01138,TN,Nashville,41217,US,USD,0.0,0.0,208.53
114-3554635-4944272,2026-02-21,17:50:46,Canceled,FBA,Amazon.com,Two-Day,CUST-00679,OR,Georgetown,21161,US,USD,0.0,0.0,62.09
114-5093153-5407300,2026-02-21,12:08:46,Shipped,FBA,Amazon.com,Two-Day,CUST-00511,TX,El Paso,56659,US,USD,0.0,0.0,81.16
114-4329896-7109128,2026-02-22,05:29:28,Shipped,FBA,Amazon.com,Two-Day,CUST-00758,WI,Centerville,80464,US,USD,0.0,0.0,64.56
114-4414674-5471496,2026-02-22,10:55:24,Shipped,FBM,Amazon.com,Standard,CUST-01105,NC,Raleigh,32383,US,USD,7.49,0.0,93.75
114-5931124-5705191,2026-02-22,11:10:09,Shipped,FBA,Amazon.com,Standard,CUST-01625,RI,Fairview,74117,US,USD,0.0,0.0,57.43
114-7114714-4037459,2026-02-22,03:43:12,Shipped,FBA,Amazon.com,Standard,CUST-01545,AR,Riverside,19753,US,USD,0.0,0.0,19.47
114-8347263-4923595,2026-02-22,15:50:44,Shipped,FBA,Amazon.com,Standard,CUST-01334,NV,Georgetown,92479,US,USD,0.0,0.0,128.27
114-8897756-5674305,2026-02-22,12:23:37,Shipped,FBA,Amazon.com,Two-Day,CUST-00711,MD,Riverside,16155,US,USD,0.0,0.0,101.43
114-1223625-5247531,2026-02-23,08:02:51,Shipped,FBA,Amazon.com,Standard,CUST-01634,IL,Chicago,65404,US,USD,0.0,0.0,11.88
114-1367938-3777860,2026-02-23,06:44:18,Shipped,FBA,Amazon.com,Expedited,CUST-01158,CA,Fresno,82955,US,USD,0.0,0.0,72.21
114-2557710-1974641,2026-02-23,23:20:05,Shipped,FBM,Amazon.com,Expedited,CUST-01012,GA,Augusta,53920,US,USD,4.01,0.0,119.33
114-4622993-2126904,2026-02-23,09:55:03,Canceled,FBA,Amazon.com,Two-Day,CUST-00481,ID,Riverside,46168,US,USD,0.0,0.0,98.5
114-8943593-1920483,2026-02-23,11:16:12,Shipped,FBA,Amazon.com,Two-Day,CUST-00626,CO,Centerville,49669,US,USD,0.0,0.0,22.81
114-9376023-6708160,2026-02-23,03:23:16,Shipped,FBA,Amazon.com,Two-Day,CUST-00763,CA,Fresno,78733,US,USD,0.0,0.0,24.13
114-6915978-3595598,2026-02-24,08:36:43,Canceled,FBA,Amazon.com,Two-Day,CUST-00309,CA,San Diego,21247,US,USD,0.0,5.35,196.92
114-9379755-6160775,2026-02-24,05:08:13,Shipped,FBA,Amazon.com,Two-Day,CUST-00154,NC,Charlotte,99463,US,USD,0.0,0.0,98.86
114-3942290-6852737,2026-02-25,21:20:43,Shipped,FBM,Amazon.com,Scheduled,CUST-00623,KY,Riverside,37665,US,USD,7.07,0.0,26.54
114-5449047-4328751,2026-02-25,14:52:11,Shipped,FBA,Amazon.com,Standard,CUST-00295,TX,Dallas,58114,US,USD,0.0,0.0,74.06
114-5885714-2537230,2026-02-25,21:53:50,Unshipped,FBA,Amazon.com,Expedited,CUST-00693,ND,Springfield,73201,US,USD,0.0,0.0,71.66
114-7670013-9192268,2026-02-25,20:49:25,Shipped,FBM,Amazon.com,Standard,CUST-00754,WY,Riverside,72185,US,USD,7.87,0.0,21.31
114-8450060-2037197,2026-02-25,08:37:06,Shipped,FBA,Amazon.com,Standard,CUST-00325,PA,Pittsburgh,34632,US,USD,0.0,0.0,43.13
114-8457880-6554087,2026-02-25,05:14:52,Unshipped,FBA,Amazon.com,Standard,CUST-01010,LA,Georgetown,47172,US,USD,0.0,0.0,95.65
114-9240861-6915225,2026-02-25,21:28:21,Shipped,FBA,Amazon.com,Two-Day,CUST-00337,MA,Springfield,69098,US,USD,0.0,0.0,52.03
114-1630875-3841611,2026-02-26,04:57:05,Shipped,FBA,Amazon.com,Two-Day,CUST-00579,IL,Springfield,76366,US,USD,0.0,0.0,42.34
114-2876945-9321129,2026-02-26,20:25:00,Shipped,FBA,Amazon.com,Two-Day,CUST-00253,OH,Cleveland,55073,US,USD,0.0,0.0,273.41
114-5159284-2516488,2026-02-26,17:33:30,Shipped,FBA,Amazon.com,Standard,CUST-00250,NH,Georgetown,68306,US,USD,0.0,16.06,131.56
114-7998094-9318398,2026-02-26,16:28:13,Shipped,FBA,Amazon.com,Standard,CUST-01007,KY,Georgetown,14277,US,USD,0.0,0.0,49.25
114-8680694-6052938,2026-02-26,16:03:13,Shipped,FBA,Amazon.com,Two-Day,CUST-01091,FL,Jacksonville,81543,US,USD,0.0,0.9,10.8
114-9693792-8766989,2026-02-26,14:40:49,Shipped,FBA,Amazon.com,Two-Day,CUST-01148,OH,Toledo,74927,US,USD,0.0,0.0,97.52
114-4960862-5583118,2026-02-27,14:16:21,Shipped,FBA,Amazon.com,Two-Day,CUST-01237,SC,Riverside,71668,US,USD,0.0,0.0,137.01
114-5549606-5230329,2026-02-27,01:32:42,Shipped,FBM,Amazon.com,Scheduled,CUST-01219,KY,Georgetown,29902,US,USD,5.29,0.0,80.77
114-6879519-7769150,2026-02-27,16:48:05,Shipped,FBA,Amazon.com,Standard,CUST-01448,KS,Fairview,50086,US,USD,0.0,0.0,13.44
114-8244779-3582508,2026-02-27,13:06:05,Shipped,FBA,Amazon.com,Standard,CUST-01524,FL,Fort Lauderdale,30428,US,USD,0.0,0.0,107.91
114-4441027-5410643,2026-02-28,12:24:51,Shipped,FBA,Amazon.com,Standard,CUST-00856,NY,Albany,97914,US,USD,0.0,0.0,119.82
114-5886670-1710798,2026-02-28,11:24:28,Shipped,FBM,Amazon.com,Standard,CUST-00266,VT,Riverside,92465,US,USD,7.98,0.0,36.34
114-6367049-6882175,2026-02-28,13:51:35,Shipped,FBA,Amazon.com,Standard,CUST-00033,TN,Knoxville,17806,US,USD,0.0,0.0,41.2
114-7134426-1289785,2026-02-28,06:17:36,Shipped,FBA,Amazon.com,Expedited,CUST-00247,NM,Georgetown,20911,US,USD,0.0,0.0,64.56
114-9135262-3122246,2026-02-28,14:31:19,Shipped,FBA,Amazon.com,Two-Day,CUST-00068,IL,Naperville,67896,US,USD,0.0,0.0,83.23
114-9211989-4571629,2026-02-28,00:03:30,Pending,FBM,Amazon.com,Expedited,CUST-00872,CA,Fresno,35248,US,USD,6.67,0.0,132.17
114-1568596-5803337,2026-03-01,09:11:22,Shipped,FBA,Amazon.com,Two-Day,CUST-00751,NY,Buffalo,89171,US,USD,0.0,0.0,73.81
114-1738071-3069052,2026-03-01,10:05:20,Shipped,FBA,Amazon.com,Two-Day,CUST-00688,MA,Boston,45296,US,USD,0.0,0.0,13.44
114-2019148-3587909,2026-03-01,21:50:22,Shipped,FBM,Amazon.com,Standard,CUST-01444,NC,Greensboro,22950,US,USD,6.16,5.79,49.62
114-2796352-2478283,2026-03-01,13:05:31,Shipped,FBA,Amazon.com,Two-Day,CUST-00993,CA,San Francisco,78783,US,USD,0.0,0.0,62.03
114-4506540-7419280,2026-03-01,23:01:42,Canceled,FBA,Amazon.com,Two-Day,CUST-01747,KS,Centerville,52412,US,USD,0.0,0.0,93.13
114-6129446-6611691,2026-03-01,14:25:36,Shipped,FBA,Amazon.com,Two-Day,CUST-01522,MI,Lansing,16669,US,USD,0.0,0.0,106.87
114-6401888-4419867,2026-03-01,18:51:41,Shipped,FBA,Amazon.com,Standard,CUST-00112,IL,Springfield,54921,US,USD,0.0,0.0,46.4
114-8062439-2135762,2026-03-01,06:39:07,Shipped,FBA,Amazon.com,Two-Day,CUST-00461,MI,Ann Arbor,45349,US,USD,0.0,0.0,38.74
114-3052662-6564790,2026-03-02,22:50:33,Canceled,FBA,Amazon.com,Standard,CUST-00081,MD,Fairview,46291,US,USD,0.0,0.0,51.35
114-3273417-8945425,2026-03-02,01:12:52,shipped,FBA,Amazon.com,Standard,CUST-00528,TX,San Antonio,77403,US,USD,0.0,0.0,63.85
114-8175962-9229364,2026-03-02,05:43:17,Shipped,FBM,Amazon.com,Standard,CUST-00563,MD,Riverside,13631,US,USD,7.2,0.0,37.13
114-9317175-5228295,2026-03-02,18:17:17,Shipped,FBA,Amazon.com,Two-Day,CUST-01734,OK,Centerville,33274,US,USD,0.0,0.0,231.92
114-9766338-6093370,2026-03-02,06:34:13,Unshipped,FBA,Amazon.com,Standard,CUST-01105,NC,Raleigh,32383,US,USD,0.0,0.0,118.55
114-1554725-2681621,2026-03-03,19:22:54,Shipped,FBA,Amazon.com,Expedited,CUST-01047,ND,Springfield,39362,US,USD,0.0,0.0,21.36
114-3573020-1048054,2026-03-03,09:48:43,Unshipped,FBA,Amazon.com,Expedited,CUST-00703,NC,Greensboro,35101,US,USD,0.0,0.0,88.51
114-4600268-3656630,2026-03-03,11:28:17,Shipped,FBA,Amazon.com,Two-Day,CUST-00388,AZ,Phoenix,88415,US,USD,0.0,0.0,40.21
114-8964397-8593207,2026-03-03,11:55:26,Shipped,FBM,Amazon.com,Expedited,CUST-00547,CA,Fresno,86541,US,USD,5.16,0.0,133.07
114-1668899-4836940,2026-03-04,08:24:37,Shipped,FBA,Amazon.com,Two-Day,CUST-01653,TX,El Paso,72227,US,USD,0.0,0.0,103.58
114-2954499-3528952,2026-03-04,19:33:38,Shipped,FBA,Amazon.com,Two-Day,CUST-00058,TX,San Antonio,26539,US,USD,0.0,0.0,91.56
114-3243546-4194779,2026-03-04,16:15:26,Pending,FBM,Amazon.com,Standard,CUST-01600,ND,Riverside,24770,US,USD,6.42,0.0,17.1
114-4713050-5131780,2026-03-04,03:54:11,Shipped,FBA,Amazon.com,Two-Day,CUST-00733,PA,Philadelphia,13890,US,USD,0.0,4.6,26.33
114-1275536-6375706,2026-03-05,01:30:35,Shipped,FBA,Amazon.com,Two-Day,CUST-00619,VA,Virginia Beach,77294,US,USD,0.0,0.0,30.93
114-1619395-6940831,2026-03-05,14:51:18,Shipped,FBM,Amazon.com,Scheduled,CUST-01333,CO,Springfield,48399,US,USD,4.47,0.0,28.56
114-2915668-9727717,2026-03-05,22:24:18,Shipped,FBA,Amazon.com,Standard,CUST-00202,OR,Fairview,34775,US,USD,0.0,1.06,185.54
114-4697112-3469728,2026-03-05,00:31:12,Shipped,FBA,Amazon.com,Two-Day,CUST-00290,IL,Springfield,89745,US,USD,0.0,0.0,84.23
114-5497912-8078871,2026-03-05,12:39:01,Shipped,FBA,Amazon.com,Two-Day,CUST-00972,VA,Richmond,98432,US,USD,0.0,0.0,63.64
114-5765153-6547161,2026-03-05,00:33:20,Shipped,FBA,Amazon.com,Two-Day,CUST-01550,OK,Centerville,51996,US,USD,0.0,0.0,244.59
114-7728564-2194551,2026-03-05,13:02:21,Shipped,FBA,Amazon.com,Standard,CUST-01148,OH,Toledo,74927,US,USD,0.0,0.0,89.73
114-9499000-9775993,2026-03-05,18:31:50,Shipped,FBA,Amazon.com,Expedited,CUST-01657,UT,Fairview,61724,US,USD,0.0,0.0,85.51
114-9525240-3793800,2026-03-05,17:54:16,Shipped,FBM,Amazon.com,Expedited,CUST-01004,MI,Lansing,60012,US,USD,7.21,0.0,58.32
114-5186432-8103048,2026-03-06,11:17:49,Shipped,FBA,Amazon.com,Two-Day,CUST-00137,NH,Georgetown,81105,US,USD,0.0,0.0,86.61
114-5318214-2939204,2026-03-06,07:55:54,Shipped,FBA,Amazon.com,Two-Day,CUST-00242,MI,Lansing,92742,US,USD,0.0,0.0,35.79
114-9036116-7446622,2026-03-06,10:08:55,Shipped,FBA,Amazon.com,Two-Day,CUST-00111,TX,El Paso,94829,US,USD,0.0,0.0,109.5
114-4814129-5354867,2026-03-07,01:11:35,Shipped,FBA,Amazon.com,Two-Day,CUST-00018,OR,Springfield,86326,US,USD,0.0,0.0,96.06
114-6493491-4798801,2026-03-07,09:17:55,Shipped,FBA,Amazon.com,Standard,CUST-00832,SC,Georgetown,14160,US,USD,0.0,0.0,41.1
114-9481351-5422047,2026-03-07,07:37:25,Shipped,FBA,Amazon.com,Two-Day,CUST-00147,CA,Los Angeles,66165,US,USD,0.0,0.0,64.56
114-9948337-5292134,2026-03-07,11:49:09,Shipped,FBM,Amazon.com,Expedited,CUST-01738,TN,Memphis,18512,US,USD,5.43,0.0,27.09
114-2028961-7908768,2026-03-08,09:18:17,Shipped,FBA,Amazon.com,Two-Day,CUST-00181,OH,Cleveland,77388,US,USD,0.0,0.0,18.2
114-4264306-2729774,2026-03-08,05:36:10,Shipped,FBA,Amazon.com,Two-Day,CUST-00600,ID,Georgetown,96169,US,USD,0.0,0.0,41.2
114-4447060-2666805,2026-03-08,12:45:44,Shipped,FBA,Amazon.com,Two-Day,CUST-00913,LA,Springfield,66479,US,USD,0.0,0.0,54.57
114-4559613-8897047,2026-03-08,11:38:06,Shipped,FBA,Amazon.com,Standard,CUST-00652,VA,Richmond,66894,US,USD,0.0,0.0,12.84
114-5354752-9958536,2026-03-08,18:05:48,Shipped,FBM,Amazon.com,Expedited,CUST-01097,MS,Fairview,95181,US,USD,6.37,0.0,83.14
114-6028059-5581399,2026-03-08,02:51:08,Shipped,FBA,Amazon.com,Two-Day,CUST-00732,UT,Springfield,82704,US,USD,0.0,5.36,94.69
114-8468670-1299664,2026-03-08,19:18:51,Pending,FBA,Amazon.com,Two-Day,CUST-00320,GA,Savannah,64700,US,USD,0.0,0.0,146.2
114-9898085-3437149,2026-03-08,09:03:23,Shipped,FBA,Amazon.com,Two-Day,CUST-00326,FL,Fort Lauderdale,84323,US,USD,0.0,0.0,59.5
114-5098200-9882867,2026-03-09,12:34:44,Shipped,FBM,Amazon.com,Standard,CUST-00109,AL,Fairview,70853,US,USD,4.0,0.0,83.76
114-8497712-5406439,2026-03-09,23:13:32,Shipped,FBM,Amazon.com,Standard,CUST-01028,TX,Dallas,28161,US,USD,7.16,0.0,28.82
114-1433363-3155226,2026-03-10,00:51:09,Shipped,FBA,Amazon.com,Standard,CUST-01395,CT,Centerville,12116,US,USD,0.0,0.0,86.64
114-1764881-5451032,2026-03-10,02:06:25,Shipped,FBA,Amazon.com,Two-Day,CUST-01636,NJ,Newark,42163,US,USD,0.0,0.0,13.62
114-1900026-3219230,2026-03-10,11:36:59,Shipped,FBM,Amazon.com,Standard,CUST-00730,TX,Houston,93724,US,USD,6.69,0.0,26.98
114-2166015-7567940,2026-03-10,05:22:03,Shipped,FBM,Amazon.com,Standard,CUST-00521,KY,Georgetown,87748,US,USD,5.97,0.0,185.43
114-2553735-3125796,2026-03-10,04:55:25,Shipped,FBA,Amazon.com,Two-Day,CUST-00692,OK,Springfield,10131,US,USD,0.0,0.0,62.83
114-4730809-9830874,2026-03-10,10:12:47,Shipped,FBM,Amazon.com,Standard,CUST-00003,AK,Fairview,21322,US,USD,4.79,0.0,45.94
114-5173007-9827364,2026-03-10,03:28:36,Shipped,FBA,Amazon.com,Standard,CUST-01282,NE,Riverside,67219,US,USD,0.0,2.32,42.74
114-6963591-1722689,2026-03-10,22:54:02,Shipped,FBM,Amazon.com,Standard,CUST-01126,VA,Norfolk,12954,US,USD,5.03,0.0,43.53
114-8753109-6557043,2026-03-10,01:56:24,Shipped,FBM,Amazon.com,Standard,CUST-01358,MO,Fairview,98846,US,USD,7.53,0.0,29.19
114-9336696-7627003,2026-03-10,19:35:47,Shipped,FBM,Amazon.com,Standard,CUST-00716,IL,Chicago,88638,US,USD,5.96,0.0,48.43
114-5547185-2130907,2026-03-11,14:04:46,Shipped,FBA,Amazon.com,Standard,CUST-00195,MA,Springfield,31983,US,USD,0.0,0.0,45.62
114-7200724-3767557,2026-03-11,23:38:23,Shipped,FBA,Amazon.com,Two-Day,CUST-01232,FL,Jacksonville,74904,US,USD,0.0,0.0,59.54
114-7366035-8866406,2026-03-11,16:09:25,Shipped,FBA,Amazon.com,Two-Day,CUST-00909,FL,Miami,16678,US,USD,0.0,0.0,161.94
114-8100902-1905442,2026-03-11,14:36:16,Shipped,FBA,Amazon.com,Two-Day,CUST-00571,TX,Dallas,87264,US,USD,0.0,0.0,16.71
114-4510092-8855729,2026-03-12,00:39:35,Shipped,FBM,Amazon.com,Expedited,CUST-00112,IL,Springfield,54921,US,USD,7.36,0.0,63.42
114-4643930-3293721,2026-03-12,07:28:00,Shipped,FBA,Amazon.com,Two-Day,CUST-00505,PA,Pittsburgh,13517,US,USD,0.0,0.0,63.83
114-6966756-6640699,2026-03-12,21:30:44,Shipped,FBM,Amazon.com,Standard,CUST-00356,CA,Sacramento,64346,US,USD,5.73,0.0,65.31
114-7746260-3860502,2026-03-12,00:00:22,Shipped,FBA,Amazon.com,Two-Day,CUST-00160,IL,Chicago,85361,US,USD,0.0,0.0,84.57
114-2604363-5632004,2026-03-13,00:31:07,Shipped,FBA,Amazon.com,Standard,CUST-00021,NC,Durham,32650,US,USD,0.0,0.0,137.91
114-3179290-5530167,2026-03-13,09:35:41,Shipped,FBA,Amazon.com,Two-Day,CUST-01361,ME,Riverside,35374,US,USD,0.0,0.0,50.86
114-5272784-5411502,2026-03-13,15:47:56,Shipped,FBM,Amazon.com,Standard,CUST-00851,SC,Centerville,73234,US,USD,5.45,0.0,45.17
114-6251431-6891283,2026-03-13,00:06:52,Shipped,FBA,Amazon.com,Two-Day,CUST-01178,FL,Miami,64870,US,USD,0.0,0.0,342.35
114-8878917-2312442,2026-03-13,05:06:29,Shipped,FBA,Amazon.com,Standard,CUST-01452,AZ,Tucson,22237,US,USD,0.0,0.0,40.58
114-8897508-4443459,2026-03-13,12:01:47,Shipped,FBA,Amazon.com,Two-Day,CUST-01363,PA,Allentown,30498,US,USD,0.0,0.0,19.25
114-9348574-8392183,2026-03-13,12:33:56,Shipped,FBA,Amazon.com,Standard,CUST-01203,FL,Jacksonville,74254,US,USD,0.0,0.0,109.5
114-1909686-4032219,2026-03-14,01:37:15,Pending,FBA,Amazon.com,Standard,CUST-01636,NJ,Newark,42163,US,USD,0.0,1.4,19.92
114-7568709-8465751,2026-03-14,01:33:23,Pending,FBA,Amazon.com,Standard,CUST-01283,NY,New York,72566,US,USD,0.0,2.56,18.16
114-9025631-8951535,2026-03-14,02:23:58,Shipped,FBA,Amazon.com,Two-Day,CUST-01770,TN,Memphis,54839,US,USD,0.0,0.0,63.85
114-9440853-3968359,2026-03-14,08:56:10,Shipped,FBA,Amazon.com,Two-Day,CUST-00681,CA,San Jose,36975,US,USD,0.0,0.0,55.92
114-5358995-6578848,2026-03-15,07:07:11,Shipped,FBA,Amazon.com,Expedited,CUST-00969,WA,Spokane,82311,US,USD,0.0,0.0,17.07
114-7266653-1930815,2026-03-15,04:42:19,Shipped,FBA,Amazon.com,Expedited,CUST-00140,TX,Dallas,99573,US,USD,0.0,2.18,25.06
114-1965307-1777145,2026-03-16,05:06:45,Unshipped,FBA,Amazon.com,Standard,CUST-00404,NE,Springfield,99662,US,USD,0.0,5.13,211.7
114-5029094-7174257,2026-03-16,02:13:14,Shipped,FBM,Amazon.com,Expedited,CUST-00372,CA,San Diego,35237,US,USD,6.8,0.0,80.61
114-5513581-8729471,2026-03-16,14:47:19,Shipped,FBA,Amazon.com,Standard,CUST-01571,OH,Toledo,18273,US,USD,0.0,0.0,17.84
114-6299035-6809223,2026-03-16,12:59:29,Shipped,FBA,Amazon.com,Expedited,CUST-00376,ID,Centerville,98538,US,USD,0.0,4.54,41.83
114-7246692-3654688,2026-03-16,02:55:07,Canceled,FBA,Amazon.com,Two-Day,CUST-00257,CA,Fresno,99737,US,USD,0.0,0.0,62.16
114-8956695-7401735,2026-03-16,04:49:24,Shipped,FBA,Amazon.com,Two-Day,CUST-00968,NY,New York,41395,US,USD,0.0,1.14,69.5
114-9985978-3677087,2026-03-16,01:11:56,Shipped,FBM,Amazon.com,Expedited,CUST-00361,MI,Detroit,78298,US,USD,5.05,0.0,107.75
114-2149738-8115297,2026-03-17,09:14:28,Shipped,FBA,Amazon.com,Two-Day,CUST-00574,ND,Springfield,98027,US,USD,0.0,0.0,34.22
114-7696322-7714998,2026-03-17,01:39:56,Shipped,FBM,Amazon.com,Standard,CUST-01610,RI,Springfield,72456,US,USD,7.7,0.0,68.5
114-8556865-8739560,2026-03-17,00:47:37,Unshipped,FBA,Amazon.com,Expedited,CUST-00696,TX,San Antonio,90012,US,USD,0.0,0.0,75.67
114-6554130-7494787,2026-03-18,19:59:23,Shipped,FBA,Amazon.com,Expedited,CUST-00616,CA,San Diego,94883,US,USD,0.0,0.0,321.7
114-8155135-9656587,2026-03-18,20:14:05,Shipped,FBA,Amazon.com,Standard,CUST-01643,OH,Columbus,49620,US,USD,0.0,0.0,127.28
114-8431314-3920382,2026-03-18,14:48:29,Shipped,FBA,Amazon.com,Two-Day,CUST-00640,CA,Fresno,30788,US,USD,0.0,1.4,18.46
114-8911221-8737917,2026-03-18,04:52:20,Shipped,FBA,Amazon.com,Two-Day,CUST-01713,ME,Georgetown,45338,US,USD,0.0,3.08,21.01
114-8950185-9012444,2026-03-18,06:28:17,Shipped,FBA,Amazon.com,Two-Day,CUST-00601,NC,Charlotte,71636,US,USD,0.0,0.0,55.67
114-9472303-2614945,2026-03-18,17:19:10,Shipped,FBA,Amazon.com,Standard,CUST-00109,AL,Fairview,70853,US,USD,0.0,0.0,202.24
114-9558808-8952121,2026-03-18,00:22:47,Shipped,FBA,Amazon.com,Expedited,CUST-00162,MD,Springfield,86756,US,USD,0.0,0.0,144.43
114-3786557-1100213,2026-03-19,13:51:11,Unshipped,FBA,Amazon.com,Two-Day,CUST-01222,PA,Allentown,73353,US,USD,0.0,0.0,116.03
114-4465248-6888172,2026-03-19,18:30:41,Shipped,FBA,Amazon.com,Standard,CUST-01328,NY,Buffalo,48401,US,USD,0.0,0.0,96.46
114-4898050-9681779,2026-03-19,10:32:31,Shipped,FBM,Amazon.com,Standard,CUST-00290,IL,Springfield,89745,US,USD,7.71,0.0,21.33
114-7926488-8705972,2026-03-19,01:31:14,Pending,FBA,Amazon.com,Standard,CUST-00710,NC,Durham,63330,US,USD,0.0,0.0,27.24
114-8009424-1192997,2026-03-19,00:38:42,Shipped,FBA,Amazon.com,Two-Day,CUST-01762,ME,Georgetown,95996,US,USD,0.0,0.0,63.64
114-8362374-3654684,2026-03-19,00:07:07,Shipped,FBM,Amazon.com,Scheduled,CUST-00857,OR,Centerville,58145,US,USD,6.47,0.0,86.58
114-3024725-1183693,2026-03-20,19:16:21,Unshipped,FBM,Amazon.com,Standard,CUST-00236,NJ,Paterson,49326,US,USD,6.36,0.0,29.44
114-6139691-9523590,2026-03-20,07:00:29,Shipped,FBA,Amazon.com,Two-Day,CUST-01548,MS,Springfield,90290,US,USD,0.0,0.0,174.16
114-1780330-5660093,2026-03-21,07:33:51,Shipped,FBA,Amazon.com,Standard,CUST-00457,ME,Georgetown,25212,US,USD,0.0,0.0,22.81
114-3730673-1463098,2026-03-21,21:46:18,Shipped,FBA,Amazon.com,Two-Day,CUST-00308,MO,Centerville,91681,US,USD,0.0,0.0,21.36
114-3965448-7838570,2026-03-21,06:45:57,Shipped,FBA,Amazon.com,Expedited,CUST-01180,WY,Centerville,56447,US,USD,0.0,0.0,20.72
114-4252017-3782807,2026-03-21,00:12:14,Shipped,FBA,Amazon.com,Two-Day,CUST-01140,NY,Buffalo,47040,US,USD,0.0,0.0,168.5
114-4966235-8559538,2026-03-21,07:55:20,Shipped,FBA,Amazon.com,Two-Day,CUST-00648,GA,Augusta,76194,US,USD,0.0,0.0,29.76
114-5225804-5563573,2026-03-21,10:45:42,Shipped,FBA,Amazon.com,Standard,CUST-01670,CT,Fairview,84473,US,USD,0.0,0.0,89.73
114-5278214-4651835,2026-03-21,01:47:51,Shipped,FBA,Amazon.com,Standard,CUST-01160,NY,Buffalo,92619,US,USD,0.0,0.0,54.16
114-8566213-1360308,2026-03-21,00:15:17,Shipped,FBM,Amazon.com,Standard,CUST-01431,NY,,78713,US,USD,5.02,4.93,102.17
114-1127128-4721805,2026-03-22,18:58:49,Shipped,FBA,Amazon.com,Standard,CUST-01721,OK,Centerville,24973,US,USD,0.0,0.0,89.73
114-5508658-6648091,2026-03-22,03:37:47,Shipped,FBM,Amazon.com,Standard,CUST-01161,MS,Springfield,34150,US,USD,6.98,0.0,61.14
114-2633520-3336991,2026-03-23,17:09:14,Canceled,FBA,Amazon.com,Two-Day,CUST-00644,NC,Charlotte,90028,US,USD,0.0,0.0,75.67
114-3881328-2928025,2026-03-23,08:37:02,Shipped,FBA,Amazon.com,Standard,CUST-00933,FL,Orlando,68465,US,USD,0.0,18.06,144.06
114-4590071-3892246,2026-03-23,06:03:30,Shipped,FBA,Amazon.com,Two-Day,CUST-01232,FL,Jacksonville,74904,US,USD,0.0,0.0,51.35
114-5119761-5879589,2026-03-23,22:49:25,Shipped,FBA,Amazon.com,Two-Day,CUST-00496,CO,Riverside,12955,US,USD,0.0,0.0,73.81
114-6504670-2734882,2026-03-23,11:02:03,Shipped,FBA,Amazon.com,Two-Day,CUST-00026,VA,Richmond,13840,US,USD,0.0,2.51,53.81
114-9336813-6264210,2026-03-23,16:42:50,Pending,FBA,Amazon.com,Standard,CUST-01619,IL,Springfield,48331,US,USD,0.0,0.0,48.18
114-2720320-2812359,2026-03-24,00:59:19,Shipped,FBA,Amazon.com,Standard,CUST-00194,CO,Centerville,88753,US,USD,0.0,1.43,10.8
114-3202986-1550711,2026-03-24,01:53:41,Unshipped,FBA,Amazon.com,Expedited,CUST-00987,MI,Lansing,24302,US,USD,0.0,0.0,66.6
114-5312811-5088533,2026-03-24,09:55:55,Canceled,FBA,Amazon.com,Standard,CUST-01135,IA,Riverside,80016,US,USD,0.0,0.0,25.43
114-6609114-5352275,2026-03-24,14:02:08,Shipped,FBA,Amazon.com,Two-Day,CUST-00966,GA,Atlanta,71398,US,USD,0.0,0.73,121.42
114-2353874-1500857,2026-03-25,18:36:43,Shipped,FBA,Amazon.com,Two-Day,CUST-01576,TX,Fort Worth,44866,US,USD,0.0,0.0,61.91
114-5511660-1218618,2026-03-25,02:11:03,Shipped,FBA,Amazon.com,Two-Day,CUST-00002,MA,Worcester,77603,US,USD,0.0,0.0,30.93
114-7601069-2359994,2026-03-25,06:38:35,Shipped,FBA,Amazon.com,Two-Day,CUST-00703,NC,Greensboro,35101,US,USD,0.0,0.0,39.53
114-5420122-6386017,2026-03-26,13:25:22,Shipped,FBA,Amazon.com,Standard,CUST-01578,CA,San Jose,91350,US,USD,0.0,0.0,288.8
114-5426463-6616655,2026-03-26,07:17:54,Shipped,FBA,Amazon.com,Standard,CUST-01465,ID,Fairview,18573,US,USD,0.0,0.0,97.47
114-9482997-8447225,2026-03-26,23:44:59,Shipped,FBA,Amazon.com,Expedited,CUST-01712,AZ,Mesa,53444,US,USD,0.0,0.0,198.42
114-1620291-8451620,2026-03-27,08:39:01,Pending,FBA,Amazon.com,Two-Day,CUST-01787,TX,Houston,72518,US,USD,0.0,0.0,49.25
114-2786278-4252262,2026-03-27,07:20:30,Shipped,FBA,Amazon.com,Two-Day,CUST-01543,VA,Richmond,55382,US,USD,0.0,0.0,50.4
114-3719631-4785774,2026-03-27,05:04:22,Shipped,FBA,Amazon.com,Two-Day,CUST-01310,GA,Augusta,22733,US,USD,0.0,0.0,20.72
114-5083365-9125456,2026-03-27,05:22:24,Shipped,FBM,Amazon.com,Scheduled,CUST-01730,MI,Ann Arbor,40891,US,USD,7.35,3.15,187.41
114-6076400-1006857,2026-03-27,02:35:27,Shipped,FBA,Amazon.com,Two-Day,CUST-00093,FL,Jacksonville,21539,US,USD,0.0,0.0,13.62
114-6855180-9825690,2026-03-27,15:58:38,Shipped,FBA,Amazon.com,Two-Day,CUST-01431,NY,Rochester,78713,US,USD,0.0,3.04,96.28
114-8290500-4756325,2026-03-27,22:16:41,Shipped,FBA,Amazon.com,Two-Day,CUST-01236,OH,Cincinnati,27739,US,USD,0.0,0.0,165.48
114-8598671-9383671,2026-03-27,04:49:29,Shipped,FBA,Amazon.com,Standard,CUST-00380,SC,Georgetown,43823,US,USD,0.0,0.0,28.36
114-9045906-4217853,2026-03-27,11:34:15,Shipped,FBM,Amazon.com,Standard,CUST-01050,CA,San Jose,90314,US,USD,6.92,0.0,99.85
114-9061412-6761193,2026-03-27,09:06:50,Shipped,FBA,Amazon.com,Standard,CUST-01232,FL,Jacksonville,74904,US,USD,0.0,0.0,63.02
114-1702907-2065738,2026-03-28,16:41:26,Shipped,FBA,Amazon.com,Expedited,CUST-01647,GA,Macon,18773,US,USD,0.0,0.0,10.68
114-2185112-9342623,2026-03-28,06:52:49,Shipped,FBA,Amazon.com,Standard,CUST-01178,FL,Miami,64870,US,USD,0.0,0.0,26.88
114-4033433-5005493,2026-03-28,16:55:18,Canceled,FBA,Amazon.com,Two-Day,CUST-01163,WY,Springfield,88719,US,USD,0.0,0.0,13.44
114-5728628-6079237,2026-03-28,18:51:07,Shipped,FBA,Amazon.com,Two-Day,CUST-00662,MT,Centerville,54430,US,USD,0.0,8.84,186.52
114-6257695-7817963,2026-03-28,05:47:55,Shipped,FBM,Amazon.com,Standard,CUST-00779,LA,Fairview,30119,US,USD,5.62,0.0,164.47
114-7052813-7251399,2026-03-28,18:02:45,Shipped,FBA,Amazon.com,Two-Day,CUST-01585,CO,Springfield,26241,US,USD,0.0,0.0,222.03
114-7961835-5251557,2026-03-28,04:10:06,Shipped,FBA,Amazon.com,Two-Day,CUST-00361,MI,Detroit,78298,US,USD,0.0,0.0,51.35
114-8031853-1389098,2026-03-28,05:55:55,Shipped,FBA,Amazon.com,Two-Day,CUST-01166,IL,Springfield,71693,US,USD,0.0,0.0,107.91
114-1015341-2299316,2026-03-29,01:34:56,Shipped,FBA,Amazon.com,Two-Day,CUST-01271,VA,Richmond,43844,US,USD,0.0,0.0,43.13
114-3017338-3275650,2026-03-29,21:38:51,Shipped,FBA,Amazon.com,Two-Day,CUST-01372,OH,Toledo,17774,US,USD,0.0,0.0,80.0
114-5144296-2604667,2026-03-29,09:47:41,Shipped,FBA,Amazon.com,Standard,CUST-01700,ID,Riverside,27339,US,USD,0.0,0.0,309.91
114-5679678-7657118,2026-03-29,22:25:08,Shipped,FBA,Amazon.com,Two-Day,CUST-00560,WA,Seattle,78454,US,USD,0.0,0.0,101.35
114-6238913-5654943,2026-03-29,04:58:04,Shipped,FBA,Amazon.com,Two-Day,CUST-01674,CO,Riverside,33737,US,USD,0.0,0.0,14.63
114-1919585-3211701,2026-03-30,21:20:50,Shipped,FBA,Amazon.com,Two-Day,CUST-00050,CA,Sacramento,72957,US,USD,0.0,0.0,109.5
114-3660245-5284463,2026-03-30,02:34:14,Shipped,FBM,Amazon.com,Expedited,CUST-01551,FL,Orlando,71500,US,USD,6.55,0.0,55.8
114-4528753-7178499,2026-03-30,15:17:23,Shipped,FBM,Amazon.com,Standard,CUST-01116,WI,Riverside,41013,US,USD,4.3,0.0,121.13
114-5140826-6430275,2026-03-30,21:06:38,Shipped,FBM,Amazon.com,Expedited,CUST-00421,TX,El Paso,47132,US,USD,6.47,0.0,120.71
114-7450389-1800191,2026-03-30,02:59:08,Shipped,FBM,Amazon.com,Standard,CUST-00788,NY,Albany,49522,US,USD,7.72,0.0,238.58
114-7775604-9900275,2026-03-30,00:38:42,Shipped,FBA,Amazon.com,Two-Day,CUST-00028,SD,Georgetown,17328,US,USD,0.0,0.0,31.54
114-9061958-7529675,2026-03-30,15:28:35,Shipped,FBA,Amazon.com,Expedited,CUST-00010,UT,Riverside,41034,US,USD,0.0,0.0,159.09
114-3774944-5449614,2026-03-31,21:22:24,Shipped,FBM,Amazon.com,Standard,CUST-01485,MO,Georgetown,61666,US,USD,7.49,0.0,21.11
114-4692546-4847632,2026-03-31,00:55:48,Shipped,FBA,Amazon.com,Standard,CUST-01419,WA,Seattle,82150,US,USD,0.0,0.0,39.53
114-7339201-5338420,2026-03-31,04:32:21,Shipped,FBA,Amazon.com,Standard,CUST-00537,CO,Riverside,69589,US,USD,0.0,0.0,79.06
114-8757507-7049142,2026-03-31,04:11:39,Shipped,FBA,Amazon.com,Expedited,CUST-01250,CA,San Jose,65584,US,USD,0.0,0.0,25.59
114-9427442-1996373,2026-03-31,08:07:40,Shipped,FBA,Amazon.com,Two-Day,CUST-01369,NY,Albany,52688,US,USD,0.0,0.0,25.68
114-5786008-7660559,2026-04-01,23:54:03,Shipped,FBA,Amazon.com,Two-Day,CUST-00648,GA,Augusta,76194,US,USD,0.0,0.0,38.43
114-6173282-8495677,2026-04-01,20:08:05,Canceled,FBA,Amazon.com,Standard,CUST-01282,NE,Riverside,67219,US,USD,0.0,0.0,80.42
114-1781600-4983170,2026-04-02,11:55:38,Shipped,FBA,Amazon.com,Standard,CUST-00017,NY,New York,11567,US,USD,0.0,0.0,82.4
114-3751906-7685243,2026-04-02,17:53:16,Shipped,FBA,Amazon.com,Two-Day,CUST-00314,MI,Ann Arbor,24141,US,USD,0.0,0.0,13.62
114-4130445-7765901,2026-04-02,15:24:19,Shipped,FBM,Amazon.com,Expedited,CUST-01189,NM,Springfield,47728,US,USD,5.47,0.0,108.17
114-2541415-4350278,2026-04-03,10:10:51,Shipped,FBA,Amazon.com,Expedited,CUST-00997,MA,Boston,29727,US,USD,0.0,0.0,40.21
114-3197654-2849638,2026-04-03,11:31:46,Shipped,FBA,Amazon.com,Standard,CUST-00010,UT,Riverside,41034,US,USD,0.0,0.0,195.27
114-6087212-1558164,2026-04-03,00:03:00,Shipped,FBA,Amazon.com,Standard,CUST-00914,DE,Springfield,99517,US,USD,0.0,0.0,418.23
114-8055583-9721525,2026-04-03,10:12:51,Shipped,FBA,Amazon.com,Standard,CUST-00643,TX,Houston,16608,US,USD,0.0,1.44,136.75
114-9124419-2427340,2026-04-03,00:48:56,Shipped,FBA,Amazon.com,Standard,CUST-01417,ID,Centerville,96933,US,USD,0.0,0.0,144.08
114-1772068-1482101,2026-04-04,07:44:44,Shipped,FBM,Amazon.com,Scheduled,CUST-00041,FL,Tampa,68540,US,USD,6.27,0.0,27.93
114-5674026-9615904,2026-04-04,11:02:25,Shipped,FBA,Amazon.com,Two-Day,CUST-00733,PA,Philadelphia,13890,US,USD,0.0,3.3,282.76
114-5969012-3945607,2026-04-04,21:17:38,Shipped,FBM,Amazon.com,Standard,CUST-01650,NY,Syracuse,64166,US,USD,6.69,0.0,111.23
114-8165549-6485389,2026-04-04,22:15:50,Shipped,FBA,Amazon.com,Two-Day,CUST-01163,WY,Springfield,88719,US,USD,0.0,0.0,14.63
114-1096042-6803924,2026-04-05,22:12:47,Unshipped,FBA,Amazon.com,Two-Day,CUST-00619,VA,Virginia Beach,77294,US,USD,0.0,0.0,27.71
114-3646551-1638201,2026-04-05,20:23:43,Shipped,FBA,Amazon.com,Standard,CUST-00416,OH,Cincinnati,68827,US,USD,0.0,0.0,141.73
114-5654386-6792038,2026-04-05,14:48:46,Shipped,FBA,Amazon.com,Two-Day,CUST-00816,OR,Centerville,50383,US,USD,0.0,0.0,76.62
114-5755437-5686347,2026-04-05,12:17:10,Shipped,FBA,Amazon.com,Standard,CUST-01519,OH,Cleveland,79459,US,USD,0.0,0.0,155.87
114-6305569-5565449,2026-04-05,14:49:46,Shipped,FBM,Amazon.com,Expedited,CUST-01084,TX,Austin,15367,US,USD,7.57,0.0,71.38
114-6919532-3119429,2026-04-05,15:37:21,Canceled,FBA,Amazon.com,Standard,CUST-00348,CA,San Jose,90096,US,USD,0.0,0.0,89.73
114-3504388-1731253,2026-04-06,03:23:21,Shipped,FBA,Amazon.com,Two-Day,CUST-01367,NC,Charlotte,63580,US,USD,0.0,0.0,51.35
114-4186968-3868702,2026-04-06,23:44:50,Shipped,FBM,Amazon.com,Standard,CUST-01677,AZ,Mesa,66335,US,USD,7.97,0.0,50.31
114-5363341-6440546,2026-04-06,23:30:34,Shipped,FBA,Amazon.com,Expedited,CUST-01712,AZ,Mesa,53444,US,USD,0.0,0.0,75.67
114-7936983-3280105,2026-04-06,19:31:52,Shipped,FBA,Amazon.com,Expedited,CUST-01644,IL,Peoria,25216,US,USD,0.0,0.0,103.75
114-8211972-7788118,2026-04-06,09:29:16,Shipped,FBM,Amazon.com,Expedited,CUST-00930,PA,Pittsburgh,46659,US,USD,6.92,2.2,110.42
114-8729987-6695606,2026-04-06,03:22:09,Shipped,FBA,Amazon.com,Two-Day,CUST-01004,MI,Lansing,60012,US,USD,0.0,0.0,55.67
114-9895876-6779479,2026-04-06,03:27:53,Shipped,FBA,Amazon.com,Two-Day,CUST-01708,OK,Centerville,42046,US,USD,0.0,0.0,27.71
114-2035429-5409940,2026-04-07,04:27:56,Shipped,FBA,Amazon.com,Two-Day,CUST-01299,MI,Ann Arbor,65797,US,USD,0.0,0.0,23.08
114-3985479-5450972,2026-04-07,03:27:29,Shipped,FBA,Amazon.com,Two-Day,CUST-00383,VA,Norfolk,82895,US,USD,0.0,0.78,56.3
114-4252186-5848213,2026-04-07,10:16:08,Unshipped,FBA,Amazon.com,Standard,CUST-01772,OH,Cleveland,31957,US,USD,0.0,3.29,103.59
114-7181186-8923957,2026-04-07,22:07:38,Shipped,FBA,Amazon.com,Expedited,CUST-00325,PA,Pittsburgh,34632,US,USD,0.0,0.0,164.4
114-4664996-6513606,2026-04-08,22:15:36,Shipped,FBA,Amazon.com,Two-Day,CUST-00199,WI,Centerville,78425,US,USD,0.0,0.0,107.91
114-6630539-3463038,2026-04-08,02:01:09,Shipped,FBM,Amazon.com,Expedited,CUST-01259,PA,Philadelphia,97096,US,USD,4.36,4.27,157.35
114-8162529-8079136,2026-04-08,14:13:59,Shipped,FBA,Amazon.com,Two-Day,CUST-00980,MI,Ann Arbor,85564,US,USD,0.0,3.1,163.61
114-8649557-1479843,2026-04-08,11:56:53,Shipped,FBM,Amazon.com,Standard,CUST-01326,FL,Miami,88819,US,USD,4.85,0.0,114.35
114-8735896-5362692,2026-04-08,20:27:49,Shipped,FBA,Amazon.com,Standard,CUST-01654,FL,Fort Lauderdale,19295,US,USD,0.0,0.0,106.07
114-8965597-4972428,2026-04-08,05:06:11,Shipped,FBA,Amazon.com,Standard,CUST-01556,NE,Springfield,18076,US,USD,0.0,2.05,64.16
114-1408647-8848188,2026-04-09,18:53:39,Shipped,FBA,Amazon.com,Two-Day,CUST-00754,WY,Riverside,72185,US,USD,0.0,0.0,51.35
114-3032688-4689936,2026-04-09,08:00:51,Shipped,FBA,Amazon.com,Two-Day,CUST-00328,CO,Centerville,72108,US,USD,0.0,1.21,18.26
114-3293594-5019776,2026-04-09,08:41:34,Unshipped,FBA,Amazon.com,Standard,CUST-01796,NY,New York,99662,US,USD,0.0,0.0,59.54
114-4705608-6587167,2026-04-09,03:18:17,Shipped,FBA,Amazon.com,Two-Day,CUST-01524,FL,Fort Lauderdale,30428,US,USD,0.0,0.0,231.3
114-4821230-6888868,2026-04-09,09:34:23,Shipped,FBM,Amazon.com,Standard,CUST-01436,IA,Springfield,93631,US,USD,4.51,0.0,27.32
114-6124193-1038026,2026-04-09,01:28:49,Shipped,FBA,Amazon.com,Standard,CUST-00547,CA,Fresno,86541,US,USD,0.0,0.0,143.28
114-2042146-3347831,2026-04-10,06:06:50,Canceled,FBM,Amazon.com,Scheduled,CUST-00421,TX,El Paso,47132,US,USD,6.12,0.0,113.3
114-3374718-3942835,2026-04-10,19:17:08,Shipped,FBA,Amazon.com,Two-Day,CUST-00763,CA,Fresno,78733,US,USD,0.0,0.0,13.44
114-4319766-5280659,2026-04-10,05:05:21,Shipped,FBA,Amazon.com,Two-Day,CUST-01452,AZ,Tucson,22237,US,USD,0.0,0.0,40.86
114-4492297-1350135,2026-04-10,20:50:16,Pending,FBA,Amazon.com,Standard,CUST-00258,MO,Springfield,33908,US,USD,0.0,0.0,19.86
114-4938022-2431391,2026-04-10,13:13:25,Shipped,FBA,Amazon.com,Two-Day,CUST-01767,OK,Fairview,25917,US,USD,0.0,0.0,253.87
114-1111203-7170509,2026-04-11,14:10:30,Shipped,FBA,Amazon.com,Two-Day,CUST-01250,CA,San Jose,65584,US,USD,0.0,0.0,165.48
114-1221337-2070518,2026-04-11,04:11:10,Shipped,FBA,Amazon.com,Two-Day,CUST-01065,NY,Syracuse,44888,US,USD,0.0,12.53,95.38
114-1275418-6481677,2026-04-11,08:14:53,Shipped,FBA,Amazon.com,Two-Day,CUST-00855,MO,Centerville,42112,US,USD,0.0,0.0,52.95
114-2959175-1438857,2026-04-11,14:30:30,Shipped,FBA,Amazon.com,Standard,CUST-00483,MD,Springfield,48209,US,USD,0.0,2.75,74.6
114-3026924-2591971,2026-04-11,06:45:10,Shipped,FBA,Amazon.com,Standard,CUST-01060,TX,Austin,34514,US,USD,0.0,0.66,170.93
114-5362570-3647493,2026-04-11,09:01:43,Pending,FBA,Amazon.com,Two-Day,CUST-00247,NM,Georgetown,20911,US,USD,0.0,0.0,109.02
114-6382489-1187469,2026-04-11,22:28:47,Shipped,FBM,Amazon.com,Standard,CUST-00571,TX,Dallas,87264,US,USD,6.26,0.0,44.98
114-9616768-7733365,2026-04-11,17:24:27,Shipped,FBA,Amazon.com,Two-Day,CUST-00925,NM,Georgetown,43925,US,USD,0.0,0.0,490.49
114-9719325-7651381,2026-04-11,18:38:25,Shipped,FBM,Amazon.com,Expedited,CUST-01402,TX,Austin,91960,US,USD,7.68,0.0,115.59
114-1318851-1206624,2026-04-12,21:34:10,Shipped,FBA,Amazon.com,Two-Day,CUST-00074,IL,Chicago,47364,US,USD,0.0,0.0,127.15
114-2983992-7042039,2026-04-12,10:29:52,Shipped,FBA,Amazon.com,Two-Day,CUST-00406,WV,Fairview,47907,US,USD,0.0,0.0,157.7
114-4532603-8921810,2026-04-12,09:17:33,Shipped,FBA,Amazon.com,Two-Day,CUST-00372,CA,San Diego,35237,US,USD,0.0,0.0,57.58
114-4836787-5042931,2026-04-12,12:07:31,Shipped,FBM,Amazon.com,Standard,CUST-01028,TX,Dallas,28161,US,USD,4.44,21.06,140.19
114-5522703-4108792,2026-04-12,16:39:32,Shipped,FBM,Amazon.com,Standard,CUST-00921,DE,Riverside,47965,US,USD,4.94,0.0,29.03
114-5992185-7150091,2026-04-12,13:08:55,Shipped,FBM,Amazon.com,Standard,CUST-00469,KY,Fairview,48769,US,USD,5.09,0.0,59.25
114-6752251-4578179,2026-04-12,04:21:03,Shipped,FBA,Amazon.com,Two-Day,CUST-01442,MD,Springfield,55521,US,USD,0.0,0.0,17.84
114-8139845-4987189,2026-04-12,02:06:51,Canceled,FBA,Amazon.com,Two-Day,CUST-00038,MN,Georgetown,61327,US,USD,0.0,0.0,104.54
114-8139845-4987189,2026-04-12,02:06:51,Canceled,FBA,Amazon.com,Two-Day,CUST-00038,MN,Georgetown,61327,US,USD,0.0,0.0,104.54
114-9903570-5622924,2026-04-12,16:43:22,Shipped,FBA,Amazon.com,Two-Day,CUST-00608,NV,Georgetown,96246,US,USD,0.0,0.0,51.35
114-1650551-3450509,2026-04-13,18:33:36,Shipped,FBM,Amazon.com,Standard,CUST-00189,TX,El Paso,40191,US,USD,7.71,0.0,33.02
114-9452781-5894409,2026-04-13,13:53:49,Shipped,FBA,Amazon.com,Two-Day,CUST-00637,AL,Fairview,71908,US,USD,0.0,0.0,174.5
114-1085209-6742471,2026-04-14,04:38:38,Shipped,FBA,Amazon.com,Standard,CUST-00067,KS,Fairview,68079,US,USD,0.0,0.0,39.53
114-5409764-1661465,2026-04-14,04:01:51,Shipped,FBA,Amazon.com,Expedited,CUST-00154,NC,Charlotte,99463,US,USD,0.0,0.0,50.79
114-6550692-8936971,2026-04-14,03:36:01,Shipped,FBM,Amazon.com,Expedited,CUST-00578,CA,Fresno,64127,US,USD,6.32,0.0,111.53
114-3891095-6730538,2026-04-15,19:27:49,Pending,FBM,Amazon.com,Standard,CUST-00868,FL,Miami,34651,US,USD,7.96,0.0,48.5
114-4833902-7946251,2026-04-15,03:50:01,Shipped,FBA,Amazon.com,Two-Day,CUST-01148,OH,Toledo,74927,US,USD,0.0,0.0,81.06
114-8245765-4455694,2026-04-15,12:55:27,Shipped,FBA,Amazon.com,Two-Day,CUST-01717,OH,Cincinnati,28868,US,USD,0.0,0.0,40.54
114-8678830-6339855,2026-04-15,20:39:29,Canceled,FBA,Amazon.com,Two-Day,CUST-01270,NC,Raleigh,54850,US,USD,0.0,0.0,64.0
114-8945804-1538702,2026-04-15,09:24:00,Shipped,FBA,Amazon.com,Two-Day,CUST-00573,ND,Fairview,50392,US,USD,0.0,0.0,43.13
114-9766037-8232803,2026-04-15,16:43:49,Shipped,FBM,Amazon.com,Standard,CUST-01731,DC,Riverside,47547,US,USD,4.72,2.62,21.35
114-3145079-4299107,2026-04-16,11:20:46,Shipped,FBA,Amazon.com,Two-Day,CUST-01787,TX,Houston,72518,US,USD,0.0,0.0,94.11
114-6074207-2602426,2026-04-16,08:57:26,Pending,FBA,Amazon.com,Expedited,CUST-00648,GA,Augusta,76194,US,USD,0.0,0.0,21.66
114-7611043-1786330,2026-04-16,11:03:18,Shipped,FBA,Amazon.com,Two-Day,CUST-00132,NV,Georgetown,32760,US,USD,0.0,0.0,45.24
114-1770309-3322252,2026-04-17,22:58:17,Canceled,FBA,Amazon.com,Two-Day,CUST-00658,AL,Fairview,38014,US,USD,0.0,0.0,19.25
114-2633729-4995474,2026-04-17,11:11:29,Shipped,FBM,Amazon.com,Standard,CUST-00161,HI,Centerville,51471,US,USD,5.26,0.0,77.79
114-4115369-4032184,2026-04-17,14:30:41,Shipped,FBM,Amazon.com,Standard,CUST-00045,CT,Springfield,19725,US,USD,7.3,0.0,71.38
114-4607712-8513206,2026-04-17,13:32:31,Shipped,FBM,Amazon.com,Standard,CUST-01381,IN,Springfield,79699,US,USD,5.7,0.0,98.44
114-8911974-1090089,2026-04-17,16:36:33,Shipped,FBA,Amazon.com,Expedited,CUST-01383,NC,Greensboro,19571,US,USD,0.0,0.0,123.5
114-9609150-4911403,2026-04-17,01:26:30,Shipped,FBA,Amazon.com,Two-Day,CUST-00452,CA,Los Angeles,83100,US,USD,0.0,0.0,89.73
114-5523283-2673677,2026-04-19,20:45:50,Shipped,FBA,Amazon.com,Two-Day,CUST-00337,MA,Springfield,69098,US,USD,0.0,0.0,132.11
114-8863701-2721105,2026-04-19,05:36:46,Canceled,FBA,Amazon.com,Two-Day,CUST-01247,SC,Georgetown,20249,US,USD,0.0,0.0,25.43
114-1779426-3783406,2026-04-20,07:13:11,Shipped,FBA,Amazon.com,Two-Day,CUST-01722,MI,Ann Arbor,85634,US,USD,0.0,0.0,79.9
114-2298335-5323278,2026-04-20,13:49:55,Shipped,FBA,Amazon.com,Standard,CUST-00361,MI,Detroit,78298,US,USD,0.0,0.0,30.15
114-3232725-1403103,2026-04-20,06:23:03,Shipped,FBA,Amazon.com,Two-Day,CUST-01635,TN,Nashville,59803,US,USD,0.0,0.0,112.96
114-3923638-7025942,2026-04-20,00:25:36,Pending,FBA,Amazon.com,Standard,CUST-00017,NY,New York,11567,US,USD,0.0,2.57,129.54
114-6970859-4410904,2026-04-20,17:42:54,Shipped,FBA,Amazon.com,Expedited,CUST-00761,OH,Cincinnati,22221,US,USD,0.0,0.0,29.15
114-6987578-2612121,2026-04-20,15:14:27,Pending,FBA,Amazon.com,Standard,CUST-00942,CA,Sacramento,64432,US,USD,0.0,0.0,54.16
114-9414386-9630520,2026-04-20,04:12:40,Shipped,FBM,Amazon.com,Standard,CUST-01052,AR,Centerville,97586,US,USD,4.13,0.0,14.81
114-1721598-3628850,2026-04-21,15:37:55,Shipped,FBA,Amazon.com,Two-Day,CUST-00219,CT,Fairview,68034,US,USD,0.0,0.0,55.67
114-5143130-6014853,2026-04-21,22:52:25,Shipped,FBA,Amazon.com,Two-Day,CUST-00655,PA,Pittsburgh,62944,US,USD,0.0,0.0,11.7
114-6644374-8880042,2026-04-21,02:05:33,Shipped,FBA,Amazon.com,Standard,CUST-01354,IN,Centerville,35873,US,USD,0.0,0.0,127.7
114-1462630-3338312,2026-04-22,08:31:35,Shipped,FBA,Amazon.com,Standard,CUST-01068,IL,Chicago,34258,US,USD,0.0,0.0,50.86
114-2239931-2000082,2026-04-22,00:27:11,Shipped,FBA,Amazon.com,Standard,CUST-00577,KY,Fairview,94466,US,USD,0.0,0.0,31.9
114-3261128-1559846,2026-04-22,14:04:12,Unshipped,FBM,Amazon.com,Standard,CUST-01356,NC,Durham,10064,US,USD,4.61,1.79,224.89
114-3745284-4574422,2026-04-22,01:34:05,Shipped,FBA,Amazon.com,Two-Day,CUST-01798,CA,San Diego,94929,US,USD,0.0,0.0,64.56
114-6096719-8618893,2026-04-22,07:12:21,Shipped,FBM,Amazon.com,Standard,CUST-01317,NC,Durham,40765,US,USD,5.25,0.0,24.5
114-4357362-8284827,2026-04-23,20:36:42,Shipped,FBA,Amazon.com,Two-Day,CUST-00959,WI,Springfield,29252,US,USD,0.0,1.77,87.54
114-6792919-4374218,2026-04-23,03:49:09,Shipped,FBA,Amazon.com,Two-Day,CUST-00109,AL,Fairview,70853,US,USD,0.0,0.0,194.15
114-7542143-2734987,2026-04-23,16:09:54,Shipped,FBM,Amazon.com,Standard,CUST-01001,CO,Georgetown,11883,US,USD,7.1,0.0,58.45
114-8507869-2401931,2026-04-23,07:08:21,Shipped,FBA,Amazon.com,Two-Day,CUST-01250,CA,San Jose,65584,US,USD,0.0,0.0,22.81
114-9293832-9317850,2026-04-23,22:15:02,Canceled,FBM,Amazon.com,Standard,CUST-01609,GA,Augusta,28591,US,USD,6.23,0.0,129.35
114-2473857-2101195,2026-04-24,12:19:38,Shipped,FBM,Amazon.com,Standard,CUST-01707,PA,Pittsburgh,68974,US,USD,7.05,0.0,96.78
114-4774541-1890567,2026-04-24,22:44:55,Shipped,FBA,Amazon.com,Expedited,CUST-01052,AR,Centerville,97586,US,USD,0.0,0.0,40.54
114-5523262-7733562,2026-04-24,15:54:00,Shipped,FBA,Amazon.com,Standard,CUST-00689,MI,Grand Rapids,12440,US,USD,0.0,0.0,28.25
114-6001552-3621790,2026-04-24,15:49:12,Shipped,FBM,Amazon.com,Standard,CUST-00347,IL,Springfield,53399,US,USD,6.58,0.0,56.6
114-1851844-2324391,2026-04-25,04:29:38,Shipped,FBA,Amazon.com,Two-Day,CUST-00335,OR,Georgetown,17149,US,USD,0.0,5.76,178.43
114-1929478-6219672,2026-04-25,23:39:30,Shipped,FBA,Amazon.com,Standard,CUST-01289,GA,Savannah,15799,US,USD,0.0,0.0,29.77
114-2835292-9287806,2026-04-25,12:54:12,Pending,FBA,Amazon.com,Two-Day,CUST-01588,AZ,Tucson,75100,US,USD,0.0,0.0,178.86
114-3903916-2512855,2026-04-25,14:04:44,Canceled,FBA,Amazon.com,Two-Day,CUST-01085,UT,Centerville,56170,US,USD,0.0,0.0,51.35
114-3903916-2512855,2026-04-25,14:04:44,Canceled,FBA,Amazon.com,Two-Day,CUST-01085,UT,Centerville,56170,US,USD,0.0,0.0,51.35
114-5651461-7512363,2026-04-25,06:44:43,Shipped,FBA,Amazon.com,Two-Day,CUST-00754,WY,Riverside,72185,US,USD,0.0,7.94,184.53
114-6037440-7351273,2026-04-25,20:39:11,Shipped,FBA,Amazon.com,Two-Day,CUST-01357,GA,Macon,77397,US,USD,0.0,0.0,243.18
114-7183138-3335391,2026-04-25,08:11:10,Shipped,FBM,Amazon.com,Expedited,CUST-00244,SC,Fairview,86928,US,USD,5.43,1.42,184.78
114-8462902-5129209,2026-04-25,16:54:04,Shipped,FBA,Amazon.com,Two-Day,CUST-01666,IL,Peoria,46506,US,USD,0.0,7.19,98.66
114-2554938-6010189,2026-04-26,17:25:30,Canceled,FBA,Amazon.com,Two-Day,CUST-01221,CA,Fresno,85523,US,USD,0.0,0.0,276.1
114-3121094-5034633,2026-04-26,10:35:08,Pending,FBM,Amazon.com,Standard,CUST-00452,CA,Los Angeles,83100,US,USD,6.42,0.0,21.05
114-3774886-7327602,2026-04-26,00:29:51,Shipped,FBM,Amazon.com,Scheduled,CUST-00144,AK,Springfield,42943,US,USD,5.51,1.01,64.18
114-3931337-3363306,2026-04-26,18:29:29,Shipped,FBA,Amazon.com,Standard,CUST-00366,NJ,Trenton,32939,US,USD,0.0,0.0,106.41
114-4695683-8314955,2026-04-26,16:01:22,Shipped,FBM,Amazon.com,Standard,CUST-01188,AK,Centerville,78044,US,USD,4.26,0.94,126.26
114-5439291-2149728,2026-04-26,06:16:44,Shipped,FBA,Amazon.com,Standard,CUST-00120,TX,Austin,52026,US,USD,0.0,0.0,60.29
114-6197128-4078929,2026-04-26,20:36:50,Shipped,FBA,Amazon.com,Standard,CUST-00313,WI,Riverside,90997,US,USD,0.0,0.0,116.83
114-6413216-1367543,2026-04-26,22:48:04,Shipped,FBM,Amazon.com,Standard,CUST-00733,PA,Philadelphia,13890,US,USD,6.27,0.0,30.53
114-6925277-3655374,2026-04-26,04:03:05,Shipped,FBA,Amazon.com,Standard,CUST-01751,AL,Fairview,54952,US,USD,0.0,0.0,81.06
114-8296545-8236684,2026-04-26,11:31:48,Shipped,FBA,Amazon.com,Two-Day,CUST-00734,PA,Allentown,82680,US,USD,0.0,0.0,89.73
114-8625045-4305201,2026-04-26,20:01:08,Shipped,FBA,Amazon.com,Two-Day,CUST-00157,MO,Georgetown,79888,US,USD,0.0,0.0,62.87
114-1193127-7280212,2026-04-27,07:42:28,Shipped,FBA,Amazon.com,Two-Day,CUST-00389,UT,,21866,US,USD,0.0,0.0,209.08
114-3893887-4631920,2026-04-27,23:36:48,Shipped,FBA,Amazon.com,Two-Day,CUST-01107,WI,Centerville,65683,US,USD,0.0,0.0,109.5
114-4733815-3371215,2026-04-27,22:30:18,Shipped,FBM,Amazon.com,Expedited,CUST-01436,IA,Springfield,93631,US,USD,5.86,0.0,30.55
114-5301693-5572893,2026-04-27,10:21:56,Shipped,FBM,Amazon.com,Standard,CUST-01746,MO,Springfield,16411,US,USD,4.47,0.0,32.83
114-5469467-5150050,2026-04-27,18:26:37,Shipped,FBA,Amazon.com,Standard,CUST-00195,MA,Springfield,31983,US,USD,0.0,0.0,31.54
114-1971410-9652861,2026-04-28,21:10:42,Shipped,FBA,Amazon.com,Two-Day,CUST-00964,NY,Albany,30552,US,USD,0.0,0.0,20.29
114-7952109-6748707,2026-04-28,01:07:27,Shipped,FBA,Amazon.com,Expedited,CUST-00163,IA,Fairview,89503,US,USD,0.0,0.0,51.35
114-8960987-1993789,2026-04-28,06:30:39,Shipped,FBM,Amazon.com,Expedited,CUST-01724,MD,Georgetown,42151,US,USD,6.87,0.0,84.77
114-3712555-5012303,2026-04-29,07:55:15,Shipped,FBA,Amazon.com,Two-Day,CUST-01291,MD,Riverside,62194,US,USD,0.0,6.79,148.37
114-5042799-9120577,2026-04-29,12:49:27,Shipped,FBA,Amazon.com,Two-Day,CUST-00033,TN,Knoxville,17806,US,USD,0.0,0.0,40.21
114-9674575-2355772,2026-04-29,10:23:32,Canceled,FBA,Amazon.com,Standard,CUST-00376,ID,Centerville,98538,US,USD,0.0,0.0,165.92
114-8055575-9311162,2026-04-30,11:45:56,Unshipped,FBA,Amazon.com,Two-Day,CUST-01754,TN,Chattanooga,87460,US,USD,0.0,0.0,109.5
114-2221178-1398117,2026-05-01,20:08:35,Shipped,FBM,Amazon.com,Standard,CUST-01322,GA,Savannah,62435,US,USD,5.14,0.0,300.75
114-4082674-4083007,2026-05-01,20:58:29,Shipped,FBA,Amazon.com,Two-Day,CUST-00065,MN,Riverside,16460,US,USD,0.0,0.0,63.85
114-4971964-3122388,2026-05-01,09:05:35,Shipped,FBA,Amazon.com,Two-Day,CUST-00661,CA,Los Angeles,16256,US,USD,0.0,0.0,105.95
114-5802618-2436920,2026-05-01,09:01:45,Shipped,FBA,Amazon.com,Standard,CUST-00400,AZ,Scottsdale,89242,US,USD,0.0,0.0,191.57
114-8469790-4438871,2026-05-01,09:28:57,Pending,FBA,Amazon.com,Two-Day,CUST-00726,CO,Georgetown,96203,US,USD,0.0,0.0,73.16
114-9978269-1972828,2026-05-01,13:33:03,Shipped,FBA,Amazon.com,Two-Day,CUST-00437,NJ,Newark,35309,US,USD,0.0,0.0,51.35
114-1055772-5179822,2026-05-02,10:45:43,Canceled,FBA,Amazon.com,Standard,CUST-00605,MA,Worcester,64580,US,USD,0.0,0.0,198.19
114-3461593-2608802,2026-05-02,17:57:43,Shipped,FBM,Amazon.com,Standard,CUST-01107,WI,Centerville,65683,US,USD,7.86,0.0,21.3
114-5227221-2487812,2026-05-02,13:23:36,Shipped,FBA,Amazon.com,Two-Day,CUST-00194,CO,Centerville,88753,US,USD,0.0,0.0,52.27
114-7599665-4967879,2026-05-02,20:27:17,Shipped,FBA,Amazon.com,Two-Day,CUST-00161,HI,Centerville,51471,US,USD,0.0,0.0,103.75
114-2013269-4802646,2026-05-03,13:09:30,Shipped,FBA,Amazon.com,Two-Day,CUST-01034,IL,Chicago,77024,US,USD,0.0,0.0,48.62
114-2684394-6985812,2026-05-03,20:27:12,Shipped,FBA,Amazon.com,Two-Day,CUST-00247,NM,Georgetown,20911,US,USD,0.0,0.0,14.63
114-5383532-1060401,2026-05-03,10:42:19,Shipped,FBA,Amazon.com,Two-Day,CUST-00824,OH,Toledo,72027,US,USD,0.0,0.0,30.93
114-7503458-7120279,2026-05-03,02:00:08,Shipped,FBA,Amazon.com,Standard,CUST-00550,TX,Austin,96214,US,USD,0.0,0.0,36.27
114-7503458-7120279,2026-05-03,02:00:08,Shipped,FBA,Amazon.com,Standard,CUST-00550,TX,Austin,96214,US,USD,0.0,0.0,36.27
114-7695337-6340983,2026-05-03,11:14:40,Canceled,FBA,Amazon.com,Two-Day,CUST-00108,HI,Springfield,77070,US,USD,0.0,0.0,29.15
114-9912949-8290749,2026-05-03,23:29:43,Shipped,FBA,Amazon.com,Expedited,CUST-01454,TX,Fort Worth,84725,US,USD,0.0,0.0,146.54
114-1531957-2020595,2026-05-04,14:05:01,Shipped,FBA,Amazon.com,Two-Day,CUST-00922,AZ,Scottsdale,99744,US,USD,0.0,0.0,63.85
114-4199215-2034085,2026-05-04,09:11:34,Shipped,FBA,Amazon.com,Standard,CUST-01732,CT,Centerville,20863,US,USD,0.0,0.0,31.9
114-4484528-5272877,2026-05-04,10:32:11,Shipped,FBM,Amazon.com,Standard,CUST-01146,LA,Springfield,40815,US,USD,4.99,0.0,15.67
114-4696679-6218535,2026-05-04,05:06:44,Shipped,FBA,Amazon.com,Expedited,CUST-00305,NJ,Jersey City,83553,US,USD,0.0,4.86,113.3
114-5391558-3123410,2026-05-04,10:07:53,Shipped,FBM,Amazon.com,Standard,CUST-00063,TX,Dallas,60206,US,USD,4.91,0.0,109.05
114-5558231-1571260,2026-05-04,10:29:51,Shipped,FBA,Amazon.com,Two-Day,CUST-01588,AZ,Tucson,75100,US,USD,0.0,0.0,206.06
114-9636136-8143682,2026-05-04,06:39:34,Shipped,FBA,Amazon.com,Expedited,CUST-00870,TX,Dallas,60040,US,USD,0.0,0.0,48.76
114-5718376-5309477,2026-05-05,01:27:58,Shipped,FBA,Amazon.com,Two-Day,CUST-01015,NC,Charlotte,92764,US,USD,0.0,10.3,276.82
114-7058540-8778136,2026-05-05,01:35:00,Shipped,FBA,Amazon.com,Standard,CUST-00301,PA,Pittsburgh,30079,US,USD,0.0,0.0,108.5
114-7916680-6005378,2026-05-05,02:29:10,Shipped,FBA,Amazon.com,Standard,CUST-01726,MA,Worcester,38698,US,USD,0.0,0.0,14.63
114-3000237-7026084,2026-05-06,04:52:22,Pending,FBA,Amazon.com,Two-Day,CUST-00689,MI,Grand Rapids,12440,US,USD,0.0,0.0,102.7
114-5796087-2774490,2026-05-06,00:47:50,Shipped,FBA,Amazon.com,Two-Day,CUST-00175,TX,Austin,57020,US,USD,0.0,0.0,62.76
114-5917035-2814314,2026-05-06,03:32:13,Pending,FBA,Amazon.com,Standard,CUST-01370,LA,Fairview,24003,US,USD,0.0,0.0,32.0
114-7952409-6613697,2026-05-06,13:14:20,Shipped,FBA,Amazon.com,Two-Day,CUST-00156,UT,Centerville,15747,US,USD,0.0,0.0,25.43
114-1453692-5351292,2026-05-07,08:55:10,Shipped,FBM,Amazon.com,Expedited,CUST-00597,FL,Miami,51591,US,USD,7.1,15.72,462.65
114-2077282-2639351,2026-05-07,20:33:56,Shipped,FBA,Amazon.com,Two-Day,CUST-00018,OR,Springfield,86326,US,USD,0.0,0.0,29.77
114-2674810-5391339,2026-05-07,13:08:41,Shipped,FBA,Amazon.com,Standard,CUST-00753,IL,Chicago,71866,US,USD,0.0,0.0,56.72
114-3080016-9885419,2026-05-07,17:45:59,Unshipped,FBA,Amazon.com,Two-Day,CUST-00445,NC,Durham,52498,US,USD,0.0,0.0,13.44
114-3200421-1054490,2026-05-07,12:48:38,Unshipped,FBA,Amazon.com,Two-Day,CUST-01772,OH,Cleveland,31957,US,USD,0.0,0.0,86.36
114-5030711-7984140,2026-05-07,18:21:39,Shipped,FBA,Amazon.com,Two-Day,CUST-00601,NC,Charlotte,71636,US,USD,0.0,0.0,34.22
114-6624922-6033522,2026-05-07,21:58:32,Shipped,FBA,Amazon.com,Two-Day,CUST-00347,IL,Springfield,53399,US,USD,0.0,0.0,35.68
114-7193765-5521004,2026-05-07,16:40:54,Shipped,FBA,Amazon.com,Standard,CUST-00981,CA,San Francisco,43557,US,USD,0.0,0.0,136.73
114-8445699-4750466,2026-05-07,06:37:26,Shipped,FBA,Amazon.com,Two-Day,CUST-00502,FL,Miami,87421,US,USD,0.0,0.0,157.21
114-9293338-8904597,2026-05-07,00:04:14,Shipped,FBA,Amazon.com,Two-Day,CUST-01102,TX,Houston,72094,US,USD,0.0,0.0,104.54
114-1795275-8866212,2026-05-08,10:59:21,Shipped,FBA,Amazon.com,Two-Day,CUST-00889,WI,Georgetown,15551,US,USD,0.0,0.0,78.25
114-3755177-1613785,2026-05-08,19:09:43,Shipped,FBA,Amazon.com,Standard,CUST-00891,NV,Centerville,59688,US,USD,0.0,0.0,41.44
114-5160391-8452557,2026-05-08,12:30:44,Shipped,FBA,Amazon.com,Two-Day,CUST-00035,WI,Riverside,30644,US,USD,0.0,0.0,29.77
114-1001558-8165644,2026-05-09,07:47:02,Shipped,FBA,Amazon.com,Expedited,CUST-01492,MD,Riverside,39041,US,USD,0.0,0.0,454.72
114-3917492-1538072,2026-05-09,07:57:26,Shipped,FBA,Amazon.com,Standard,CUST-00734,PA,Allentown,82680,US,USD,0.0,2.9,86.08
114-5486857-3592999,2026-05-09,23:32:56,Shipped,FBA,Amazon.com,Two-Day,CUST-01523,IL,Naperville,68062,US,USD,0.0,0.0,137.41
114-8722037-1311186,2026-05-09,12:29:42,Shipped,FBA,Amazon.com,Standard,CUST-01688,NM,Springfield,69276,US,USD,0.0,2.71,67.09
114-1335798-1083319,2026-05-10,23:53:51,Shipped,FBA,Amazon.com,Two-Day,CUST-00507,PA,Pittsburgh,13728,US,USD,0.0,0.0,45.56
114-2305807-5830537,2026-05-10,18:39:02,Shipped,FBA,Amazon.com,Standard,CUST-01057,VA,Arlington,95890,US,USD,0.0,0.0,29.77
114-3106549-9628927,2026-05-10,23:04:02,Shipped,FBM,Amazon.com,Standard,CUST-00225,NY,Syracuse,56665,US,USD,5.97,0.0,62.68
114-7949242-8996438,2026-05-10,09:43:51,Shipped,FBM,Amazon.com,Standard,CUST-01293,CT,Georgetown,60330,US,USD,4.37,0.0,50.74
114-8247643-8530042,2026-05-10,13:23:56,Shipped,FBA,Amazon.com,Two-Day,CUST-01355,MA,Cambridge,24617,US,USD,0.0,4.97,165.82
114-9073715-3889643,2026-05-10,05:40:24,Canceled,FBM,Amazon.com,Standard,CUST-01349,WA,Bellevue,84278,US,USD,5.69,0.0,59.85
114-9864166-3087855,2026-05-10,16:47:09,Canceled,FBM,Amazon.com,Standard,CUST-01042,CO,Fairview,12337,US,USD,4.94,0.0,74.86
114-1638664-8503815,2026-05-11,08:35:51,Shipped,FBA,Amazon.com,Two-Day,CUST-01584,TX,Austin,46169,US,USD,0.0,0.0,21.36
114-5904897-4164842,2026-05-11,23:42:34,Shipped,FBA,Amazon.com,Two-Day,CUST-00142,TX,Fort Worth,60972,US,USD,0.0,4.15,157.24
114-7592081-4948005,2026-05-11,14:11:50,Shipped,FBA,Amazon.com,Two-Day,CUST-00302,AL,Georgetown,76155,US,USD,0.0,0.0,129.79
114-9950854-6348335,2026-05-11,04:56:18,Shipped,FBM,Amazon.com,Expedited,CUST-00972,VA,Richmond,98432,US,USD,5.28,0.0,384.98
114-2274272-2746373,2026-05-12,21:50:03,Shipped,FBA,Amazon.com,Two-Day,CUST-00078,SC,Centerville,43029,US,USD,0.0,0.0,119.08
114-5331176-4154776,2026-05-12,09:18:37,Shipped,FBM,Amazon.com,Expedited,CUST-01138,TN,Nashville,41217,US,USD,6.95,0.0,270.74
114-6528371-7766698,2026-05-12,04:44:32,Shipped,FBA,Amazon.com,Standard,CUST-01102,TX,Houston,72094,US,USD,0.0,0.0,34.22
114-7180332-3900066,2026-05-12,17:05:06,Shipped,FBM,Amazon.com,Standard,CUST-00081,MD,Fairview,46291,US,USD,6.77,0.0,26.24
114-1985840-2339450,2026-05-13,14:42:55,Shipped,FBA,Amazon.com,Two-Day,CUST-00533,MD,Springfield,25626,US,USD,0.0,0.0,149.62
114-2904455-6633895,2026-05-13,01:50:56,Shipped,FBM,Amazon.com,Standard,CUST-00047,ID,Georgetown,66911,US,USD,5.08,12.93,84.15
114-3098869-1569674,2026-05-13,00:28:39,Shipped,FBA,Amazon.com,Standard,CUST-01117,NM,Springfield,18116,US,USD,0.0,0.0,89.73
114-3378394-3114701,2026-05-13,05:07:38,Shipped,FBA,Amazon.com,Expedited,CUST-00314,MI,Ann Arbor,24141,US,USD,0.0,0.0,21.32
114-3574710-7202409,2026-05-13,05:49:55,Shipped,FBA,Amazon.com,Two-Day,CUST-00786,WA,Tacoma,52384,US,USD,0.0,0.0,81.06
114-4460803-5075122,2026-05-13,21:10:52,Shipped,FBA,Amazon.com,Standard,CUST-00955,FL,Miami,17808,US,USD,0.0,0.0,107.91
114-4904235-2808399,2026-05-13,16:40:48,Shipped,FBA,Amazon.com,Standard,CUST-01237,SC,Riverside,71668,US,USD,0.0,0.0,70.98
114-6203772-6163197,2026-05-13,12:18:31,Shipped,FBA,Amazon.com,Two-Day,CUST-01003,GA,Augusta,24860,US,USD,0.0,2.84,48.96
114-6455993-2490530,2026-05-13,05:47:49,Shipped,FBA,Amazon.com,Standard,CUST-00438,DC,Fairview,75494,US,USD,0.0,0.0,46.0
114-7223817-6017911,2026-05-13,13:35:12,Pending,FBM,Amazon.com,Expedited,CUST-00340,IN,Georgetown,30958,US,USD,6.81,5.17,310.15
114-4242543-3987058,2026-05-14,21:18:32,Shipped,FBA,Amazon.com,Standard,CUST-01565,FL,Tampa,54212,US,USD,0.0,0.0,25.31
114-5080844-1649295,2026-05-14,02:09:48,Pending,FBM,Amazon.com,Standard,CUST-00908,MA,Cambridge,15028,US,USD,5.42,0.0,19.04
114-8537227-2851809,2026-05-14,03:10:54,Shipped,FBM,Amazon.com,Standard,CUST-01042,CO,Fairview,12337,US,USD,7.23,0.0,335.73
114-9163182-1665524,2026-05-14,10:41:23,Unshipped,FBA,Amazon.com,Two-Day,CUST-00869,KS,Riverside,87566,US,USD,0.0,0.0,154.24
114-9446439-9698482,2026-05-14,14:48:18,Unshipped,FBA,Amazon.com,Two-Day,CUST-00904,VA,Norfolk,66317,US,USD,0.0,0.0,34.7
114-2487689-7334004,2026-05-15,13:46:51,Shipped,FBA,Amazon.com,Two-Day,CUST-00438,DC,Fairview,75494,US,USD,0.0,0.0,62.14
114-3819640-2182712,2026-05-15,19:32:20,Shipped,FBA,Amazon.com,Two-Day,CUST-00681,CA,San Jose,36975,US,USD,0.0,0.0,29.77
114-5265122-8339610,2026-05-15,01:17:25,Shipped,FBM,Amazon.com,Standard,CUST-00029,DE,Riverside,33081,US,USD,4.59,0.0,32.55
114-5524988-1561089,2026-05-15,07:22:12,Shipped,FBA,Amazon.com,Two-Day,CUST-00700,MN,Springfield,80601,US,USD,0.0,0.0,180.0
114-7309274-4134515,2026-05-15,00:36:06,Pending,FBA,Amazon.com,Two-Day,CUST-01227,VA,Arlington,43033,US,USD,0.0,0.0,99.63
114-9667024-7173977,2026-05-15,07:17:53,Shipped,FBM,Amazon.com,Standard,CUST-00034,MA,Boston,58967,US,USD,7.54,0.0,142.72
114-4320375-5317522,2026-05-16,00:10:16,Shipped,FBA,Amazon.com,Two-Day,CUST-00050,CA,Sacramento,72957,US,USD,0.0,0.0,103.75
114-5171258-2868960,2026-05-16,11:03:30,Shipped,FBM,Amazon.com,Standard,CUST-01012,GA,Augusta,53920,US,USD,4.01,0.0,33.16
114-7093744-9760228,2026-05-16,05:57:26,Shipped,FBA,Amazon.com,Two-Day,CUST-01706,OH,Toledo,49258,US,USD,0.0,12.72,77.01
114-7500548-2717350,2026-05-16,10:42:23,Shipped,FBA,Amazon.com,Expedited,CUST-01657,UT,Fairview,61724,US,USD,0.0,0.0,64.98
114-7932270-9366306,2026-05-16,19:56:03,Shipped,FBM,Amazon.com,Expedited,CUST-00525,TN,Nashville,79315,US,USD,5.81,0.0,26.53
114-1140408-7079087,2026-05-17,20:46:24,Shipped,FBM,Amazon.com,Standard,CUST-01304,CA,Fresno,93599,US,USD,7.08,0.0,85.92
114-1951051-8280452,2026-05-17,00:03:28,Shipped,FBM,Amazon.com,Expedited,CUST-01704,MO,Centerville,42955,US,USD,5.12,0.0,113.03
114-2844917-9179455,2026-05-17,00:21:54,Shipped,FBA,Amazon.com,Standard,CUST-01052,AR,Centerville,97586,US,USD,0.0,0.0,24.09
114-2920040-2245952,2026-05-17,10:10:07,Shipped,FBA,Amazon.com,Two-Day,CUST-00550,TX,Austin,96214,US,USD,0.0,0.0,32.0
114-3088644-9761967,2026-05-17,17:23:21,Shipped,FBA,Amazon.com,Two-Day,CUST-00759,MA,Springfield,84473,US,USD,0.0,0.0,40.21
114-5578113-6618742,2026-05-17,19:33:17,Pending,FBA,Amazon.com,Two-Day,CUST-00685,OR,Riverside,17721,US,USD,0.0,0.0,103.75
114-7645925-6528997,2026-05-17,04:14:25,Shipped,FBA,Amazon.com,Two-Day,CUST-00008,ND,Riverside,78125,US,USD,0.0,0.0,82.74
114-7721793-1175540,2026-05-17,14:41:35,Shipped,FBA,Amazon.com,Two-Day,CUST-01473,TX,San Antonio,66408,US,USD,0.0,0.0,140.3
114-2475212-5442304,2026-05-18,15:21:59,Shipped,FBA,Amazon.com,Two-Day,CUST-00943,HI,Fairview,95899,US,USD,0.0,4.64,81.64
114-5083016-2639784,2026-05-18,13:48:34,Shipped,FBM,Amazon.com,Standard,CUST-00985,WY,Riverside,83505,US,USD,4.64,0.0,142.33
114-5201372-4003446,2026-05-18,13:27:31,Shipped,FBA,Amazon.com,Expedited,CUST-01445,GA,Augusta,56186,US,USD,0.0,0.0,12.84
114-7954879-6653954,2026-05-18,03:40:43,Shipped,FBM,Amazon.com,Standard,CUST-01565,FL,Tampa,54212,US,USD,6.2,14.59,94.31
114-8094894-6166727,2026-05-18,07:56:05,Shipped,FBA,Amazon.com,Two-Day,CUST-01717,OH,Cincinnati,28868,US,USD,0.0,0.0,51.35
114-4229252-7714470,2026-05-19,15:42:55,Shipped,FBA,Amazon.com,Two-Day,CUST-01236,OH,Cincinnati,27739,US,USD,0.0,0.0,109.5
114-5736888-7394513,2026-05-19,07:57:40,Canceled,FBA,Amazon.com,Expedited,CUST-00640,CA,Fresno,30788,US,USD,0.0,0.0,32.0
114-6580507-5379489,2026-05-19,05:03:21,Shipped,FBM,Amazon.com,Standard,CUST-00762,MD,Centerville,13517,US,USD,7.8,3.43,117.43
114-6991540-1323477,2026-05-19,23:13:08,Shipped,FBA,Amazon.com,Two-Day,CUST-00604,MS,Fairview,83825,US,USD,0.0,0.0,103.75
114-7551810-5438300,2026-05-19,04:24:19,Shipped,FBM,Amazon.com,Standard,CUST-00901,WV,Fairview,25570,US,USD,5.21,0.0,17.44
114-7818750-7070827,2026-05-19,03:51:18,Shipped,FBA,Amazon.com,Two-Day,CUST-00177,FL,Miami,76476,US,USD,0.0,0.0,54.55
114-8386580-2087206,2026-05-19,06:24:28,Shipped,FBM,Amazon.com,Standard,CUST-01449,AL,Riverside,60160,US,USD,7.25,0.0,331.49
114-3246423-1946936,2026-05-20,00:24:11,Shipped,FBA,Amazon.com,Two-Day,CUST-00280,TX,San Antonio,14099,US,USD,0.0,0.0,21.32
114-3276586-7369059,2026-05-20,11:22:03,Shipped,FBA,Amazon.com,Expedited,CUST-01234,NC,Greensboro,90622,US,USD,0.0,0.0,81.06
114-3743058-7327245,2026-05-20,06:43:55,Shipped,FBA,Amazon.com,Two-Day,CUST-01363,PA,Allentown,30498,US,USD,0.0,0.0,107.91
114-3842237-5560703,2026-05-20,22:20:26,Pending,FBM,Amazon.com,Standard,CUST-00741,ND,Georgetown,18503,US,USD,7.93,0.0,72.72
114-4664158-2154009,2026-05-20,17:35:23,Shipped,FBA,Amazon.com,Two-Day,CUST-00388,AZ,Phoenix,88415,US,USD,0.0,0.0,28.36
114-5344883-5749869,2026-05-20,01:27:54,Shipped,FBA,Amazon.com,Expedited,CUST-01611,TX,Fort Worth,45800,US,USD,0.0,0.0,137.65
114-5387900-7260124,2026-05-20,03:01:56,Pending,FBA,Amazon.com,Standard,CUST-00761,OH,Cincinnati,22221,US,USD,0.0,2.63,86.63
114-7532672-1444760,2026-05-20,15:59:44,Shipped,FBA,Amazon.com,Two-Day,CUST-01039,FL,Fort Lauderdale,97994,US,USD,0.0,0.0,75.67
114-8835009-9824026,2026-05-20,22:37:30,Shipped,FBA,Amazon.com,Expedited,CUST-00619,VA,Virginia Beach,77294,US,USD,0.0,0.0,54.55
114-9435412-7414059,2026-05-20,18:21:59,Shipped,FBM,Amazon.com,Standard,CUST-01635,TN,Nashville,59803,US,USD,4.82,0.0,33.18
114-9470588-9332679,2026-05-20,00:00:58,Shipped,FBA,Amazon.com,Two-Day,CUST-01564,IN,Riverside,29796,US,USD,0.0,0.0,22.81
114-1387017-3473294,2026-05-21,00:26:50,Shipped,FBM,Amazon.com,Scheduled,CUST-00318,IL,Chicago,92023,US,USD,5.59,0.0,20.22
114-3651430-1948263,2026-05-21,06:16:56,Shipped,FBM,Amazon.com,Standard,CUST-00693,ND,Springfield,73201,US,USD,4.77,0.0,149.19
114-3851484-5500547,2026-05-21,19:51:05,Shipped,FBA,Amazon.com,Two-Day,CUST-00011,IA,Fairview,69343,US,USD,0.0,0.0,29.77
114-4549300-4487113,2026-05-21,03:57:10,Shipped,FBA,Amazon.com,Standard,CUST-01089,WV,Riverside,83912,US,USD,0.0,0.0,29.77
114-4698887-2502424,2026-05-21,08:53:58,Shipped,FBA,Amazon.com,Standard,CUST-01499,MN,Riverside,19243,US,USD,0.0,0.0,32.0
114-7515937-2138038,2026-05-21,10:33:59,Shipped,FBA,Amazon.com,Standard,CUST-01359,PA,Erie,10854,US,USD,0.0,0.0,57.15
114-8104723-3330234,2026-05-21,10:31:56,Shipped,FBA,Amazon.com,Standard,CUST-00041,FL,Tampa,68540,US,USD,0.0,0.0,34.7
114-9936887-9307309,2026-05-21,05:27:53,Shipped,FBA,Amazon.com,Two-Day,CUST-01737,UT,Springfield,45039,US,USD,0.0,1.27,40.79
114-1894881-4659331,2026-05-22,11:57:27,Shipped,FBA,Amazon.com,Standard,CUST-00612,TX,San Antonio,25807,US,USD,0.0,0.0,11.7
114-4215341-1993007,2026-05-22,11:06:32,Unshipped,FBA,Amazon.com,Two-Day,CUST-01233,CT,Centerville,11213,US,USD,0.0,0.0,46.0
114-4365016-5208028,2026-05-22,23:01:18,Pending,FBA,Amazon.com,Two-Day,CUST-00090,VA,Virginia Beach,29762,US,USD,0.0,0.0,30.93
114-4710608-6612499,2026-05-22,11:39:01,Shipped,FBA,Amazon.com,Two-Day,CUST-00049,PA,Erie,30131,US,USD,0.0,0.0,63.8
114-4916504-9745409,2026-05-22,13:20:50,Shipped,FBA,Amazon.com,Standard,CUST-01177,TX,Austin,92920,US,USD,0.0,0.0,103.75
114-5005083-3825669,2026-05-22,08:57:41,Shipped,FBA,Amazon.com,Expedited,CUST-01723,NE,Fairview,79036,US,USD,0.0,0.0,104.54
114-5444428-7793676,2026-05-22,17:37:34,Shipped,FBA,Amazon.com,Standard,CUST-01718,NH,Riverside,15490,US,USD,0.0,0.0,281.25
114-7499412-5836424,2026-05-22,19:39:33,Shipped,FBA,Amazon.com,Two-Day,CUST-01160,NY,Buffalo,92619,US,USD,0.0,0.0,43.18
114-2419946-7379809,2026-05-23,05:56:23,Shipped,FBA,Amazon.com,Two-Day,CUST-01706,OH,Toledo,49258,US,USD,0.0,0.0,156.81
114-5281142-6693407,2026-05-23,02:01:37,Shipped,FBA,Amazon.com,Two-Day,CUST-00930,PA,Pittsburgh,46659,US,USD,0.0,0.0,80.75
114-6180257-4406031,2026-05-23,20:21:11,Shipped,FBA,Amazon.com,Two-Day,CUST-01423,NY,Buffalo,93218,US,USD,0.0,0.0,154.05
114-7629333-8881363,2026-05-23,01:56:50,Shipped,FBA,Amazon.com,Expedited,CUST-00381,GA,Macon,73898,US,USD,0.0,0.0,186.47
114-9196420-5605983,2026-05-23,08:21:14,Shipped,FBA,Amazon.com,Two-Day,CUST-00866,FL,Fort Lauderdale,48456,US,USD,0.0,0.0,277.93
114-1025295-4279979,2026-05-24,00:55:23,Shipped,FBA,Amazon.com,Two-Day,CUST-01452,AZ,Tucson,22237,US,USD,0.0,4.88,77.64
114-2418908-6431664,2026-05-24,19:30:48,Shipped,FBM,Amazon.com,Standard,CUST-01523,IL,Naperville,68062,US,USD,4.13,7.13,49.95
114-2875461-4489643,2026-05-24,19:43:29,Shipped,FBA,Amazon.com,Standard,CUST-00109,AL,Fairview,70853,US,USD,0.0,0.0,66.14
114-3884191-5832175,2026-05-24,05:47:31,Shipped,FBA,Amazon.com,Expedited,CUST-01429,MA,Springfield,28407,US,USD,0.0,0.0,181.86
114-8012629-1920950,2026-05-24,10:14:29,Shipped,FBA,Amazon.com,Two-Day,CUST-00019,NH,Centerville,26880,US,USD,0.0,0.0,11.7
114-8541891-4953289,2026-05-24,06:40:56,Shipped,FBA,Amazon.com,Standard,CUST-01131,AL,Centerville,19556,US,USD,0.0,0.0,107.91
114-8650185-4334079,2026-05-24,13:05:57,Canceled,FBM,Amazon.com,Standard,CUST-00634,MI,Lansing,67177,US,USD,5.19,0.0,26.85
114-1263401-1357191,2026-05-25,01:13:01,Shipped,FBM,Amazon.com,Standard,CUST-00349,MN,Georgetown,57210,US,USD,5.67,0.0,73.17
114-4290868-1766356,2026-05-25,11:42:40,Pending,FBA,Amazon.com,Two-Day,CUST-01129,CA,San Jose,95620,US,USD,0.0,0.0,227.01
114-5669647-1202997,2026-05-25,21:18:46,Shipped,FBA,Amazon.com,Two-Day,CUST-01260,NV,Riverside,44948,US,USD,0.0,0.0,19.86
114-6626848-5165129,2026-05-25,16:44:06,Shipped,FBA,Amazon.com,Two-Day,CUST-00191,NV,Georgetown,31119,US,USD,0.0,0.0,52.29
114-8006128-2611400,2026-05-25,12:42:07,Shipped,FBM,Amazon.com,Expedited,CUST-00068,IL,Naperville,67896,US,USD,6.39,0.0,29.2
114-8010183-6241542,2026-05-25,22:55:43,Shipped,FBA,Amazon.com,Two-Day,CUST-00019,NH,Centerville,26880,US,USD,0.0,0.0,52.27
114-1519368-9761179,2026-05-26,09:31:48,Shipped,FBA,Amazon.com,Two-Day,CUST-00250,NH,Georgetown,68306,US,USD,0.0,2.97,82.42
114-3038795-5169748,2026-05-26,23:07:53,Shipped,FBA,Amazon.com,Two-Day,CUST-00883,GA,Augusta,46152,US,USD,0.0,0.0,46.37
114-4630643-6532306,2026-05-26,07:27:32,Pending,FBA,Amazon.com,Two-Day,CUST-01229,CA,Sacramento,75511,US,USD,0.0,0.0,29.77
114-5271754-1939699,2026-05-26,03:48:54,Shipped,FBA,Amazon.com,Standard,CUST-01643,OH,Columbus,49620,US,USD,0.0,0.0,124.13
114-6531488-6500544,2026-05-26,11:52:51,Pending,FBA,Amazon.com,Standard,CUST-01185,MD,Georgetown,87080,US,USD,0.0,0.0,21.36
114-7146970-2558866,2026-05-26,10:21:31,Canceled,FBM,Amazon.com,Scheduled,CUST-01517,NC,Raleigh,62721,US,USD,4.94,0.0,153.36
114-7312675-5234909,2026-05-26,17:51:40,Shipped,FBA,Amazon.com,Two-Day,CUST-01772,OH,Cleveland,31957,US,USD,0.0,0.0,28.36
114-8490408-8938211,2026-05-26,03:44:38,Shipped,FBA,Amazon.com,Standard,CUST-00384,OK,Riverside,91379,US,USD,0.0,0.0,104.54
114-9789295-8748259,2026-05-26,04:56:06,Shipped,FBA,Amazon.com,Two-Day,CUST-00671,TX,Dallas,15279,US,USD,0.0,0.0,82.74
114-2503757-1412024,2026-05-27,06:48:18,Shipped,FBA,Amazon.com,Standard,CUST-00561,MI,Lansing,63773,US,USD,0.0,0.0,19.25
114-1146669-6480097,2026-05-28,21:36:38,Shipped,FBM,Amazon.com,Standard,CUST-00373,WA,Spokane,30643,US,USD,5.14,4.81,119.46
114-2210269-1684129,2026-05-28,06:50:29,Shipped,FBA,Amazon.com,Expedited,CUST-01236,OH,Cincinnati,27739,US,USD,0.0,0.0,89.73
114-2446110-3978392,2026-05-28,12:07:29,Shipped,FBA,Amazon.com,Two-Day,CUST-01245,FL,Fort Lauderdale,67630,US,USD,0.0,0.0,20.72
114-2737594-6235338,2026-05-28,16:23:26,Canceled,FBA,Amazon.com,Expedited,CUST-00784,CA,Fresno,31895,US,USD,0.0,0.0,37.31
114-3793128-4790478,2026-05-28,09:59:55,Shipped,FBM,Amazon.com,Standard,CUST-00707,MD,Riverside,18526,US,USD,4.89,0.0,35.82
114-8470975-4575392,2026-05-28,05:58:55,Shipped,FBA,Amazon.com,Two-Day,CUST-00984,DE,Centerville,44449,US,USD,0.0,4.16,176.18
114-9446410-7968217,2026-05-28,20:37:53,Shipped,FBM,Amazon.com,Standard,CUST-01410,PA,Pittsburgh,96424,US,USD,5.91,5.77,124.62
114-2240405-8623811,2026-05-29,19:20:47,Shipped,FBM,Amazon.com,Expedited,CUST-00619,VA,Virginia Beach,77294,US,USD,5.93,0.0,75.22
114-4598930-8187497,2026-05-29,07:41:21,Unshipped,FBA,Amazon.com,Standard,CUST-00170,WI,Centerville,94498,US,USD,0.0,0.0,109.5
114-5877601-5088661,2026-05-29,17:02:22,Shipped,FBA,Amazon.com,Standard,CUST-01236,OH,Cincinnati,27739,US,USD,0.0,0.0,56.86
114-7995438-2061204,2026-05-29,16:12:28,Shipped,FBM,Amazon.com,Standard,CUST-00376,ID,Centerville,98538,US,USD,7.38,0.0,50.51
114-2861042-5024641,2026-05-30,21:22:52,Shipped,FBA,Amazon.com,Two-Day,CUST-00452,CA,Los Angeles,83100,US,USD,0.0,0.0,69.4
114-6334268-3649671,2026-05-30,15:45:35,Shipped,FBM,Amazon.com,Standard,CUST-01465,ID,Fairview,18573,US,USD,6.78,0.0,225.78
114-6973979-6400744,2026-05-30,00:42:35,Shipped,FBA,Amazon.com,Two-Day,CUST-01409,VA,Virginia Beach,22424,US,USD,0.0,0.0,68.26
114-8345724-5956563,2026-05-30,11:19:30,Shipped,FBA,Amazon.com,Two-Day,CUST-01292,NV,Springfield,95966,US,USD,0.0,13.54,147.9
114-3229635-9274081,2026-05-31,07:03:56,Shipped,FBA,Amazon.com,Expedited,CUST-00110,UT,Fairview,65836,US,USD,0.0,0.0,55.96
114-4084262-8516837,2026-05-31,05:02:28,Shipped,FBA,Amazon.com,Two-Day,CUST-01703,PA,Erie,78819,US,USD,0.0,0.0,111.47
114-7836248-2976444,2026-05-31,17:43:09,Shipped,FBM,Amazon.com,Scheduled,CUST-01378,MD,Riverside,25622,US,USD,6.26,0.0,19.7
114-8555310-7777591,2026-05-31,15:13:15,Shipped,FBM,Amazon.com,Standard,CUST-01519,OH,Cleveland,79459,US,USD,6.89,0.0,90.82
114-8860923-8852125,2026-05-31,18:26:08,Shipped,FBM,Amazon.com,Expedited,CUST-01261,NC,Durham,32671,US,USD,7.67,0.0,73.81
114-8903294-5689154,2026-05-31,17:45:42,Shipped,FBM,Amazon.com,Expedited,CUST-00648,GA,Augusta,76194,US,USD,5.4,0.0,114.9
114-1178314-4681153,2026-06-01,18:19:47,Shipped,FBA,Amazon.com,Two-Day,CUST-01713,ME,Georgetown,45338,US,USD,0.0,0.0,59.58
114-2279569-2731281,2026-06-01,17:28:45,Shipped,FBA,Amazon.com,Two-Day,CUST-00186,FL,Miami,77720,US,USD,0.0,0.0,52.95
114-4167200-3259346,2026-06-01,20:38:33,Shipped,FBA,Amazon.com,Standard,CUST-01352,AL,Fairview,17977,US,USD,0.0,0.0,48.76
114-5054870-1479448,2026-06-01,09:21:01,Shipped,FBA,Amazon.com,Two-Day,CUST-01133,CO,Riverside,45456,US,USD,0.0,0.0,23.36
114-9130163-7507381,2026-06-01,12:13:15,Shipped,FBA,Amazon.com,Two-Day,CUST-01602,MD,Springfield,94912,US,USD,0.0,0.0,40.54
114-9592928-2803321,2026-06-01,03:18:00,Shipped,FBA,Amazon.com,Standard,CUST-00532,NC,Greensboro,33500,US,USD,0.0,0.0,142.54
114-1784190-5924400,2026-06-02,14:07:09,Shipped,FBA,Amazon.com,Expedited,CUST-01799,MS,Georgetown,99170,US,USD,0.0,0.0,22.81
114-6400239-5964636,2026-06-02,16:54:51,Shipped,FBM,Amazon.com,Standard,CUST-01126,VA,Norfolk,12954,US,USD,5.66,2.43,159.57
114-7021054-8345865,2026-06-02,08:08:24,Canceled,FBA,Amazon.com,Two-Day,CUST-00277,CA,Los Angeles,91229,US,USD,0.0,0.0,161.69
114-7562044-7560621,2026-06-02,01:21:53,Shipped,FBA,Amazon.com,Standard,CUST-00047,ID,Georgetown,66911,US,USD,0.0,0.0,11.7
114-9354366-6738494,2026-06-02,08:16:20,Shipped,FBM,Amazon.com,Standard,CUST-00252,IN,Riverside,21738,US,USD,5.6,0.0,158.1
114-3645444-4546586,2026-06-03,21:06:22,Shipped,FBM,Amazon.com,Expedited,CUST-00047,ID,Georgetown,66911,US,USD,6.98,0.0,116.48
114-4972999-4200284,2026-06-03,04:36:52,Shipped,FBA,Amazon.com,Standard,CUST-01772,OH,Cleveland,31957,US,USD,0.0,0.0,18.2
114-6597445-6369264,2026-06-03,12:08:17,Shipped,FBA,Amazon.com,Expedited,CUST-01189,NM,Springfield,47728,US,USD,0.0,0.0,47.33
114-7801839-5885012,2026-06-03,15:59:24,Shipped,FBM,Amazon.com,Expedited,CUST-01431,NY,Rochester,78713,US,USD,4.51,4.28,45.61
114-9135842-4285645,2026-06-03,20:35:22,Shipped,FBA,Amazon.com,Expedited,CUST-00320,GA,Savannah,64700,US,USD,0.0,0.0,20.72
114-2583632-7791789,2026-06-04,15:35:10,Unshipped,FBM,Amazon.com,Standard,CUST-00868,FL,Miami,34651,US,USD,7.23,0.0,116.73
114-2772652-7438213,2026-06-04,02:32:31,Shipped,FBM,Amazon.com,Expedited,CUST-00923,VA,Arlington,83727,US,USD,7.09,0.0,32.4
114-5890577-9646023,2026-06-04,07:33:56,Shipped,FBA,Amazon.com,Expedited,CUST-01427,ME,Centerville,28389,US,USD,0.0,0.0,21.66
114-7058542-6561525,2026-06-04,00:50:02,Shipped,FBA,Amazon.com,Two-Day,CUST-00032,CA,San Francisco,10089,US,USD,0.0,3.15,221.71
114-7374992-4732932,2026-06-04,07:14:51,Shipped,FBA,Amazon.com,Two-Day,CUST-01121,NC,Charlotte,92459,US,USD,0.0,0.0,98.79
114-7762108-8312627,2026-06-04,18:55:03,Pending,FBA,Amazon.com,Two-Day,CUST-00297,AL,Centerville,85527,US,USD,0.0,0.0,21.36
114-8364846-7233398,2026-06-04,16:41:18,Canceled,FBA,Amazon.com,Standard,CUST-00202,OR,Fairview,34775,US,USD,0.0,0.0,23.15
114-1039944-3593279,2026-06-05,16:47:31,Shipped,FBA,Amazon.com,Two-Day,CUST-00292,GA,Atlanta,77844,US,USD,0.0,0.0,131.35
114-6429495-9744435,2026-06-05,12:39:12,Shipped,FBM,Amazon.com,Standard,CUST-00676,MI,Detroit,91889,US,USD,5.05,0.0,112.96
114-7448613-2236018,2026-06-05,12:03:21,Shipped,FBA,Amazon.com,Two-Day,CUST-00679,OR,Georgetown,21161,US,USD,0.0,0.0,29.15
114-4486212-4626282,2026-06-06,03:47:24,Shipped,FBA,Amazon.com,Standard,CUST-00987,MI,Lansing,24302,US,USD,0.0,0.0,86.29
114-1637805-4706899,2026-06-07,21:26:22,Shipped,FBA,Amazon.com,Standard,CUST-01036,FL,Orlando,19521,US,USD,0.0,0.0,128.84
114-7081785-7180925,2026-06-07,10:57:10,Shipped,FBM,Amazon.com,Standard,CUST-00206,FL,Tampa,83281,US,USD,7.61,0.0,30.42
114-7401407-2495932,2026-06-07,08:31:46,Unshipped,FBA,Amazon.com,Standard,CUST-01104,UT,Centerville,96266,US,USD,0.0,0.0,224.57
114-1244425-3506135,2026-06-08,03:37:56,Shipped,FBM,Amazon.com,Standard,CUST-01208,VA,Norfolk,98472,US,USD,5.47,0.0,109.22
114-3449573-6370151,2026-06-08,10:52:44,Shipped,FBA,Amazon.com,Two-Day,CUST-01185,MD,Georgetown,87080,US,USD,0.0,0.0,126.14
114-5657941-1071662,2026-06-08,13:11:44,Unshipped,FBA,Amazon.com,Standard,CUST-01729,ME,Centerville,66645,US,USD,0.0,0.0,87.99
114-8166533-5376515,2026-06-08,20:37:41,Shipped,FBA,Amazon.com,Standard,CUST-01655,TX,Austin,77290,US,USD,0.0,0.0,87.47
114-8592231-6845789,2026-06-08,21:55:56,Shipped,FBA,Amazon.com,Two-Day,CUST-01290,NC,Raleigh,47350,US,USD,0.0,0.0,91.08
114-2751027-8005329,2026-06-09,16:29:07,Shipped,FBM,Amazon.com,Standard,CUST-01102,TX,Houston,72094,US,USD,7.11,21.55,260.46
114-4426540-1591852,2026-06-09,16:28:46,Shipped,FBA,Amazon.com,Two-Day,CUST-00939,CA,Los Angeles,23938,US,USD,0.0,0.0,13.44
114-5420739-7171999,2026-06-09,02:52:24,Shipped,FBA,Amazon.com,Expedited,CUST-00261,SC,Springfield,74694,US,USD,0.0,0.0,154.84
114-7186918-1979613,2026-06-09,18:08:09,Shipped,FBM,Amazon.com,Standard,CUST-01582,UT,Fairview,13313,US,USD,4.93,0.0,48.06
114-7660401-5505052,2026-06-09,18:37:02,Shipped,FBA,Amazon.com,Expedited,CUST-00160,IL,Chicago,85361,US,USD,0.0,0.0,34.14
114-7884672-8118419,2026-06-09,21:29:46,Shipped,FBM,Amazon.com,Standard,CUST-00093,FL,Jacksonville,21539,US,USD,6.66,0.0,129.6
114-2482006-3410326,2026-06-10,00:06:25,Shipped,FBA,Amazon.com,Standard,CUST-01608,TX,El Paso,58866,US,USD,0.0,15.01,151.56
114-3254876-6287324,2026-06-10,01:56:08,Shipped,FBA,Amazon.com,Two-Day,CUST-00496,CO,Riverside,12955,US,USD,0.0,0.0,47.73
114-5269671-9055100,2026-06-10,21:11:30,Shipped,FBA,Amazon.com,Standard,CUST-00889,WI,Georgetown,15551,US,USD,0.0,2.0,482.62
114-1502647-1555428,2026-06-11,22:12:30,Shipped,FBA,Amazon.com,Standard,CUST-00150,PA,Allentown,78864,US,USD,0.0,0.0,65.86
114-4678992-4496745,2026-06-11,23:48:03,Shipped,FBA,Amazon.com,Two-Day,CUST-00178,UT,Springfield,82298,US,USD,0.0,0.0,442.86
114-4962441-9580264,2026-06-11,21:59:07,Shipped,FBA,Amazon.com,Two-Day,CUST-00197,CA,San Francisco,29603,US,USD,0.0,0.0,56.6
114-5675798-1772922,2026-06-11,16:58:31,Shipped,FBM,Amazon.com,Standard,CUST-01462,WA,Tacoma,94536,US,USD,4.59,0.0,46.26
114-7004212-3873072,2026-06-11,05:43:06,Shipped,FBA,Amazon.com,Expedited,CUST-01792,NC,Greensboro,55123,US,USD,0.0,0.0,55.67
114-8041836-6726001,2026-06-11,20:25:42,Shipped,FBA,Amazon.com,Two-Day,CUST-01040,ID,Fairview,35971,US,USD,0.0,0.0,21.36
114-8275450-1426420,2026-06-11,12:01:58,Shipped,FBM,Amazon.com,Standard,CUST-00810,OH,Cleveland,72616,US,USD,7.06,0.0,68.32
114-8686829-6576743,2026-06-11,20:19:38,Shipped,FBM,Amazon.com,Standard,CUST-00275,FL,Tampa,88470,US,USD,5.56,0.0,111.92
114-2376926-4185689,2026-06-12,16:59:21,Shipped,FBM,Amazon.com,Standard,CUST-00320,GA,Savannah,64700,US,USD,5.65,0.0,42.19
114-3350328-3020448,2026-06-12,02:47:03,Unshipped,FBM,Amazon.com,Standard,CUST-00766,PA,Allentown,87003,US,USD,4.13,0.0,192.08
114-4270865-2409925,2026-06-12,18:20:06,Canceled,FBA,Amazon.com,Expedited,CUST-01362,KY,Georgetown,71849,US,USD,0.0,0.0,56.75
114-6404850-3116331,2026-06-12,03:42:49,Shipped,FBA,Amazon.com,Standard,CUST-00150,PA,Allentown,78864,US,USD,0.0,3.05,52.62
114-6888511-9819756,2026-06-12,16:59:48,Shipped,FBA,Amazon.com,Two-Day,CUST-00368,WV,Fairview,52904,US,USD,0.0,0.0,28.36
114-9899410-3347334,2026-06-12,21:29:30,Shipped,FBA,Amazon.com,Two-Day,CUST-01343,VA,Norfolk,94390,US,USD,0.0,3.06,48.29
114-8341899-9949770,2026-06-13,13:21:06,Shipped,FBM,Amazon.com,Standard,CUST-01370,LA,Fairview,24003,US,USD,4.02,0.0,56.29
114-1628047-9606373,2026-06-14,09:26:20,Shipped,FBA,Amazon.com,Two-Day,CUST-00773,GA,Atlanta,76112,US,USD,0.0,14.53,159.42
114-3313072-4976239,2026-06-14,13:57:45,Shipped,FBA,Amazon.com,Standard,CUST-01352,AL,Fairview,17977,US,USD,0.0,0.0,40.21
114-3701800-2197870,2026-06-14,08:37:38,Shipped,FBA,Amazon.com,Expedited,CUST-01531,TN,Knoxville,42688,US,USD,0.0,0.0,251.79
114-6344568-5602343,2026-06-14,23:09:55,Shipped,FBA,Amazon.com,Two-Day,CUST-01228,LA,Georgetown,88476,US,USD,0.0,0.0,18.98
114-6864827-3156017,2026-06-14,23:21:04,Shipped,FBA,Amazon.com,Standard,CUST-00805,NY,Syracuse,89432,US,USD,0.0,0.0,19.86
114-4500144-8830681,2026-06-15,20:42:49,Canceled,FBA,Amazon.com,Two-Day,CUST-00127,WI,Georgetown,78417,US,USD,0.0,0.0,29.77
114-5187655-4834248,2026-06-15,15:05:11,Shipped,FBM,Amazon.com,Standard,CUST-01498,OH,Cincinnati,88660,US,USD,4.14,0.0,33.91
114-9702247-9292785,2026-06-15,14:36:49,Shipped,FBA,Amazon.com,Standard,CUST-00993,CA,San Francisco,78783,US,USD,0.0,4.88,42.78
114-3666015-7897517,2026-06-16,06:47:17,Shipped,FBA,Amazon.com,Two-Day,CUST-00787,GA,Savannah,18652,US,USD,0.0,0.0,30.93
114-4246928-9890511,2026-06-16,04:06:00,Shipped,FBA,Amazon.com,Two-Day,CUST-01656,CA,Fresno,57411,US,USD,0.0,12.32,256.53
114-6202542-3160473,2026-06-16,16:28:02,Shipped,FBM,Amazon.com,Standard,CUST-01188,AK,Centerville,78044,US,USD,6.13,0.0,18.97
114-6936081-4085925,2026-06-16,21:59:10,Canceled,FBM,Amazon.com,Standard,CUST-00684,NY,Rochester,28878,US,USD,5.57,0.0,18.41
114-9706284-5409880,2026-06-16,06:19:40,Shipped,FBM,Amazon.com,Scheduled,CUST-00389,UT,Springfield,21866,US,USD,6.22,0.0,19.84
114-2804213-4829289,2026-06-17,21:29:05,Shipped,FBA,Amazon.com,Expedited,CUST-00798,OH,Columbus,74440,US,USD,0.0,0.0,122.54
114-3625266-7855522,2026-06-17,01:46:32,Shipped,FBA,Amazon.com,Standard,CUST-00325,PA,Pittsburgh,34632,US,USD,0.0,0.0,21.66
114-3791487-7802685,2026-06-17,09:57:27,Shipped,FBA,Amazon.com,Standard,CUST-01080,NM,Fairview,61252,US,USD,0.0,0.0,89.73
114-5214454-9949116,2026-06-17,11:28:59,Shipped,FBM,Amazon.com,Standard,CUST-01595,PA,Philadelphia,15259,US,USD,7.96,1.47,169.45
114-5394356-5627279,2026-06-17,13:16:57,Shipped,FBA,Amazon.com,Two-Day,CUST-00612,TX,San Antonio,25807,US,USD,0.0,0.0,40.58
114-7003135-6107323,2026-06-17,11:27:05,Shipped,FBA,Amazon.com,Two-Day,CUST-00564,UT,Springfield,36475,US,USD,0.0,0.0,205.29
114-9922855-3453107,2026-06-17,02:20:29,Shipped,FBM,Amazon.com,Standard,CUST-01565,FL,Tampa,54212,US,USD,6.87,0.0,358.68
114-2208687-7348778,2026-06-18,18:10:09,Shipped,FBA,Amazon.com,Two-Day,CUST-00378,IL,Chicago,71039,US,USD,0.0,0.0,154.92
114-3836640-3737737,2026-06-18,13:45:51,Shipped,FBM,Amazon.com,Expedited,CUST-00897,WV,Riverside,96066,US,USD,6.99,0.0,31.68
114-4728927-4068301,2026-06-18,14:48:16,Shipped,FBA,Amazon.com,Expedited,CUST-00351,MI,Lansing,78766,US,USD,0.0,0.0,112.82
114-7940178-2405817,2026-06-18,14:28:20,Shipped,FBA,Amazon.com,Two-Day,CUST-01607,CA,San Francisco,84463,US,USD,0.0,3.01,37.57
114-4479052-3984361,2026-06-19,20:10:49,Shipped,FBA,Amazon.com,Standard,CUST-01743,CA,Los Angeles,68840,US,USD,0.0,0.0,97.54
114-1340286-2877173,2026-06-20,18:42:15,Shipped,FBA,Amazon.com,Expedited,CUST-00041,FL,Tampa,68540,US,USD,0.0,0.0,46.08
114-2661929-9144644,2026-06-20,00:35:39,Shipped,FBM,Amazon.com,Scheduled,CUST-01347,MI,Grand Rapids,36546,US,USD,6.47,0.0,35.62
114-3721550-1427447,2026-06-20,06:05:33,Shipped,FBA,Amazon.com,Two-Day,CUST-00344,KS,Riverside,38426,US,USD,0.0,0.0,68.26
114-4427662-1498678,2026-06-20,10:51:58,Shipped,FBA,Amazon.com,Two-Day,CUST-00707,MD,Riverside,18526,US,USD,0.0,0.0,162.39
114-8784269-9228269,2026-06-20,07:36:15,Shipped,FBA,Amazon.com,Two-Day,CUST-00407,MN,Fairview,18050,US,USD,0.0,0.0,179.51
114-1389181-1527765,2026-06-21,00:11:31,Shipped,FBA,Amazon.com,Two-Day,CUST-00367,OK,Georgetown,13268,US,USD,0.0,7.1,207.16
114-1648901-5918604,2026-06-21,09:25:55,Unshipped,FBA,Amazon.com,Two-Day,CUST-01137,MN,Springfield,67403,US,USD,0.0,0.0,20.72
114-1909160-8752101,2026-06-21,10:26:42,Shipped,FBM,Amazon.com,Expedited,CUST-01194,TX,Austin,74651,US,USD,6.28,0.0,25.75
114-4802892-3703481,2026-06-21,06:49:52,Shipped,FBM,Amazon.com,Expedited,CUST-01068,IL,Chicago,34258,US,USD,5.6,0.0,17.3
114-5132884-7972878,2026-06-21,15:05:11,Canceled,FBA,Amazon.com,Two-Day,CUST-01394,LA,Riverside,37568,US,USD,0.0,1.17,83.06
114-9763336-2184696,2026-06-21,13:03:19,Canceled,FBA,Amazon.com,Two-Day,CUST-00471,CA,San Francisco,34241,US,USD,0.0,0.0,54.16
114-5439814-1470626,2026-06-22,23:59:23,Shipped,FBA,Amazon.com,Two-Day,CUST-00300,IA,Springfield,49948,US,USD,0.0,0.0,27.71
114-7166495-6861565,2026-06-22,03:52:55,Shipped,FBM,Amazon.com,Standard,CUST-01389,AK,Riverside,36437,US,USD,5.69,0.0,240.54
114-8970430-8318098,2026-06-22,16:01:47,Shipped,FBA,Amazon.com,Two-Day,CUST-01354,IN,Centerville,35873,US,USD,0.0,0.0,157.58
114-3234824-3013181,2026-06-23,13:23:04,Shipped,FBA,Amazon.com,Two-Day,CUST-00996,MN,Riverside,20198,US,USD,0.0,6.9,79.15
114-5964929-9972350,2026-06-23,13:38:53,Shipped,FBM,Amazon.com,Expedited,CUST-00101,NY,New York,95664,US,USD,7.1,0.0,38.03
114-9572276-7270343,2026-06-23,16:50:45,Canceled,FBA,Amazon.com,Two-Day,CUST-00618,CA,Fresno,49375,US,USD,0.0,0.0,13.62
114-1228359-6750207,2026-06-24,16:31:11,Shipped,FBA,Amazon.com,Two-Day,CUST-00046,NE,Fairview,87860,US,USD,0.0,0.0,121.73
114-1611999-4502761,2026-06-24,00:12:51,Shipped,FBA,Amazon.com,Two-Day,CUST-00684,NY,Rochester,28878,US,USD,0.0,0.0,19.25
114-2817434-9365788,2026-06-24,15:33:02,Unshipped,FBA,Amazon.com,Two-Day,CUST-01583,MO,,92036,US,USD,0.0,0.0,75.67
114-3544001-5290865,2026-06-24,06:52:01,Shipped,FBA,Amazon.com,Expedited,CUST-00068,IL,Naperville,67896,US,USD,0.0,4.51,27.49
114-5233054-5382797,2026-06-24,02:30:23,Shipped,FBM,Amazon.com,Standard,CUST-01052,AR,Centerville,97586,US,USD,5.35,0.0,119.96
114-6087512-4573483,2026-06-24,01:51:44,Shipped,FBA,Amazon.com,Two-Day,CUST-00935,UT,Fairview,12758,US,USD,0.0,0.0,50.13
114-7099251-9141592,2026-06-24,05:43:49,Canceled,FBA,Amazon.com,Two-Day,CUST-01028,TX,Dallas,28161,US,USD,0.0,2.12,18.6
114-8235722-6801169,2026-06-24,15:05:56,Pending,FBA,Amazon.com,Standard,CUST-00991,CA,San Diego,17088,US,USD,0.0,8.45,75.23
114-2991403-7491132,2026-06-25,08:06:06,Shipped,FBM,Amazon.com,Standard,CUST-00708,RI,Riverside,98864,US,USD,7.51,0.0,21.13
114-3240852-1016106,2026-06-25,10:33:20,Shipped,FBA,Amazon.com,Two-Day,CUST-00425,WI,Fairview,43729,US,USD,0.0,0.0,55.67
114-7360505-4452319,2026-06-25,12:25:43,Shipped,FBA,Amazon.com,Two-Day,CUST-01562,NM,Centerville,69267,US,USD,0.0,0.0,13.62
114-7448559-3949614,2026-06-25,14:42:04,Shipped,FBA,Amazon.com,Standard,CUST-01385,CA,San Jose,65987,US,USD,0.0,0.0,98.5
114-7956040-7958538,2026-06-25,16:26:48,Shipped,FBA,Amazon.com,Two-Day,CUST-00166,NE,Springfield,82551,US,USD,0.0,0.0,358.92
114-8683940-1062845,2026-06-25,16:18:08,Unshipped,FBM,Amazon.com,Scheduled,CUST-00778,NV,Riverside,48554,US,USD,4.87,2.31,165.57
114-1926920-5904590,2026-06-26,02:01:59,Shipped,FBA,Amazon.com,Two-Day,CUST-00047,ID,Georgetown,66911,US,USD,0.0,0.0,271.86
114-2149176-8081377,2026-06-26,13:27:52,Shipped,FBA,Amazon.com,Two-Day,CUST-00350,CA,San Francisco,82151,US,USD,0.0,0.0,13.62
114-2873198-7129392,2026-06-26,09:14:31,Shipped,FBA,Amazon.com,Two-Day,CUST-01565,FL,Tampa,54212,US,USD,0.0,0.0,139.9
114-3139677-3305942,2026-06-26,08:43:46,Shipped,FBA,Amazon.com,Two-Day,CUST-01012,GA,Augusta,53920,US,USD,0.0,0.0,56.72
114-4059586-6781943,2026-06-26,03:24:13,Shipped,FBA,Amazon.com,Two-Day,CUST-01398,ND,Riverside,42636,US,USD,0.0,0.0,273.16
114-4594798-8948512,2026-06-26,23:39:22,Shipped,FBA,Amazon.com,Expedited,CUST-01146,LA,Springfield,40815,US,USD,0.0,0.0,29.77
114-6660786-9444237,2026-06-26,13:13:11,Shipped,FBA,Amazon.com,Two-Day,CUST-01031,NY,Albany,23486,US,USD,0.0,0.0,16.71
114-9479318-2298896,2026-06-26,20:49:53,Shipped,FBA,Amazon.com,Two-Day,CUST-01623,NV,Riverside,61950,US,USD,0.0,0.0,13.62
114-1557509-2128128,2026-06-27,07:56:39,Canceled,FBA,Amazon.com,Two-Day,CUST-00827,GA,Atlanta,79550,US,USD,0.0,0.0,20.72
114-1727027-3696228,2026-06-27,03:48:59,Shipped,FBM,Amazon.com,Standard,CUST-00844,CO,Georgetown,51961,US,USD,7.75,0.0,136.77
114-3147673-4587514,2026-06-27,12:30:46,Shipped,FBA,Amazon.com,Standard,CUST-01574,WV,Georgetown,89873,US,USD,0.0,0.0,315.41
114-5808970-5558160,2026-06-27,10:46:45,Shipped,FBA,Amazon.com,Standard,CUST-01713,ME,Georgetown,45338,US,USD,0.0,2.62,80.63
114-6152896-2691979,2026-06-27,14:28:59,Shipped,FBA,Amazon.com,Standard,CUST-00303,NC,Charlotte,72371,US,USD,0.0,0.0,34.1
114-8429149-7359802,2026-06-27,11:52:06,,FBA,Amazon.com,Two-Day,CUST-00367,OK,Georgetown,13268,US,USD,0.0,0.0,30.93
114-8575349-1903147,2026-06-27,06:10:41,Shipped,FBA,Amazon.com,Standard,CUST-01188,AK,Centerville,78044,US,USD,0.0,0.0,40.65
114-1424716-9875764,2026-06-28,21:20:26,Shipped,FBA,Amazon.com,Two-Day,CUST-00745,GA,Savannah,59034,US,USD,0.0,0.0,30.93
114-1837807-8122778,2026-06-28,01:18:00,Shipped,FBA,Amazon.com,Two-Day,CUST-00148,NY,Rochester,71122,US,USD,0.0,3.95,23.76
114-3181928-6543836,2026-06-28,12:55:53,Shipped,FBA,Amazon.com,Standard,CUST-00303,NC,Charlotte,72371,US,USD,0.0,0.0,101.72
114-4875336-1020255,2026-06-28,22:52:35,Shipped,FBA,Amazon.com,Standard,CUST-01712,AZ,Mesa,53444,US,USD,0.0,2.84,72.6
114-8600295-1449848,2026-06-28,14:28:42,Shipped,FBA,Amazon.com,Two-Day,CUST-01520,FL,Fort Lauderdale,57633,US,USD,0.0,0.0,161.28
114-3402037-9881980,2026-06-29,10:35:25,Shipped,FBM,Amazon.com,Standard,CUST-01741,IL,Peoria,64784,US,USD,7.89,6.95,262.15
114-4198855-2438808,2026-06-29,22:03:28,Shipped,FBA,Amazon.com,Two-Day,CUST-01257,IA,Fairview,22776,US,USD,0.0,0.0,29.77
114-5702082-4951444,2026-06-29,06:15:36,Shipped,FBM,Amazon.com,Standard,CUST-00665,NY,Albany,22843,US,USD,5.88,0.0,72.97
114-6026046-9445312,2026-06-29,22:03:25,Shipped,FBA,Amazon.com,Two-Day,CUST-01666,IL,Peoria,46506,US,USD,0.0,4.07,231.73
114-8926360-8623883,2026-06-29,03:36:50,Shipped,FBA,Amazon.com,Standard,CUST-01398,ND,Riverside,42636,US,USD,0.0,0.0,52.25
114-9924429-6193838,2026-06-29,08:15:28,Shipped,FBA,Amazon.com,Expedited,CUST-00616,CA,San Diego,94883,US,USD,0.0,0.0,33.3
114-1805209-6442146,2026-06-30,12:11:21,Unshipped,FBA,Amazon.com,Two-Day,CUST-00538,NY,New York,16927,US,USD,0.0,0.0,287.46
114-2530564-3585930,2026-06-30,09:03:03,Shipped,FBA,Amazon.com,Standard,CUST-00642,TX,Houston,83010,US,USD,0.0,0.0,40.21
114-3589058-5159882,2026-06-30,01:33:55,Shipped,FBA,Amazon.com,Standard,CUST-00930,PA,Pittsburgh,46659,US,USD,0.0,0.0,79.97
114-4503879-3209870,2026-06-30,02:16:51,Shipped,FBA,Amazon.com,Two-Day,CUST-01443,NC,Durham,92328,US,USD,0.0,0.0,18.37
114-4761307-3778454,2026-06-30,10:05:40,Shipped,FBA,Amazon.com,Two-Day,CUST-00090,VA,Virginia Beach,29762,US,USD,0.0,0.0,360.28
114-5168475-9358902,2026-06-30,01:29:33,Shipped,FBA,Amazon.com,Two-Day,CUST-00072,SC,Centerville,93284,US,USD,0.0,4.23,52.92
114-7078755-8589578,2026-06-30,17:53:47,Shipped,FBM,Amazon.com,Expedited,CUST-00774,IL,Chicago,70577,US,USD,4.6,0.0,181.03
114-9236643-6509692,2026-06-30,14:10:22,Shipped,FBA,Amazon.com,Two-Day,CUST-01420,TX,Houston,76155,US,USD,0.0,0.0,78.27
114-8099077-2136315,2026-12-15,08:29:20,Shipped,FBA,Amazon.com,Two-Day,CUST-01571,OH,Toledo,18273,US,USD,0.0,0.0,55.67
