order_id,order_item_id,asin,sku,product_title,quantity,item_price,item_promotion_discount,item_total,currency
114-9202607-5595236,1,B0F635F86R,SKU-0097,PawPals Dog Chew Toys — Durable & Easy to Clean,2,21.36,0.0,42.72,USD
114-5755437-5686347,1,B0ANDXF98K,SKU-0004,AuroraTech WiFi Range Extender — Bluetooth 5.3 & Fast Charging,1,109.5,0.0,109.5,USD
114-5755437-5686347,2,B0SQ7F7BFE,SKU-0057,TrailBlaze Dumbbell Set — Waterproof & Portable,1,46.37,0.0,46.37,USD
114-3239535-1287658,1,B0M1WJMA8T,SKU-0085,WriteWell Planner Notebook — Ergonomic & Multipurpose,1,8.44,0.0,8.44,USD
114-3239535-1287658,2,B06AZNEH47,SKU-0008,BrightBeam Mechanical Keyboard — 30H Battery Life & Water Resistant,1,75.67,0.0,75.67,USD
114-2056423-2797161,1,B0TXQ65ZFV,SKU-0087,WriteWell Desk Organizer — Ergonomic & Multipurpose,1,21.66,0.0,21.66,USD
114-2056423-2797161,2,B09V1N9TED,SKU-0077,KiddoCraft Puzzle Set — Non-Toxic & STEM Learning,1,29.15,0.0,29.15,USD
114-8041836-6726001,1,B0F635F86R,SKU-0097,PawPals Dog Chew Toys — Durable & Easy to Clean,1,21.36,0.0,21.36,USD
114-6987578-2612121,1,B04Z7XKKST,SKU-0105,LittleNest Swaddle Blankets — BPA-Free & Safety Certified,1,54.16,0.0,54.16,USD
114-2279569-2731281,1,B0FKKPVMZA,SKU-0065,TrailBlaze Foam Roller — Heavy Duty & Anti-Slip,1,52.95,0.0,52.95,USD
114-4599278-4665326,1,B08H6XVAML,SKU-0006,EverPeak Gaming Mouse — RGB Backlit & Compact Design,1,88.7,0.0,88.7,USD
114-4599278-4665326,2,B0JH68DJ8G,SKU-0032,UrbanKitchen Blender — Non-Stick Coating & Space Saving,1,26.96,0.0,26.96,USD
114-5046832-1741058,1,B0PGGKXQ9K,SKU-0093,PawPals Pet Water Fountain — Easy to Clean & Vet Recommended,1,34.22,0.0,34.22,USD
114-5046832-1741058,2,B02T104M25,SKU-0111,DriveGuard Jump Starter — Long Cord & Universal Fit,1,55.67,0.0,55.67,USD
114-1001558-8165644,1,B0YXU5G7D1,SKU-0011,BrightBeam Bluetooth Speaker — Fast Charging & Noise Cancelling,4,107.91,0.0,431.64,USD
114-1001558-8165644,2,B0R7U9K93R,SKU-0094,PawPals Pet Carrier — Non-Toxic & Durable,1,23.08,0.0,23.08,USD
114-4507628-4315927,1,B088K2QTZJ,SKU-0007,AuroraTech Car Mount — Bluetooth 5.3 & RGB Backlit,1,52.27,0.0,52.27,USD
114-8244779-3582508,1,B0YXU5G7D1,SKU-0011,BrightBeam Bluetooth Speaker — Fast Charging & Noise Cancelling,1,107.91,0.0,107.91,USD
114-2228310-3579324,1,B05P1Y30A5,SKU-0091,PawPals Slow Feeder Bowl — Easy to Clean & Non-Toxic,1,11.7,0.0,11.7,USD
114-8601004-3640686,1,B0YXU5G7D1,SKU-0011,BrightBeam Bluetooth Speaker — Fast Charging & Noise Cancelling,2,107.91,0.0,215.82,USD
114-1336009-4292858,1,B0EGZYNSAE,SKU-0106,LittleNest Baby Bath Tub — Hypoallergenic & Safety Certified,1,25.43,0.0,25.43,USD
114-1336009-4292858,2,B08H6XVAML,SKU-0006,EverPeak Gaming Mouse — RGB Backlit & Compact Design,3,81.06,0.0,243.18,USD
114-1336009-4292858,3,B0N90348CD,SKU-0088,ProGrip Desk Chair Cushion — Multipurpose & Ergonomic,1,19.37,0.0,19.37,USD
114-1336009-4292858,4,B0FTQRA6A1,SKU-0109,DriveGuard Dash Cam — Heavy Duty & Easy Install,1,30.93,0.0,30.93,USD
114-3121094-5034633,1,B0FPMT2SF9,SKU-0076,CloudNest Science Kit — Educational & Non-Toxic,1,14.63,0.0,14.63,USD
114-8175962-9229364,1,B03WTWXEDC,SKU-0072,CloudNest Magnetic Tiles — STEM Learning & Educational,1,19.25,0.0,19.25,USD
114-8175962-9229364,2,B0M6YEW145,SKU-0083,WriteWell Standing Desk Converter — Durable & Multipurpose,1,10.68,0.0,10.68,USD
114-1502647-1555428,1,B04Z7XKKST,SKU-0105,LittleNest Swaddle Blankets — BPA-Free & Safety Certified,1,54.16,0.0,54.16,USD
114-1502647-1555428,2,B05P1Y30A5,SKU-0091,PawPals Slow Feeder Bowl — Easy to Clean & Non-Toxic,1,11.7,0.0,11.7,USD
114-8364846-7233398,1,B0H9GJQWK8,SKU-0009,EverPeak Phone Case — Noise Cancelling & Bluetooth 5.3,1,23.15,0.0,23.15,USD
114-3672181-2426741,1,B0JH68DJ8G,SKU-0032,UrbanKitchen Blender — Non-Stick Coating & Space Saving,1,25.59,0.0,25.59,USD
114-7366035-8866406,1,B0R5E97R3C,SKU-0001,AuroraTech Smart Plug — Noise Cancelling & HD 1080p,1,89.73,0.0,89.73,USD
114-7366035-8866406,2,B0WCY6LU8P,SKU-0029,UrbanKitchen Wall Clock — Easy Clean & Dishwasher Safe,1,72.21,0.0,72.21,USD
114-4956097-7928527,1,B0TXQ65ZFV,SKU-0087,WriteWell Desk Organizer — Ergonomic & Multipurpose,1,21.66,0.0,21.66,USD
114-8881419-1889808,1,B0FKKPVMZA,SKU-0065,TrailBlaze Foam Roller — Heavy Duty & Anti-Slip,4,52.95,0.0,211.8,USD
114-8881419-1889808,2,B0FA6PK7S1,SKU-0043,PureGlo Body Scrub — Ionic Technology & Gentle Formula,1,40.0,0.0,40.0,USD
114-1788304-3053706,1,B0R7U9K93R,SKU-0094,PawPals Pet Carrier — Non-Toxic & Durable,3,21.64,0.0,64.92,USD
114-1788304-3053706,2,B0WCY6LU8P,SKU-0029,UrbanKitchen Wall Clock — Easy Clean & Dishwasher Safe,1,72.21,0.0,72.21,USD
114-1788304-3053706,3,B0PGGKXQ9K,SKU-0093,PawPals Pet Water Fountain — Easy to Clean & Vet Recommended,2,34.22,0.0,68.44,USD
114-7705999-5492929,1,B0TXQ65ZFV,SKU-0087,WriteWell Desk Organizer — Ergonomic & Multipurpose,1,21.66,0.0,21.66,USD
114-1347445-5072102,1,B08UGTRB3Y,SKU-0050,ZenLife Vitamin C Serum — Dermatologist Tested & Long Lasting,1,40.54,0.0,40.54,USD
114-1347445-5072102,2,B08H6XVAML,SKU-0006,EverPeak Gaming Mouse — RGB Backlit & Compact Design,1,88.7,0.0,88.7,USD
114-1347445-5072102,3,B0ZWX7WPK9,SKU-0114,DriveGuard Seat Covers — Universal Fit & Heavy Duty,3,19.42,0.0,58.26,USD
114-4130445-7765901,1,B0279XVVC5,SKU-0014,BrightBeam Desk Lamp — RGB Backlit & Noise Cancelling,2,51.35,0.0,102.7,USD
114-5875471-9606378,1,B0F635F86R,SKU-0097,PawPals Dog Chew Toys — Durable & Easy to Clean,1,21.36,0.0,21.36,USD
114-5875471-9606378,2,B0PGGKXQ9K,SKU-0093,PawPals Pet Water Fountain — Easy to Clean & Vet Recommended,1,34.22,0.0,34.22,USD
114-5875471-9606378,3,B0GJL7P973,SKU-0045,PureGlo Hair Straightener — Cruelty-Free & Ionic Technology,1,39.53,0.0,39.53,USD
114-5860295-1965082,1,B04ZD4ZURZ,SKU-0103,LittleNest Baby Monitor — Safety Certified & Hypoallergenic,2,31.9,0.0,63.8,USD
114-5860295-1965082,2,B0279XVVC5,SKU-0014,BrightBeam Desk Lamp — RGB Backlit & Noise Cancelling,1,51.35,0.0,51.35,USD
114-5860295-1965082,3,B0M2UGJMKQ,SKU-0074,CloudNest RC Car — STEM Learning & Interactive,1,12.84,0.0,12.84,USD
114-5860295-1965082,4,B0NQJ9A5QP,SKU-0081,WriteWell Paper Shredder — Ergonomic & Space Saving,1,11.7,0.0,11.7,USD
114-5044925-2533751,1,B0PF199V27,SKU-0037,Nordic Home Utensil Set — Non-Stick Coating & BPA-Free,1,62.82,0.0,62.82,USD
114-9470588-9332679,1,B0HE56LV1G,SKU-0071,KiddoCraft Play Kitchen Set — Interactive & Ages 3+,1,22.81,0.0,22.81,USD
114-1445758-1493220,1,B04ZD4ZURZ,SKU-0103,LittleNest Baby Monitor — Safety Certified & Hypoallergenic,1,31.9,3.79,28.11,USD
114-3008248-7971116,1,B085JJ3ZXF,SKU-0041,PureGlo Electric Toothbrush — Long Lasting & Dermatologist Tested,1,42.31,0.0,42.31,USD
114-3008248-7971116,2,B0QKGVBY0X,SKU-0108,LittleNest Baby Bottle Set — BPA-Free & Hypoallergenic,1,32.0,0.0,32.0,USD
114-4881400-7660590,1,B09D2WWZK5,SKU-0118,EverPeak Cordless Drill — Cordless & High Torque,1,18.98,0.0,18.98,USD
114-5028920-8571422,1,B0MVKP1792,SKU-0002,BrightBeam HDMI Cable — Bluetooth 5.3 & HD 1080p,1,63.85,0.0,63.85,USD
114-1356586-6662173,1,B0R7U9K93R,SKU-0094,PawPals Pet Carrier — Non-Toxic & Durable,1,21.64,0.0,21.64,USD
114-1356586-6662173,2,B03WTWXEDC,SKU-0072,CloudNest Magnetic Tiles — STEM Learning & Educational,2,19.25,0.0,38.5,USD
114-1356586-6662173,3,B055PLDLF8,SKU-0005,BrightBeam Webcam — Compact Design & 30H Battery Life,2,40.21,11.14,69.28,USD
114-1457506-7480772,1,B055PLDLF8,SKU-0005,BrightBeam Webcam — Compact Design & 30H Battery Life,1,40.21,0.0,40.21,USD
114-1457506-7480772,2,B0YXU5G7D1,SKU-0011,BrightBeam Bluetooth Speaker — Fast Charging & Noise Cancelling,1,107.91,0.0,107.91,USD
114-9141482-8121484,1,B03WTWXEDC,SKU-0072,CloudNest Magnetic Tiles — STEM Learning & Educational,1,19.25,0.0,19.25,USD
114-9855180-8506629,1,B0PGGKXQ9K,SKU-0093,PawPals Pet Water Fountain — Easy to Clean & Vet Recommended,1,34.22,0.0,34.22,USD
114-9855180-8506629,2,B0M2UGJMKQ,SKU-0074,CloudNest RC Car — STEM Learning & Interactive,1,11.77,0.0,11.77,USD
114-9855180-8506629,3,B043M1S1C4,SKU-0049,PureGlo Sunscreen Lotion — Ionic Technology & Dermatologist Tested,1,31.54,0.0,31.54,USD
114-2087833-5854480,1,B0A30AC946,SKU-0117,ProGrip Stud Finder — Ergonomic Grip & Rust Resistant,1,19.86,0.0,19.86,USD
114-2087833-5854480,2,B06HX4SP7L,SKU-0080,ProGrip Gel Pen Set — Ergonomic & Durable,1,12.33,0.0,12.33,USD
114-2087833-5854480,3,B0YXU5G7D1,SKU-0011,BrightBeam Bluetooth Speaker — Fast Charging & Noise Cancelling,1,107.91,0.0,107.91,USD
114-2087833-5854480,4,B00JXDXVG6,SKU-0095,PawPals Dog Treat Pouch — Easy to Clean & Non-Toxic,1,18.93,0.0,18.93,USD
114-2087833-5854480,5,B0GKG0B3EA,SKU-0090,PawPals Dog Leash — Easy to Clean & Vet Recommended,1,54.55,0.0,54.55,USD
114-2087833-5854480,6,B0M6YEW145,SKU-0083,WriteWell Standing Desk Converter — Durable & Multipurpose,1,9.99,0.0,9.99,USD
114-7444109-5164118,1,B0QKGVBY0X,SKU-0108,LittleNest Baby Bottle Set — BPA-Free & Hypoallergenic,1,32.0,0.0,32.0,USD
114-7444109-5164118,2,B02LTJA2NA,SKU-0078,CloudNest Dollhouse — Ages 3+ & Interactive,3,41.1,0.0,123.3,USD
114-7781554-1918930,1,B0P5FBKME8,SKU-0047,PureGlo Bath Bomb Set — Dermatologist Tested & Gentle Formula,1,31.59,0.0,31.59,USD
114-6192577-4827056,1,B0GJL7P973,SKU-0045,PureGlo Hair Straightener — Cruelty-Free & Ionic Technology,3,39.53,0.0,118.59,USD
114-6192577-4827056,2,B0SFWKQDD5,SKU-0022,Nordic Home Plant Pots — Non-Stick Coating & BPA-Free,2,27.96,0.0,55.92,USD
114-7836248-2976444,1,B02X1DSSZM,SKU-0102,LittleNest Diaper Bag — Hypoallergenic & Easy to Clean,1,13.44,0.0,13.44,USD
114-2568625-7416175,1,B0WR597BPU,SKU-0015,EverPeak Streaming Stick — Bluetooth 5.3 & HD 1080p,2,120.59,0.0,241.18,USD
114-2568625-7416175,2,B02LTJA2NA,SKU-0078,CloudNest Dollhouse — Ages 3+ & Interactive,1,41.1,0.0,41.1,USD
114-2568625-7416175,3,B02X1DSSZM,SKU-0102,LittleNest Diaper Bag — Hypoallergenic & Easy to Clean,1,13.44,0.0,13.44,USD
114-2568625-7416175,4,B055PLDLF8,SKU-0005,BrightBeam Webcam — Compact Design & 30H Battery Life,2,40.21,0.0,80.42,USD
114-6213397-9540127,1,B0YXU5G7D1,SKU-0011,BrightBeam Bluetooth Speaker — Fast Charging & Noise Cancelling,1,84.3,0.0,84.3,USD
114-6213397-9540127,2,B00JXDXVG6,SKU-0095,PawPals Dog Treat Pouch — Easy to Clean & Non-Toxic,1,18.93,0.0,18.93,USD
114-6213397-9540127,3,B0R5E97R3C,SKU-0001,AuroraTech Smart Plug — Noise Cancelling & HD 1080p,1,89.73,0.0,89.73,USD
114-4243587-6617699,1,B0NL5Q5CZM,SKU-0003,EverPeak USB-C Hub — Water Resistant & HD 1080p,1,110.91,0.0,110.91,USD
114-7841598-3972741,1,B0M6YEW145,SKU-0083,WriteWell Standing Desk Converter — Durable & Multipurpose,1,9.99,0.0,9.99,USD
114-7841598-3972741,2,B0NL5Q5CZM,SKU-0003,EverPeak USB-C Hub — Water Resistant & HD 1080p,1,110.91,0.0,110.91,USD
114-8533390-3344288,1,B088K2QTZJ,SKU-0007,AuroraTech Car Mount — Bluetooth 5.3 & RGB Backlit,1,52.27,0.0,52.27,USD
114-7450389-1800191,1,B0MVKP1792,SKU-0002,BrightBeam HDMI Cable — Bluetooth 5.3 & HD 1080p,1,63.85,0.0,63.85,USD
114-7450389-1800191,2,B02T104M25,SKU-0111,DriveGuard Jump Starter — Long Cord & Universal Fit,3,55.67,0.0,167.01,USD
114-7004212-3873072,1,B02T104M25,SKU-0111,DriveGuard Jump Starter — Long Cord & Universal Fit,1,55.67,0.0,55.67,USD
114-1007792-7372482,1,B0TXQ65ZFV,SKU-0087,WriteWell Desk Organizer — Ergonomic & Multipurpose,1,21.66,0.0,21.66,USD
114-2247151-5978272,1,B0E48MCY15,SKU-0079,WriteWell Label Maker — Durable & Multipurpose,1,49.25,0.0,49.25,USD
114-1887516-4967937,1,B0SH0V1DCR,SKU-0075,KiddoCraft Nerf-Style Blaster — Ages 3+ & Interactive,2,17.07,0.0,34.14,USD
114-2261287-1235107,1,B04ZD4ZURZ,SKU-0103,LittleNest Baby Monitor — Safety Certified & Hypoallergenic,1,31.9,0.0,31.9,USD
114-2261287-1235107,2,B08H6XVAML,SKU-0006,EverPeak Gaming Mouse — RGB Backlit & Compact Design,3,88.7,0.0,266.1,USD
114-8347263-4923595,1,B0SFWKQDD5,SKU-0022,Nordic Home Plant Pots — Non-Stick Coating & BPA-Free,1,27.96,0.0,27.96,USD
114-8347263-4923595,2,B08H6XVAML,SKU-0006,EverPeak Gaming Mouse — RGB Backlit & Compact Design,1,81.06,0.0,81.06,USD
114-8347263-4923595,3,B03WTWXEDC,SKU-0072,CloudNest Magnetic Tiles — STEM Learning & Educational,1,19.25,0.0,19.25,USD
114-8192211-7757550,1,B0P5FBKME8,SKU-0047,PureGlo Bath Bomb Set — Dermatologist Tested & Gentle Formula,1,29.77,0.0,29.77,USD
114-8192211-7757550,2,B02T104M25,SKU-0111,DriveGuard Jump Starter — Long Cord & Universal Fit,1,55.67,0.0,55.67,USD
114-2415200-3867901,1,B0A30AC946,SKU-0117,ProGrip Stud Finder — Ergonomic Grip & Rust Resistant,1,19.86,0.0,19.86,USD
114-5444428-7793676,1,B0YXU5G7D1,SKU-0011,BrightBeam Bluetooth Speaker — Fast Charging & Noise Cancelling,1,107.91,0.0,107.91,USD
114-5444428-7793676,2,B0KKUPJDRS,SKU-0115,ProGrip LED Work Light — Cordless & High Torque,3,57.78,0.0,173.34,USD
114-4946323-8213549,1,B0ZWX7WPK9,SKU-0114,DriveGuard Seat Covers — Universal Fit & Heavy Duty,2,20.72,0.0,41.44,USD
114-4946323-8213549,2,B088K2QTZJ,SKU-0007,AuroraTech Car Mount — Bluetooth 5.3 & RGB Backlit,3,52.27,0.0,156.81,USD
114-4946323-8213549,3,B0YBRGQRFQ,SKU-0110,DriveGuard Car Vacuum — Long Cord & Easy Install,1,18.37,0.0,18.37,USD
114-5896725-3180839,1,B09V1N9TED,SKU-0077,KiddoCraft Puzzle Set — Non-Toxic & STEM Learning,1,29.15,0.0,29.15,USD
114-5896725-3180839,2,B0ANDXF98K,SKU-0004,AuroraTech WiFi Range Extender — Bluetooth 5.3 & Fast Charging,1,109.5,0.0,109.5,USD
114-4003831-4947358,1,B0AZBDRH38,SKU-0086,ProGrip Sticky Notes Pack — Ergonomic & Multipurpose,1,27.71,0.0,27.71,USD
114-4003831-4947358,2,B0MVKP1792,SKU-0002,BrightBeam HDMI Cable — Bluetooth 5.3 & HD 1080p,1,63.85,0.0,63.85,USD
114-9262295-7450410,1,B0HE56LV1G,SKU-0071,KiddoCraft Play Kitchen Set — Interactive & Ages 3+,2,22.81,0.0,45.62,USD
114-1640552-9927838,1,B0M6YEW145,SKU-0083,WriteWell Standing Desk Converter — Durable & Multipurpose,1,9.99,0.77,9.22,USD
114-6567970-8661071,1,B0FPMT2SF9,SKU-0076,CloudNest Science Kit — Educational & Non-Toxic,1,12.73,0.0,12.73,USD
114-7611347-4290133,1,B0UFTNZLYW,SKU-0023,UrbanKitchen Non-Stick Pan Set — Dishwasher Safe & Space Saving,3,27.5,0.0,82.5,USD
114-4264306-2729774,1,B0U0VF1HMG,SKU-0040,ZenLife Nail Clipper Set — Gentle Formula & Cruelty-Free,1,28.36,0.0,28.36,USD
114-4264306-2729774,2,B0M2UGJMKQ,SKU-0074,CloudNest RC Car — STEM Learning & Interactive,1,12.84,0.0,12.84,USD
114-4718705-4729079,1,B04Z7XKKST,SKU-0105,LittleNest Swaddle Blankets — BPA-Free & Safety Certified,2,54.16,0.0,108.32,USD
114-9706284-5409880,1,B01CQYLRS7,SKU-0070,CloudNest Art Supplies Kit — STEM Learning & Interactive,1,13.62,0.0,13.62,USD
114-9595138-2250064,1,B03WTWXEDC,SKU-0072,CloudNest Magnetic Tiles — STEM Learning & Educational,1,19.25,0.0,19.25,USD
114-6160344-2479872,1,B08H6XVAML,SKU-0006,EverPeak Gaming Mouse — RGB Backlit & Compact Design,1,88.7,0.0,88.7,USD
114-2633729-4995474,1,B0PAU2ZN1D,SKU-0113,DriveGuard Car Organizer — Heavy Duty & Easy Install,2,24.69,0.0,49.38,USD
114-2633729-4995474,2,B0H9GJQWK8,SKU-0009,EverPeak Phone Case — Noise Cancelling & Bluetooth 5.3,1,23.15,0.0,23.15,USD
114-3047050-9786580,1,B0DLXACSTN,SKU-0068,CloudNest Plush Toy — Non-Toxic & Ages 3+,1,21.32,0.0,21.32,USD
114-3731154-3295958,1,B0ZWX7WPK9,SKU-0114,DriveGuard Seat Covers — Universal Fit & Heavy Duty,2,20.72,0.0,41.44,USD
114-3811691-3318931,1,B0TXQ65ZFV,SKU-0087,WriteWell Desk Organizer — Ergonomic & Multipurpose,1,21.66,0.0,21.66,USD
114-3811691-3318931,2,B0FPMT2SF9,SKU-0076,CloudNest Science Kit — Educational & Non-Toxic,3,12.73,0.0,38.19,USD
114-3162530-6109362,1,B0U0VF1HMG,SKU-0040,ZenLife Nail Clipper Set — Gentle Formula & Cruelty-Free,1,24.82,0.0,24.82,USD
114-4851602-4893816,1,B0A30AC946,SKU-0117,ProGrip Stud Finder — Ergonomic Grip & Rust Resistant,1,19.86,0.0,19.86,USD
114-4851602-4893816,2,B08H6XVAML,SKU-0006,EverPeak Gaming Mouse — RGB Backlit & Compact Design,1,88.7,0.0,88.7,USD
114-4851602-4893816,3,B0KMG3BBNV,SKU-0039,PureGlo Hair Oil — Ionic Technology & Cruelty-Free,1,38.85,0.0,38.85,USD
114-5770818-9720948,1,B01CQYLRS7,SKU-0070,CloudNest Art Supplies Kit — STEM Learning & Interactive,1,13.62,0.0,13.62,USD
114-5770818-9720948,2,B0HE56LV1G,SKU-0071,KiddoCraft Play Kitchen Set — Interactive & Ages 3+,3,22.81,0.0,68.43,USD
114-5770818-9720948,3,B01NLXW82L,SKU-0104,LittleNest Bassinet — Safety Certified & BPA-Free,1,24.09,2.09,22.0,USD
114-5770818-9720948,4,B0A30AC946,SKU-0117,ProGrip Stud Finder — Ergonomic Grip & Rust Resistant,1,19.86,0.0,19.86,USD
114-5770818-9720948,5,B08RJE02WW,SKU-0016,AuroraTech Headphones — Bluetooth 5.3 & Water Resistant,1,87.93,0.0,87.93,USD
114-5770818-9720948,6,B0SQ7F7BFE,SKU-0057,TrailBlaze Dumbbell Set — Waterproof & Portable,1,46.37,0.0,46.37,USD
114-3243546-4194779,1,B0M6YEW145,SKU-0083,WriteWell Standing Desk Converter — Durable & Multipurpose,1,10.68,0.0,10.68,USD
114-4421831-8770973,1,B0GKG0B3EA,SKU-0090,PawPals Dog Leash — Easy to Clean & Vet Recommended,1,54.55,0.0,54.55,USD
114-7093273-5456537,1,B02SLUXEFA,SKU-0038,UrbanKitchen Spice Rack — Easy Clean & Non-Stick Coating,1,44.0,0.0,44.0,USD
114-7093273-5456537,2,B0M6YEW145,SKU-0083,WriteWell Standing Desk Converter — Durable & Multipurpose,2,9.99,0.0,19.98,USD
114-7093273-5456537,3,B03WTWXEDC,SKU-0072,CloudNest Magnetic Tiles — STEM Learning & Educational,1,19.25,0.0,19.25,USD
114-7093273-5456537,4,B0F635F86R,SKU-0097,PawPals Dog Chew Toys — Durable & Easy to Clean,1,21.36,0.0,21.36,USD
114-4608251-4327277,1,B0E48MCY15,SKU-0079,WriteWell Label Maker — Durable & Multipurpose,2,49.25,6.72,91.78,USD
114-4608251-4327277,2,B0K12NKA8N,SKU-0013,AuroraTech Smart Watch — 30H Battery Life & Bluetooth 5.3,1,83.42,0.0,83.42,USD
114-8165549-6485389,1,B0FPMT2SF9,SKU-0076,CloudNest Science Kit — Educational & Non-Toxic,1,14.63,0.0,14.63,USD
114-4408903-6372126,1,B0AZBDRH38,SKU-0086,ProGrip Sticky Notes Pack — Ergonomic & Multipurpose,1,27.71,0.0,27.71,USD
114-6580507-5379489,1,B08H6XVAML,SKU-0006,EverPeak Gaming Mouse — RGB Backlit & Compact Design,1,81.06,0.0,81.06,USD
114-6580507-5379489,2,B0QKGVBY0X,SKU-0108,LittleNest Baby Bottle Set — BPA-Free & Hypoallergenic,1,32.0,3.43,28.57,USD
114-8860310-9841593,1,B06AZNEH47,SKU-0008,BrightBeam Mechanical Keyboard — 30H Battery Life & Water Resistant,1,75.67,0.0,75.67,USD
114-8860310-9841593,2,B0J9HPEX6X,SKU-0112,DriveGuard Tire Pressure Gauge — Long Cord & Heavy Duty,1,36.82,0.0,36.82,USD
114-1910845-4161506,1,B0NQJ9A5QP,SKU-0081,WriteWell Paper Shredder — Ergonomic & Space Saving,2,15.31,0.0,30.62,USD
114-1910845-4161506,2,B02T104M25,SKU-0111,DriveGuard Jump Starter — Long Cord & Universal Fit,1,55.67,0.0,55.67,USD
114-7244360-9629101,1,B02X1DSSZM,SKU-0102,LittleNest Diaper Bag — Hypoallergenic & Easy to Clean,1,13.44,1.99,11.45,USD
114-7244360-9629101,2,B0YBRGQRFQ,SKU-0110,DriveGuard Car Vacuum — Long Cord & Easy Install,1,18.37,0.0,18.37,USD
114-7244360-9629101,3,B0TURPLSHH,SKU-0100,PawPals Automatic Pet Feeder — Easy to Clean & Vet Recommended,1,43.13,0.0,43.13,USD
114-3734765-4524077,1,B0AZBDRH38,SKU-0086,ProGrip Sticky Notes Pack — Ergonomic & Multipurpose,2,29.73,0.0,59.46,USD
114-3734765-4524077,2,B0YXU5G7D1,SKU-0011,BrightBeam Bluetooth Speaker — Fast Charging & Noise Cancelling,1,107.91,0.0,107.91,USD
114-9579549-4235507,1,B0A30AC946,SKU-0117,ProGrip Stud Finder — Ergonomic Grip & Rust Resistant,1,19.86,0.0,19.86,USD
114-9579549-4235507,2,B055PLDLF8,SKU-0005,BrightBeam Webcam — Compact Design & 30H Battery Life,1,40.21,0.0,40.21,USD
114-3640810-2981040,1,B06AZNEH47,SKU-0008,BrightBeam Mechanical Keyboard — 30H Battery Life & Water Resistant,1,75.67,0.0,75.67,USD
114-3640810-2981040,2,B08H6XVAML,SKU-0006,EverPeak Gaming Mouse — RGB Backlit & Compact Design,1,88.7,0.0,88.7,USD
114-8490876-3281479,1,B02T104M25,SKU-0111,DriveGuard Jump Starter — Long Cord & Universal Fit,1,55.67,0.0,55.67,USD
114-8490876-3281479,2,B0279XVVC5,SKU-0014,BrightBeam Desk Lamp — RGB Backlit & Noise Cancelling,1,51.35,0.0,51.35,USD
114-8639392-6057746,1,B055PLDLF8,SKU-0005,BrightBeam Webcam — Compact Design & 30H Battery Life,1,40.21,0.0,40.21,USD
114-1146669-6480097,1,B0NQJ9A5QP,SKU-0081,WriteWell Paper Shredder — Ergonomic & Space Saving,3,13.62,0.0,40.86,USD
114-1146669-6480097,2,B0N90348CD,SKU-0088,ProGrip Desk Chair Cushion — Multipurpose & Ergonomic,2,19.37,4.81,33.93,USD
114-1146669-6480097,3,B0GJL7P973,SKU-0045,PureGlo Hair Straightener — Cruelty-Free & Ionic Technology,1,39.53,0.0,39.53,USD
114-9330861-1286698,1,B0279XVVC5,SKU-0014,BrightBeam Desk Lamp — RGB Backlit & Noise Cancelling,2,51.35,0.0,102.7,USD
114-1453692-5351292,1,B02T104M25,SKU-0111,DriveGuard Jump Starter — Long Cord & Universal Fit,1,55.67,0.0,55.67,USD
114-1453692-5351292,2,B08UGTRB3Y,SKU-0050,ZenLife Vitamin C Serum — Dermatologist Tested & Long Lasting,1,40.54,0.0,40.54,USD
114-1453692-5351292,3,B0GJL7P973,SKU-0045,PureGlo Hair Straightener — Cruelty-Free & Ionic Technology,3,39.53,0.0,118.59,USD
114-1453692-5351292,4,B0YXU5G7D1,SKU-0011,BrightBeam Bluetooth Speaker — Fast Charging & Noise Cancelling,2,107.91,15.72,200.1,USD
114-1453692-5351292,5,B0Q85PD1G6,SKU-0018,EverPeak Power Bank — 30H Battery Life & Noise Cancelling,1,17.84,0.0,17.84,USD
114-1453692-5351292,6,B0HE56LV1G,SKU-0071,KiddoCraft Play Kitchen Set — Interactive & Ages 3+,1,22.81,0.0,22.81,USD
114-1127128-4721805,1,B0R5E97R3C,SKU-0001,AuroraTech Smart Plug — Noise Cancelling & HD 1080p,1,89.73,0.0,89.73,USD
114-8099935-6171733,1,B085JJ3ZXF,SKU-0041,PureGlo Electric Toothbrush — Long Lasting & Dermatologist Tested,2,45.38,0.0,90.76,USD
114-8099935-6171733,2,B0JH68DJ8G,SKU-0032,UrbanKitchen Blender — Non-Stick Coating & Space Saving,1,25.59,0.0,25.59,USD
114-1996541-2988260,1,B0TURPLSHH,SKU-0100,PawPals Automatic Pet Feeder — Easy to Clean & Vet Recommended,1,43.13,0.0,43.13,USD
114-1996541-2988260,2,B09V1N9TED,SKU-0077,KiddoCraft Puzzle Set — Non-Toxic & STEM Learning,1,29.15,0.0,29.15,USD
114-1996541-2988260,3,B055PLDLF8,SKU-0005,BrightBeam Webcam — Compact Design & 30H Battery Life,1,40.21,0.0,40.21,USD
114-1511403-2814986,1,B0SQ7F7BFE,SKU-0057,TrailBlaze Dumbbell Set — Waterproof & Portable,1,46.37,0.0,46.37,USD
114-9903570-5622924,1,B0279XVVC5,SKU-0014,BrightBeam Desk Lamp — RGB Backlit & Noise Cancelling,1,51.35,0.0,51.35,USD
114-8205561-5257397,1,B0LPG6DAQM,SKU-0120,EverPeak Tool Bag — Rust Resistant & Ergonomic Grip,1,38.1,0.0,38.1,USD
114-5265122-8339610,1,B0SFWKQDD5,SKU-0022,Nordic Home Plant Pots — Non-Stick Coating & BPA-Free,1,27.96,0.0,27.96,USD
114-6211024-6542047,1,B0SQ7F7BFE,SKU-0057,TrailBlaze Dumbbell Set — Waterproof & Portable,1,46.37,0.0,46.37,USD
114-4958617-2139922,1,B0E48MCY15,SKU-0079,WriteWell Label Maker — Durable & Multipurpose,1,49.25,0.0,49.25,USD
114-4958617-2139922,2,B0CWALEK2Y,SKU-0036,ZenLife Air Fryer — Dishwasher Safe & Non-Stick Coating,1,19.47,0.0,19.47,USD
114-9336696-7627003,1,B0FKKPVMZA,SKU-0065,TrailBlaze Foam Roller — Heavy Duty & Anti-Slip,1,42.47,0.0,42.47,USD
114-7408963-2670620,1,B02LTJA2NA,SKU-0078,CloudNest Dollhouse — Ages 3+ & Interactive,1,41.1,0.0,41.1,USD
114-9646777-5850391,1,B0R5E97R3C,SKU-0001,AuroraTech Smart Plug — Noise Cancelling & HD 1080p,1,89.73,0.0,89.73,USD
114-8839464-1855315,1,B055PLDLF8,SKU-0005,BrightBeam Webcam — Compact Design & 30H Battery Life,1,40.21,0.0,40.21,USD
114-2595144-2404057,1,B0NQJ9A5QP,SKU-0081,WriteWell Paper Shredder — Ergonomic & Space Saving,1,11.7,0.0,11.7,USD
114-2595144-2404057,2,B0QKGVBY0X,SKU-0108,LittleNest Baby Bottle Set — BPA-Free & Hypoallergenic,1,32.0,0.0,32.0,USD
114-5861477-9526474,1,B0P5FBKME8,SKU-0047,PureGlo Bath Bomb Set — Dermatologist Tested & Gentle Formula,1,29.77,0.0,29.77,USD
114-9609150-4911403,1,B0R5E97R3C,SKU-0001,AuroraTech Smart Plug — Noise Cancelling & HD 1080p,1,89.73,0.0,89.73,USD
114-2571975-4017046,1,B0AZBDRH38,SKU-0086,ProGrip Sticky Notes Pack — Ergonomic & Multipurpose,1,27.71,0.0,27.71,USD
114-8104723-9467237,1,B0TXQ65ZFV,SKU-0087,WriteWell Desk Organizer — Ergonomic & Multipurpose,1,21.66,0.0,21.66,USD
114-8104723-9467237,2,B01NLXW82L,SKU-0104,LittleNest Bassinet — Safety Certified & BPA-Free,1,24.09,0.0,24.09,USD
114-8104723-9467237,3,B0NL5Q5CZM,SKU-0003,EverPeak USB-C Hub — Water Resistant & HD 1080p,1,110.91,0.0,110.91,USD
114-5162620-3970058,1,B08RJE02WW,SKU-0016,AuroraTech Headphones — Bluetooth 5.3 & Water Resistant,1,87.93,0.0,87.93,USD
114-5162620-3970058,2,B05P1Y30A5,SKU-0091,PawPals Slow Feeder Bowl — Easy to Clean & Non-Toxic,1,10.4,0.0,10.4,USD
114-1757786-8073819,1,B0M9299AJ4,SKU-0024,ZenLife Electric Kettle — Non-Stick Coating & Space Saving,1,46.0,0.0,46.0,USD
114-1194871-3566062,1,B0FA6PK7S1,SKU-0043,PureGlo Body Scrub — Ionic Technology & Gentle Formula,1,40.0,0.0,40.0,USD
114-1194871-3566062,2,B00JXDXVG6,SKU-0095,PawPals Dog Treat Pouch — Easy to Clean & Non-Toxic,1,18.93,0.0,18.93,USD
114-1194871-3566062,3,B04ZD4ZURZ,SKU-0103,LittleNest Baby Monitor — Safety Certified & Hypoallergenic,1,31.9,0.0,31.9,USD
114-1194871-3566062,4,B043M1S1C4,SKU-0049,PureGlo Sunscreen Lotion — Ionic Technology & Dermatologist Tested,1,31.54,0.0,31.54,USD
114-1194871-3566062,5,B0FPMT2SF9,SKU-0076,CloudNest Science Kit — Educational & Non-Toxic,1,12.73,0.0,12.73,USD
114-9845104-8468785,1,B055PLDLF8,SKU-0005,BrightBeam Webcam — Compact Design & 30H Battery Life,1,40.21,0.0,40.21,USD
114-9845104-8468785,2,B0ANDXF98K,SKU-0004,AuroraTech WiFi Range Extender — Bluetooth 5.3 & Fast Charging,4,109.5,0.0,438.0,USD
114-9845104-8468785,3,B088ML63AY,SKU-0119,ProGrip Socket Set — Rust Resistant & Ergonomic Grip,1,23.37,0.0,23.37,USD
114-2811276-4903200,1,B0KKUPJDRS,SKU-0115,ProGrip LED Work Light — Cordless & High Torque,1,57.78,0.0,57.78,USD
114-1367938-3777860,1,B0WCY6LU8P,SKU-0029,UrbanKitchen Wall Clock — Easy Clean & Dishwasher Safe,1,72.21,0.0,72.21,USD
114-7985879-7745527,1,B0ANDXF98K,SKU-0004,AuroraTech WiFi Range Extender — Bluetooth 5.3 & Fast Charging,1,109.5,0.0,109.5,USD
114-7985879-7745527,2,B03WTWXEDC,SKU-0072,CloudNest Magnetic Tiles — STEM Learning & Educational,1,19.25,0.0,19.25,USD
114-7985879-7745527,3,B0N90348CD,SKU-0088,ProGrip Desk Chair Cushion — Multipurpose & Ergonomic,2,17.61,3.17,32.05,USD
114-7985879-7745527,4,B0NQJ9A5QP,SKU-0081,WriteWell Paper Shredder — Ergonomic & Space Saving,2,15.31,0.0,30.62,USD
114-4799605-6476889,1,B0FPMT2SF9,SKU-0076,CloudNest Science Kit — Educational & Non-Toxic,1,12.73,0.0,12.73,USD
114-4799605-6476889,2,B0M6YEW145,SKU-0083,WriteWell Standing Desk Converter — Durable & Multipurpose,1,9.99,0.0,9.99,USD
114-4799605-6476889,3,B0SH0V1DCR,SKU-0075,KiddoCraft Nerf-Style Blaster — Ages 3+ & Interactive,1,17.07,0.0,17.07,USD
114-4799605-6476889,4,B02X1DSSZM,SKU-0102,LittleNest Diaper Bag — Hypoallergenic & Easy to Clean,1,13.44,0.0,13.44,USD
114-1827125-2856331,1,B01NLXW82L,SKU-0104,LittleNest Bassinet — Safety Certified & BPA-Free,1,24.09,0.0,24.09,USD
114-2180841-8960467,1,B0SH0V1DCR,SKU-0075,KiddoCraft Nerf-Style Blaster — Ages 3+ & Interactive,1,15.04,0.0,15.04,USD
114-2180841-8960467,2,B0F635F86R,SKU-0097,PawPals Dog Chew Toys — Durable & Easy to Clean,1,21.36,0.0,21.36,USD
114-2180841-8960467,3,B02X1DSSZM,SKU-0102,LittleNest Diaper Bag — Hypoallergenic & Easy to Clean,1,13.44,0.0,13.44,USD
114-1824629-1415625,1,B0M2UGJMKQ,SKU-0074,CloudNest RC Car — STEM Learning & Interactive,1,11.77,0.0,11.77,USD
114-8296545-8236684,1,B0R5E97R3C,SKU-0001,AuroraTech Smart Plug — Noise Cancelling & HD 1080p,1,89.73,0.0,89.73,USD
114-1489629-8560170,1,B02X1DSSZM,SKU-0102,LittleNest Diaper Bag — Hypoallergenic & Easy to Clean,1,13.44,0.0,13.44,USD
114-1489629-8560170,2,B0MVKP1792,SKU-0002,BrightBeam HDMI Cable — Bluetooth 5.3 & HD 1080p,1,63.85,0.0,63.85,USD
114-6645656-5851810,1,B0Q85PD1G6,SKU-0018,EverPeak Power Bank — 30H Battery Life & Noise Cancelling,1,17.84,0.0,17.84,USD
114-6645656-5851810,2,B0NL5Q5CZM,SKU-0003,EverPeak USB-C Hub — Water Resistant & HD 1080p,1,110.91,0.0,110.91,USD
114-9025631-8951535,1,B0MVKP1792,SKU-0002,BrightBeam HDMI Cable — Bluetooth 5.3 & HD 1080p,1,63.85,0.0,63.85,USD
114-5214454-9949116,1,B0SH0V1DCR,SKU-0075,KiddoCraft Nerf-Style Blaster — Ages 3+ & Interactive,4,17.07,0.0,68.28,USD
114-5214454-9949116,2,B08H6XVAML,SKU-0006,EverPeak Gaming Mouse — RGB Backlit & Compact Design,1,81.06,0.0,81.06,USD
114-5214454-9949116,3,B0NQJ9A5QP,SKU-0081,WriteWell Paper Shredder — Ergonomic & Space Saving,1,13.62,1.47,12.15,USD
114-5583487-8484573,1,B0M1WJMA8T,SKU-0085,WriteWell Planner Notebook — Ergonomic & Multipurpose,1,8.44,0.0,8.44,USD
114-5583487-8484573,2,B08UGTRB3Y,SKU-0050,ZenLife Vitamin C Serum — Dermatologist Tested & Long Lasting,1,40.54,0.0,40.54,USD
114-5583487-8484573,3,B06AZNEH47,SKU-0008,BrightBeam Mechanical Keyboard — 30H Battery Life & Water Resistant,1,75.67,0.0,75.67,USD
114-9930343-1806878,1,B0S19ZGCXE,SKU-0116,EverPeak Screwdriver Set — Cordless & High Torque,3,46.08,0.0,138.24,USD
114-6440832-5248289,1,B0TXQ65ZFV,SKU-0087,WriteWell Desk Organizer — Ergonomic & Multipurpose,1,21.66,0.0,21.66,USD
114-4301912-2286876,1,B0SQ7F7BFE,SKU-0057,TrailBlaze Dumbbell Set — Waterproof & Portable,1,46.37,0.0,46.37,USD
114-4301912-2286876,2,B0F635F86R,SKU-0097,PawPals Dog Chew Toys — Durable & Easy to Clean,3,21.36,0.0,64.08,USD
114-4460803-5075122,1,B0YXU5G7D1,SKU-0011,BrightBeam Bluetooth Speaker — Fast Charging & Noise Cancelling,1,107.91,0.0,107.91,USD
114-6932930-1211654,1,B0P5FBKME8,SKU-0047,PureGlo Bath Bomb Set — Dermatologist Tested & Gentle Formula,1,31.59,0.0,31.59,USD
114-6932930-1211654,2,B0UFTNZLYW,SKU-0023,UrbanKitchen Non-Stick Pan Set — Dishwasher Safe & Space Saving,1,27.5,3.05,24.45,USD
114-3429782-5475579,1,B0R5E97R3C,SKU-0001,AuroraTech Smart Plug — Noise Cancelling & HD 1080p,1,89.73,0.0,89.73,USD
114-3429782-5475579,2,B04Z7XKKST,SKU-0105,LittleNest Swaddle Blankets — BPA-Free & Safety Certified,1,54.16,0.0,54.16,USD
114-8130059-6793850,1,B0WCY6LU8P,SKU-0029,UrbanKitchen Wall Clock — Easy Clean & Dishwasher Safe,1,72.21,0.0,72.21,USD
114-4648083-8555391,1,B00JXDXVG6,SKU-0095,PawPals Dog Treat Pouch — Easy to Clean & Non-Toxic,1,18.93,0.0,18.93,USD
114-4648083-8555391,2,B02X1DSSZM,SKU-0102,LittleNest Diaper Bag — Hypoallergenic & Easy to Clean,1,13.44,0.0,13.44,USD
114-7475947-8140130,1,B0NQJ9A5QP,SKU-0081,WriteWell Paper Shredder — Ergonomic & Space Saving,4,15.31,0.0,61.24,USD
114-7475947-8140130,2,B0936760J9,SKU-0034,Nordic Home Shower Caddy — Easy Clean & Non-Stick Coating,1,25.31,0.0,25.31,USD
114-1611180-2502260,1,B0YXU5G7D1,SKU-0011,BrightBeam Bluetooth Speaker — Fast Charging & Noise Cancelling,1,107.91,0.0,107.91,USD
114-1611180-2502260,2,B088K2QTZJ,SKU-0007,AuroraTech Car Mount — Bluetooth 5.3 & RGB Backlit,1,52.27,0.0,52.27,USD
114-9388090-1504718,1,B0S19ZGCXE,SKU-0116,EverPeak Screwdriver Set — Cordless & High Torque,1,46.08,4.97,41.11,USD
114-9388090-1504718,2,B03WTWXEDC,SKU-0072,CloudNest Magnetic Tiles — STEM Learning & Educational,2,19.25,0.0,38.5,USD
114-1035443-1273090,1,B0NL5Q5CZM,SKU-0003,EverPeak USB-C Hub — Water Resistant & HD 1080p,1,110.91,0.0,110.91,USD
114-7479928-3041832,1,B0TURPLSHH,SKU-0100,PawPals Automatic Pet Feeder — Easy to Clean & Vet Recommended,1,43.13,0.0,43.13,USD
114-2426942-9561996,1,B0F635F86R,SKU-0097,PawPals Dog Chew Toys — Durable & Easy to Clean,1,21.36,0.0,21.36,USD
114-2426942-9561996,2,B0FPMT2SF9,SKU-0076,CloudNest Science Kit — Educational & Non-Toxic,1,12.73,0.0,12.73,USD
114-1283563-8667926,1,B0J9HPEX6X,SKU-0112,DriveGuard Tire Pressure Gauge — Long Cord & Heavy Duty,1,36.82,1.91,34.91,USD
114-1283563-8667926,2,B0PAU2ZN1D,SKU-0113,DriveGuard Car Organizer — Heavy Duty & Easy Install,1,24.69,0.0,24.69,USD
114-1283563-8667926,3,B0NQJ9A5QP,SKU-0081,WriteWell Paper Shredder — Ergonomic & Space Saving,3,15.31,0.0,45.93,USD
114-7223817-6017911,1,B0A30AC946,SKU-0117,ProGrip Stud Finder — Ergonomic Grip & Rust Resistant,1,19.86,0.0,19.86,USD
114-7223817-6017911,2,B0R5E97R3C,SKU-0001,AuroraTech Smart Plug — Noise Cancelling & HD 1080p,2,89.73,0.0,179.46,USD
114-7223817-6017911,3,B0SQ7F7BFE,SKU-0057,TrailBlaze Dumbbell Set — Waterproof & Portable,1,46.37,5.17,41.2,USD
114-7223817-6017911,4,B0PF199V27,SKU-0037,Nordic Home Utensil Set — Non-Stick Coating & BPA-Free,1,62.82,0.0,62.82,USD
114-7340456-9963996,1,B0M9DY5YFP,SKU-0063,TrailBlaze Bike Helmet — Lightweight & Portable,1,13.26,0.0,13.26,USD
114-8926872-9877472,1,B0GJL7P973,SKU-0045,PureGlo Hair Straightener — Cruelty-Free & Ionic Technology,1,39.53,0.0,39.53,USD
114-4971964-3122388,1,B0A30AC946,SKU-0117,ProGrip Stud Finder — Ergonomic Grip & Rust Resistant,3,19.86,0.0,59.58,USD
114-4971964-3122388,2,B0SQ7F7BFE,SKU-0057,TrailBlaze Dumbbell Set — Waterproof & Portable,1,46.37,0.0,46.37,USD
114-7183138-3335391,1,B08H6XVAML,SKU-0006,EverPeak Gaming Mouse — RGB Backlit & Compact Design,1,81.06,0.0,81.06,USD
114-7183138-3335391,2,B01CQYLRS7,SKU-0070,CloudNest Art Supplies Kit — STEM Learning & Interactive,1,13.62,1.42,12.2,USD
114-7183138-3335391,3,B0JH68DJ8G,SKU-0032,UrbanKitchen Blender — Non-Stick Coating & Space Saving,1,25.59,0.0,25.59,USD
114-7183138-3335391,4,B055PLDLF8,SKU-0005,BrightBeam Webcam — Compact Design & 30H Battery Life,1,40.21,0.0,40.21,USD
114-7183138-3335391,5,B00JXDXVG6,SKU-0095,PawPals Dog Treat Pouch — Easy to Clean & Non-Toxic,1,20.29,0.0,20.29,USD
114-9011589-6608076,1,B0A30AC946,SKU-0117,ProGrip Stud Finder — Ergonomic Grip & Rust Resistant,1,19.86,0.0,19.86,USD
114-9011589-6608076,2,B0QKGVBY0X,SKU-0108,LittleNest Baby Bottle Set — BPA-Free & Hypoallergenic,2,32.0,0.0,64.0,USD
114-1761206-6351268,1,B088K2QTZJ,SKU-0007,AuroraTech Car Mount — Bluetooth 5.3 & RGB Backlit,1,52.27,5.62,46.65,USD
114-1761206-6351268,2,B04Z7XKKST,SKU-0105,LittleNest Swaddle Blankets — BPA-Free & Safety Certified,2,54.16,12.26,96.06,USD
114-1886527-8706751,1,B0A30AC946,SKU-0117,ProGrip Stud Finder — Ergonomic Grip & Rust Resistant,1,19.86,0.0,19.86,USD
114-1886527-8706751,2,B0HE56LV1G,SKU-0071,KiddoCraft Play Kitchen Set — Interactive & Ages 3+,2,22.81,0.0,45.62,USD
114-1886527-8706751,3,B0YBRGQRFQ,SKU-0110,DriveGuard Car Vacuum — Long Cord & Easy Install,1,18.37,0.0,18.37,USD
114-8593770-5032747,1,B0FPMT2SF9,SKU-0076,CloudNest Science Kit — Educational & Non-Toxic,1,12.73,0.0,12.73,USD
114-8593770-5032747,2,B02T104M25,SKU-0111,DriveGuard Jump Starter — Long Cord & Universal Fit,3,55.67,0.0,167.01,USD
114-8593770-5032747,3,B0F635F86R,SKU-0097,PawPals Dog Chew Toys — Durable & Easy to Clean,1,21.36,1.32,20.04,USD
114-8593770-5032747,4,B0R5E97R3C,SKU-0001,AuroraTech Smart Plug — Noise Cancelling & HD 1080p,1,89.73,6.08,83.65,USD
114-8170643-2356787,1,B04Z7XKKST,SKU-0105,LittleNest Swaddle Blankets — BPA-Free & Safety Certified,1,54.16,0.0,54.16,USD
114-8170643-2356787,2,B0NKTX370W,SKU-0051,PureGlo Shampoo & Conditioner — Gentle Formula & Ionic Technology,1,11.33,0.0,11.33,USD
114-8170643-2356787,3,B02X1DSSZM,SKU-0102,LittleNest Diaper Bag — Hypoallergenic & Easy to Clean,1,13.44,1.32,12.12,USD
114-8170643-2356787,4,B088K2QTZJ,SKU-0007,AuroraTech Car Mount — Bluetooth 5.3 & RGB Backlit,2,52.27,0.0,104.54,USD
114-6489988-5916321,1,B043M1S1C4,SKU-0049,PureGlo Sunscreen Lotion — Ionic Technology & Dermatologist Tested,1,31.54,0.0,31.54,USD
114-8922493-2938893,1,B03WTWXEDC,SKU-0072,CloudNest Magnetic Tiles — STEM Learning & Educational,1,19.25,0.0,19.25,USD
114-8922493-2938893,2,B06AZNEH47,SKU-0008,BrightBeam Mechanical Keyboard — 30H Battery Life & Water Resistant,1,75.67,0.0,75.67,USD
114-1761751-3579145,1,B0K12NKA8N,SKU-0013,AuroraTech Smart Watch — 30H Battery Life & Bluetooth 5.3,1,83.42,0.0,83.42,USD
114-5059357-6660550,1,B0FPMT2SF9,SKU-0076,CloudNest Science Kit — Educational & Non-Toxic,1,12.73,0.0,12.73,USD
114-6026046-9445312,1,B0P5FBKME8,SKU-0047,PureGlo Bath Bomb Set — Dermatologist Tested & Gentle Formula,3,29.77,0.0,89.31,USD
114-6026046-9445312,2,B0KKUPJDRS,SKU-0115,ProGrip LED Work Light — Cordless & High Torque,2,57.78,0.0,115.56,USD
114-6026046-9445312,3,B0FTQRA6A1,SKU-0109,DriveGuard Dash Cam — Heavy Duty & Easy Install,1,30.93,4.07,26.86,USD
114-6629822-6912948,1,B0PGGKXQ9K,SKU-0093,PawPals Pet Water Fountain — Easy to Clean & Vet Recommended,1,34.22,0.0,34.22,USD
114-6629822-6912948,2,B0R5E97R3C,SKU-0001,AuroraTech Smart Plug — Noise Cancelling & HD 1080p,2,89.73,0.0,179.46,USD
114-2706522-4918671,1,B0J9HPEX6X,SKU-0112,DriveGuard Tire Pressure Gauge — Long Cord & Heavy Duty,4,34.7,11.5,127.3,USD
114-2706522-4918671,2,B055PLDLF8,SKU-0005,BrightBeam Webcam — Compact Design & 30H Battery Life,1,40.21,0.0,40.21,USD
114-1399180-7813611,1,B02T104M25,SKU-0111,DriveGuard Jump Starter — Long Cord & Universal Fit,1,55.67,3.24,52.43,USD
114-1399180-7813611,2,B0N90348CD,SKU-0088,ProGrip Desk Chair Cushion — Multipurpose & Ergonomic,1,17.61,0.0,17.61,USD
114-1399180-7813611,3,B055PLDLF8,SKU-0005,BrightBeam Webcam — Compact Design & 30H Battery Life,1,40.21,0.0,40.21,USD
114-1851844-2324391,1,B0FTQRA6A1,SKU-0109,DriveGuard Dash Cam — Heavy Duty & Easy Install,1,30.93,0.0,30.93,USD
114-1851844-2324391,2,B085JJ3ZXF,SKU-0041,PureGlo Electric Toothbrush — Long Lasting & Dermatologist Tested,2,45.38,0.0,90.76,USD
114-1851844-2324391,3,B0TURPLSHH,SKU-0100,PawPals Automatic Pet Feeder — Easy to Clean & Vet Recommended,1,43.13,5.76,37.37,USD
114-1851844-2324391,4,B0N90348CD,SKU-0088,ProGrip Desk Chair Cushion — Multipurpose & Ergonomic,1,19.37,0.0,19.37,USD
114-6936879-7143103,1,B0NL5Q5CZM,SKU-0003,EverPeak USB-C Hub — Water Resistant & HD 1080p,1,110.91,0.0,110.91,USD
114-6936879-7143103,2,B0S19ZGCXE,SKU-0116,EverPeak Screwdriver Set — Cordless & High Torque,1,46.08,0.0,46.08,USD
114-6936879-7143103,3,B0JH68DJ8G,SKU-0032,UrbanKitchen Blender — Non-Stick Coating & Space Saving,1,25.59,0.0,25.59,USD
114-4598930-8187497,1,B0ANDXF98K,SKU-0004,AuroraTech WiFi Range Extender — Bluetooth 5.3 & Fast Charging,1,109.5,0.0,109.5,USD
114-3923638-7025942,1,B0U0VF1HMG,SKU-0040,ZenLife Nail Clipper Set — Gentle Formula & Cruelty-Free,1,28.36,2.57,25.79,USD
114-3923638-7025942,2,B0NL5Q5CZM,SKU-0003,EverPeak USB-C Hub — Water Resistant & HD 1080p,1,103.75,0.0,103.75,USD
114-1986329-2236275,1,B0N90348CD,SKU-0088,ProGrip Desk Chair Cushion — Multipurpose & Ergonomic,1,17.61,0.0,17.61,USD
114-4252186-5848213,1,B0MVKP1792,SKU-0002,BrightBeam HDMI Cable — Bluetooth 5.3 & HD 1080p,1,63.85,0.0,63.85,USD
114-4252186-5848213,2,B0P5FBKME8,SKU-0047,PureGlo Bath Bomb Set — Dermatologist Tested & Gentle Formula,1,29.77,1.97,27.8,USD
114-4252186-5848213,3,B0M9DY5YFP,SKU-0063,TrailBlaze Bike Helmet — Lightweight & Portable,1,13.26,1.32,11.94,USD
114-5796087-2774490,1,B0TXQ65ZFV,SKU-0087,WriteWell Desk Organizer — Ergonomic & Multipurpose,1,21.66,0.0,21.66,USD
114-5796087-2774490,2,B02LTJA2NA,SKU-0078,CloudNest Dollhouse — Ages 3+ & Interactive,1,41.1,0.0,41.1,USD
114-8075872-1778376,1,B0FTQRA6A1,SKU-0109,DriveGuard Dash Cam — Heavy Duty & Easy Install,1,30.93,0.0,30.93,USD
114-3283061-1108971,1,B0NGF9R3E9,SKU-0061,TrailBlaze Cooler Bag — Waterproof & Lightweight,4,82.22,0.0,328.88,USD
114-3283061-1108971,2,B00JXDXVG6,SKU-0095,PawPals Dog Treat Pouch — Easy to Clean & Non-Toxic,2,18.93,0.0,37.86,USD
114-3283061-1108971,3,B0A30AC946,SKU-0117,ProGrip Stud Finder — Ergonomic Grip & Rust Resistant,1,19.86,0.0,19.86,USD
114-3283061-1108971,4,B09V1N9TED,SKU-0077,KiddoCraft Puzzle Set — Non-Toxic & STEM Learning,1,29.15,0.0,29.15,USD
114-4006157-1142126,1,B0FKKPVMZA,SKU-0065,TrailBlaze Foam Roller — Heavy Duty & Anti-Slip,1,52.95,5.8,47.15,USD
114-3719631-4785774,1,B0ZWX7WPK9,SKU-0114,DriveGuard Seat Covers — Universal Fit & Heavy Duty,1,20.72,0.0,20.72,USD
114-3088644-9761967,1,B055PLDLF8,SKU-0005,BrightBeam Webcam — Compact Design & 30H Battery Life,1,40.21,0.0,40.21,USD
114-6250385-8780433,1,B09V1N9TED,SKU-0077,KiddoCraft Puzzle Set — Non-Toxic & STEM Learning,1,29.15,4.35,24.8,USD
114-4622993-2126904,1,B0E48MCY15,SKU-0079,WriteWell Label Maker — Durable & Multipurpose,2,49.25,0.0,98.5,USD
114-3316968-3820608,1,B0279XVVC5,SKU-0014,BrightBeam Desk Lamp — RGB Backlit & Noise Cancelling,1,51.35,0.0,51.35,USD
114-5227221-2487812,1,B088K2QTZJ,SKU-0007,AuroraTech Car Mount — Bluetooth 5.3 & RGB Backlit,1,52.27,0.0,52.27,USD
114-1171259-3122871,1,B0ZWX7WPK9,SKU-0114,DriveGuard Seat Covers — Universal Fit & Heavy Duty,1,19.42,0.0,19.42,USD
114-1171259-3122871,2,B0A8X9FRKN,SKU-0031,Nordic Home Coffee Grinder — BPA-Free & Premium Finish,2,82.74,0.0,165.48,USD
114-2732002-5088595,1,B0HE56LV1G,SKU-0071,KiddoCraft Play Kitchen Set — Interactive & Ages 3+,2,22.81,0.0,45.62,USD
114-2732002-5088595,2,B08UGTRB3Y,SKU-0050,ZenLife Vitamin C Serum — Dermatologist Tested & Long Lasting,1,40.54,6.02,34.52,USD
114-8381477-8665812,1,B08RJE02WW,SKU-0016,AuroraTech Headphones — Bluetooth 5.3 & Water Resistant,1,87.93,0.0,87.93,USD
114-8381477-8665812,2,B0F635F86R,SKU-0097,PawPals Dog Chew Toys — Durable & Easy to Clean,4,21.36,0.0,85.44,USD
114-1685796-3669613,1,B0MVKP1792,SKU-0002,BrightBeam HDMI Cable — Bluetooth 5.3 & HD 1080p,1,63.85,0.0,63.85,USD
114-1685796-3669613,2,B0M9299AJ4,SKU-0024,ZenLife Electric Kettle — Non-Stick Coating & Space Saving,1,46.0,0.0,46.0,USD
114-1685796-3669613,3,B0ZWX7WPK9,SKU-0114,DriveGuard Seat Covers — Universal Fit & Heavy Duty,1,19.42,0.0,19.42,USD
114-1685796-3669613,4,B0FPMT2SF9,SKU-0076,CloudNest Science Kit — Educational & Non-Toxic,2,12.73,0.0,25.46,USD
114-8007575-7597744,1,B0N90348CD,SKU-0088,ProGrip Desk Chair Cushion — Multipurpose & Ergonomic,2,17.61,0.0,35.22,USD
114-5814049-5273756,1,B0279XVVC5,SKU-0014,BrightBeam Desk Lamp — RGB Backlit & Noise Cancelling,1,51.35,0.0,51.35,USD
114-7323816-3806405,1,B0YJ486MXU,SKU-0107,LittleNest Baby Safety Gate — Safety Certified & BPA-Free,1,60.8,0.0,60.8,USD
114-6763353-6378128,1,B0M1WJMA8T,SKU-0085,WriteWell Planner Notebook — Ergonomic & Multipurpose,1,8.44,0.0,8.44,USD
114-6763353-6378128,2,B0ZWX7WPK9,SKU-0114,DriveGuard Seat Covers — Universal Fit & Heavy Duty,3,19.42,0.0,58.26,USD
114-6763353-6378128,3,B0SH0V1DCR,SKU-0075,KiddoCraft Nerf-Style Blaster — Ages 3+ & Interactive,1,17.07,0.0,17.07,USD
114-2419946-7379809,1,B088K2QTZJ,SKU-0007,AuroraTech Car Mount — Bluetooth 5.3 & RGB Backlit,3,52.27,0.0,156.81,USD
114-9919250-4956910,1,B02X1DSSZM,SKU-0102,LittleNest Diaper Bag — Hypoallergenic & Easy to Clean,2,13.44,0.0,26.88,USD
114-9919250-4956910,2,B0SFWKQDD5,SKU-0022,Nordic Home Plant Pots — Non-Stick Coating & BPA-Free,1,27.96,0.0,27.96,USD
114-9919250-4956910,3,B0ANDXF98K,SKU-0004,AuroraTech WiFi Range Extender — Bluetooth 5.3 & Fast Charging,1,109.5,0.0,109.5,USD
114-5505739-9378197,1,B0TURPLSHH,SKU-0100,PawPals Automatic Pet Feeder — Easy to Clean & Vet Recommended,2,43.13,0.0,86.26,USD
114-5505739-9378197,2,B00EGECWF5,SKU-0030,ZenLife Laundry Hamper — Dishwasher Safe & Premium Finish,3,68.26,0.0,204.78,USD
114-5505739-9378197,3,B0F635F86R,SKU-0097,PawPals Dog Chew Toys — Durable & Easy to Clean,1,21.36,0.0,21.36,USD
114-9435412-7414059,1,B0U0VF1HMG,SKU-0040,ZenLife Nail Clipper Set — Gentle Formula & Cruelty-Free,1,28.36,0.0,28.36,USD
114-6139691-9523590,1,B0PF199V27,SKU-0037,Nordic Home Utensil Set — Non-Stick Coating & BPA-Free,1,62.82,0.0,62.82,USD
114-6139691-9523590,2,B02T104M25,SKU-0111,DriveGuard Jump Starter — Long Cord & Universal Fit,2,55.67,0.0,111.34,USD
114-3293594-5019776,1,B0P5FBKME8,SKU-0047,PureGlo Bath Bomb Set — Dermatologist Tested & Gentle Formula,2,29.77,0.0,59.54,USD
114-3640954-7970196,1,B0NL5Q5CZM,SKU-0003,EverPeak USB-C Hub — Water Resistant & HD 1080p,1,110.91,0.0,110.91,USD
114-3640954-7970196,2,B02LTJA2NA,SKU-0078,CloudNest Dollhouse — Ages 3+ & Interactive,1,41.1,0.0,41.1,USD
114-3046517-9316170,1,B0GJL7P973,SKU-0045,PureGlo Hair Straightener — Cruelty-Free & Ionic Technology,1,39.53,0.0,39.53,USD
114-5686885-3956450,1,B01NLXW82L,SKU-0104,LittleNest Bassinet — Safety Certified & BPA-Free,1,24.09,0.0,24.09,USD
114-1424716-9875764,1,B0FTQRA6A1,SKU-0109,DriveGuard Dash Cam — Heavy Duty & Easy Install,1,30.93,0.0,30.93,USD
114-1057131-2870242,1,B0J4AJH5Y5,SKU-0084,ProGrip Monitor Stand — Space Saving & Multipurpose,1,57.15,8.21,48.94,USD
114-1057131-2870242,2,B0FA6PK7S1,SKU-0043,PureGlo Body Scrub — Ionic Technology & Gentle Formula,1,40.0,0.0,40.0,USD
114-1057131-2870242,3,B0M2QT36J4,SKU-0010,AuroraTech Portable Charger — Fast Charging & HD 1080p,4,64.56,36.69,221.55,USD
114-1057131-2870242,4,B0NKTX370W,SKU-0051,PureGlo Shampoo & Conditioner — Gentle Formula & Ionic Technology,1,11.33,0.0,11.33,USD
114-4269335-3011841,1,B0TURPLSHH,SKU-0100,PawPals Automatic Pet Feeder — Easy to Clean & Vet Recommended,1,43.13,0.0,43.13,USD
114-4269335-3011841,2,B0F635F86R,SKU-0097,PawPals Dog Chew Toys — Durable & Easy to Clean,1,21.36,0.0,21.36,USD
114-7343187-6802621,1,B05P1Y30A5,SKU-0091,PawPals Slow Feeder Bowl — Easy to Clean & Non-Toxic,1,10.4,0.0,10.4,USD
114-7266775-6909755,1,B0H9GJQWK8,SKU-0009,EverPeak Phone Case — Noise Cancelling & Bluetooth 5.3,1,23.15,0.0,23.15,USD
114-3924375-1023893,1,B0F635F86R,SKU-0097,PawPals Dog Chew Toys — Durable & Easy to Clean,1,21.36,0.0,21.36,USD
114-3924375-1023893,2,B08RJE02WW,SKU-0016,AuroraTech Headphones — Bluetooth 5.3 & Water Resistant,1,87.93,0.0,87.93,USD
114-3924375-1023893,3,B0XHVV9SEX,SKU-0042,ZenLife Makeup Brush Set — Ionic Technology & Long Lasting,1,23.36,0.0,23.36,USD
114-9352271-3026573,1,B0NL5Q5CZM,SKU-0003,EverPeak USB-C Hub — Water Resistant & HD 1080p,1,110.91,0.0,110.91,USD
114-4728927-4068301,1,B0J4AJH5Y5,SKU-0084,ProGrip Monitor Stand — Space Saving & Multipurpose,1,57.15,0.0,57.15,USD
114-4728927-4068301,2,B02T104M25,SKU-0111,DriveGuard Jump Starter — Long Cord & Universal Fit,1,55.67,0.0,55.67,USD
114-4635470-3562992,1,B08H6XVAML,SKU-0006,EverPeak Gaming Mouse — RGB Backlit & Compact Design,1,88.7,0.0,88.7,USD
114-4089229-3997051,1,B0QKGVBY0X,SKU-0108,LittleNest Baby Bottle Set — BPA-Free & Hypoallergenic,4,32.0,0.0,128.0,USD
114-9032737-5104413,1,B0N90348CD,SKU-0088,ProGrip Desk Chair Cushion — Multipurpose & Ergonomic,1,17.61,0.0,17.61,USD
114-6115213-3047234,1,B08RJE02WW,SKU-0016,AuroraTech Headphones — Bluetooth 5.3 & Water Resistant,1,87.93,11.3,76.63,USD
114-6115213-3047234,2,B0P5FBKME8,SKU-0047,PureGlo Bath Bomb Set — Dermatologist Tested & Gentle Formula,1,31.59,0.0,31.59,USD
114-5644752-8988369,1,B02T104M25,SKU-0111,DriveGuard Jump Starter — Long Cord & Universal Fit,1,55.67,0.0,55.67,USD
114-5644752-8988369,2,B0AZBDRH38,SKU-0086,ProGrip Sticky Notes Pack — Ergonomic & Multipurpose,1,27.71,2.95,24.76,USD
114-2532162-7307818,1,B0FA6PK7S1,SKU-0043,PureGlo Body Scrub — Ionic Technology & Gentle Formula,1,40.0,0.0,40.0,USD
114-1250130-2193206,1,B055PLDLF8,SKU-0005,BrightBeam Webcam — Compact Design & 30H Battery Life,3,40.21,0.0,120.63,USD
114-1250130-2193206,2,B0936760J9,SKU-0034,Nordic Home Shower Caddy — Easy Clean & Non-Stick Coating,1,25.31,0.0,25.31,USD
114-7811271-1609611,1,B01CQYLRS7,SKU-0070,CloudNest Art Supplies Kit — STEM Learning & Interactive,1,13.62,1.5,12.12,USD
114-1475103-8723932,1,B0FPMT2SF9,SKU-0076,CloudNest Science Kit — Educational & Non-Toxic,1,12.73,0.0,12.73,USD
114-6180257-4406031,1,B0279XVVC5,SKU-0014,BrightBeam Desk Lamp — RGB Backlit & Noise Cancelling,3,51.35,0.0,154.05,USD
114-1766394-3659852,1,B01CQYLRS7,SKU-0070,CloudNest Art Supplies Kit — STEM Learning & Interactive,4,13.62,0.0,54.48,USD
114-1766394-3659852,2,B0GJL7P973,SKU-0045,PureGlo Hair Straightener — Cruelty-Free & Ionic Technology,1,39.53,0.0,39.53,USD
114-8789111-7637791,1,B0JH68DJ8G,SKU-0032,UrbanKitchen Blender — Non-Stick Coating & Space Saving,1,26.96,0.0,26.96,USD
114-6831067-8157670,1,B043M1S1C4,SKU-0049,PureGlo Sunscreen Lotion — Ionic Technology & Dermatologist Tested,1,31.54,0.0,31.54,USD
114-8157573-4128472,1,B088K2QTZJ,SKU-0007,AuroraTech Car Mount — Bluetooth 5.3 & RGB Backlit,1,52.27,0.0,52.27,USD
114-8157573-4128472,2,B0N90348CD,SKU-0088,ProGrip Desk Chair Cushion — Multipurpose & Ergonomic,1,17.61,0.0,17.61,USD
114-3702847-8762357,1,B01NLXW82L,SKU-0104,LittleNest Bassinet — Safety Certified & BPA-Free,1,24.09,0.0,24.09,USD
114-3702847-8762357,2,B0M6YEW145,SKU-0083,WriteWell Standing Desk Converter — Durable & Multipurpose,1,9.99,0.0,9.99,USD
114-3702847-8762357,3,B0FTQRA6A1,SKU-0109,DriveGuard Dash Cam — Heavy Duty & Easy Install,1,30.93,0.0,30.93,USD
114-3702847-8762357,4,B09V1N9TED,SKU-0077,KiddoCraft Puzzle Set — Non-Toxic & STEM Learning,1,29.15,0.0,29.15,USD
114-2224634-6122965,1,B00JXDXVG6,SKU-0095,PawPals Dog Treat Pouch — Easy to Clean & Non-Toxic,1,18.93,0.0,18.93,USD
114-2224634-6122965,2,B0SFWKQDD5,SKU-0022,Nordic Home Plant Pots — Non-Stick Coating & BPA-Free,1,27.96,0.0,27.96,USD
114-3874563-3451220,1,B05P1Y30A5,SKU-0091,PawPals Slow Feeder Bowl — Easy to Clean & Non-Toxic,1,10.4,0.0,10.4,USD
114-5523283-2673677,1,B02LTJA2NA,SKU-0078,CloudNest Dollhouse — Ages 3+ & Interactive,1,41.1,0.0,41.1,USD
114-5523283-2673677,2,B088K2QTZJ,SKU-0007,AuroraTech Car Mount — Bluetooth 5.3 & RGB Backlit,1,52.27,0.0,52.27,USD
114-5523283-2673677,3,B0N90348CD,SKU-0088,ProGrip Desk Chair Cushion — Multipurpose & Ergonomic,2,19.37,0.0,38.74,USD
114-8929208-3213110,1,B0NKTX370W,SKU-0051,PureGlo Shampoo & Conditioner — Gentle Formula & Ionic Technology,1,12.23,0.0,12.23,USD
114-3372887-6968855,1,B0U0VF1HMG,SKU-0040,ZenLife Nail Clipper Set — Gentle Formula & Cruelty-Free,1,24.82,0.0,24.82,USD
114-3372887-6968855,2,B0P5FBKME8,SKU-0047,PureGlo Bath Bomb Set — Dermatologist Tested & Gentle Formula,1,31.59,0.0,31.59,USD
114-3372887-6968855,3,B0FA6PK7S1,SKU-0043,PureGlo Body Scrub — Ionic Technology & Gentle Formula,1,40.0,0.0,40.0,USD
114-4664158-2154009,1,B0U0VF1HMG,SKU-0040,ZenLife Nail Clipper Set — Gentle Formula & Cruelty-Free,1,28.36,0.0,28.36,USD
114-5976514-4079746,1,B0MVKP1792,SKU-0002,BrightBeam HDMI Cable — Bluetooth 5.3 & HD 1080p,1,67.82,0.0,67.82,USD
114-5976514-4079746,2,B0M9299AJ4,SKU-0024,ZenLife Electric Kettle — Non-Stick Coating & Space Saving,1,46.0,0.0,46.0,USD
114-7974040-9463009,1,B0FPMT2SF9,SKU-0076,CloudNest Science Kit — Educational & Non-Toxic,1,12.73,0.0,12.73,USD
114-7974040-9463009,2,B0MVKP1792,SKU-0002,BrightBeam HDMI Cable — Bluetooth 5.3 & HD 1080p,3,63.85,0.0,191.55,USD
114-1840925-3566756,1,B0JH68DJ8G,SKU-0032,UrbanKitchen Blender — Non-Stick Coating & Space Saving,1,26.96,0.0,26.96,USD
114-7150740-1787382,1,B0P5FBKME8,SKU-0047,PureGlo Bath Bomb Set — Dermatologist Tested & Gentle Formula,1,31.59,0.0,31.59,USD
114-4922062-1156351,1,B0279XVVC5,SKU-0014,BrightBeam Desk Lamp — RGB Backlit & Noise Cancelling,1,51.35,0.0,51.35,USD
114-4922062-1156351,2,B0YJ486MXU,SKU-0107,LittleNest Baby Safety Gate — Safety Certified & BPA-Free,1,60.8,0.0,60.8,USD
114-4922062-1156351,3,B0Q85PD1G6,SKU-0018,EverPeak Power Bank — 30H Battery Life & Noise Cancelling,1,17.84,0.0,17.84,USD
114-4922062-1156351,4,B08RJE02WW,SKU-0016,AuroraTech Headphones — Bluetooth 5.3 & Water Resistant,1,87.93,0.0,87.93,USD
114-4922062-1156351,5,B0WKPVSC0B,SKU-0025,Nordic Home Tea Infuser — Non-Stick Coating & Dishwasher Safe,1,43.18,0.0,43.18,USD
114-4922062-1156351,6,B01U2VVLHF,SKU-0066,EverPeak Water Bottle — Portable & Waterproof,1,66.14,0.0,66.14,USD
114-4533439-1940363,1,B09V1N9TED,SKU-0077,KiddoCraft Puzzle Set — Non-Toxic & STEM Learning,1,29.15,0.0,29.15,USD
114-4533439-1940363,2,B0WCY6LU8P,SKU-0029,UrbanKitchen Wall Clock — Easy Clean & Dishwasher Safe,1,72.21,0.0,72.21,USD
114-2142551-1274903,1,B088K2QTZJ,SKU-0007,AuroraTech Car Mount — Bluetooth 5.3 & RGB Backlit,1,52.27,0.0,52.27,USD
114-2142551-1274903,2,B0NL5Q5CZM,SKU-0003,EverPeak USB-C Hub — Water Resistant & HD 1080p,2,110.91,0.0,221.82,USD
114-2704402-8990770,1,B08H6XVAML,SKU-0006,EverPeak Gaming Mouse — RGB Backlit & Compact Design,1,88.7,0.0,88.7,USD
114-4814971-8393823,1,B0EGZYNSAE,SKU-0106,LittleNest Baby Bath Tub — Hypoallergenic & Safety Certified,1,25.43,0.0,25.43,USD
114-9955283-5726937,1,B0M9299AJ4,SKU-0024,ZenLife Electric Kettle — Non-Stick Coating & Space Saving,1,46.0,0.0,46.0,USD
114-2442046-1790983,1,B085JJ3ZXF,SKU-0041,PureGlo Electric Toothbrush — Long Lasting & Dermatologist Tested,1,42.31,0.0,42.31,USD
114-2240405-8623811,1,B02T104M25,SKU-0111,DriveGuard Jump Starter — Long Cord & Universal Fit,1,55.67,0.0,55.67,USD
114-2240405-8623811,2,B0NQJ9A5QP,SKU-0081,WriteWell Paper Shredder — Ergonomic & Space Saving,1,13.62,0.0,13.62,USD
114-2835292-9287806,1,B00JXDXVG6,SKU-0095,PawPals Dog Treat Pouch — Easy to Clean & Non-Toxic,1,20.29,0.0,20.29,USD
114-2835292-9287806,2,B0M9299AJ4,SKU-0024,ZenLife Electric Kettle — Non-Stick Coating & Space Saving,1,46.0,0.0,46.0,USD
114-2835292-9287806,3,B09V1N9TED,SKU-0077,KiddoCraft Puzzle Set — Non-Toxic & STEM Learning,1,29.15,0.0,29.15,USD
114-2835292-9287806,4,B0K12NKA8N,SKU-0013,AuroraTech Smart Watch — 30H Battery Life & Bluetooth 5.3,1,83.42,0.0,83.42,USD
114-1025295-4279979,1,B04ZD4ZURZ,SKU-0103,LittleNest Baby Monitor — Safety Certified & Hypoallergenic,1,31.9,0.0,31.9,USD
114-1025295-4279979,2,B0936760J9,SKU-0034,Nordic Home Shower Caddy — Easy Clean & Non-Stick Coating,2,25.31,4.88,45.74,USD
114-9514216-6861302,1,B0SQ7F7BFE,SKU-0057,TrailBlaze Dumbbell Set — Waterproof & Portable,1,46.37,0.0,46.37,USD
114-9514216-6861302,2,B0054NK7PS,SKU-0028,Nordic Home Food Storage Containers — BPA-Free & Non-Stick Coating,1,62.0,0.0,62.0,USD
114-4103558-8589182,1,B0M2QT36J4,SKU-0010,AuroraTech Portable Charger — Fast Charging & HD 1080p,1,64.56,0.0,64.56,USD
114-7188870-3645228,1,B0ZWX7WPK9,SKU-0114,DriveGuard Seat Covers — Universal Fit & Heavy Duty,1,19.42,0.0,19.42,USD
114-7188870-3645228,2,B0F635F86R,SKU-0097,PawPals Dog Chew Toys — Durable & Easy to Clean,1,21.36,0.0,21.36,USD
114-7188870-3645228,3,B08RJE02WW,SKU-0016,AuroraTech Headphones — Bluetooth 5.3 & Water Resistant,1,87.93,0.0,87.93,USD
114-7188870-3645228,4,B0M2QT36J4,SKU-0010,AuroraTech Portable Charger — Fast Charging & HD 1080p,1,64.56,0.0,64.56,USD
114-4017976-1717148,1,B0MVKP1792,SKU-0002,BrightBeam HDMI Cable — Bluetooth 5.3 & HD 1080p,1,63.85,0.0,63.85,USD
114-4017976-1717148,2,B0TXQ65ZFV,SKU-0087,WriteWell Desk Organizer — Ergonomic & Multipurpose,1,21.66,0.0,21.66,USD
114-4765638-3634592,1,B0J9HPEX6X,SKU-0112,DriveGuard Tire Pressure Gauge — Long Cord & Heavy Duty,1,34.7,4.33,30.37,USD
114-8305474-7998722,1,B0UX1US6RV,SKU-0096,PawPals Cat Scratching Post — Durable & Non-Toxic,1,34.97,0.0,34.97,USD
114-3240852-1016106,1,B02T104M25,SKU-0111,DriveGuard Jump Starter — Long Cord & Universal Fit,1,55.67,0.0,55.67,USD
114-7739854-5727298,1,B0CYFJJNVP,SKU-0092,PawPals Pet Grooming Brush — Vet Recommended & Non-Toxic,1,42.18,0.0,42.18,USD
114-7739854-5727298,2,B08RJE02WW,SKU-0016,AuroraTech Headphones — Bluetooth 5.3 & Water Resistant,1,87.93,0.0,87.93,USD
114-2073135-1762895,1,B08H6XVAML,SKU-0006,EverPeak Gaming Mouse — RGB Backlit & Compact Design,2,88.7,0.0,177.4,USD
114-2073135-1762895,2,B0PGGKXQ9K,SKU-0093,PawPals Pet Water Fountain — Easy to Clean & Vet Recommended,1,34.22,0.0,34.22,USD
114-7815765-5658782,1,B0279XVVC5,SKU-0014,BrightBeam Desk Lamp — RGB Backlit & Noise Cancelling,1,51.35,3.69,47.66,USD
114-1035751-2046696,1,B0279XVVC5,SKU-0014,BrightBeam Desk Lamp — RGB Backlit & Noise Cancelling,1,51.35,0.0,51.35,USD
114-5098200-9882867,1,B02T104M25,SKU-0111,DriveGuard Jump Starter — Long Cord & Universal Fit,1,55.67,0.0,55.67,USD
114-5098200-9882867,2,B01NLXW82L,SKU-0104,LittleNest Bassinet — Safety Certified & BPA-Free,1,24.09,0.0,24.09,USD
114-8673707-8317344,1,B0YJ486MXU,SKU-0107,LittleNest Baby Safety Gate — Safety Certified & BPA-Free,1,60.8,0.0,60.8,USD
114-8673707-8317344,2,B0HE56LV1G,SKU-0071,KiddoCraft Play Kitchen Set — Interactive & Ages 3+,1,22.81,0.0,22.81,USD
114-8673707-8317344,3,B0QKGVBY0X,SKU-0108,LittleNest Baby Bottle Set — BPA-Free & Hypoallergenic,1,32.0,0.0,32.0,USD
114-7752669-3970123,1,B0F635F86R,SKU-0097,PawPals Dog Chew Toys — Durable & Easy to Clean,1,21.36,1.4,19.96,USD
114-3556085-2663450,1,B0FTQRA6A1,SKU-0109,DriveGuard Dash Cam — Heavy Duty & Easy Install,1,30.93,0.0,30.93,USD
114-1331934-7812566,1,B0J4AJH5Y5,SKU-0084,ProGrip Monitor Stand — Space Saving & Multipurpose,1,57.15,0.0,57.15,USD
114-5469467-5150050,1,B043M1S1C4,SKU-0049,PureGlo Sunscreen Lotion — Ionic Technology & Dermatologist Tested,1,31.54,0.0,31.54,USD
114-5143130-6014853,1,B05P1Y30A5,SKU-0091,PawPals Slow Feeder Bowl — Easy to Clean & Non-Toxic,1,11.7,0.0,11.7,USD
114-3865798-6937488,1,B0M6YEW145,SKU-0083,WriteWell Standing Desk Converter — Durable & Multipurpose,1,9.99,0.0,9.99,USD
114-1151539-8454748,1,B03QFWA54M,SKU-0056,EverPeak Running Belt — Anti-Slip & Waterproof,1,43.14,0.0,43.14,USD
114-1151539-8454748,2,B0M6YEW145,SKU-0083,WriteWell Standing Desk Converter — Durable & Multipurpose,1,9.99,0.0,9.99,USD
114-1064545-8671957,1,B0M6YEW145,SKU-0083,WriteWell Standing Desk Converter — Durable & Multipurpose,1,9.99,0.0,9.99,USD
114-6071231-2888184,1,B0J4AJH5Y5,SKU-0084,ProGrip Monitor Stand — Space Saving & Multipurpose,1,57.15,0.0,57.15,USD
114-9954070-1468996,1,B0M1WJMA8T,SKU-0085,WriteWell Planner Notebook — Ergonomic & Multipurpose,1,8.44,0.0,8.44,USD
114-3751906-7685243,1,B0NQJ9A5QP,SKU-0081,WriteWell Paper Shredder — Ergonomic & Space Saving,1,13.62,0.0,13.62,USD
114-4715138-1009139,1,B02X1DSSZM,SKU-0102,LittleNest Diaper Bag — Hypoallergenic & Easy to Clean,1,13.44,0.0,13.44,USD
114-4715138-1009139,2,B0U0VF1HMG,SKU-0040,ZenLife Nail Clipper Set — Gentle Formula & Cruelty-Free,1,24.82,0.0,24.82,USD
114-4715138-1009139,3,B0936760J9,SKU-0034,Nordic Home Shower Caddy — Easy Clean & Non-Stick Coating,1,25.31,0.0,25.31,USD
114-1244425-3506135,1,B0NL5Q5CZM,SKU-0003,EverPeak USB-C Hub — Water Resistant & HD 1080p,1,103.75,0.0,103.75,USD
114-6970859-4410904,1,B09V1N9TED,SKU-0077,KiddoCraft Puzzle Set — Non-Toxic & STEM Learning,1,29.15,0.0,29.15,USD
114-8247643-8530042,1,B0R5E97R3C,SKU-0001,AuroraTech Smart Plug — Noise Cancelling & HD 1080p,1,89.73,0.0,89.73,USD
114-8247643-8530042,2,B08H6XVAML,SKU-0006,EverPeak Gaming Mouse — RGB Backlit & Compact Design,1,81.06,4.97,76.09,USD
114-4874298-5553056,1,B0NL5Q5CZM,SKU-0003,EverPeak USB-C Hub — Water Resistant & HD 1080p,1,110.91,0.0,110.91,USD
114-4874298-5553056,2,B01CQYLRS7,SKU-0070,CloudNest Art Supplies Kit — STEM Learning & Interactive,1,13.62,0.0,13.62,USD
114-3378394-3114701,1,B0DLXACSTN,SKU-0068,CloudNest Plush Toy — Non-Toxic & Ages 3+,1,21.32,0.0,21.32,USD
114-4614732-5947520,1,B0P5FBKME8,SKU-0047,PureGlo Bath Bomb Set — Dermatologist Tested & Gentle Formula,1,31.59,0.0,31.59,USD
114-2617137-4888291,1,B088K2QTZJ,SKU-0007,AuroraTech Car Mount — Bluetooth 5.3 & RGB Backlit,1,52.27,0.0,52.27,USD
114-1055772-5179822,1,B0ANDXF98K,SKU-0004,AuroraTech WiFi Range Extender — Bluetooth 5.3 & Fast Charging,1,109.5,0.0,109.5,USD
114-1055772-5179822,2,B05P1Y30A5,SKU-0091,PawPals Slow Feeder Bowl — Easy to Clean & Non-Toxic,1,11.7,0.0,11.7,USD
114-1055772-5179822,3,B0DLXACSTN,SKU-0068,CloudNest Plush Toy — Non-Toxic & Ages 3+,1,21.32,0.0,21.32,USD
114-1055772-5179822,4,B02T104M25,SKU-0111,DriveGuard Jump Starter — Long Cord & Universal Fit,1,55.67,0.0,55.67,USD
114-3868387-4035747,1,B05P1Y30A5,SKU-0091,PawPals Slow Feeder Bowl — Easy to Clean & Non-Toxic,1,10.4,0.0,10.4,USD
114-2116693-1918370,1,B01XGTD2M1,SKU-0035,UrbanKitchen Scented Candle Set — Non-Stick Coating & Space Saving,1,18.2,0.0,18.2,USD
114-6983124-3368038,1,B0JH68DJ8G,SKU-0032,UrbanKitchen Blender — Non-Stick Coating & Space Saving,1,26.96,0.0,26.96,USD
114-6983124-3368038,2,B04ZD4ZURZ,SKU-0103,LittleNest Baby Monitor — Safety Certified & Hypoallergenic,1,31.9,0.0,31.9,USD
114-6983124-3368038,3,B01NLXW82L,SKU-0104,LittleNest Bassinet — Safety Certified & BPA-Free,1,24.09,0.0,24.09,USD
114-9565525-9964328,1,B0EGZYNSAE,SKU-0106,LittleNest Baby Bath Tub — Hypoallergenic & Safety Certified,1,25.43,0.0,25.43,USD
114-1628047-9606373,1,B0ANDXF98K,SKU-0004,AuroraTech WiFi Range Extender — Bluetooth 5.3 & Fast Charging,1,109.5,14.53,94.97,USD
114-1628047-9606373,2,B0TURPLSHH,SKU-0100,PawPals Automatic Pet Feeder — Easy to Clean & Vet Recommended,1,43.13,0.0,43.13,USD
114-1628047-9606373,3,B0DLXACSTN,SKU-0068,CloudNest Plush Toy — Non-Toxic & Ages 3+,1,21.32,0.0,21.32,USD
114-6493491-4798801,1,B02LTJA2NA,SKU-0078,CloudNest Dollhouse — Ages 3+ & Interactive,1,41.1,0.0,41.1,USD
114-9039487-8427157,1,B02T104M25,SKU-0111,DriveGuard Jump Starter — Long Cord & Universal Fit,4,55.67,0.0,222.68,USD
114-7309417-8214397,1,B0NQJ9A5QP,SKU-0081,WriteWell Paper Shredder — Ergonomic & Space Saving,1,11.7,1.28,10.42,USD
114-7309417-8214397,2,B0MVKP1792,SKU-0002,BrightBeam HDMI Cable — Bluetooth 5.3 & HD 1080p,1,63.85,0.0,63.85,USD
114-3746863-2597185,1,B0FTQRA6A1,SKU-0109,DriveGuard Dash Cam — Heavy Duty & Easy Install,1,30.93,0.0,30.93,USD
114-8680964-7219517,1,B0QKGVBY0X,SKU-0108,LittleNest Baby Bottle Set — BPA-Free & Hypoallergenic,1,32.0,0.0,32.0,USD
114-8680964-7219517,2,B0U0VF1HMG,SKU-0040,ZenLife Nail Clipper Set — Gentle Formula & Cruelty-Free,3,24.82,0.0,74.46,USD
114-8680964-7219517,3,B05P1Y30A5,SKU-0091,PawPals Slow Feeder Bowl — Easy to Clean & Non-Toxic,2,10.4,1.34,19.46,USD
114-2241156-3309534,1,B0SQ7F7BFE,SKU-0057,TrailBlaze Dumbbell Set — Waterproof & Portable,1,46.37,0.0,46.37,USD
114-2241156-3309534,2,B0ANDXF98K,SKU-0004,AuroraTech WiFi Range Extender — Bluetooth 5.3 & Fast Charging,1,109.5,0.0,109.5,USD
114-2241156-3309534,3,B0R5E97R3C,SKU-0001,AuroraTech Smart Plug — Noise Cancelling & HD 1080p,2,89.73,0.0,179.46,USD
114-9775696-7563559,1,B0M2UGJMKQ,SKU-0074,CloudNest RC Car — STEM Learning & Interactive,1,12.84,0.0,12.84,USD
114-2338593-5615449,1,B0M6YEW145,SKU-0083,WriteWell Standing Desk Converter — Durable & Multipurpose,3,9.99,0.0,29.97,USD
114-2338593-5615449,2,B0FTQRA6A1,SKU-0109,DriveGuard Dash Cam — Heavy Duty & Easy Install,1,30.93,0.0,30.93,USD
114-8134099-8096065,1,B04ZD4ZURZ,SKU-0103,LittleNest Baby Monitor — Safety Certified & Hypoallergenic,1,31.9,0.0,31.9,USD
114-6342149-4274222,1,B0E48MCY15,SKU-0079,WriteWell Label Maker — Durable & Multipurpose,1,49.25,3.69,45.56,USD
114-3254876-6287324,1,B0N90348CD,SKU-0088,ProGrip Desk Chair Cushion — Multipurpose & Ergonomic,1,19.37,0.0,19.37,USD
114-3254876-6287324,2,B0U0VF1HMG,SKU-0040,ZenLife Nail Clipper Set — Gentle Formula & Cruelty-Free,1,28.36,0.0,28.36,USD
114-8734943-4465905,1,B0M2UGJMKQ,SKU-0074,CloudNest RC Car — STEM Learning & Interactive,1,11.77,0.0,11.77,USD
114-8734943-4465905,2,B0279XVVC5,SKU-0014,BrightBeam Desk Lamp — RGB Backlit & Noise Cancelling,1,51.35,0.0,51.35,USD
114-6926213-5059993,1,B0EGZYNSAE,SKU-0106,LittleNest Baby Bath Tub — Hypoallergenic & Safety Certified,1,25.43,0.0,25.43,USD
114-6608828-7473220,1,B0EGZYNSAE,SKU-0106,LittleNest Baby Bath Tub — Hypoallergenic & Safety Certified,1,25.43,0.0,25.43,USD
114-9523800-5026266,1,B0NQJ9A5QP,SKU-0081,WriteWell Paper Shredder — Ergonomic & Space Saving,4,11.7,0.0,46.8,USD
114-2379201-7336938,1,B0QKGVBY0X,SKU-0108,LittleNest Baby Bottle Set — BPA-Free & Hypoallergenic,1,32.0,0.0,32.0,USD
114-6026673-7871859,1,B09V1N9TED,SKU-0077,KiddoCraft Puzzle Set — Non-Toxic & STEM Learning,1,29.15,0.0,29.15,USD
114-3253530-9541450,1,B00JXDXVG6,SKU-0095,PawPals Dog Treat Pouch — Easy to Clean & Non-Toxic,1,18.93,0.0,18.93,USD
114-8019404-9309706,1,B0NQJ9A5QP,SKU-0081,WriteWell Paper Shredder — Ergonomic & Space Saving,2,15.31,0.0,30.62,USD
114-8019404-9309706,2,B0ZWX7WPK9,SKU-0114,DriveGuard Seat Covers — Universal Fit & Heavy Duty,1,19.42,0.0,19.42,USD
114-6367049-6882175,1,B0SH0V1DCR,SKU-0075,KiddoCraft Nerf-Style Blaster — Ages 3+ & Interactive,1,17.07,0.0,17.07,USD
114-6367049-6882175,2,B0QKGVBY0X,SKU-0108,LittleNest Baby Bottle Set — BPA-Free & Hypoallergenic,1,24.13,0.0,24.13,USD
114-2772652-7438213,1,B0936760J9,SKU-0034,Nordic Home Shower Caddy — Easy Clean & Non-Stick Coating,1,25.31,0.0,25.31,USD
114-8435451-7025440,1,B0SQ7F7BFE,SKU-0057,TrailBlaze Dumbbell Set — Waterproof & Portable,1,46.37,0.0,46.37,USD
114-8435451-7025440,2,B04ZD4ZURZ,SKU-0103,LittleNest Baby Monitor — Safety Certified & Hypoallergenic,1,31.9,0.0,31.9,USD
114-8031853-1389098,1,B0YXU5G7D1,SKU-0011,BrightBeam Bluetooth Speaker — Fast Charging & Noise Cancelling,1,107.91,0.0,107.91,USD
114-1584689-6974357,1,B0R5E97R3C,SKU-0001,AuroraTech Smart Plug — Noise Cancelling & HD 1080p,1,89.73,0.0,89.73,USD
114-5541971-7228229,1,B05P1Y30A5,SKU-0091,PawPals Slow Feeder Bowl — Easy to Clean & Non-Toxic,3,10.4,0.0,31.2,USD
114-5541971-7228229,2,B0CWALEK2Y,SKU-0036,ZenLife Air Fryer — Dishwasher Safe & Non-Stick Coating,1,19.47,0.0,19.47,USD
114-3533751-7539332,1,B0ANDXF98K,SKU-0004,AuroraTech WiFi Range Extender — Bluetooth 5.3 & Fast Charging,1,109.5,0.0,109.5,USD
114-4590071-3892246,1,B0279XVVC5,SKU-0014,BrightBeam Desk Lamp — RGB Backlit & Noise Cancelling,1,51.35,0.0,51.35,USD
114-7700086-8527111,1,B0MVKP1792,SKU-0002,BrightBeam HDMI Cable — Bluetooth 5.3 & HD 1080p,1,67.82,0.0,67.82,USD
114-4298297-7866413,1,B0MVKP1792,SKU-0002,BrightBeam HDMI Cable — Bluetooth 5.3 & HD 1080p,1,67.82,0.0,67.82,USD
114-4298297-7866413,2,B055PLDLF8,SKU-0005,BrightBeam Webcam — Compact Design & 30H Battery Life,1,40.21,0.0,40.21,USD
114-1580613-8574426,1,B02LTJA2NA,SKU-0078,CloudNest Dollhouse — Ages 3+ & Interactive,1,41.1,0.0,41.1,USD
114-1580613-8574426,2,B0R7U9K93R,SKU-0094,PawPals Pet Carrier — Non-Toxic & Durable,1,23.08,0.0,23.08,USD
114-1580613-8574426,3,B0DLXACSTN,SKU-0068,CloudNest Plush Toy — Non-Toxic & Ages 3+,1,21.32,0.0,21.32,USD
114-2876945-9321129,1,B0DLXACSTN,SKU-0068,CloudNest Plush Toy — Non-Toxic & Ages 3+,1,21.32,0.0,21.32,USD
114-2876945-9321129,2,B0R5E97R3C,SKU-0001,AuroraTech Smart Plug — Noise Cancelling & HD 1080p,2,89.73,0.0,179.46,USD
114-2876945-9321129,3,B07BRCRU82,SKU-0027,ZenLife Kitchen Scale — Easy Clean & Dishwasher Safe,1,16.71,0.0,16.71,USD
114-2876945-9321129,4,B0SFWKQDD5,SKU-0022,Nordic Home Plant Pots — Non-Stick Coating & BPA-Free,2,27.96,0.0,55.92,USD
114-4601629-5527803,1,B0PGGKXQ9K,SKU-0093,PawPals Pet Water Fountain — Easy to Clean & Vet Recommended,1,34.22,0.0,34.22,USD
114-4601629-5527803,2,B0NQJ9A5QP,SKU-0081,WriteWell Paper Shredder — Ergonomic & Space Saving,1,15.31,0.0,15.31,USD
114-4601629-5527803,3,B0936760J9,SKU-0034,Nordic Home Shower Caddy — Easy Clean & Non-Stick Coating,1,25.31,0.0,25.31,USD
114-4601629-5527803,4,B04ZD4ZURZ,SKU-0103,LittleNest Baby Monitor — Safety Certified & Hypoallergenic,1,31.9,0.0,31.9,USD
114-6034975-1404438,1,B0NQJ9A5QP,SKU-0081,WriteWell Paper Shredder — Ergonomic & Space Saving,1,15.31,0.0,15.31,USD
114-6034975-1404438,2,B085JJ3ZXF,SKU-0041,PureGlo Electric Toothbrush — Long Lasting & Dermatologist Tested,1,42.31,0.0,42.31,USD
114-8211972-7788118,1,B07BRCRU82,SKU-0027,ZenLife Kitchen Scale — Easy Clean & Dishwasher Safe,2,16.71,0.0,33.42,USD
114-8211972-7788118,2,B09V1N9TED,SKU-0077,KiddoCraft Puzzle Set — Non-Toxic & STEM Learning,1,29.15,0.0,29.15,USD
114-8211972-7788118,3,B0TURPLSHH,SKU-0100,PawPals Automatic Pet Feeder — Easy to Clean & Vet Recommended,1,43.13,2.2,40.93,USD
114-4870860-8353822,1,B01CQYLRS7,SKU-0070,CloudNest Art Supplies Kit — STEM Learning & Interactive,1,13.62,0.0,13.62,USD
114-4870860-8353822,2,B0M6YEW145,SKU-0083,WriteWell Standing Desk Converter — Durable & Multipurpose,1,9.99,1.07,8.92,USD
114-7594085-3145093,1,B0NKTX370W,SKU-0051,PureGlo Shampoo & Conditioner — Gentle Formula & Ionic Technology,1,12.23,0.0,12.23,USD
114-6344568-5602343,1,B09D2WWZK5,SKU-0118,EverPeak Cordless Drill — Cordless & High Torque,1,18.98,0.0,18.98,USD
114-6517245-1024999,1,B0GJL7P973,SKU-0045,PureGlo Hair Straightener — Cruelty-Free & Ionic Technology,1,39.53,0.0,39.53,USD
114-1056349-9659693,1,B0WKPVSC0B,SKU-0025,Nordic Home Tea Infuser — Non-Stick Coating & Dishwasher Safe,1,43.18,4.66,38.52,USD
114-3554635-4944272,1,B0E48MCY15,SKU-0079,WriteWell Label Maker — Durable & Multipurpose,1,49.25,0.0,49.25,USD
114-3554635-4944272,2,B0M2UGJMKQ,SKU-0074,CloudNest RC Car — STEM Learning & Interactive,1,12.84,0.0,12.84,USD
114-2379095-8134635,1,B0YBRGQRFQ,SKU-0110,DriveGuard Car Vacuum — Long Cord & Easy Install,1,16.09,0.0,16.09,USD
114-2623716-5098984,1,B0TXQ65ZFV,SKU-0087,WriteWell Desk Organizer — Ergonomic & Multipurpose,1,21.66,0.0,21.66,USD
114-6184930-3517945,1,B0GJL7P973,SKU-0045,PureGlo Hair Straightener — Cruelty-Free & Ionic Technology,1,39.53,0.0,39.53,USD
114-5200727-5754387,1,B06AZNEH47,SKU-0008,BrightBeam Mechanical Keyboard — 30H Battery Life & Water Resistant,1,75.67,4.83,70.84,USD
114-2536829-9505975,1,B0YBRGQRFQ,SKU-0110,DriveGuard Car Vacuum — Long Cord & Easy Install,1,18.37,2.68,15.69,USD
114-9336274-5396971,1,B0FA6PK7S1,SKU-0043,PureGlo Body Scrub — Ionic Technology & Gentle Formula,1,40.0,0.0,40.0,USD
114-9336274-5396971,2,B0ZWX7WPK9,SKU-0114,DriveGuard Seat Covers — Universal Fit & Heavy Duty,2,19.42,0.0,38.84,USD
114-3340240-6570296,1,B0YXU5G7D1,SKU-0011,BrightBeam Bluetooth Speaker — Fast Charging & Noise Cancelling,1,84.3,0.0,84.3,USD
114-1531957-2020595,1,B0MVKP1792,SKU-0002,BrightBeam HDMI Cable — Bluetooth 5.3 & HD 1080p,1,63.85,0.0,63.85,USD
114-3949116-4363896,1,B085JJ3ZXF,SKU-0041,PureGlo Electric Toothbrush — Long Lasting & Dermatologist Tested,1,42.31,0.0,42.31,USD
114-8203855-8301883,1,B0FTQRA6A1,SKU-0109,DriveGuard Dash Cam — Heavy Duty & Easy Install,1,30.93,0.0,30.93,USD
114-8203855-8301883,2,B00JXDXVG6,SKU-0095,PawPals Dog Treat Pouch — Easy to Clean & Non-Toxic,1,18.93,0.0,18.93,USD
114-8203855-8301883,3,B0CWALEK2Y,SKU-0036,ZenLife Air Fryer — Dishwasher Safe & Non-Stick Coating,1,19.47,0.0,19.47,USD
114-2796352-2478283,1,B0M6YEW145,SKU-0083,WriteWell Standing Desk Converter — Durable & Multipurpose,1,10.68,0.0,10.68,USD
114-2796352-2478283,2,B0279XVVC5,SKU-0014,BrightBeam Desk Lamp — RGB Backlit & Noise Cancelling,1,51.35,0.0,51.35,USD
114-3836640-3737737,1,B0PAU2ZN1D,SKU-0113,DriveGuard Car Organizer — Heavy Duty & Easy Install,1,24.69,0.0,24.69,USD
114-7714063-3560920,1,B0QKGVBY0X,SKU-0108,LittleNest Baby Bottle Set — BPA-Free & Hypoallergenic,1,32.0,0.0,32.0,USD
114-7714063-3560920,2,B043M1S1C4,SKU-0049,PureGlo Sunscreen Lotion — Ionic Technology & Dermatologist Tested,1,31.54,0.0,31.54,USD
114-7714063-3560920,3,B0FPMT2SF9,SKU-0076,CloudNest Science Kit — Educational & Non-Toxic,1,12.73,0.0,12.73,USD
114-7925315-2826251,1,B088K2QTZJ,SKU-0007,AuroraTech Car Mount — Bluetooth 5.3 & RGB Backlit,1,52.27,0.0,52.27,USD
114-7925315-2826251,2,B0CWALEK2Y,SKU-0036,ZenLife Air Fryer — Dishwasher Safe & Non-Stick Coating,1,19.47,0.0,19.47,USD
114-7925315-2826251,3,B00EGECWF5,SKU-0030,ZenLife Laundry Hamper — Dishwasher Safe & Premium Finish,3,68.26,0.0,204.78,USD
114-7925315-2826251,4,B0279XVVC5,SKU-0014,BrightBeam Desk Lamp — RGB Backlit & Noise Cancelling,1,51.35,0.0,51.35,USD
114-7925315-2826251,5,B0NL5Q5CZM,SKU-0003,EverPeak USB-C Hub — Water Resistant & HD 1080p,2,110.91,0.0,221.82,USD
114-1288432-7705340,1,B0F635F86R,SKU-0097,PawPals Dog Chew Toys — Durable & Easy to Clean,1,21.36,0.0,21.36,USD
114-1288432-7705340,2,B055PLDLF8,SKU-0005,BrightBeam Webcam — Compact Design & 30H Battery Life,1,40.21,0.0,40.21,USD
114-1288432-7705340,3,B05P1Y30A5,SKU-0091,PawPals Slow Feeder Bowl — Easy to Clean & Non-Toxic,1,10.4,1.22,9.18,USD
114-9396036-9433742,1,B0SH0V1DCR,SKU-0075,KiddoCraft Nerf-Style Blaster — Ages 3+ & Interactive,2,17.07,4.6,29.54,USD
114-9396036-9433742,2,B0A30AC946,SKU-0117,ProGrip Stud Finder — Ergonomic Grip & Rust Resistant,1,19.86,0.0,19.86,USD
114-9396036-9433742,3,B043M1S1C4,SKU-0049,PureGlo Sunscreen Lotion — Ionic Technology & Dermatologist Tested,1,31.54,0.0,31.54,USD
114-4128751-5146229,1,B0M2UGJMKQ,SKU-0074,CloudNest RC Car — STEM Learning & Interactive,3,12.84,0.0,38.52,USD
114-4128751-5146229,2,B0R5E97R3C,SKU-0001,AuroraTech Smart Plug — Noise Cancelling & HD 1080p,1,89.73,0.0,89.73,USD
114-4383032-2762187,1,B0ZWX7WPK9,SKU-0114,DriveGuard Seat Covers — Universal Fit & Heavy Duty,1,19.42,1.0,18.42,USD
114-4383032-2762187,2,B0ANDXF98K,SKU-0004,AuroraTech WiFi Range Extender — Bluetooth 5.3 & Fast Charging,1,109.5,0.0,109.5,USD
114-2659290-8828832,1,B0QKGVBY0X,SKU-0108,LittleNest Baby Bottle Set — BPA-Free & Hypoallergenic,2,32.0,0.0,64.0,USD
114-2659290-8828832,2,B00JXDXVG6,SKU-0095,PawPals Dog Treat Pouch — Easy to Clean & Non-Toxic,4,20.29,0.0,81.16,USD
114-5779750-8829244,1,B0279XVVC5,SKU-0014,BrightBeam Desk Lamp — RGB Backlit & Noise Cancelling,1,51.35,0.0,51.35,USD
114-9866499-8443053,1,B00JXDXVG6,SKU-0095,PawPals Dog Treat Pouch — Easy to Clean & Non-Toxic,1,18.93,0.0,18.93,USD
114-2863415-8884983,1,B0NQJ9A5QP,SKU-0081,WriteWell Paper Shredder — Ergonomic & Space Saving,1,11.7,0.0,11.7,USD
114-2863415-8884983,2,B0A30AC946,SKU-0117,ProGrip Stud Finder — Ergonomic Grip & Rust Resistant,1,19.86,0.0,19.86,USD
114-2863415-8884983,3,B0M9299AJ4,SKU-0024,ZenLife Electric Kettle — Non-Stick Coating & Space Saving,1,46.0,0.0,46.0,USD
114-5811637-1250389,1,B04Z7XKKST,SKU-0105,LittleNest Swaddle Blankets — BPA-Free & Safety Certified,1,54.16,6.24,47.92,USD
114-7631385-4124302,1,B0A30AC946,SKU-0117,ProGrip Stud Finder — Ergonomic Grip & Rust Resistant,1,19.86,0.0,19.86,USD
114-7525222-8423649,1,B0SFWKQDD5,SKU-0022,Nordic Home Plant Pots — Non-Stick Coating & BPA-Free,2,27.96,0.0,55.92,USD
114-7525222-8423649,2,B01NLXW82L,SKU-0104,LittleNest Bassinet — Safety Certified & BPA-Free,1,24.09,0.0,24.09,USD
114-6002828-3435911,1,B0GJL7P973,SKU-0045,PureGlo Hair Straightener — Cruelty-Free & Ionic Technology,3,39.53,0.0,118.59,USD
114-4554778-2887541,1,B01NLXW82L,SKU-0104,LittleNest Bassinet — Safety Certified & BPA-Free,1,24.09,0.0,24.09,USD
114-2251483-1259548,1,B0ANDXF98K,SKU-0004,AuroraTech WiFi Range Extender — Bluetooth 5.3 & Fast Charging,1,109.5,0.0,109.5,USD
114-5111559-4877019,1,B0FPMT2SF9,SKU-0076,CloudNest Science Kit — Educational & Non-Toxic,1,12.73,0.0,12.73,USD
114-3608321-9230633,1,B088K2QTZJ,SKU-0007,AuroraTech Car Mount — Bluetooth 5.3 & RGB Backlit,1,52.27,0.0,52.27,USD
114-3608321-9230633,2,B0DLXACSTN,SKU-0068,CloudNest Plush Toy — Non-Toxic & Ages 3+,2,21.32,0.0,42.64,USD
114-3608321-9230633,3,B0FPMT2SF9,SKU-0076,CloudNest Science Kit — Educational & Non-Toxic,1,12.73,0.0,12.73,USD
114-7243070-9350868,1,B02T104M25,SKU-0111,DriveGuard Jump Starter — Long Cord & Universal Fit,1,55.67,0.0,55.67,USD
114-5959945-5911006,1,B08UGTRB3Y,SKU-0050,ZenLife Vitamin C Serum — Dermatologist Tested & Long Lasting,1,40.54,0.0,40.54,USD
114-5959945-5911006,2,B0FKKPVMZA,SKU-0065,TrailBlaze Foam Roller — Heavy Duty & Anti-Slip,1,52.95,3.73,49.22,USD
114-9064545-9918074,1,B01CQYLRS7,SKU-0070,CloudNest Art Supplies Kit — STEM Learning & Interactive,1,13.62,0.0,13.62,USD
114-6061922-9443215,1,B0YXU5G7D1,SKU-0011,BrightBeam Bluetooth Speaker — Fast Charging & Noise Cancelling,1,107.91,0.0,107.91,USD
114-9660305-6037482,1,B0QKGVBY0X,SKU-0108,LittleNest Baby Bottle Set — BPA-Free & Hypoallergenic,1,32.0,0.0,32.0,USD
114-7725763-8984075,1,B0M2UGJMKQ,SKU-0074,CloudNest RC Car — STEM Learning & Interactive,1,11.77,0.0,11.77,USD
114-5416539-9674029,1,B0N90348CD,SKU-0088,ProGrip Desk Chair Cushion — Multipurpose & Ergonomic,1,19.37,0.0,19.37,USD
114-3429177-8956852,1,B0NQJ9A5QP,SKU-0081,WriteWell Paper Shredder — Ergonomic & Space Saving,1,13.62,0.0,13.62,USD
114-3429177-8956852,2,B0SQ7F7BFE,SKU-0057,TrailBlaze Dumbbell Set — Waterproof & Portable,1,46.37,0.0,46.37,USD
114-3429177-8956852,3,B0J9HPEX6X,SKU-0112,DriveGuard Tire Pressure Gauge — Long Cord & Heavy Duty,1,34.7,3.38,31.32,USD
114-3663973-8320472,1,B0WCY6LU8P,SKU-0029,UrbanKitchen Wall Clock — Easy Clean & Dishwasher Safe,1,72.21,0.0,72.21,USD
114-3663973-8320472,2,B01NLXW82L,SKU-0104,LittleNest Bassinet — Safety Certified & BPA-Free,1,24.09,0.0,24.09,USD
114-3470026-9089056,1,B0AZBDRH38,SKU-0086,ProGrip Sticky Notes Pack — Ergonomic & Multipurpose,3,27.71,0.0,83.13,USD
114-3470026-9089056,2,B01CQYLRS7,SKU-0070,CloudNest Art Supplies Kit — STEM Learning & Interactive,1,13.62,0.0,13.62,USD
114-3470026-9089056,3,B0NQJ9A5QP,SKU-0081,WriteWell Paper Shredder — Ergonomic & Space Saving,1,15.31,0.0,15.31,USD
114-4903872-1543278,1,B0R5E97R3C,SKU-0001,AuroraTech Smart Plug — Noise Cancelling & HD 1080p,2,89.73,0.0,179.46,USD
114-4903872-1543278,2,B0NQJ9A5QP,SKU-0081,WriteWell Paper Shredder — Ergonomic & Space Saving,4,11.7,0.0,46.8,USD
114-4903872-1543278,3,B02X1DSSZM,SKU-0102,LittleNest Diaper Bag — Hypoallergenic & Easy to Clean,1,13.44,2.01,11.43,USD
114-4903872-1543278,4,B0279XVVC5,SKU-0014,BrightBeam Desk Lamp — RGB Backlit & Noise Cancelling,2,51.35,0.0,102.7,USD
114-1424015-2198780,1,B02X1DSSZM,SKU-0102,LittleNest Diaper Bag — Hypoallergenic & Easy to Clean,1,13.44,0.0,13.44,USD
114-1424015-2198780,2,B0ANDXF98K,SKU-0004,AuroraTech WiFi Range Extender — Bluetooth 5.3 & Fast Charging,1,109.5,0.0,109.5,USD
114-1424015-2198780,3,B02T104M25,SKU-0111,DriveGuard Jump Starter — Long Cord & Universal Fit,1,55.67,0.0,55.67,USD
114-1424015-2198780,4,B03QFWA54M,SKU-0056,EverPeak Running Belt — Anti-Slip & Waterproof,1,43.14,0.0,43.14,USD
114-8391531-3682839,1,B09V1N9TED,SKU-0077,KiddoCraft Puzzle Set — Non-Toxic & STEM Learning,1,29.15,0.0,29.15,USD
114-3621838-6868570,1,B0N90348CD,SKU-0088,ProGrip Desk Chair Cushion — Multipurpose & Ergonomic,1,17.61,0.0,17.61,USD
114-2459729-3685450,1,B0ZWX7WPK9,SKU-0114,DriveGuard Seat Covers — Universal Fit & Heavy Duty,1,19.42,0.0,19.42,USD
114-6555400-3879733,1,B0279XVVC5,SKU-0014,BrightBeam Desk Lamp — RGB Backlit & Noise Cancelling,1,51.35,0.0,51.35,USD
114-8295556-6055858,1,B0EGZYNSAE,SKU-0106,LittleNest Baby Bath Tub — Hypoallergenic & Safety Certified,1,25.43,0.0,25.43,USD
114-1779426-3783406,1,B0ERBP9846,SKU-0033,ZenLife Throw Blanket — BPA-Free & Non-Stick Coating,1,42.34,0.0,42.34,USD
114-1779426-3783406,2,B02X1DSSZM,SKU-0102,LittleNest Diaper Bag — Hypoallergenic & Easy to Clean,2,13.44,0.0,26.88,USD
114-1779426-3783406,3,B0M6YEW145,SKU-0083,WriteWell Standing Desk Converter — Durable & Multipurpose,1,10.68,0.0,10.68,USD
114-5105024-6998205,1,B0U0VF1HMG,SKU-0040,ZenLife Nail Clipper Set — Gentle Formula & Cruelty-Free,1,24.82,0.0,24.82,USD
114-5105024-6998205,2,B01NLXW82L,SKU-0104,LittleNest Bassinet — Safety Certified & BPA-Free,1,24.09,0.0,24.09,USD
114-7791754-9460643,1,B00JXDXVG6,SKU-0095,PawPals Dog Treat Pouch — Easy to Clean & Non-Toxic,2,18.93,0.0,37.86,USD
114-7791754-9460643,2,B0SFWKQDD5,SKU-0022,Nordic Home Plant Pots — Non-Stick Coating & BPA-Free,1,27.96,0.0,27.96,USD
114-4867004-3054350,1,B0YXU5G7D1,SKU-0011,BrightBeam Bluetooth Speaker — Fast Charging & Noise Cancelling,1,107.91,0.0,107.91,USD
114-3246423-1946936,1,B0DLXACSTN,SKU-0068,CloudNest Plush Toy — Non-Toxic & Ages 3+,1,21.32,0.0,21.32,USD
114-5499677-2558716,1,B055PLDLF8,SKU-0005,BrightBeam Webcam — Compact Design & 30H Battery Life,1,40.21,0.0,40.21,USD
114-5499677-2558716,2,B088K2QTZJ,SKU-0007,AuroraTech Car Mount — Bluetooth 5.3 & RGB Backlit,1,52.27,0.0,52.27,USD
114-5499677-2558716,3,B0P5FBKME8,SKU-0047,PureGlo Bath Bomb Set — Dermatologist Tested & Gentle Formula,2,29.77,0.0,59.54,USD
114-5499677-2558716,4,B0ANDXF98K,SKU-0004,AuroraTech WiFi Range Extender — Bluetooth 5.3 & Fast Charging,1,109.5,0.0,109.5,USD
114-5499677-2558716,5,B0Q85PD1G6,SKU-0018,EverPeak Power Bank — 30H Battery Life & Noise Cancelling,1,17.84,0.0,17.84,USD
114-8142454-3021076,1,B0M2QT36J4,SKU-0010,AuroraTech Portable Charger — Fast Charging & HD 1080p,1,64.56,0.0,64.56,USD
114-8142454-3021076,2,B0R7U9K93R,SKU-0094,PawPals Pet Carrier — Non-Toxic & Durable,2,21.64,0.0,43.28,USD
114-6567769-6949632,1,B055PLDLF8,SKU-0005,BrightBeam Webcam — Compact Design & 30H Battery Life,1,40.21,0.0,40.21,USD
114-6567769-6949632,2,B0M1WJMA8T,SKU-0085,WriteWell Planner Notebook — Ergonomic & Multipurpose,1,8.44,0.0,8.44,USD
114-3128186-7280747,1,B0HE56LV1G,SKU-0071,KiddoCraft Play Kitchen Set — Interactive & Ages 3+,1,22.81,0.0,22.81,USD
114-3128186-7280747,2,B0DDA4EXPW,SKU-0020,UrbanKitchen Knife Set — Easy Clean & BPA-Free,1,59.84,0.0,59.84,USD
114-3128186-7280747,3,B02X1DSSZM,SKU-0102,LittleNest Diaper Bag — Hypoallergenic & Easy to Clean,2,13.44,3.42,23.46,USD
114-3128186-7280747,4,B0J4AJH5Y5,SKU-0084,ProGrip Monitor Stand — Space Saving & Multipurpose,1,57.15,5.67,51.48,USD
114-3128186-7280747,5,B0TXQ65ZFV,SKU-0087,WriteWell Desk Organizer — Ergonomic & Multipurpose,1,21.66,0.0,21.66,USD
114-8214175-6944002,1,B0FKKPVMZA,SKU-0065,TrailBlaze Foam Roller — Heavy Duty & Anti-Slip,1,52.95,0.0,52.95,USD
114-7027672-9846486,1,B0CWALEK2Y,SKU-0036,ZenLife Air Fryer — Dishwasher Safe & Non-Stick Coating,1,19.47,0.0,19.47,USD
114-7027672-9846486,2,B0NKTX370W,SKU-0051,PureGlo Shampoo & Conditioner — Gentle Formula & Ionic Technology,1,11.33,0.0,11.33,USD
114-7027672-9846486,3,B0TURPLSHH,SKU-0100,PawPals Automatic Pet Feeder — Easy to Clean & Vet Recommended,1,43.13,0.0,43.13,USD
114-7027672-9846486,4,B088K2QTZJ,SKU-0007,AuroraTech Car Mount — Bluetooth 5.3 & RGB Backlit,1,52.27,0.0,52.27,USD
114-7573147-3831541,1,B08H6XVAML,SKU-0006,EverPeak Gaming Mouse — RGB Backlit & Compact Design,1,88.7,0.0,88.7,USD
114-8503142-3887414,1,B0AZBDRH38,SKU-0086,ProGrip Sticky Notes Pack — Ergonomic & Multipurpose,1,27.71,0.0,27.71,USD
114-8503142-3887414,2,B055PLDLF8,SKU-0005,BrightBeam Webcam — Compact Design & 30H Battery Life,1,40.21,0.0,40.21,USD
114-8503142-3887414,3,B0J9HPEX6X,SKU-0112,DriveGuard Tire Pressure Gauge — Long Cord & Heavy Duty,1,34.7,0.0,34.7,USD
114-8438749-1667019,1,B0U0VF1HMG,SKU-0040,ZenLife Nail Clipper Set — Gentle Formula & Cruelty-Free,1,28.36,0.0,28.36,USD
114-8438749-1667019,2,B04ZD4ZURZ,SKU-0103,LittleNest Baby Monitor — Safety Certified & Hypoallergenic,1,31.9,0.0,31.9,USD
114-8438749-1667019,3,B0ZWX7WPK9,SKU-0114,DriveGuard Seat Covers — Universal Fit & Heavy Duty,1,19.42,1.42,18.0,USD
114-7219910-4368734,1,B055PLDLF8,SKU-0005,BrightBeam Webcam — Compact Design & 30H Battery Life,2,40.21,0.0,80.42,USD
114-7219910-4368734,2,B0J9HPEX6X,SKU-0112,DriveGuard Tire Pressure Gauge — Long Cord & Heavy Duty,1,34.7,3.57,31.13,USD
114-7219910-4368734,3,B08RJE02WW,SKU-0016,AuroraTech Headphones — Bluetooth 5.3 & Water Resistant,1,87.93,0.0,87.93,USD
114-8012629-1920950,1,B05P1Y30A5,SKU-0091,PawPals Slow Feeder Bowl — Easy to Clean & Non-Toxic,1,11.7,0.0,11.7,USD
114-8107822-2512159,1,B08H6XVAML,SKU-0006,EverPeak Gaming Mouse — RGB Backlit & Compact Design,4,88.7,0.0,354.8,USD
114-5344883-5749869,1,B05P1Y30A5,SKU-0091,PawPals Slow Feeder Bowl — Easy to Clean & Non-Toxic,1,11.7,0.0,11.7,USD
114-5344883-5749869,2,B0P5FBKME8,SKU-0047,PureGlo Bath Bomb Set — Dermatologist Tested & Gentle Formula,1,29.77,0.0,29.77,USD
114-5344883-5749869,3,B0A8X9FRKN,SKU-0031,Nordic Home Coffee Grinder — BPA-Free & Premium Finish,1,82.74,0.0,82.74,USD
114-5344883-5749869,4,B02X1DSSZM,SKU-0102,LittleNest Diaper Bag — Hypoallergenic & Easy to Clean,1,13.44,0.0,13.44,USD
114-5211213-5904273,1,B02X1DSSZM,SKU-0102,LittleNest Diaper Bag — Hypoallergenic & Easy to Clean,1,13.44,0.0,13.44,USD
114-5211213-5904273,2,B0DLXACSTN,SKU-0068,CloudNest Plush Toy — Non-Toxic & Ages 3+,1,21.32,0.0,21.32,USD
114-5211213-5904273,3,B04Z7XKKST,SKU-0105,LittleNest Swaddle Blankets — BPA-Free & Safety Certified,2,54.16,0.0,108.32,USD
114-3830317-5815583,1,B0F635F86R,SKU-0097,PawPals Dog Chew Toys — Durable & Easy to Clean,1,21.36,0.0,21.36,USD
114-5287055-8526850,1,B0F635F86R,SKU-0097,PawPals Dog Chew Toys — Durable & Easy to Clean,2,21.36,0.0,42.72,USD
114-5287055-8526850,2,B0GJL7P973,SKU-0045,PureGlo Hair Straightener — Cruelty-Free & Ionic Technology,1,39.53,4.7,34.83,USD
114-5287055-8526850,3,B0CPNCKVZR,SKU-0017,BrightBeam Wireless Earbuds — 30H Battery Life & Noise Cancelling,1,29.65,0.0,29.65,USD
114-1053903-6685858,1,B0R7U9K93R,SKU-0094,PawPals Pet Carrier — Non-Toxic & Durable,1,21.64,0.0,21.64,USD
114-1545282-4697270,1,B01CQYLRS7,SKU-0070,CloudNest Art Supplies Kit — STEM Learning & Interactive,1,13.62,0.0,13.62,USD
114-5394356-5627279,1,B00JXDXVG6,SKU-0095,PawPals Dog Treat Pouch — Easy to Clean & Non-Toxic,2,20.29,0.0,40.58,USD
114-3204083-7504517,1,B0F635F86R,SKU-0097,PawPals Dog Chew Toys — Durable & Easy to Clean,1,21.36,0.0,21.36,USD
114-3204083-7504517,2,B0GJL7P973,SKU-0045,PureGlo Hair Straightener — Cruelty-Free & Ionic Technology,1,39.53,0.0,39.53,USD
114-3204083-7504517,3,B0JH68DJ8G,SKU-0032,UrbanKitchen Blender — Non-Stick Coating & Space Saving,1,26.96,0.0,26.96,USD
114-2845435-1186109,1,B04ZD4ZURZ,SKU-0103,LittleNest Baby Monitor — Safety Certified & Hypoallergenic,1,31.9,4.71,27.19,USD
114-5160391-8452557,1,B0P5FBKME8,SKU-0047,PureGlo Bath Bomb Set — Dermatologist Tested & Gentle Formula,1,29.77,0.0,29.77,USD
114-3017338-3275650,1,B0FTQRA6A1,SKU-0109,DriveGuard Dash Cam — Heavy Duty & Easy Install,1,30.93,0.0,30.93,USD
114-3017338-3275650,2,B0AZBDRH38,SKU-0086,ProGrip Sticky Notes Pack — Ergonomic & Multipurpose,1,27.71,0.0,27.71,USD
114-3017338-3275650,3,B0F635F86R,SKU-0097,PawPals Dog Chew Toys — Durable & Easy to Clean,1,21.36,0.0,21.36,USD
114-8897508-4443459,1,B03WTWXEDC,SKU-0072,CloudNest Magnetic Tiles — STEM Learning & Educational,1,19.25,0.0,19.25,USD
114-6413216-1367543,1,B04N2RZ3JC,SKU-0060,EverPeak Sleeping Bag — Waterproof & Lightweight,1,24.26,0.0,24.26,USD
114-8428647-1498946,1,B0P5FBKME8,SKU-0047,PureGlo Bath Bomb Set — Dermatologist Tested & Gentle Formula,2,29.77,0.0,59.54,USD
114-8428647-1498946,2,B0YXU5G7D1,SKU-0011,BrightBeam Bluetooth Speaker — Fast Charging & Noise Cancelling,2,107.91,0.0,215.82,USD
114-2343722-3679963,1,B0QKGVBY0X,SKU-0108,LittleNest Baby Bottle Set — BPA-Free & Hypoallergenic,1,24.13,0.0,24.13,USD
114-8094894-6166727,1,B0279XVVC5,SKU-0014,BrightBeam Desk Lamp — RGB Backlit & Noise Cancelling,1,51.35,0.0,51.35,USD
114-6483380-6074887,1,B0FA6PK7S1,SKU-0043,PureGlo Body Scrub — Ionic Technology & Gentle Formula,1,40.0,0.0,40.0,USD
114-8368372-4185169,1,B0LPG6DAQM,SKU-0120,EverPeak Tool Bag — Rust Resistant & Ergonomic Grip,1,38.1,0.0,38.1,USD
114-3461185-2264074,1,B02T104M25,SKU-0111,DriveGuard Jump Starter — Long Cord & Universal Fit,1,55.67,0.0,55.67,USD
114-9853402-1869144,1,B0YBRGQRFQ,SKU-0110,DriveGuard Car Vacuum — Long Cord & Easy Install,2,18.37,0.0,36.74,USD
114-9853402-1869144,2,B0AZBDRH38,SKU-0086,ProGrip Sticky Notes Pack — Ergonomic & Multipurpose,1,27.71,3.99,23.72,USD
114-7916680-6005378,1,B0FPMT2SF9,SKU-0076,CloudNest Science Kit — Educational & Non-Toxic,1,14.63,0.0,14.63,USD
114-3778380-7956154,1,B01NLXW82L,SKU-0104,LittleNest Bassinet — Safety Certified & BPA-Free,1,24.09,1.56,22.53,USD
114-3778380-7956154,2,B0U0VF1HMG,SKU-0040,ZenLife Nail Clipper Set — Gentle Formula & Cruelty-Free,1,28.36,0.0,28.36,USD
114-3778380-7956154,3,B0J9HPEX6X,SKU-0112,DriveGuard Tire Pressure Gauge — Long Cord & Heavy Duty,1,34.7,0.0,34.7,USD
114-1036611-8096466,1,B08H6XVAML,SKU-0006,EverPeak Gaming Mouse — RGB Backlit & Compact Design,1,88.7,0.0,88.7,USD
114-5028339-3014052,1,B08UGTRB3Y,SKU-0050,ZenLife Vitamin C Serum — Dermatologist Tested & Long Lasting,1,40.54,0.0,40.54,USD
114-5028339-3014052,2,B0TXQ65ZFV,SKU-0087,WriteWell Desk Organizer — Ergonomic & Multipurpose,1,21.66,0.0,21.66,USD
114-5028339-3014052,3,B0YJ486MXU,SKU-0107,LittleNest Baby Safety Gate — Safety Certified & BPA-Free,1,60.8,0.0,60.8,USD
114-5028339-3014052,4,B0JH68DJ8G,SKU-0032,UrbanKitchen Blender — Non-Stick Coating & Space Saving,1,26.96,1.83,25.13,USD
114-5028339-3014052,5,B08RJE02WW,SKU-0016,AuroraTech Headphones — Bluetooth 5.3 & Water Resistant,1,87.93,0.0,87.93,USD
114-5028339-3014052,6,B02X1DSSZM,SKU-0102,LittleNest Diaper Bag — Hypoallergenic & Easy to Clean,1,13.44,0.0,13.44,USD
114-1311508-2510365,1,B0FPMT2SF9,SKU-0076,CloudNest Science Kit — Educational & Non-Toxic,1,12.73,0.0,12.73,USD
114-8530609-1012904,1,B01NLXW82L,SKU-0104,LittleNest Bassinet — Safety Certified & BPA-Free,2,24.09,0.0,48.18,USD
114-2328070-9938707,1,B0SFWKQDD5,SKU-0022,Nordic Home Plant Pots — Non-Stick Coating & BPA-Free,1,27.96,0.0,27.96,USD
114-8579433-9361982,1,B0M2QT36J4,SKU-0010,AuroraTech Portable Charger — Fast Charging & HD 1080p,1,64.56,0.0,64.56,USD
114-9874133-7840953,1,B02X1DSSZM,SKU-0102,LittleNest Diaper Bag — Hypoallergenic & Easy to Clean,3,13.44,0.0,40.32,USD
114-4120482-9798556,1,B0R5E97R3C,SKU-0001,AuroraTech Smart Plug — Noise Cancelling & HD 1080p,1,89.73,0.0,89.73,USD
114-4120482-9798556,2,B08UGTRB3Y,SKU-0050,ZenLife Vitamin C Serum — Dermatologist Tested & Long Lasting,2,37.09,0.0,74.18,USD
114-3589058-5159882,1,B0P5FBKME8,SKU-0047,PureGlo Bath Bomb Set — Dermatologist Tested & Gentle Formula,1,29.77,0.0,29.77,USD
114-3589058-5159882,2,B03WTWXEDC,SKU-0072,CloudNest Magnetic Tiles — STEM Learning & Educational,2,19.25,0.0,38.5,USD
114-3589058-5159882,3,B05P1Y30A5,SKU-0091,PawPals Slow Feeder Bowl — Easy to Clean & Non-Toxic,1,11.7,0.0,11.7,USD
114-5144296-2604667,1,B0NQJ9A5QP,SKU-0081,WriteWell Paper Shredder — Ergonomic & Space Saving,1,13.62,0.0,13.62,USD
114-5144296-2604667,2,B0M2QT36J4,SKU-0010,AuroraTech Portable Charger — Fast Charging & HD 1080p,1,64.56,0.0,64.56,USD
114-5144296-2604667,3,B088K2QTZJ,SKU-0007,AuroraTech Car Mount — Bluetooth 5.3 & RGB Backlit,1,52.27,0.0,52.27,USD
114-5144296-2604667,4,B0R5E97R3C,SKU-0001,AuroraTech Smart Plug — Noise Cancelling & HD 1080p,2,89.73,0.0,179.46,USD
114-1566326-5768827,1,B0279XVVC5,SKU-0014,BrightBeam Desk Lamp — RGB Backlit & Noise Cancelling,1,51.35,0.0,51.35,USD
114-8294376-6489924,1,B088K2QTZJ,SKU-0007,AuroraTech Car Mount — Bluetooth 5.3 & RGB Backlit,1,52.27,3.57,48.7,USD
114-8294376-6489924,2,B0FTQRA6A1,SKU-0109,DriveGuard Dash Cam — Heavy Duty & Easy Install,1,30.93,0.0,30.93,USD
114-8294376-6489924,3,B0U0VF1HMG,SKU-0040,ZenLife Nail Clipper Set — Gentle Formula & Cruelty-Free,1,28.36,0.0,28.36,USD
114-8294376-6489924,4,B0ZWX7WPK9,SKU-0114,DriveGuard Seat Covers — Universal Fit & Heavy Duty,1,19.42,0.0,19.42,USD
114-3098869-1569674,1,B0R5E97R3C,SKU-0001,AuroraTech Smart Plug — Noise Cancelling & HD 1080p,1,89.73,0.0,89.73,USD
114-9828041-8224494,1,B0FTQRA6A1,SKU-0109,DriveGuard Dash Cam — Heavy Duty & Easy Install,1,30.93,0.0,30.93,USD
114-9828041-8224494,2,B0AZBDRH38,SKU-0086,ProGrip Sticky Notes Pack — Ergonomic & Multipurpose,1,27.71,0.0,27.71,USD
114-4783905-2217062,1,B055PLDLF8,SKU-0005,BrightBeam Webcam — Compact Design & 30H Battery Life,1,40.21,0.0,40.21,USD
114-4783905-2217062,2,B0NL5Q5CZM,SKU-0003,EverPeak USB-C Hub — Water Resistant & HD 1080p,1,103.75,0.0,103.75,USD
114-4783905-2217062,3,B01CQYLRS7,SKU-0070,CloudNest Art Supplies Kit — STEM Learning & Interactive,1,13.62,0.0,13.62,USD
114-2190891-4326518,1,B0PGGKXQ9K,SKU-0093,PawPals Pet Water Fountain — Easy to Clean & Vet Recommended,1,34.22,0.0,34.22,USD
114-5545511-9277581,1,B088K2QTZJ,SKU-0007,AuroraTech Car Mount — Bluetooth 5.3 & RGB Backlit,1,52.27,0.0,52.27,USD
114-2278697-2196088,1,B0ZWX7WPK9,SKU-0114,DriveGuard Seat Covers — Universal Fit & Heavy Duty,3,19.42,0.0,58.26,USD
114-2278697-2196088,2,B055PLDLF8,SKU-0005,BrightBeam Webcam — Compact Design & 30H Battery Life,1,40.21,0.0,40.21,USD
114-2278697-2196088,3,B0N90348CD,SKU-0088,ProGrip Desk Chair Cushion — Multipurpose & Ergonomic,1,17.61,0.0,17.61,USD
114-6939432-9537648,1,B02X1DSSZM,SKU-0102,LittleNest Diaper Bag — Hypoallergenic & Easy to Clean,2,13.44,0.0,26.88,USD
114-6939432-9537648,2,B0CWALEK2Y,SKU-0036,ZenLife Air Fryer — Dishwasher Safe & Non-Stick Coating,1,19.47,0.0,19.47,USD
114-1786700-9252661,1,B02X1DSSZM,SKU-0102,LittleNest Diaper Bag — Hypoallergenic & Easy to Clean,1,13.44,0.0,13.44,USD
114-1786700-9252661,2,B05P1Y30A5,SKU-0091,PawPals Slow Feeder Bowl — Easy to Clean & Non-Toxic,4,10.4,0.0,41.6,USD
114-1786700-9252661,3,B0CWALEK2Y,SKU-0036,ZenLife Air Fryer — Dishwasher Safe & Non-Stick Coating,1,19.47,0.0,19.47,USD
114-4506540-7419280,1,B07GWT52HM,SKU-0021,ZenLife Cutting Board Set — BPA-Free & Easy Clean,2,26.8,0.0,53.6,USD
114-4506540-7419280,2,B0GJL7P973,SKU-0045,PureGlo Hair Straightener — Cruelty-Free & Ionic Technology,1,39.53,0.0,39.53,USD
114-1208835-3542616,1,B0FTQRA6A1,SKU-0109,DriveGuard Dash Cam — Heavy Duty & Easy Install,1,30.93,0.0,30.93,USD
114-3217128-4356911,1,B01NLXW82L,SKU-0104,LittleNest Bassinet — Safety Certified & BPA-Free,1,24.09,0.0,24.09,USD
114-9102857-1714040,1,B0N90348CD,SKU-0088,ProGrip Desk Chair Cushion — Multipurpose & Ergonomic,1,17.61,0.0,17.61,USD
114-2541415-4350278,1,B055PLDLF8,SKU-0005,BrightBeam Webcam — Compact Design & 30H Battery Life,1,40.21,0.0,40.21,USD
114-3001603-2869625,1,B0N90348CD,SKU-0088,ProGrip Desk Chair Cushion — Multipurpose & Ergonomic,4,17.61,0.0,70.44,USD
114-9009561-5574086,1,B0TURPLSHH,SKU-0100,PawPals Automatic Pet Feeder — Easy to Clean & Vet Recommended,1,43.13,0.0,43.13,USD
114-9009561-5574086,2,B04Z7XKKST,SKU-0105,LittleNest Swaddle Blankets — BPA-Free & Safety Certified,1,54.16,0.0,54.16,USD
114-2231929-6686779,1,B02X1DSSZM,SKU-0102,LittleNest Diaper Bag — Hypoallergenic & Easy to Clean,1,13.44,0.0,13.44,USD
114-2231929-6686779,2,B09D2WWZK5,SKU-0118,EverPeak Cordless Drill — Cordless & High Torque,1,18.98,0.0,18.98,USD
114-7448613-2236018,1,B09V1N9TED,SKU-0077,KiddoCraft Puzzle Set — Non-Toxic & STEM Learning,1,29.15,0.0,29.15,USD
114-7599665-4967879,1,B0NL5Q5CZM,SKU-0003,EverPeak USB-C Hub — Water Resistant & HD 1080p,1,103.75,0.0,103.75,USD
114-3024725-1183693,1,B0R7U9K93R,SKU-0094,PawPals Pet Carrier — Non-Toxic & Durable,1,23.08,0.0,23.08,USD
114-8718660-7224807,1,B0E48MCY15,SKU-0079,WriteWell Label Maker — Durable & Multipurpose,1,49.25,0.0,49.25,USD
114-8718660-7224807,2,B04ZD4ZURZ,SKU-0103,LittleNest Baby Monitor — Safety Certified & Hypoallergenic,1,31.9,4.35,27.55,USD
114-8718660-7224807,3,B0ZWX7WPK9,SKU-0114,DriveGuard Seat Covers — Universal Fit & Heavy Duty,1,19.42,0.0,19.42,USD
114-3299522-1735592,1,B0JH68DJ8G,SKU-0032,UrbanKitchen Blender — Non-Stick Coating & Space Saving,1,26.96,0.0,26.96,USD
114-7531196-6836135,1,B0JH68DJ8G,SKU-0032,UrbanKitchen Blender — Non-Stick Coating & Space Saving,1,26.96,0.0,26.96,USD
114-7531196-6836135,2,B0U0VF1HMG,SKU-0040,ZenLife Nail Clipper Set — Gentle Formula & Cruelty-Free,1,24.82,0.0,24.82,USD
114-7531196-6836135,3,B0ZWX7WPK9,SKU-0114,DriveGuard Seat Covers — Universal Fit & Heavy Duty,1,19.42,0.0,19.42,USD
114-7851627-2720485,1,B0JH68DJ8G,SKU-0032,UrbanKitchen Blender — Non-Stick Coating & Space Saving,2,26.96,0.0,53.92,USD
114-2055082-7139999,1,B0R5E97R3C,SKU-0001,AuroraTech Smart Plug — Noise Cancelling & HD 1080p,1,89.73,0.0,89.73,USD
114-8100902-1905442,1,B07BRCRU82,SKU-0027,ZenLife Kitchen Scale — Easy Clean & Dishwasher Safe,1,16.71,0.0,16.71,USD
114-5432782-7129838,1,B0YBRGQRFQ,SKU-0110,DriveGuard Car Vacuum — Long Cord & Easy Install,1,18.37,0.0,18.37,USD
114-5432782-7129838,2,B0NQJ9A5QP,SKU-0081,WriteWell Paper Shredder — Ergonomic & Space Saving,1,15.31,0.0,15.31,USD
114-5432782-7129838,3,B0CWALEK2Y,SKU-0036,ZenLife Air Fryer — Dishwasher Safe & Non-Stick Coating,1,19.47,0.0,19.47,USD
114-5432782-7129838,4,B0FKKPVMZA,SKU-0065,TrailBlaze Foam Roller — Heavy Duty & Anti-Slip,1,52.95,0.0,52.95,USD
114-7515318-3064526,1,B00EGECWF5,SKU-0030,ZenLife Laundry Hamper — Dishwasher Safe & Premium Finish,1,68.26,0.0,68.26,USD
114-7515318-3064526,2,B0TXQ65ZFV,SKU-0087,WriteWell Desk Organizer — Ergonomic & Multipurpose,1,21.66,0.0,21.66,USD
114-8953202-2488175,1,B02LTJA2NA,SKU-0078,CloudNest Dollhouse — Ages 3+ & Interactive,1,41.1,0.0,41.1,USD
114-8953202-2488175,2,B0YXU5G7D1,SKU-0011,BrightBeam Bluetooth Speaker — Fast Charging & Noise Cancelling,1,107.91,0.0,107.91,USD
114-3235755-4528807,1,B04Z7XKKST,SKU-0105,LittleNest Swaddle Blankets — BPA-Free & Safety Certified,2,54.16,0.0,108.32,USD
114-7309274-4134515,1,B05P1Y30A5,SKU-0091,PawPals Slow Feeder Bowl — Easy to Clean & Non-Toxic,1,11.7,0.0,11.7,USD
114-7309274-4134515,2,B08RJE02WW,SKU-0016,AuroraTech Headphones — Bluetooth 5.3 & Water Resistant,1,87.93,0.0,87.93,USD
114-2094858-8101457,1,B0JH68DJ8G,SKU-0032,UrbanKitchen Blender — Non-Stick Coating & Space Saving,1,26.96,0.0,26.96,USD
114-1152551-9107948,1,B0N90348CD,SKU-0088,ProGrip Desk Chair Cushion — Multipurpose & Ergonomic,2,17.61,0.0,35.22,USD
114-1152551-9107948,2,B088K2QTZJ,SKU-0007,AuroraTech Car Mount — Bluetooth 5.3 & RGB Backlit,1,52.27,0.0,52.27,USD
114-1152551-9107948,3,B0P5FBKME8,SKU-0047,PureGlo Bath Bomb Set — Dermatologist Tested & Gentle Formula,1,31.59,0.0,31.59,USD
114-5770534-5124760,1,B0M6YEW145,SKU-0083,WriteWell Standing Desk Converter — Durable & Multipurpose,1,10.68,0.0,10.68,USD
114-7948577-9493164,1,B0PGGKXQ9K,SKU-0093,PawPals Pet Water Fountain — Easy to Clean & Vet Recommended,1,34.22,3.01,31.21,USD
114-7948577-9493164,2,B0MVKP1792,SKU-0002,BrightBeam HDMI Cable — Bluetooth 5.3 & HD 1080p,1,63.85,0.0,63.85,USD
114-7948577-9493164,3,B02X1DSSZM,SKU-0102,LittleNest Diaper Bag — Hypoallergenic & Easy to Clean,1,13.44,0.0,13.44,USD
114-7948577-9493164,4,B0R5E97R3C,SKU-0001,AuroraTech Smart Plug — Noise Cancelling & HD 1080p,1,89.73,0.0,89.73,USD
114-1900026-3219230,1,B00JXDXVG6,SKU-0095,PawPals Dog Treat Pouch — Easy to Clean & Non-Toxic,1,20.29,0.0,20.29,USD
114-8209168-3682694,1,B03WTWXEDC,SKU-0072,CloudNest Magnetic Tiles — STEM Learning & Educational,4,19.25,0.0,77.0,USD
114-2190742-5743330,1,B0279XVVC5,SKU-0014,BrightBeam Desk Lamp — RGB Backlit & Noise Cancelling,1,51.35,0.0,51.35,USD
114-2190742-5743330,2,B03WTWXEDC,SKU-0072,CloudNest Magnetic Tiles — STEM Learning & Educational,1,19.25,0.0,19.25,USD
114-2298335-5323278,1,B0M6YEW145,SKU-0083,WriteWell Standing Desk Converter — Durable & Multipurpose,1,10.68,0.0,10.68,USD
114-2298335-5323278,2,B0CWALEK2Y,SKU-0036,ZenLife Air Fryer — Dishwasher Safe & Non-Stick Coating,1,19.47,0.0,19.47,USD
114-3140084-3211036,1,B088K2QTZJ,SKU-0007,AuroraTech Car Mount — Bluetooth 5.3 & RGB Backlit,1,52.27,0.0,52.27,USD
114-2750356-6528835,1,B0R5E97R3C,SKU-0001,AuroraTech Smart Plug — Noise Cancelling & HD 1080p,1,89.73,0.0,89.73,USD
114-4239823-9909616,1,B0QKGVBY0X,SKU-0108,LittleNest Baby Bottle Set — BPA-Free & Hypoallergenic,1,32.0,0.0,32.0,USD
114-9613285-9408522,1,B0AZBDRH38,SKU-0086,ProGrip Sticky Notes Pack — Ergonomic & Multipurpose,1,27.71,3.21,24.5,USD
114-2292432-4354243,1,B0FKKPVMZA,SKU-0065,TrailBlaze Foam Roller — Heavy Duty & Anti-Slip,3,52.95,0.0,158.85,USD
114-9645532-8187046,1,B0279XVVC5,SKU-0014,BrightBeam Desk Lamp — RGB Backlit & Noise Cancelling,1,51.35,5.76,45.59,USD
114-9645532-8187046,2,B0TXQ65ZFV,SKU-0087,WriteWell Desk Organizer — Ergonomic & Multipurpose,2,21.66,0.0,43.32,USD
114-3360703-7999133,1,B0FA6PK7S1,SKU-0043,PureGlo Body Scrub — Ionic Technology & Gentle Formula,1,40.0,0.0,40.0,USD
114-7687351-6410210,1,B0A30AC946,SKU-0117,ProGrip Stud Finder — Ergonomic Grip & Rust Resistant,1,19.86,0.0,19.86,USD
114-9741256-7961284,1,B0P5FBKME8,SKU-0047,PureGlo Bath Bomb Set — Dermatologist Tested & Gentle Formula,1,29.77,0.0,29.77,USD
114-9594836-8924037,1,B043M1S1C4,SKU-0049,PureGlo Sunscreen Lotion — Ionic Technology & Dermatologist Tested,1,31.54,0.0,31.54,USD
114-1702907-2065738,1,B0M6YEW145,SKU-0083,WriteWell Standing Desk Converter — Durable & Multipurpose,1,10.68,0.0,10.68,USD
114-6583198-1813885,1,B0F635F86R,SKU-0097,PawPals Dog Chew Toys — Durable & Easy to Clean,1,21.36,0.0,21.36,USD
114-6583198-1813885,2,B0A8X9FRKN,SKU-0031,Nordic Home Coffee Grinder — BPA-Free & Premium Finish,1,74.65,0.0,74.65,USD
114-6583198-1813885,3,B0ANDXF98K,SKU-0004,AuroraTech WiFi Range Extender — Bluetooth 5.3 & Fast Charging,1,109.5,0.0,109.5,USD
114-6583198-1813885,4,B00EGECWF5,SKU-0030,ZenLife Laundry Hamper — Dishwasher Safe & Premium Finish,2,72.6,0.0,145.2,USD
114-6583198-1813885,5,B0E48MCY15,SKU-0079,WriteWell Label Maker — Durable & Multipurpose,2,49.25,0.0,98.5,USD
114-7530373-5534911,1,B0XHVV9SEX,SKU-0042,ZenLife Makeup Brush Set — Ionic Technology & Long Lasting,1,23.36,0.0,23.36,USD
114-4737494-5214684,1,B0FPMT2SF9,SKU-0076,CloudNest Science Kit — Educational & Non-Toxic,4,12.73,6.2,44.72,USD
114-4737494-5214684,2,B06AZNEH47,SKU-0008,BrightBeam Mechanical Keyboard — 30H Battery Life & Water Resistant,1,75.67,0.0,75.67,USD
114-9899410-3347334,1,B0279XVVC5,SKU-0014,BrightBeam Desk Lamp — RGB Backlit & Noise Cancelling,1,51.35,3.06,48.29,USD
114-8722147-7082985,1,B03WTWXEDC,SKU-0072,CloudNest Magnetic Tiles — STEM Learning & Educational,1,19.25,0.0,19.25,USD
114-9757408-3166549,1,B02X1DSSZM,SKU-0102,LittleNest Diaper Bag — Hypoallergenic & Easy to Clean,1,13.44,0.0,13.44,USD
114-9757408-3166549,2,B0A8X9FRKN,SKU-0031,Nordic Home Coffee Grinder — BPA-Free & Premium Finish,1,74.65,0.0,74.65,USD
114-7320713-5696796,1,B0279XVVC5,SKU-0014,BrightBeam Desk Lamp — RGB Backlit & Noise Cancelling,1,51.35,0.0,51.35,USD
114-7320713-5696796,2,B01NLXW82L,SKU-0104,LittleNest Bassinet — Safety Certified & BPA-Free,1,24.09,0.0,24.09,USD
114-7320713-5696796,3,B0E32FCLF7,SKU-0055,TrailBlaze Camping Tent — Lightweight & Waterproof,1,73.73,0.0,73.73,USD
114-7320713-5696796,4,B0N90348CD,SKU-0088,ProGrip Desk Chair Cushion — Multipurpose & Ergonomic,1,17.61,0.0,17.61,USD
114-3460905-7400252,1,B04ZD4ZURZ,SKU-0103,LittleNest Baby Monitor — Safety Certified & Hypoallergenic,2,31.9,0.0,63.8,USD
114-2997279-8554947,1,B0YXU5G7D1,SKU-0011,BrightBeam Bluetooth Speaker — Fast Charging & Noise Cancelling,1,107.91,0.0,107.91,USD
114-6307613-5575695,1,B0FPMT2SF9,SKU-0076,CloudNest Science Kit — Educational & Non-Toxic,4,11.88,0.0,47.52,USD
114-6307613-5575695,2,B02X1DSSZM,SKU-0102,LittleNest Diaper Bag — Hypoallergenic & Easy to Clean,1,13.44,1.74,11.7,USD
114-1667591-8590566,1,B0CWALEK2Y,SKU-0036,ZenLife Air Fryer — Dishwasher Safe & Non-Stick Coating,1,19.47,0.0,19.47,USD
114-1667591-8590566,2,B0NQJ9A5QP,SKU-0081,WriteWell Paper Shredder — Ergonomic & Space Saving,1,15.31,0.0,15.31,USD
114-9481351-5422047,1,B0M2QT36J4,SKU-0010,AuroraTech Portable Charger — Fast Charging & HD 1080p,1,64.56,0.0,64.56,USD
114-2921264-1467368,1,B0FPMT2SF9,SKU-0076,CloudNest Science Kit — Educational & Non-Toxic,1,12.73,0.0,12.73,USD
114-2921264-1467368,2,B0M2QT36J4,SKU-0010,AuroraTech Portable Charger — Fast Charging & HD 1080p,1,64.56,0.0,64.56,USD
114-2921264-1467368,3,B02LTJA2NA,SKU-0078,CloudNest Dollhouse — Ages 3+ & Interactive,1,41.1,0.0,41.1,USD
114-7740917-7509961,1,B0NL5Q5CZM,SKU-0003,EverPeak USB-C Hub — Water Resistant & HD 1080p,1,110.91,0.0,110.91,USD
114-7740917-7509961,2,B0NQJ9A5QP,SKU-0081,WriteWell Paper Shredder — Ergonomic & Space Saving,1,15.31,0.0,15.31,USD
114-7740917-7509961,3,B08RJE02WW,SKU-0016,AuroraTech Headphones — Bluetooth 5.3 & Water Resistant,2,87.93,0.0,175.86,USD
114-6096719-8618893,1,B03WTWXEDC,SKU-0072,CloudNest Magnetic Tiles — STEM Learning & Educational,1,19.25,0.0,19.25,USD
114-1222628-9167792,1,B0AZBDRH38,SKU-0086,ProGrip Sticky Notes Pack — Ergonomic & Multipurpose,1,27.71,0.0,27.71,USD
114-1222628-9167792,2,B0YJ486MXU,SKU-0107,LittleNest Baby Safety Gate — Safety Certified & BPA-Free,1,60.8,0.0,60.8,USD
114-1222628-9167792,3,B055PLDLF8,SKU-0005,BrightBeam Webcam — Compact Design & 30H Battery Life,1,40.21,0.0,40.21,USD
114-4735341-9666745,1,B0KKUPJDRS,SKU-0115,ProGrip LED Work Light — Cordless & High Torque,1,57.78,0.0,57.78,USD
114-2718032-3556585,1,B0SH0V1DCR,SKU-0075,KiddoCraft Nerf-Style Blaster — Ages 3+ & Interactive,1,17.07,0.0,17.07,USD
114-8346920-8555354,1,B0M1WJMA8T,SKU-0085,WriteWell Planner Notebook — Ergonomic & Multipurpose,1,8.44,0.0,8.44,USD
114-5923181-1415063,1,B0ZWX7WPK9,SKU-0114,DriveGuard Seat Covers — Universal Fit & Heavy Duty,1,19.42,0.0,19.42,USD
114-5923181-1415063,2,B02X1DSSZM,SKU-0102,LittleNest Diaper Bag — Hypoallergenic & Easy to Clean,1,13.44,0.0,13.44,USD
114-5923181-1415063,3,B0ANDXF98K,SKU-0004,AuroraTech WiFi Range Extender — Bluetooth 5.3 & Fast Charging,1,109.5,0.0,109.5,USD
114-3687155-3471319,1,B0F635F86R,SKU-0097,PawPals Dog Chew Toys — Durable & Easy to Clean,1,21.36,0.0,21.36,USD
114-3687155-3471319,2,B0279XVVC5,SKU-0014,BrightBeam Desk Lamp — RGB Backlit & Noise Cancelling,2,51.35,0.0,102.7,USD
114-3687155-3471319,3,B0NL5Q5CZM,SKU-0003,EverPeak USB-C Hub — Water Resistant & HD 1080p,1,110.91,0.0,110.91,USD
114-3687155-3471319,4,B02LTJA2NA,SKU-0078,CloudNest Dollhouse — Ages 3+ & Interactive,1,41.1,0.0,41.1,USD
114-5266269-5151336,1,B0279XVVC5,SKU-0014,BrightBeam Desk Lamp — RGB Backlit & Noise Cancelling,1,51.35,0.0,51.35,USD
114-6985046-5755257,1,B02T104M25,SKU-0111,DriveGuard Jump Starter — Long Cord & Universal Fit,1,55.67,0.0,55.67,USD
114-6985046-5755257,2,B0NQJ9A5QP,SKU-0081,WriteWell Paper Shredder — Ergonomic & Space Saving,1,13.62,0.0,13.62,USD
114-2204692-5809679,1,B0DLXACSTN,SKU-0068,CloudNest Plush Toy — Non-Toxic & Ages 3+,1,21.32,2.33,18.99,USD
114-1433363-3155226,1,B0TXQ65ZFV,SKU-0087,WriteWell Desk Organizer — Ergonomic & Multipurpose,4,21.66,0.0,86.64,USD
114-6836472-1496104,1,B08H6XVAML,SKU-0006,EverPeak Gaming Mouse — RGB Backlit & Compact Design,1,88.7,0.0,88.7,USD
114-6836472-1496104,2,B0QKGVBY0X,SKU-0108,LittleNest Baby Bottle Set — BPA-Free & Hypoallergenic,1,32.0,0.0,32.0,USD
114-6836472-1496104,3,B08UGTRB3Y,SKU-0050,ZenLife Vitamin C Serum — Dermatologist Tested & Long Lasting,1,40.54,0.0,40.54,USD
114-3917492-1538072,1,B0ZWX7WPK9,SKU-0114,DriveGuard Seat Covers — Universal Fit & Heavy Duty,1,20.72,2.9,17.82,USD
114-3917492-1538072,2,B00EGECWF5,SKU-0030,ZenLife Laundry Hamper — Dishwasher Safe & Premium Finish,1,68.26,0.0,68.26,USD
114-1270874-2573490,1,B0936760J9,SKU-0034,Nordic Home Shower Caddy — Easy Clean & Non-Stick Coating,1,25.31,0.0,25.31,USD
114-6879774-2051379,1,B0936760J9,SKU-0034,Nordic Home Shower Caddy — Easy Clean & Non-Stick Coating,2,25.31,0.0,50.62,USD
114-7368799-4660541,1,B0AZBDRH38,SKU-0086,ProGrip Sticky Notes Pack — Ergonomic & Multipurpose,1,27.71,0.0,27.71,USD
114-7368799-4660541,2,B0QKGVBY0X,SKU-0108,LittleNest Baby Bottle Set — BPA-Free & Hypoallergenic,1,32.0,0.0,32.0,USD
114-2554938-6010189,1,B0YBRGQRFQ,SKU-0110,DriveGuard Car Vacuum — Long Cord & Easy Install,1,18.37,0.0,18.37,USD
114-2554938-6010189,2,B0FPMT2SF9,SKU-0076,CloudNest Science Kit — Educational & Non-Toxic,1,14.63,0.0,14.63,USD
114-2554938-6010189,3,B0R5E97R3C,SKU-0001,AuroraTech Smart Plug — Noise Cancelling & HD 1080p,2,89.73,0.0,179.46,USD
114-2554938-6010189,4,B0671R2A1G,SKU-0012,EverPeak Laptop Stand — Water Resistant & 30H Battery Life,1,63.64,0.0,63.64,USD
114-9991642-4836845,1,B0ANDXF98K,SKU-0004,AuroraTech WiFi Range Extender — Bluetooth 5.3 & Fast Charging,1,109.5,0.0,109.5,USD
114-9991642-4836845,2,B02T104M25,SKU-0111,DriveGuard Jump Starter — Long Cord & Universal Fit,1,55.67,0.0,55.67,USD
114-9991642-4836845,3,B0A8X9FRKN,SKU-0031,Nordic Home Coffee Grinder — BPA-Free & Premium Finish,1,74.65,0.0,74.65,USD
114-9991642-4836845,4,B0PGGKXQ9K,SKU-0093,PawPals Pet Water Fountain — Easy to Clean & Vet Recommended,1,34.22,0.0,34.22,USD
114-4584557-2065817,1,B0JH68DJ8G,SKU-0032,UrbanKitchen Blender — Non-Stick Coating & Space Saving,1,25.59,0.0,25.59,USD
114-4584557-2065817,2,B0NKTX370W,SKU-0051,PureGlo Shampoo & Conditioner — Gentle Formula & Ionic Technology,1,12.23,1.26,10.97,USD
114-9060164-5080366,1,B0ANDXF98K,SKU-0004,AuroraTech WiFi Range Extender — Bluetooth 5.3 & Fast Charging,1,109.5,0.0,109.5,USD
114-2302184-8652215,1,B08UGTRB3Y,SKU-0050,ZenLife Vitamin C Serum — Dermatologist Tested & Long Lasting,1,37.09,0.0,37.09,USD
114-3395583-8177523,1,B0J9HPEX6X,SKU-0112,DriveGuard Tire Pressure Gauge — Long Cord & Heavy Duty,1,34.7,0.0,34.7,USD
114-9425559-8243348,1,B0TXQ65ZFV,SKU-0087,WriteWell Desk Organizer — Ergonomic & Multipurpose,1,21.66,0.0,21.66,USD
114-9425559-8243348,2,B0FTQRA6A1,SKU-0109,DriveGuard Dash Cam — Heavy Duty & Easy Install,1,30.93,0.0,30.93,USD
114-2264798-5296553,1,B04Z7XKKST,SKU-0105,LittleNest Swaddle Blankets — BPA-Free & Safety Certified,1,54.16,0.0,54.16,USD
114-5661974-1626767,1,B0K12NKA8N,SKU-0013,AuroraTech Smart Watch — 30H Battery Life & Bluetooth 5.3,1,83.42,0.0,83.42,USD
114-5661974-1626767,2,B0YXU5G7D1,SKU-0011,BrightBeam Bluetooth Speaker — Fast Charging & Noise Cancelling,1,107.91,0.0,107.91,USD
114-5295403-9962138,1,B0YXU5G7D1,SKU-0011,BrightBeam Bluetooth Speaker — Fast Charging & Noise Cancelling,1,107.91,0.0,107.91,USD
114-6629344-7907522,1,B0P5FBKME8,SKU-0047,PureGlo Bath Bomb Set — Dermatologist Tested & Gentle Formula,1,29.77,0.0,29.77,USD
114-8204115-4243483,1,B0FA6PK7S1,SKU-0043,PureGlo Body Scrub — Ionic Technology & Gentle Formula,1,40.0,0.0,40.0,USD
114-8204115-4243483,2,B0NKTX370W,SKU-0051,PureGlo Shampoo & Conditioner — Gentle Formula & Ionic Technology,1,12.23,0.0,12.23,USD
114-3975387-8917129,1,B09D2WWZK5,SKU-0118,EverPeak Cordless Drill — Cordless & High Torque,1,18.98,0.0,18.98,USD
114-3975387-8917129,2,B0KKUPJDRS,SKU-0115,ProGrip LED Work Light — Cordless & High Torque,1,57.78,5.71,52.07,USD
114-9571429-2016341,1,B03ZGX0DF9,SKU-0098,PawPals Catnip Toys — Easy to Clean & Non-Toxic,1,48.23,0.0,48.23,USD
114-5543184-7606979,1,B0E48MCY15,SKU-0079,WriteWell Label Maker — Durable & Multipurpose,1,49.25,0.0,49.25,USD
114-6688883-5191647,1,B0P5FBKME8,SKU-0047,PureGlo Bath Bomb Set — Dermatologist Tested & Gentle Formula,1,29.77,0.0,29.77,USD
114-6688883-5191647,2,B02T104M25,SKU-0111,DriveGuard Jump Starter — Long Cord & Universal Fit,1,55.67,0.0,55.67,USD
114-4768255-6435508,1,B0HE56LV1G,SKU-0071,KiddoCraft Play Kitchen Set — Interactive & Ages 3+,1,22.81,0.0,22.81,USD
114-8891816-4965533,1,B0ANDXF98K,SKU-0004,AuroraTech WiFi Range Extender — Bluetooth 5.3 & Fast Charging,2,109.5,0.0,219.0,USD
114-8891816-4965533,2,B055PLDLF8,SKU-0005,BrightBeam Webcam — Compact Design & 30H Battery Life,1,40.21,0.0,40.21,USD
114-1490346-5107786,1,B0DLXACSTN,SKU-0068,CloudNest Plush Toy — Non-Toxic & Ages 3+,1,21.32,0.0,21.32,USD
114-9086174-1320427,1,B08H6XVAML,SKU-0006,EverPeak Gaming Mouse — RGB Backlit & Compact Design,3,88.7,0.0,266.1,USD
114-9086174-1320427,2,B0ZWX7WPK9,SKU-0114,DriveGuard Seat Covers — Universal Fit & Heavy Duty,1,19.42,0.0,19.42,USD
114-3418432-3758975,1,B0FTQRA6A1,SKU-0109,DriveGuard Dash Cam — Heavy Duty & Easy Install,1,30.93,0.0,30.93,USD
114-6042815-1190390,1,B0ANDXF98K,SKU-0004,AuroraTech WiFi Range Extender — Bluetooth 5.3 & Fast Charging,1,109.5,0.0,109.5,USD
114-6042815-1190390,2,B0TXQ65ZFV,SKU-0087,WriteWell Desk Organizer — Ergonomic & Multipurpose,1,21.66,0.0,21.66,USD
114-6042815-1190390,3,B0K12NKA8N,SKU-0013,AuroraTech Smart Watch — 30H Battery Life & Bluetooth 5.3,1,83.42,0.0,83.42,USD
114-4664996-6513606,1,B0YXU5G7D1,SKU-0011,BrightBeam Bluetooth Speaker — Fast Charging & Noise Cancelling,1,107.91,0.0,107.91,USD
114-1568535-2364051,1,B0YBRGQRFQ,SKU-0110,DriveGuard Car Vacuum — Long Cord & Easy Install,1,18.37,0.0,18.37,USD
114-1764881-5451032,1,B0NQJ9A5QP,SKU-0081,WriteWell Paper Shredder — Ergonomic & Space Saving,1,13.62,0.0,13.62,USD
114-2393146-1418009,1,B0FTQRA6A1,SKU-0109,DriveGuard Dash Cam — Heavy Duty & Easy Install,1,30.93,0.0,30.93,USD
114-1553318-2213893,1,B0F635F86R,SKU-0097,PawPals Dog Chew Toys — Durable & Easy to Clean,1,21.36,0.0,21.36,USD
114-1553318-2213893,2,B0WCY6LU8P,SKU-0029,UrbanKitchen Wall Clock — Easy Clean & Dishwasher Safe,1,72.21,5.92,66.29,USD
114-1553318-2213893,3,B0QKGVBY0X,SKU-0108,LittleNest Baby Bottle Set — BPA-Free & Hypoallergenic,1,32.0,3.13,28.87,USD
114-1553318-2213893,4,B02T104M25,SKU-0111,DriveGuard Jump Starter — Long Cord & Universal Fit,4,55.67,0.0,222.68,USD
114-1985840-2339450,1,B0TURPLSHH,SKU-0100,PawPals Automatic Pet Feeder — Easy to Clean & Vet Recommended,1,43.13,0.0,43.13,USD
114-1985840-2339450,2,B08H6XVAML,SKU-0006,EverPeak Gaming Mouse — RGB Backlit & Compact Design,1,81.06,0.0,81.06,USD
114-1985840-2339450,3,B0EGZYNSAE,SKU-0106,LittleNest Baby Bath Tub — Hypoallergenic & Safety Certified,1,25.43,0.0,25.43,USD
114-9736811-2480839,1,B0J4AJH5Y5,SKU-0084,ProGrip Monitor Stand — Space Saving & Multipurpose,1,57.15,0.0,57.15,USD
114-8993284-9557662,1,B0ANDXF98K,SKU-0004,AuroraTech WiFi Range Extender — Bluetooth 5.3 & Fast Charging,1,109.5,0.0,109.5,USD
114-7357739-3048736,1,B0JH68DJ8G,SKU-0032,UrbanKitchen Blender — Non-Stick Coating & Space Saving,1,25.59,0.0,25.59,USD
114-8270280-4112947,1,B0YXU5G7D1,SKU-0011,BrightBeam Bluetooth Speaker — Fast Charging & Noise Cancelling,1,107.91,0.0,107.91,USD
114-7094896-5747880,1,B0FPMT2SF9,SKU-0076,CloudNest Science Kit — Educational & Non-Toxic,1,12.73,0.0,12.73,USD
114-4706182-1979022,1,B0U0VF1HMG,SKU-0040,ZenLife Nail Clipper Set — Gentle Formula & Cruelty-Free,2,28.36,0.0,56.72,USD
114-4706182-1979022,2,B0SQ7F7BFE,SKU-0057,TrailBlaze Dumbbell Set — Waterproof & Portable,1,46.37,0.0,46.37,USD
114-2449920-8645121,1,B0GJL7P973,SKU-0045,PureGlo Hair Straightener — Cruelty-Free & Ionic Technology,1,39.53,0.0,39.53,USD
114-5604580-2866156,1,B08UGTRB3Y,SKU-0050,ZenLife Vitamin C Serum — Dermatologist Tested & Long Lasting,1,40.54,0.0,40.54,USD
114-5604580-2866156,2,B0671R2A1G,SKU-0012,EverPeak Laptop Stand — Water Resistant & 30H Battery Life,2,63.64,14.49,112.79,USD
114-5604580-2866156,3,B0NL5Q5CZM,SKU-0003,EverPeak USB-C Hub — Water Resistant & HD 1080p,1,110.91,0.0,110.91,USD
114-5604580-2866156,4,B0N90348CD,SKU-0088,ProGrip Desk Chair Cushion — Multipurpose & Ergonomic,1,17.61,0.0,17.61,USD
114-8914020-7839128,1,B0TURPLSHH,SKU-0100,PawPals Automatic Pet Feeder — Easy to Clean & Vet Recommended,1,43.13,0.0,43.13,USD
114-9993427-5659334,1,B0NQJ9A5QP,SKU-0081,WriteWell Paper Shredder — Ergonomic & Space Saving,1,15.31,1.18,14.13,USD
114-4828108-7258332,1,B04ZD4ZURZ,SKU-0103,LittleNest Baby Monitor — Safety Certified & Hypoallergenic,1,31.9,0.0,31.9,USD
114-4828108-7258332,2,B0J9HPEX6X,SKU-0112,DriveGuard Tire Pressure Gauge — Long Cord & Heavy Duty,1,34.7,0.0,34.7,USD
114-1128442-8326285,1,B01CQYLRS7,SKU-0070,CloudNest Art Supplies Kit — STEM Learning & Interactive,4,13.62,0.0,54.48,USD
114-2221178-1398117,1,B0SFWKQDD5,SKU-0022,Nordic Home Plant Pots — Non-Stick Coating & BPA-Free,1,27.96,0.0,27.96,USD
114-2221178-1398117,2,B0ANDXF98K,SKU-0004,AuroraTech WiFi Range Extender — Bluetooth 5.3 & Fast Charging,2,109.5,0.0,219.0,USD
114-2221178-1398117,3,B0U0VF1HMG,SKU-0040,ZenLife Nail Clipper Set — Gentle Formula & Cruelty-Free,1,28.36,0.0,28.36,USD
114-2221178-1398117,4,B00JXDXVG6,SKU-0095,PawPals Dog Treat Pouch — Easy to Clean & Non-Toxic,1,20.29,0.0,20.29,USD
114-9555363-4745893,1,B09V1N9TED,SKU-0077,KiddoCraft Puzzle Set — Non-Toxic & STEM Learning,1,29.15,0.0,29.15,USD
114-9555363-4745893,2,B05P1Y30A5,SKU-0091,PawPals Slow Feeder Bowl — Easy to Clean & Non-Toxic,1,10.4,0.0,10.4,USD
114-9555363-4745893,3,B0MVKP1792,SKU-0002,BrightBeam HDMI Cable — Bluetooth 5.3 & HD 1080p,1,67.82,0.0,67.82,USD
114-9555363-4745893,4,B0A30AC946,SKU-0117,ProGrip Stud Finder — Ergonomic Grip & Rust Resistant,1,19.86,0.0,19.86,USD
114-9555363-4745893,5,B0FKKPVMZA,SKU-0065,TrailBlaze Foam Roller — Heavy Duty & Anti-Slip,2,52.95,0.0,105.9,USD
114-6421773-6779425,1,B0FPMT2SF9,SKU-0076,CloudNest Science Kit — Educational & Non-Toxic,1,12.73,0.0,12.73,USD
114-6421773-6779425,2,B0A8X9FRKN,SKU-0031,Nordic Home Coffee Grinder — BPA-Free & Premium Finish,2,74.65,0.0,149.3,USD
114-3570708-9721164,1,B0NL5Q5CZM,SKU-0003,EverPeak USB-C Hub — Water Resistant & HD 1080p,1,110.91,0.0,110.91,USD
114-7695337-6340983,1,B09V1N9TED,SKU-0077,KiddoCraft Puzzle Set — Non-Toxic & STEM Learning,1,29.15,0.0,29.15,USD
114-4262351-9034787,1,B0P5FBKME8,SKU-0047,PureGlo Bath Bomb Set — Dermatologist Tested & Gentle Formula,1,31.59,0.0,31.59,USD
114-4262351-9034787,2,B00EGECWF5,SKU-0030,ZenLife Laundry Hamper — Dishwasher Safe & Premium Finish,2,72.6,0.0,145.2,USD
114-3362879-5203233,1,B0ANDXF98K,SKU-0004,AuroraTech WiFi Range Extender — Bluetooth 5.3 & Fast Charging,1,109.5,0.0,109.5,USD
114-6496688-9968716,1,B0MVKP1792,SKU-0002,BrightBeam HDMI Cable — Bluetooth 5.3 & HD 1080p,1,63.85,0.0,63.85,USD
114-6496688-9968716,2,B0YXU5G7D1,SKU-0011,BrightBeam Bluetooth Speaker — Fast Charging & Noise Cancelling,1,107.91,0.0,107.91,USD
114-3422611-6669643,1,B055PLDLF8,SKU-0005,BrightBeam Webcam — Compact Design & 30H Battery Life,1,40.21,0.0,40.21,USD
114-3345814-8299487,1,B0SSL9ZZJT,SKU-0054,EverPeak Trekking Poles — Heavy Duty & Anti-Slip,1,16.66,0.0,16.66,USD
114-3345814-8299487,2,B055PLDLF8,SKU-0005,BrightBeam Webcam — Compact Design & 30H Battery Life,1,40.21,0.0,40.21,USD
114-3000237-7026084,1,B0279XVVC5,SKU-0014,BrightBeam Desk Lamp — RGB Backlit & Noise Cancelling,2,51.35,0.0,102.7,USD
114-3031888-4869297,1,B02X1DSSZM,SKU-0102,LittleNest Diaper Bag — Hypoallergenic & Easy to Clean,1,13.44,0.0,13.44,USD
114-3031888-4869297,2,B0R5E97R3C,SKU-0001,AuroraTech Smart Plug — Noise Cancelling & HD 1080p,1,89.73,9.66,80.07,USD
114-9174087-2421913,1,B0E48MCY15,SKU-0079,WriteWell Label Maker — Durable & Multipurpose,1,49.25,0.0,49.25,USD
114-9258239-2073579,1,B0CYFJJNVP,SKU-0092,PawPals Pet Grooming Brush — Vet Recommended & Non-Toxic,1,30.81,0.0,30.81,USD
114-4643930-3293721,1,B0FKKPVMZA,SKU-0065,TrailBlaze Foam Roller — Heavy Duty & Anti-Slip,1,42.47,0.0,42.47,USD
114-4643930-3293721,2,B0F635F86R,SKU-0097,PawPals Dog Chew Toys — Durable & Easy to Clean,1,21.36,0.0,21.36,USD
114-5961162-6918058,1,B0TXQ65ZFV,SKU-0087,WriteWell Desk Organizer — Ergonomic & Multipurpose,1,21.66,0.0,21.66,USD
114-5961162-6918058,2,B0ZWX7WPK9,SKU-0114,DriveGuard Seat Covers — Universal Fit & Heavy Duty,1,20.72,0.0,20.72,USD
114-5961162-6918058,3,B08UGTRB3Y,SKU-0050,ZenLife Vitamin C Serum — Dermatologist Tested & Long Lasting,1,40.54,0.0,40.54,USD
114-2451909-6388039,1,B0M6YEW145,SKU-0083,WriteWell Standing Desk Converter — Durable & Multipurpose,1,9.99,0.0,9.99,USD
114-2451909-6388039,2,B0M2QT36J4,SKU-0010,AuroraTech Portable Charger — Fast Charging & HD 1080p,1,64.56,0.0,64.56,USD
114-8173568-4430903,1,B0FPMT2SF9,SKU-0076,CloudNest Science Kit — Educational & Non-Toxic,1,12.73,0.81,11.92,USD
114-7947194-4702232,1,B0MVKP1792,SKU-0002,BrightBeam HDMI Cable — Bluetooth 5.3 & HD 1080p,1,63.85,0.0,63.85,USD
114-3491461-5081724,1,B0NQJ9A5QP,SKU-0081,WriteWell Paper Shredder — Ergonomic & Space Saving,1,15.31,0.0,15.31,USD
114-5326084-2732776,1,B0U0VF1HMG,SKU-0040,ZenLife Nail Clipper Set — Gentle Formula & Cruelty-Free,1,28.36,0.0,28.36,USD
114-5610226-1508917,1,B08UGTRB3Y,SKU-0050,ZenLife Vitamin C Serum — Dermatologist Tested & Long Lasting,2,40.54,0.0,81.08,USD
114-5691746-6300302,1,B0GJL7P973,SKU-0045,PureGlo Hair Straightener — Cruelty-Free & Ionic Technology,1,39.53,0.0,39.53,USD
114-5691746-6300302,2,B0P5FBKME8,SKU-0047,PureGlo Bath Bomb Set — Dermatologist Tested & Gentle Formula,1,31.59,0.0,31.59,USD
114-5691746-6300302,3,B02T104M25,SKU-0111,DriveGuard Jump Starter — Long Cord & Universal Fit,1,55.67,0.0,55.67,USD
114-1363733-6147703,1,B088K2QTZJ,SKU-0007,AuroraTech Car Mount — Bluetooth 5.3 & RGB Backlit,1,52.27,0.0,52.27,USD
114-1909939-8074975,1,B0671R2A1G,SKU-0012,EverPeak Laptop Stand — Water Resistant & 30H Battery Life,1,63.64,0.0,63.64,USD
114-1909939-8074975,2,B0J9HPEX6X,SKU-0112,DriveGuard Tire Pressure Gauge — Long Cord & Heavy Duty,1,36.82,0.0,36.82,USD
114-3197654-2849638,1,B0K12NKA8N,SKU-0013,AuroraTech Smart Watch — 30H Battery Life & Bluetooth 5.3,1,83.42,0.0,83.42,USD
114-3197654-2849638,2,B0TURPLSHH,SKU-0100,PawPals Automatic Pet Feeder — Easy to Clean & Vet Recommended,2,43.13,0.0,86.26,USD
114-3197654-2849638,3,B0JH68DJ8G,SKU-0032,UrbanKitchen Blender — Non-Stick Coating & Space Saving,1,25.59,0.0,25.59,USD
114-3297477-7267637,1,B0MVKP1792,SKU-0002,BrightBeam HDMI Cable — Bluetooth 5.3 & HD 1080p,1,63.85,0.0,63.85,USD
114-3416225-5077123,1,B02T104M25,SKU-0111,DriveGuard Jump Starter — Long Cord & Universal Fit,1,55.67,7.92,47.75,USD
114-3416225-5077123,2,B0N90348CD,SKU-0088,ProGrip Desk Chair Cushion — Multipurpose & Ergonomic,1,19.37,0.0,19.37,USD
114-3359292-9727843,1,B0TURPLSHH,SKU-0100,PawPals Automatic Pet Feeder — Easy to Clean & Vet Recommended,1,43.13,0.0,43.13,USD
114-5503370-3122320,1,B0279XVVC5,SKU-0014,BrightBeam Desk Lamp — RGB Backlit & Noise Cancelling,1,51.35,0.0,51.35,USD
114-3791487-7802685,1,B0R5E97R3C,SKU-0001,AuroraTech Smart Plug — Noise Cancelling & HD 1080p,1,89.73,0.0,89.73,USD
114-3232725-1403103,1,B04ZD4ZURZ,SKU-0103,LittleNest Baby Monitor — Safety Certified & Hypoallergenic,1,31.9,0.0,31.9,USD
114-3232725-1403103,2,B08H6XVAML,SKU-0006,EverPeak Gaming Mouse — RGB Backlit & Compact Design,1,81.06,0.0,81.06,USD
114-1015341-2299316,1,B0TURPLSHH,SKU-0100,PawPals Automatic Pet Feeder — Easy to Clean & Vet Recommended,1,43.13,0.0,43.13,USD
114-9789963-9549184,1,B0M1WJMA8T,SKU-0085,WriteWell Planner Notebook — Ergonomic & Multipurpose,1,8.44,0.63,7.81,USD
114-4583225-6539379,1,B0WR597BPU,SKU-0015,EverPeak Streaming Stick — Bluetooth 5.3 & HD 1080p,1,120.59,0.0,120.59,USD
114-7766517-9662405,1,B0FPMT2SF9,SKU-0076,CloudNest Science Kit — Educational & Non-Toxic,1,12.73,0.0,12.73,USD
114-7766517-9662405,2,B0MVKP1792,SKU-0002,BrightBeam HDMI Cable — Bluetooth 5.3 & HD 1080p,1,63.85,0.0,63.85,USD
114-7766517-9662405,3,B0ZWX7WPK9,SKU-0114,DriveGuard Seat Covers — Universal Fit & Heavy Duty,1,19.42,0.0,19.42,USD
114-2725212-8313716,1,B02X1DSSZM,SKU-0102,LittleNest Diaper Bag — Hypoallergenic & Easy to Clean,3,13.44,0.0,40.32,USD
114-9746235-4388404,1,B05P1Y30A5,SKU-0091,PawPals Slow Feeder Bowl — Easy to Clean & Non-Toxic,3,8.78,0.0,26.34,USD
114-9746235-4388404,2,B04Z7XKKST,SKU-0105,LittleNest Swaddle Blankets — BPA-Free & Safety Certified,1,54.16,0.0,54.16,USD
114-9746235-4388404,3,B0U0VF1HMG,SKU-0040,ZenLife Nail Clipper Set — Gentle Formula & Cruelty-Free,1,28.36,0.0,28.36,USD
114-7119422-5016724,1,B0M2QT36J4,SKU-0010,AuroraTech Portable Charger — Fast Charging & HD 1080p,1,64.56,0.0,64.56,USD
114-6540690-5491003,1,B0EGZYNSAE,SKU-0106,LittleNest Baby Bath Tub — Hypoallergenic & Safety Certified,1,25.43,0.0,25.43,USD
114-9036116-7446622,1,B0ANDXF98K,SKU-0004,AuroraTech WiFi Range Extender — Bluetooth 5.3 & Fast Charging,1,109.5,0.0,109.5,USD
114-6030215-8154964,1,B0279XVVC5,SKU-0014,BrightBeam Desk Lamp — RGB Backlit & Noise Cancelling,2,51.35,0.0,102.7,USD
114-8661818-4754074,1,B0DLXACSTN,SKU-0068,CloudNest Plush Toy — Non-Toxic & Ages 3+,1,21.32,0.0,21.32,USD
114-6352593-3152041,1,B0R5E97R3C,SKU-0001,AuroraTech Smart Plug — Noise Cancelling & HD 1080p,1,89.73,12.63,77.1,USD
114-3362438-4245755,1,B0NL5Q5CZM,SKU-0003,EverPeak USB-C Hub — Water Resistant & HD 1080p,1,103.75,0.0,103.75,USD
114-3362438-4245755,2,B0R7U9K93R,SKU-0094,PawPals Pet Carrier — Non-Toxic & Durable,1,23.08,0.0,23.08,USD
114-3018458-8964761,1,B0P5FBKME8,SKU-0047,PureGlo Bath Bomb Set — Dermatologist Tested & Gentle Formula,1,29.77,0.0,29.77,USD
114-4934738-4267721,1,B0M2QT36J4,SKU-0010,AuroraTech Portable Charger — Fast Charging & HD 1080p,2,64.56,0.0,129.12,USD
114-4934738-4267721,2,B02T104M25,SKU-0111,DriveGuard Jump Starter — Long Cord & Universal Fit,4,55.67,0.0,222.68,USD
114-4058469-3133795,1,B0R5E97R3C,SKU-0001,AuroraTech Smart Plug — Noise Cancelling & HD 1080p,1,89.73,0.0,89.73,USD
114-4058469-3133795,2,B0MVKP1792,SKU-0002,BrightBeam HDMI Cable — Bluetooth 5.3 & HD 1080p,1,63.85,3.92,59.93,USD
114-1623137-2613678,1,B0R5E97R3C,SKU-0001,AuroraTech Smart Plug — Noise Cancelling & HD 1080p,1,89.73,0.0,89.73,USD
114-8863923-6641575,1,B0CWALEK2Y,SKU-0036,ZenLife Air Fryer — Dishwasher Safe & Non-Stick Coating,1,19.47,0.0,19.47,USD
114-7759870-8918739,1,B05P1Y30A5,SKU-0091,PawPals Slow Feeder Bowl — Easy to Clean & Non-Toxic,2,10.4,0.0,20.8,USD
114-7759870-8918739,2,B02T104M25,SKU-0111,DriveGuard Jump Starter — Long Cord & Universal Fit,1,55.67,0.0,55.67,USD
114-7759870-8918739,3,B0A30AC946,SKU-0117,ProGrip Stud Finder — Ergonomic Grip & Rust Resistant,3,19.86,0.0,59.58,USD
114-7759870-8918739,4,B0P5FBKME8,SKU-0047,PureGlo Bath Bomb Set — Dermatologist Tested & Gentle Formula,1,31.59,0.0,31.59,USD
114-7759870-8918739,5,B0JH68DJ8G,SKU-0032,UrbanKitchen Blender — Non-Stick Coating & Space Saving,1,26.96,0.0,26.96,USD
114-3792503-9356059,1,B0YJ486MXU,SKU-0107,LittleNest Baby Safety Gate — Safety Certified & BPA-Free,1,60.8,0.0,60.8,USD
114-7324847-1293064,1,B0279XVVC5,SKU-0014,BrightBeam Desk Lamp — RGB Backlit & Noise Cancelling,1,51.35,0.0,51.35,USD
114-4324362-4933783,1,B0NQJ9A5QP,SKU-0081,WriteWell Paper Shredder — Ergonomic & Space Saving,1,15.31,0.0,15.31,USD
114-1879381-9830240,1,B0R5E97R3C,SKU-0001,AuroraTech Smart Plug — Noise Cancelling & HD 1080p,3,89.73,0.0,269.19,USD
114-4869513-6635841,1,B0NQJ9A5QP,SKU-0081,WriteWell Paper Shredder — Ergonomic & Space Saving,1,13.62,0.0,13.62,USD
114-4869513-6635841,2,B0671R2A1G,SKU-0012,EverPeak Laptop Stand — Water Resistant & 30H Battery Life,2,63.64,0.0,127.28,USD
114-4869513-6635841,3,B0TXQ65ZFV,SKU-0087,WriteWell Desk Organizer — Ergonomic & Multipurpose,1,21.66,0.0,21.66,USD
114-1414943-9587333,1,B0ANDXF98K,SKU-0004,AuroraTech WiFi Range Extender — Bluetooth 5.3 & Fast Charging,2,109.5,0.0,219.0,USD
114-8683940-1062845,1,B055PLDLF8,SKU-0005,BrightBeam Webcam — Compact Design & 30H Battery Life,3,40.21,0.0,120.63,USD
114-8683940-1062845,2,B0ZWX7WPK9,SKU-0114,DriveGuard Seat Covers — Universal Fit & Heavy Duty,1,20.72,2.31,18.41,USD
114-8683940-1062845,3,B0TXQ65ZFV,SKU-0087,WriteWell Desk Organizer — Ergonomic & Multipurpose,1,21.66,0.0,21.66,USD
114-3093662-6174508,1,B0PGGKXQ9K,SKU-0093,PawPals Pet Water Fountain — Easy to Clean & Vet Recommended,1,34.22,0.0,34.22,USD
114-3093662-6174508,2,B0FA6PK7S1,SKU-0043,PureGlo Body Scrub — Ionic Technology & Gentle Formula,1,40.0,0.0,40.0,USD
114-3093662-6174508,3,B0MVKP1792,SKU-0002,BrightBeam HDMI Cable — Bluetooth 5.3 & HD 1080p,2,63.85,0.0,127.7,USD
114-3093662-6174508,4,B043M1S1C4,SKU-0049,PureGlo Sunscreen Lotion — Ionic Technology & Dermatologist Tested,1,31.54,0.0,31.54,USD
114-3093662-6174508,5,B01CQYLRS7,SKU-0070,CloudNest Art Supplies Kit — STEM Learning & Interactive,1,13.62,0.0,13.62,USD
114-2472730-7652371,1,B0M2QT36J4,SKU-0010,AuroraTech Portable Charger — Fast Charging & HD 1080p,1,64.56,0.0,64.56,USD
114-4266796-8508580,1,B0YXU5G7D1,SKU-0011,BrightBeam Bluetooth Speaker — Fast Charging & Noise Cancelling,1,107.91,0.0,107.91,USD
114-4266796-8508580,2,B0FPMT2SF9,SKU-0076,CloudNest Science Kit — Educational & Non-Toxic,3,12.73,3.02,35.17,USD
114-4266796-8508580,3,B0M1WJMA8T,SKU-0085,WriteWell Planner Notebook — Ergonomic & Multipurpose,1,8.44,0.0,8.44,USD
114-9057631-8798942,1,B0JH68DJ8G,SKU-0032,UrbanKitchen Blender — Non-Stick Coating & Space Saving,1,26.96,0.0,26.96,USD
114-2215338-5880639,1,B0U0VF1HMG,SKU-0040,ZenLife Nail Clipper Set — Gentle Formula & Cruelty-Free,1,28.36,3.75,24.61,USD
114-2215338-5880639,2,B0FPMT2SF9,SKU-0076,CloudNest Science Kit — Educational & Non-Toxic,1,12.73,0.0,12.73,USD
114-8405483-2346854,1,B0NL5Q5CZM,SKU-0003,EverPeak USB-C Hub — Water Resistant & HD 1080p,1,110.91,0.0,110.91,USD
114-4035787-9772017,1,B0NL5Q5CZM,SKU-0003,EverPeak USB-C Hub — Water Resistant & HD 1080p,1,110.91,7.11,103.8,USD
114-1221337-2070518,1,B0YXU5G7D1,SKU-0011,BrightBeam Bluetooth Speaker — Fast Charging & Noise Cancelling,1,107.91,12.53,95.38,USD
114-7846350-4536982,1,B03ZGX0DF9,SKU-0098,PawPals Catnip Toys — Easy to Clean & Non-Toxic,1,48.23,0.0,48.23,USD
114-8104723-3330234,1,B0J9HPEX6X,SKU-0112,DriveGuard Tire Pressure Gauge — Long Cord & Heavy Duty,1,34.7,0.0,34.7,USD
114-5648789-6118318,1,B0TXQ65ZFV,SKU-0087,WriteWell Desk Organizer — Ergonomic & Multipurpose,1,21.66,0.0,21.66,USD
114-5648789-6118318,2,B0FTQRA6A1,SKU-0109,DriveGuard Dash Cam — Heavy Duty & Easy Install,1,30.93,0.0,30.93,USD
114-5648789-6118318,3,B07BRCRU82,SKU-0027,ZenLife Kitchen Scale — Easy Clean & Dishwasher Safe,1,16.71,0.0,16.71,USD
114-8199730-8026853,1,B00EGECWF5,SKU-0030,ZenLife Laundry Hamper — Dishwasher Safe & Premium Finish,1,72.6,0.0,72.6,USD
114-8199730-8026853,2,B0279XVVC5,SKU-0014,BrightBeam Desk Lamp — RGB Backlit & Noise Cancelling,1,51.35,0.0,51.35,USD
114-9296726-4621098,1,B0M2QT36J4,SKU-0010,AuroraTech Portable Charger — Fast Charging & HD 1080p,2,64.56,0.0,129.12,USD
114-5877601-5088661,1,B09V1N9TED,SKU-0077,KiddoCraft Puzzle Set — Non-Toxic & STEM Learning,1,29.15,0.0,29.15,USD
114-5877601-5088661,2,B0AZBDRH38,SKU-0086,ProGrip Sticky Notes Pack — Ergonomic & Multipurpose,1,27.71,0.0,27.71,USD
114-6127143-6354067,1,B0P5FBKME8,SKU-0047,PureGlo Bath Bomb Set — Dermatologist Tested & Gentle Formula,1,31.59,0.0,31.59,USD
114-4290868-1766356,1,B06AZNEH47,SKU-0008,BrightBeam Mechanical Keyboard — 30H Battery Life & Water Resistant,3,75.67,0.0,227.01,USD
114-5054870-1479448,1,B0XHVV9SEX,SKU-0042,ZenLife Makeup Brush Set — Ionic Technology & Long Lasting,1,23.36,0.0,23.36,USD
114-2580636-6228650,1,B0NQJ9A5QP,SKU-0081,WriteWell Paper Shredder — Ergonomic & Space Saving,1,13.62,0.0,13.62,USD
114-2580636-6228650,2,B0F635F86R,SKU-0097,PawPals Dog Chew Toys — Durable & Easy to Clean,1,21.36,0.0,21.36,USD
114-2580636-6228650,3,B0N90348CD,SKU-0088,ProGrip Desk Chair Cushion — Multipurpose & Ergonomic,2,19.37,0.0,38.74,USD
114-5009764-6915526,1,B0K12NKA8N,SKU-0013,AuroraTech Smart Watch — 30H Battery Life & Bluetooth 5.3,1,83.42,0.0,83.42,USD
114-6770456-2862430,1,B09V1N9TED,SKU-0077,KiddoCraft Puzzle Set — Non-Toxic & STEM Learning,1,29.15,0.0,29.15,USD
114-2355962-4894835,1,B0U0VF1HMG,SKU-0040,ZenLife Nail Clipper Set — Gentle Formula & Cruelty-Free,1,28.36,3.59,24.77,USD
114-2355962-4894835,2,B0FA6PK7S1,SKU-0043,PureGlo Body Scrub — Ionic Technology & Gentle Formula,1,40.0,0.0,40.0,USD
114-2355962-4894835,3,B00JXDXVG6,SKU-0095,PawPals Dog Treat Pouch — Easy to Clean & Non-Toxic,2,20.29,0.0,40.58,USD
114-2355962-4894835,4,B08RJE02WW,SKU-0016,AuroraTech Headphones — Bluetooth 5.3 & Water Resistant,1,87.93,0.0,87.93,USD
114-8979708-7283936,1,B0054NK7PS,SKU-0028,Nordic Home Food Storage Containers — BPA-Free & Non-Stick Coating,1,62.0,4.7,57.3,USD
114-8979708-7283936,2,B055PLDLF8,SKU-0005,BrightBeam Webcam — Compact Design & 30H Battery Life,1,40.21,0.0,40.21,USD
114-1993391-8111802,1,B0TURPLSHH,SKU-0100,PawPals Automatic Pet Feeder — Easy to Clean & Vet Recommended,1,43.13,0.0,43.13,USD
114-6213765-6630212,1,B06AZNEH47,SKU-0008,BrightBeam Mechanical Keyboard — 30H Battery Life & Water Resistant,2,75.67,0.0,151.34,USD
114-6213765-6630212,2,B02X1DSSZM,SKU-0102,LittleNest Diaper Bag — Hypoallergenic & Easy to Clean,1,13.44,0.0,13.44,USD
114-9908966-9901867,1,B0AZBDRH38,SKU-0086,ProGrip Sticky Notes Pack — Ergonomic & Multipurpose,1,27.71,0.0,27.71,USD
114-9908966-9901867,2,B0NL5Q5CZM,SKU-0003,EverPeak USB-C Hub — Water Resistant & HD 1080p,1,110.91,0.0,110.91,USD
114-2796285-5132505,1,B0FKKPVMZA,SKU-0065,TrailBlaze Foam Roller — Heavy Duty & Anti-Slip,1,42.47,5.17,37.3,USD
114-2427420-9746588,1,B08RJE02WW,SKU-0016,AuroraTech Headphones — Bluetooth 5.3 & Water Resistant,2,87.93,0.0,175.86,USD
114-2427420-9746588,2,B0TURPLSHH,SKU-0100,PawPals Automatic Pet Feeder — Easy to Clean & Vet Recommended,2,43.13,0.0,86.26,USD
114-1265074-7845108,1,B0NQJ9A5QP,SKU-0081,WriteWell Paper Shredder — Ergonomic & Space Saving,1,11.7,0.0,11.7,USD
114-1265074-7845108,2,B0P5FBKME8,SKU-0047,PureGlo Bath Bomb Set — Dermatologist Tested & Gentle Formula,2,29.77,0.0,59.54,USD
114-1265074-7845108,3,B03ZGX0DF9,SKU-0098,PawPals Catnip Toys — Easy to Clean & Non-Toxic,2,48.23,0.0,96.46,USD
114-1265074-7845108,4,B0U0VF1HMG,SKU-0040,ZenLife Nail Clipper Set — Gentle Formula & Cruelty-Free,1,28.36,0.0,28.36,USD
114-2643332-5130309,1,B0TXQ65ZFV,SKU-0087,WriteWell Desk Organizer — Ergonomic & Multipurpose,1,21.66,0.0,21.66,USD
114-9175938-1016421,1,B04ZD4ZURZ,SKU-0103,LittleNest Baby Monitor — Safety Certified & Hypoallergenic,2,31.9,4.94,58.86,USD
114-9175938-1016421,2,B0ANDXF98K,SKU-0004,AuroraTech WiFi Range Extender — Bluetooth 5.3 & Fast Charging,1,109.5,0.0,109.5,USD
114-9736618-5094241,1,B02T104M25,SKU-0111,DriveGuard Jump Starter — Long Cord & Universal Fit,1,55.67,0.0,55.67,USD
114-1792402-4988610,1,B0TURPLSHH,SKU-0100,PawPals Automatic Pet Feeder — Easy to Clean & Vet Recommended,1,43.13,0.0,43.13,USD
114-1792402-4988610,2,B0A8X9FRKN,SKU-0031,Nordic Home Coffee Grinder — BPA-Free & Premium Finish,1,74.65,0.0,74.65,USD
114-9472303-2614945,1,B0SQ7F7BFE,SKU-0057,TrailBlaze Dumbbell Set — Waterproof & Portable,2,46.37,0.0,92.74,USD
114-9472303-2614945,2,B0ANDXF98K,SKU-0004,AuroraTech WiFi Range Extender — Bluetooth 5.3 & Fast Charging,1,109.5,0.0,109.5,USD
114-4943004-9982809,1,B0F635F86R,SKU-0097,PawPals Dog Chew Toys — Durable & Easy to Clean,1,21.36,0.0,21.36,USD
114-7896688-4728964,1,B0TXQ65ZFV,SKU-0087,WriteWell Desk Organizer — Ergonomic & Multipurpose,1,21.66,0.0,21.66,USD
114-7896688-4728964,2,B0AZBDRH38,SKU-0086,ProGrip Sticky Notes Pack — Ergonomic & Multipurpose,1,27.71,0.0,27.71,USD
114-8187538-9089012,1,B0N90348CD,SKU-0088,ProGrip Desk Chair Cushion — Multipurpose & Ergonomic,1,17.61,1.72,15.89,USD
114-1462791-9944486,1,B0ANDXF98K,SKU-0004,AuroraTech WiFi Range Extender — Bluetooth 5.3 & Fast Charging,1,109.5,0.0,109.5,USD
114-5354387-7096313,1,B0P5FBKME8,SKU-0047,PureGlo Bath Bomb Set — Dermatologist Tested & Gentle Formula,1,29.77,0.0,29.77,USD
114-2951677-9405818,1,B0XHVV9SEX,SKU-0042,ZenLife Makeup Brush Set — Ionic Technology & Long Lasting,1,23.36,0.0,23.36,USD
114-1423782-7245407,1,B01NLXW82L,SKU-0104,LittleNest Bassinet — Safety Certified & BPA-Free,1,24.09,0.0,24.09,USD
114-5843410-7388440,1,B08UGTRB3Y,SKU-0050,ZenLife Vitamin C Serum — Dermatologist Tested & Long Lasting,1,40.54,5.88,34.66,USD
114-3921178-2715740,1,B0A30AC946,SKU-0117,ProGrip Stud Finder — Ergonomic Grip & Rust Resistant,1,19.86,0.0,19.86,USD
114-3921178-2715740,2,B0PGGKXQ9K,SKU-0093,PawPals Pet Water Fountain — Easy to Clean & Vet Recommended,1,34.22,2.57,31.65,USD
114-9104003-1366539,1,B0MVKP1792,SKU-0002,BrightBeam HDMI Cable — Bluetooth 5.3 & HD 1080p,1,63.85,0.0,63.85,USD
114-2321338-6780009,1,B05P1Y30A5,SKU-0091,PawPals Slow Feeder Bowl — Easy to Clean & Non-Toxic,1,11.7,0.0,11.7,USD
114-2321338-6780009,2,B0J9HPEX6X,SKU-0112,DriveGuard Tire Pressure Gauge — Long Cord & Heavy Duty,1,34.7,2.88,31.82,USD
114-3435279-2580209,1,B0DLXACSTN,SKU-0068,CloudNest Plush Toy — Non-Toxic & Ages 3+,1,21.32,2.21,19.11,USD
114-9060755-6614760,1,B03WTWXEDC,SKU-0072,CloudNest Magnetic Tiles — STEM Learning & Educational,2,19.25,0.0,38.5,USD
114-9060755-6614760,2,B0WKPVSC0B,SKU-0025,Nordic Home Tea Infuser — Non-Stick Coating & Dishwasher Safe,1,43.18,0.0,43.18,USD
114-9060755-6614760,3,B0E48MCY15,SKU-0079,WriteWell Label Maker — Durable & Multipurpose,1,49.25,0.0,49.25,USD
114-7865555-6632977,1,B08H6XVAML,SKU-0006,EverPeak Gaming Mouse — RGB Backlit & Compact Design,3,88.7,0.0,266.1,USD
114-6257695-7817963,1,B0FKKPVMZA,SKU-0065,TrailBlaze Foam Roller — Heavy Duty & Anti-Slip,3,52.95,0.0,158.85,USD
114-8022144-6118532,1,B055PLDLF8,SKU-0005,BrightBeam Webcam — Compact Design & 30H Battery Life,2,40.21,0.0,80.42,USD
114-1898452-7576062,1,B0279XVVC5,SKU-0014,BrightBeam Desk Lamp — RGB Backlit & Noise Cancelling,2,51.35,0.0,102.7,USD
114-3881328-2928025,1,B08H6XVAML,SKU-0006,EverPeak Gaming Mouse — RGB Backlit & Compact Design,2,81.06,18.06,144.06,USD
114-6208860-1944260,1,B0GJL7P973,SKU-0045,PureGlo Hair Straightener — Cruelty-Free & Ionic Technology,1,39.53,0.0,39.53,USD
114-6208860-1944260,2,B0F635F86R,SKU-0097,PawPals Dog Chew Toys — Durable & Easy to Clean,1,21.36,0.0,21.36,USD
114-3074710-3569407,1,B0M2QT36J4,SKU-0010,AuroraTech Portable Charger — Fast Charging & HD 1080p,1,64.56,0.0,64.56,USD
114-3074710-3569407,2,B0FTQRA6A1,SKU-0109,DriveGuard Dash Cam — Heavy Duty & Easy Install,1,30.93,0.0,30.93,USD
114-2120195-5262432,1,B0GKG0B3EA,SKU-0090,PawPals Dog Leash — Easy to Clean & Vet Recommended,1,54.55,0.0,54.55,USD
114-5380869-7006369,1,B0CWALEK2Y,SKU-0036,ZenLife Air Fryer — Dishwasher Safe & Non-Stick Coating,1,19.47,0.0,19.47,USD
114-5380869-7006369,2,B055PLDLF8,SKU-0005,BrightBeam Webcam — Compact Design & 30H Battery Life,1,40.21,5.11,35.1,USD
114-1774125-8191536,1,B0FKKPVMZA,SKU-0065,TrailBlaze Foam Roller — Heavy Duty & Anti-Slip,2,52.95,15.73,90.17,USD
114-1774125-8191536,2,B0J4AJH5Y5,SKU-0084,ProGrip Monitor Stand — Space Saving & Multipurpose,1,57.15,0.0,57.15,USD
114-6513362-2559402,1,B0ZWX7WPK9,SKU-0114,DriveGuard Seat Covers — Universal Fit & Heavy Duty,1,20.72,0.0,20.72,USD
114-4797739-5928043,1,B0YXU5G7D1,SKU-0011,BrightBeam Bluetooth Speaker — Fast Charging & Noise Cancelling,2,84.3,0.0,168.6,USD
114-2028961-7908768,1,B01XGTD2M1,SKU-0035,UrbanKitchen Scented Candle Set — Non-Stick Coating & Space Saving,1,18.2,0.0,18.2,USD
114-5542450-3605524,1,B02X1DSSZM,SKU-0102,LittleNest Diaper Bag — Hypoallergenic & Easy to Clean,1,13.44,1.48,11.96,USD
114-9636136-8143682,1,B0TJL2AZQH,SKU-0082,ProGrip File Folders — Ergonomic & Multipurpose,1,48.76,0.0,48.76,USD
114-4229956-8842645,1,B0PF199V27,SKU-0037,Nordic Home Utensil Set — Non-Stick Coating & BPA-Free,1,62.82,0.0,62.82,USD
114-2184456-1455692,1,B00JXDXVG6,SKU-0095,PawPals Dog Treat Pouch — Easy to Clean & Non-Toxic,1,18.93,0.0,18.93,USD
114-8260880-8103918,1,B0SH0V1DCR,SKU-0075,KiddoCraft Nerf-Style Blaster — Ages 3+ & Interactive,1,17.07,0.0,17.07,USD
114-1272505-4867069,1,B0R5E97R3C,SKU-0001,AuroraTech Smart Plug — Noise Cancelling & HD 1080p,1,89.73,0.0,89.73,USD
114-9680402-4859970,1,B0M2UGJMKQ,SKU-0074,CloudNest RC Car — STEM Learning & Interactive,1,11.77,0.0,11.77,USD
114-9680402-4859970,2,B0NKTX370W,SKU-0051,PureGlo Shampoo & Conditioner — Gentle Formula & Ionic Technology,1,11.33,0.0,11.33,USD
114-9680402-4859970,3,B0TJL2AZQH,SKU-0082,ProGrip File Folders — Ergonomic & Multipurpose,1,48.76,0.0,48.76,USD
114-9680402-4859970,4,B0PGGKXQ9K,SKU-0093,PawPals Pet Water Fountain — Easy to Clean & Vet Recommended,1,34.22,0.0,34.22,USD
114-4425948-6704686,1,B09V1N9TED,SKU-0077,KiddoCraft Puzzle Set — Non-Toxic & STEM Learning,1,29.15,0.0,29.15,USD
114-4425948-6704686,2,B0FTQRA6A1,SKU-0109,DriveGuard Dash Cam — Heavy Duty & Easy Install,1,30.93,0.0,30.93,USD
114-8162529-8079136,1,B01U2VVLHF,SKU-0066,EverPeak Water Bottle — Portable & Waterproof,1,66.14,0.0,66.14,USD
114-8162529-8079136,2,B0U0VF1HMG,SKU-0040,ZenLife Nail Clipper Set — Gentle Formula & Cruelty-Free,1,28.36,3.1,25.26,USD
114-8162529-8079136,3,B0WCY6LU8P,SKU-0029,UrbanKitchen Wall Clock — Easy Clean & Dishwasher Safe,1,72.21,0.0,72.21,USD
114-7743856-7329897,1,B0E48MCY15,SKU-0079,WriteWell Label Maker — Durable & Multipurpose,1,49.25,0.0,49.25,USD
114-8268397-1863863,1,B0MVKP1792,SKU-0002,BrightBeam HDMI Cable — Bluetooth 5.3 & HD 1080p,1,63.85,0.0,63.85,USD
114-9060352-7014574,1,B0FPMT2SF9,SKU-0076,CloudNest Science Kit — Educational & Non-Toxic,1,12.73,0.0,12.73,USD
114-4031676-4429433,1,B0M1WJMA8T,SKU-0085,WriteWell Planner Notebook — Ergonomic & Multipurpose,1,8.44,1.25,7.19,USD
114-4031676-4429433,2,B0NKTX370W,SKU-0051,PureGlo Shampoo & Conditioner — Gentle Formula & Ionic Technology,2,11.33,0.0,22.66,USD
114-4847454-9128100,1,B00EGECWF5,SKU-0030,ZenLife Laundry Hamper — Dishwasher Safe & Premium Finish,1,68.26,9.09,59.17,USD
114-4847454-9128100,2,B0671R2A1G,SKU-0012,EverPeak Laptop Stand — Water Resistant & 30H Battery Life,1,63.64,0.0,63.64,USD
114-3181928-6543836,1,B0EGZYNSAE,SKU-0106,LittleNest Baby Bath Tub — Hypoallergenic & Safety Certified,4,25.43,0.0,101.72,USD
114-2196967-7900000,1,B00JXDXVG6,SKU-0095,PawPals Dog Treat Pouch — Easy to Clean & Non-Toxic,1,18.93,1.68,17.25,USD
114-2196967-7900000,2,B043M1S1C4,SKU-0049,PureGlo Sunscreen Lotion — Ionic Technology & Dermatologist Tested,1,31.54,0.0,31.54,USD
114-3370656-8369810,1,B0NQJ9A5QP,SKU-0081,WriteWell Paper Shredder — Ergonomic & Space Saving,1,15.31,0.0,15.31,USD
114-3370656-8369810,2,B0279XVVC5,SKU-0014,BrightBeam Desk Lamp — RGB Backlit & Noise Cancelling,2,51.35,0.0,102.7,USD
114-3370656-8369810,3,B00JXDXVG6,SKU-0095,PawPals Dog Treat Pouch — Easy to Clean & Non-Toxic,1,18.93,0.0,18.93,USD
114-3370656-8369810,4,B0AZBDRH38,SKU-0086,ProGrip Sticky Notes Pack — Ergonomic & Multipurpose,1,29.73,0.0,29.73,USD
114-4259863-8087736,1,B0WCY6LU8P,SKU-0029,UrbanKitchen Wall Clock — Easy Clean & Dishwasher Safe,1,72.21,0.0,72.21,USD
114-4259863-8087736,2,B03WTWXEDC,SKU-0072,CloudNest Magnetic Tiles — STEM Learning & Educational,1,19.25,0.0,19.25,USD
114-8074598-2489435,1,B08RJE02WW,SKU-0016,AuroraTech Headphones — Bluetooth 5.3 & Water Resistant,1,87.93,0.0,87.93,USD
114-7936983-3280105,1,B0NL5Q5CZM,SKU-0003,EverPeak USB-C Hub — Water Resistant & HD 1080p,1,103.75,0.0,103.75,USD
114-9318064-7280278,1,B04ZD4ZURZ,SKU-0103,LittleNest Baby Monitor — Safety Certified & Hypoallergenic,1,31.9,0.0,31.9,USD
114-9318064-7280278,2,B05P1Y30A5,SKU-0091,PawPals Slow Feeder Bowl — Easy to Clean & Non-Toxic,1,10.4,0.0,10.4,USD
114-9318064-7280278,3,B06AZNEH47,SKU-0008,BrightBeam Mechanical Keyboard — 30H Battery Life & Water Resistant,2,75.67,0.0,151.34,USD
114-9318064-7280278,4,B0XHVV9SEX,SKU-0042,ZenLife Makeup Brush Set — Ionic Technology & Long Lasting,1,23.36,0.0,23.36,USD
114-3521576-1377946,1,B085JJ3ZXF,SKU-0041,PureGlo Electric Toothbrush — Long Lasting & Dermatologist Tested,1,42.31,0.0,42.31,USD
114-3521576-1377946,2,B0JH68DJ8G,SKU-0032,UrbanKitchen Blender — Non-Stick Coating & Space Saving,1,26.96,0.0,26.96,USD
114-1780330-5660093,1,B0HE56LV1G,SKU-0071,KiddoCraft Play Kitchen Set — Interactive & Ages 3+,1,22.81,0.0,22.81,USD
114-8091166-7131350,1,B088K2QTZJ,SKU-0007,AuroraTech Car Mount — Bluetooth 5.3 & RGB Backlit,1,52.27,0.0,52.27,USD
114-8091166-7131350,2,B043M1S1C4,SKU-0049,PureGlo Sunscreen Lotion — Ionic Technology & Dermatologist Tested,1,31.54,4.6,26.94,USD
114-8091166-7131350,3,B0S19ZGCXE,SKU-0116,EverPeak Screwdriver Set — Cordless & High Torque,1,46.08,6.91,39.17,USD
114-7067867-8070174,1,B0NQJ9A5QP,SKU-0081,WriteWell Paper Shredder — Ergonomic & Space Saving,1,15.31,0.0,15.31,USD
114-4607712-8513206,1,B0SQ7F7BFE,SKU-0057,TrailBlaze Dumbbell Set — Waterproof & Portable,2,46.37,0.0,92.74,USD
114-8743662-7905648,1,B0QKGVBY0X,SKU-0108,LittleNest Baby Bottle Set — BPA-Free & Hypoallergenic,1,32.0,2.79,29.21,USD
114-9837466-2137485,1,B0PGGKXQ9K,SKU-0093,PawPals Pet Water Fountain — Easy to Clean & Vet Recommended,1,34.22,0.0,34.22,USD
114-9072838-5059568,1,B0NL5Q5CZM,SKU-0003,EverPeak USB-C Hub — Water Resistant & HD 1080p,1,110.91,0.0,110.91,USD
114-5087533-4577137,1,B0HE56LV1G,SKU-0071,KiddoCraft Play Kitchen Set — Interactive & Ages 3+,1,22.81,0.0,22.81,USD
114-5087533-4577137,2,B0YXU5G7D1,SKU-0011,BrightBeam Bluetooth Speaker — Fast Charging & Noise Cancelling,2,107.91,17.86,197.96,USD
114-3793128-4790478,1,B0FTQRA6A1,SKU-0109,DriveGuard Dash Cam — Heavy Duty & Easy Install,1,30.93,0.0,30.93,USD
114-6074207-2602426,1,B0TXQ65ZFV,SKU-0087,WriteWell Desk Organizer — Ergonomic & Multipurpose,1,21.66,0.0,21.66,USD
114-2317595-6859640,1,B0M1WJMA8T,SKU-0085,WriteWell Planner Notebook — Ergonomic & Multipurpose,1,8.44,0.0,8.44,USD
114-9766338-6093370,1,B0ZWX7WPK9,SKU-0114,DriveGuard Seat Covers — Universal Fit & Heavy Duty,1,20.72,0.0,20.72,USD
114-9766338-6093370,2,B09V1N9TED,SKU-0077,KiddoCraft Puzzle Set — Non-Toxic & STEM Learning,2,29.15,0.0,58.3,USD
114-9766338-6093370,3,B0GJL7P973,SKU-0045,PureGlo Hair Straightener — Cruelty-Free & Ionic Technology,1,39.53,0.0,39.53,USD
114-4696679-6218535,1,B0F635F86R,SKU-0097,PawPals Dog Chew Toys — Durable & Easy to Clean,3,21.36,4.86,59.22,USD
114-4696679-6218535,2,B0PGGKXQ9K,SKU-0093,PawPals Pet Water Fountain — Easy to Clean & Vet Recommended,1,34.22,0.0,34.22,USD
114-4696679-6218535,3,B0A30AC946,SKU-0117,ProGrip Stud Finder — Ergonomic Grip & Rust Resistant,1,19.86,0.0,19.86,USD
114-8773056-5062815,1,B0ANDXF98K,SKU-0004,AuroraTech WiFi Range Extender — Bluetooth 5.3 & Fast Charging,1,109.5,0.0,109.5,USD
114-4299102-5185220,1,B0NL5Q5CZM,SKU-0003,EverPeak USB-C Hub — Water Resistant & HD 1080p,1,103.75,0.0,103.75,USD
114-2475571-2674504,1,B0ERBP9846,SKU-0033,ZenLife Throw Blanket — BPA-Free & Non-Stick Coating,1,42.34,0.0,42.34,USD
114-2475571-2674504,2,B0F635F86R,SKU-0097,PawPals Dog Chew Toys — Durable & Easy to Clean,2,21.36,0.0,42.72,USD
114-4083015-2648873,1,B0U0VF1HMG,SKU-0040,ZenLife Nail Clipper Set — Gentle Formula & Cruelty-Free,1,24.82,0.0,24.82,USD
114-4083015-2648873,2,B0NL5Q5CZM,SKU-0003,EverPeak USB-C Hub — Water Resistant & HD 1080p,1,110.91,0.0,110.91,USD
114-7384324-2565036,1,B0CYFJJNVP,SKU-0092,PawPals Pet Grooming Brush — Vet Recommended & Non-Toxic,1,30.81,0.0,30.81,USD
114-7384324-2565036,2,B0M1WJMA8T,SKU-0085,WriteWell Planner Notebook — Ergonomic & Multipurpose,1,8.44,0.0,8.44,USD
114-7384324-2565036,3,B0YXU5G7D1,SKU-0011,BrightBeam Bluetooth Speaker — Fast Charging & Noise Cancelling,1,107.91,0.0,107.91,USD
114-7746260-3860502,1,B0ZWX7WPK9,SKU-0114,DriveGuard Seat Covers — Universal Fit & Heavy Duty,1,20.72,0.0,20.72,USD
114-7746260-3860502,2,B0MVKP1792,SKU-0002,BrightBeam HDMI Cable — Bluetooth 5.3 & HD 1080p,1,63.85,0.0,63.85,USD
114-6900463-9259031,1,B0279XVVC5,SKU-0014,BrightBeam Desk Lamp — RGB Backlit & Noise Cancelling,1,51.35,5.88,45.47,USD
114-3161205-5262899,1,B0JH68DJ8G,SKU-0032,UrbanKitchen Blender — Non-Stick Coating & Space Saving,1,25.59,0.0,25.59,USD
114-1387017-3473294,1,B0FPMT2SF9,SKU-0076,CloudNest Science Kit — Educational & Non-Toxic,1,14.63,0.0,14.63,USD
114-9004511-5420628,1,B0U0VF1HMG,SKU-0040,ZenLife Nail Clipper Set — Gentle Formula & Cruelty-Free,1,24.82,0.0,24.82,USD
114-9004511-5420628,2,B05P1Y30A5,SKU-0091,PawPals Slow Feeder Bowl — Easy to Clean & Non-Toxic,1,10.4,0.0,10.4,USD
114-4426540-1591852,1,B02X1DSSZM,SKU-0102,LittleNest Diaper Bag — Hypoallergenic & Easy to Clean,1,13.44,0.0,13.44,USD
114-8139845-4987189,1,B088K2QTZJ,SKU-0007,AuroraTech Car Mount — Bluetooth 5.3 & RGB Backlit,2,52.27,0.0,104.54,USD
114-7412093-1153033,1,B0YJ486MXU,SKU-0107,LittleNest Baby Safety Gate — Safety Certified & BPA-Free,1,60.8,0.0,60.8,USD
114-5300855-9741858,1,B0YXU5G7D1,SKU-0011,BrightBeam Bluetooth Speaker — Fast Charging & Noise Cancelling,1,84.3,0.0,84.3,USD
114-1801609-7068105,1,B0YJ486MXU,SKU-0107,LittleNest Baby Safety Gate — Safety Certified & BPA-Free,1,60.8,0.0,60.8,USD
114-1801609-7068105,2,B0ZWX7WPK9,SKU-0114,DriveGuard Seat Covers — Universal Fit & Heavy Duty,1,19.42,0.0,19.42,USD
114-5292408-9565320,1,B043M1S1C4,SKU-0049,PureGlo Sunscreen Lotion — Ionic Technology & Dermatologist Tested,1,31.54,0.0,31.54,USD
114-5292408-9565320,2,B02X1DSSZM,SKU-0102,LittleNest Diaper Bag — Hypoallergenic & Easy to Clean,1,13.44,0.0,13.44,USD
114-3665065-9817050,1,B08RJE02WW,SKU-0016,AuroraTech Headphones — Bluetooth 5.3 & Water Resistant,1,87.93,0.0,87.93,USD
114-6000047-8086785,1,B0J9HPEX6X,SKU-0112,DriveGuard Tire Pressure Gauge — Long Cord & Heavy Duty,1,34.7,0.0,34.7,USD
114-8968236-6615719,1,B0DLXACSTN,SKU-0068,CloudNest Plush Toy — Non-Toxic & Ages 3+,2,21.32,0.0,42.64,USD
114-9196420-5605983,1,B0ANDXF98K,SKU-0004,AuroraTech WiFi Range Extender — Bluetooth 5.3 & Fast Charging,2,109.5,0.0,219.0,USD
114-9196420-5605983,2,B0M1WJMA8T,SKU-0085,WriteWell Planner Notebook — Ergonomic & Multipurpose,1,8.44,0.0,8.44,USD
114-9196420-5605983,3,B0ZWX7WPK9,SKU-0114,DriveGuard Seat Covers — Universal Fit & Heavy Duty,1,20.72,0.0,20.72,USD
114-9196420-5605983,4,B0P5FBKME8,SKU-0047,PureGlo Bath Bomb Set — Dermatologist Tested & Gentle Formula,1,29.77,0.0,29.77,USD
114-6965855-6340079,1,B08H6XVAML,SKU-0006,EverPeak Gaming Mouse — RGB Backlit & Compact Design,1,88.7,0.0,88.7,USD
114-4465248-6888172,1,B03ZGX0DF9,SKU-0098,PawPals Catnip Toys — Easy to Clean & Non-Toxic,2,48.23,0.0,96.46,USD
114-5710737-3425708,1,B0936760J9,SKU-0034,Nordic Home Shower Caddy — Easy Clean & Non-Stick Coating,1,25.31,0.0,25.31,USD
114-5710737-3425708,2,B0TXQ65ZFV,SKU-0087,WriteWell Desk Organizer — Ergonomic & Multipurpose,1,21.66,0.0,21.66,USD
114-2389365-9491800,1,B0R5E97R3C,SKU-0001,AuroraTech Smart Plug — Noise Cancelling & HD 1080p,2,89.73,0.0,179.46,USD
114-7696322-7714998,1,B0YJ486MXU,SKU-0107,LittleNest Baby Safety Gate — Safety Certified & BPA-Free,1,60.8,0.0,60.8,USD
114-5484943-7759550,1,B00JXDXVG6,SKU-0095,PawPals Dog Treat Pouch — Easy to Clean & Non-Toxic,1,18.93,0.0,18.93,USD
114-5484943-7759550,2,B0P5FBKME8,SKU-0047,PureGlo Bath Bomb Set — Dermatologist Tested & Gentle Formula,1,29.77,3.27,26.5,USD
114-3576374-9410611,1,B0J9HPEX6X,SKU-0112,DriveGuard Tire Pressure Gauge — Long Cord & Heavy Duty,2,34.7,0.0,69.4,USD
114-3576374-9410611,2,B0ZWX7WPK9,SKU-0114,DriveGuard Seat Covers — Universal Fit & Heavy Duty,1,19.42,0.0,19.42,USD
114-3576374-9410611,3,B05P1Y30A5,SKU-0091,PawPals Slow Feeder Bowl — Easy to Clean & Non-Toxic,2,10.4,0.0,20.8,USD
114-7480658-4060046,1,B0M1WJMA8T,SKU-0085,WriteWell Planner Notebook — Ergonomic & Multipurpose,1,8.44,0.0,8.44,USD
114-9061412-6761193,1,B055PLDLF8,SKU-0005,BrightBeam Webcam — Compact Design & 30H Battery Life,1,40.21,0.0,40.21,USD
114-9061412-6761193,2,B0HE56LV1G,SKU-0071,KiddoCraft Play Kitchen Set — Interactive & Ages 3+,1,22.81,0.0,22.81,USD
114-3771786-6688369,1,B0671R2A1G,SKU-0012,EverPeak Laptop Stand — Water Resistant & 30H Battery Life,1,63.64,0.0,63.64,USD
114-3771786-6688369,2,B00JXDXVG6,SKU-0095,PawPals Dog Treat Pouch — Easy to Clean & Non-Toxic,1,18.93,0.0,18.93,USD
114-6355946-1615730,1,B0AZBDRH38,SKU-0086,ProGrip Sticky Notes Pack — Ergonomic & Multipurpose,1,27.71,0.0,27.71,USD
114-6355946-1615730,2,B05P1Y30A5,SKU-0091,PawPals Slow Feeder Bowl — Easy to Clean & Non-Toxic,4,8.78,0.0,35.12,USD
114-3931337-3363306,1,B0FTQRA6A1,SKU-0109,DriveGuard Dash Cam — Heavy Duty & Easy Install,3,30.93,0.0,92.79,USD
114-3931337-3363306,2,B01CQYLRS7,SKU-0070,CloudNest Art Supplies Kit — STEM Learning & Interactive,1,13.62,0.0,13.62,USD
114-1800922-2841967,1,B0Q85PD1G6,SKU-0018,EverPeak Power Bank — 30H Battery Life & Noise Cancelling,1,17.84,0.0,17.84,USD
114-9116089-3239622,1,B0P5FBKME8,SKU-0047,PureGlo Bath Bomb Set — Dermatologist Tested & Gentle Formula,1,29.77,0.0,29.77,USD
114-9958483-6516331,1,B04Z7XKKST,SKU-0105,LittleNest Swaddle Blankets — BPA-Free & Safety Certified,1,54.16,0.0,54.16,USD
114-6771537-9153465,1,B055PLDLF8,SKU-0005,BrightBeam Webcam — Compact Design & 30H Battery Life,2,40.21,0.0,80.42,USD
114-6771537-9153465,2,B043M1S1C4,SKU-0049,PureGlo Sunscreen Lotion — Ionic Technology & Dermatologist Tested,1,31.54,0.0,31.54,USD
114-6771537-9153465,3,B0NL5Q5CZM,SKU-0003,EverPeak USB-C Hub — Water Resistant & HD 1080p,1,110.91,0.0,110.91,USD
114-6771537-9153465,4,B0TURPLSHH,SKU-0100,PawPals Automatic Pet Feeder — Easy to Clean & Vet Recommended,1,43.13,0.0,43.13,USD
114-8801640-2707282,1,B05P1Y30A5,SKU-0091,PawPals Slow Feeder Bowl — Easy to Clean & Non-Toxic,1,10.4,0.0,10.4,USD
114-5119761-5879589,1,B0NL5Q5CZM,SKU-0003,EverPeak USB-C Hub — Water Resistant & HD 1080p,1,73.81,0.0,73.81,USD
114-1426112-4203835,1,B0M6YEW145,SKU-0083,WriteWell Standing Desk Converter — Durable & Multipurpose,1,9.99,0.0,9.99,USD
114-5524988-1561089,1,B0CWALEK2Y,SKU-0036,ZenLife Air Fryer — Dishwasher Safe & Non-Stick Coating,1,19.47,0.0,19.47,USD
114-5524988-1561089,2,B0TXQ65ZFV,SKU-0087,WriteWell Desk Organizer — Ergonomic & Multipurpose,1,21.66,0.0,21.66,USD
114-5524988-1561089,3,B0P5FBKME8,SKU-0047,PureGlo Bath Bomb Set — Dermatologist Tested & Gentle Formula,1,29.77,0.0,29.77,USD
114-5524988-1561089,4,B0GKG0B3EA,SKU-0090,PawPals Dog Leash — Easy to Clean & Vet Recommended,2,54.55,0.0,109.1,USD
114-5029094-7174257,1,B0NL5Q5CZM,SKU-0003,EverPeak USB-C Hub — Water Resistant & HD 1080p,1,73.81,0.0,73.81,USD
114-2786278-4252262,1,B0FTQRA6A1,SKU-0109,DriveGuard Dash Cam — Heavy Duty & Easy Install,1,30.93,0.0,30.93,USD
114-2786278-4252262,2,B0CWALEK2Y,SKU-0036,ZenLife Air Fryer — Dishwasher Safe & Non-Stick Coating,1,19.47,0.0,19.47,USD
114-7946545-8409312,1,B0ZWX7WPK9,SKU-0114,DriveGuard Seat Covers — Universal Fit & Heavy Duty,1,20.72,0.0,20.72,USD
114-4830696-7110350,1,B0P5FBKME8,SKU-0047,PureGlo Bath Bomb Set — Dermatologist Tested & Gentle Formula,2,31.59,0.0,63.18,USD
114-4830696-7110350,2,B0MVKP1792,SKU-0002,BrightBeam HDMI Cable — Bluetooth 5.3 & HD 1080p,4,67.82,0.0,271.28,USD
114-4830696-7110350,3,B0YXU5G7D1,SKU-0011,BrightBeam Bluetooth Speaker — Fast Charging & Noise Cancelling,2,107.91,0.0,215.82,USD
114-9499000-9775993,1,B0TXQ65ZFV,SKU-0087,WriteWell Desk Organizer — Ergonomic & Multipurpose,1,21.66,0.0,21.66,USD
114-9499000-9775993,2,B0ZWX7WPK9,SKU-0114,DriveGuard Seat Covers — Universal Fit & Heavy Duty,1,20.72,0.0,20.72,USD
114-9499000-9775993,3,B0TURPLSHH,SKU-0100,PawPals Automatic Pet Feeder — Easy to Clean & Vet Recommended,1,43.13,0.0,43.13,USD
114-3462001-6589274,1,B0ZWX7WPK9,SKU-0114,DriveGuard Seat Covers — Universal Fit & Heavy Duty,1,19.42,0.0,19.42,USD
114-6318806-5700372,1,B0N90348CD,SKU-0088,ProGrip Desk Chair Cushion — Multipurpose & Ergonomic,1,17.61,0.0,17.61,USD
114-6318806-5700372,2,B0TXQ65ZFV,SKU-0087,WriteWell Desk Organizer — Ergonomic & Multipurpose,1,21.66,0.0,21.66,USD
114-4457407-2682205,1,B03WTWXEDC,SKU-0072,CloudNest Magnetic Tiles — STEM Learning & Educational,1,19.25,0.0,19.25,USD
114-4457407-2682205,2,B0F635F86R,SKU-0097,PawPals Dog Chew Toys — Durable & Easy to Clean,2,21.36,0.0,42.72,USD
114-5379448-9761524,1,B055PLDLF8,SKU-0005,BrightBeam Webcam — Compact Design & 30H Battery Life,1,40.21,0.0,40.21,USD
114-7625199-5883509,1,B08UGTRB3Y,SKU-0050,ZenLife Vitamin C Serum — Dermatologist Tested & Long Lasting,1,37.09,0.0,37.09,USD
114-7260863-1043346,1,B08UGTRB3Y,SKU-0050,ZenLife Vitamin C Serum — Dermatologist Tested & Long Lasting,3,40.54,0.0,121.62,USD
114-1827548-6029882,1,B0QKGVBY0X,SKU-0108,LittleNest Baby Bottle Set — BPA-Free & Hypoallergenic,1,32.0,0.0,32.0,USD
114-8839459-6008177,1,B0FTQRA6A1,SKU-0109,DriveGuard Dash Cam — Heavy Duty & Easy Install,1,30.93,0.0,30.93,USD
114-9162832-1259473,1,B0GKG0B3EA,SKU-0090,PawPals Dog Leash — Easy to Clean & Vet Recommended,1,54.55,0.0,54.55,USD
114-9162832-1259473,2,B0NQJ9A5QP,SKU-0081,WriteWell Paper Shredder — Ergonomic & Space Saving,1,11.7,0.0,11.7,USD
114-9162832-1259473,3,B0TXQ65ZFV,SKU-0087,WriteWell Desk Organizer — Ergonomic & Multipurpose,1,21.66,0.0,21.66,USD
114-9162832-1259473,4,B088K2QTZJ,SKU-0007,AuroraTech Car Mount — Bluetooth 5.3 & RGB Backlit,1,52.27,0.0,52.27,USD
114-9162832-1259473,5,B0ANDXF98K,SKU-0004,AuroraTech WiFi Range Extender — Bluetooth 5.3 & Fast Charging,1,109.5,0.0,109.5,USD
114-9162832-1259473,6,B04Z7XKKST,SKU-0105,LittleNest Swaddle Blankets — BPA-Free & Safety Certified,1,54.16,0.0,54.16,USD
114-3883538-7736540,1,B0MVKP1792,SKU-0002,BrightBeam HDMI Cable — Bluetooth 5.3 & HD 1080p,1,63.85,0.0,63.85,USD
114-3883538-7736540,2,B05P1Y30A5,SKU-0091,PawPals Slow Feeder Bowl — Easy to Clean & Non-Toxic,2,11.7,0.0,23.4,USD
114-3883538-7736540,3,B04N2RZ3JC,SKU-0060,EverPeak Sleeping Bag — Waterproof & Lightweight,1,24.26,0.0,24.26,USD
114-3883538-7736540,4,B0TURPLSHH,SKU-0100,PawPals Automatic Pet Feeder — Easy to Clean & Vet Recommended,1,43.13,0.0,43.13,USD
114-1071499-7849359,1,B0DLXACSTN,SKU-0068,CloudNest Plush Toy — Non-Toxic & Ages 3+,1,21.32,0.0,21.32,USD
114-1071499-7849359,2,B0U0VF1HMG,SKU-0040,ZenLife Nail Clipper Set — Gentle Formula & Cruelty-Free,1,28.36,0.0,28.36,USD
114-1071499-7849359,3,B0WKPVSC0B,SKU-0025,Nordic Home Tea Infuser — Non-Stick Coating & Dishwasher Safe,2,43.18,0.0,86.36,USD
114-2455936-6543511,1,B0E48MCY15,SKU-0079,WriteWell Label Maker — Durable & Multipurpose,2,37.17,0.0,74.34,USD
114-2366435-9152593,1,B0FTQRA6A1,SKU-0109,DriveGuard Dash Cam — Heavy Duty & Easy Install,2,30.93,0.0,61.86,USD
114-7579359-5250843,1,B0CWALEK2Y,SKU-0036,ZenLife Air Fryer — Dishwasher Safe & Non-Stick Coating,1,19.47,0.0,19.47,USD
114-7579359-5250843,2,B07GWT52HM,SKU-0021,ZenLife Cutting Board Set — BPA-Free & Easy Clean,1,26.8,0.0,26.8,USD
114-2017387-1157537,1,B01NLXW82L,SKU-0104,LittleNest Bassinet — Safety Certified & BPA-Free,1,24.09,0.0,24.09,USD
114-2017387-1157537,2,B02T104M25,SKU-0111,DriveGuard Jump Starter — Long Cord & Universal Fit,2,55.67,0.0,111.34,USD
114-2017387-1157537,3,B02X1DSSZM,SKU-0102,LittleNest Diaper Bag — Hypoallergenic & Easy to Clean,1,13.44,0.0,13.44,USD
114-2017387-1157537,4,B0GUBJ397E,SKU-0059,TrailBlaze Yoga Mat — Portable & Lightweight,1,77.84,0.0,77.84,USD
114-6592366-9386469,1,B0FPMT2SF9,SKU-0076,CloudNest Science Kit — Educational & Non-Toxic,2,14.63,0.0,29.26,USD
114-2964069-2555745,1,B0NL5Q5CZM,SKU-0003,EverPeak USB-C Hub — Water Resistant & HD 1080p,1,103.75,0.0,103.75,USD
114-9008084-7938327,1,B0P5FBKME8,SKU-0047,PureGlo Bath Bomb Set — Dermatologist Tested & Gentle Formula,1,29.77,0.0,29.77,USD
114-9008084-7938327,2,B0YJ486MXU,SKU-0107,LittleNest Baby Safety Gate — Safety Certified & BPA-Free,1,60.8,0.0,60.8,USD
114-4524697-5966782,1,B0279XVVC5,SKU-0014,BrightBeam Desk Lamp — RGB Backlit & Noise Cancelling,1,51.35,0.0,51.35,USD
114-1191390-8279185,1,B0ZWX7WPK9,SKU-0114,DriveGuard Seat Covers — Universal Fit & Heavy Duty,1,19.42,0.0,19.42,USD
114-1191390-8279185,2,B05P1Y30A5,SKU-0091,PawPals Slow Feeder Bowl — Easy to Clean & Non-Toxic,1,8.78,1.11,7.67,USD
114-1191390-8279185,3,B043M1S1C4,SKU-0049,PureGlo Sunscreen Lotion — Ionic Technology & Dermatologist Tested,1,31.54,0.0,31.54,USD
114-1191390-8279185,4,B08RJE02WW,SKU-0016,AuroraTech Headphones — Bluetooth 5.3 & Water Resistant,1,87.93,0.0,87.93,USD
114-7816044-3421205,1,B02X1DSSZM,SKU-0102,LittleNest Diaper Bag — Hypoallergenic & Easy to Clean,1,13.44,1.26,12.18,USD
114-7816044-3421205,2,B02T104M25,SKU-0111,DriveGuard Jump Starter — Long Cord & Universal Fit,1,55.67,0.0,55.67,USD
114-7816044-3421205,3,B0ANDXF98K,SKU-0004,AuroraTech WiFi Range Extender — Bluetooth 5.3 & Fast Charging,1,109.5,0.0,109.5,USD
114-3817316-5822101,1,B0NL5Q5CZM,SKU-0003,EverPeak USB-C Hub — Water Resistant & HD 1080p,1,110.91,0.0,110.91,USD
114-3817316-5822101,2,B06AZNEH47,SKU-0008,BrightBeam Mechanical Keyboard — 30H Battery Life & Water Resistant,1,75.67,0.0,75.67,USD
114-7339201-5338420,1,B0AZBDRH38,SKU-0086,ProGrip Sticky Notes Pack — Ergonomic & Multipurpose,1,27.71,0.0,27.71,USD
114-7339201-5338420,2,B0279XVVC5,SKU-0014,BrightBeam Desk Lamp — RGB Backlit & Noise Cancelling,1,51.35,0.0,51.35,USD
114-1814704-1553753,1,B0U0VF1HMG,SKU-0040,ZenLife Nail Clipper Set — Gentle Formula & Cruelty-Free,1,24.82,0.0,24.82,USD
114-1814704-1553753,2,B0M2UGJMKQ,SKU-0074,CloudNest RC Car — STEM Learning & Interactive,3,11.77,0.0,35.31,USD
114-1814704-1553753,3,B0F635F86R,SKU-0097,PawPals Dog Chew Toys — Durable & Easy to Clean,1,21.36,0.0,21.36,USD
114-3402037-9881980,1,B0ZWX7WPK9,SKU-0114,DriveGuard Seat Covers — Universal Fit & Heavy Duty,1,20.72,0.0,20.72,USD
114-3402037-9881980,2,B0GJL7P973,SKU-0045,PureGlo Hair Straightener — Cruelty-Free & Ionic Technology,1,39.53,0.0,39.53,USD
114-3402037-9881980,3,B02X1DSSZM,SKU-0102,LittleNest Diaper Bag — Hypoallergenic & Easy to Clean,1,13.44,1.64,11.8,USD
114-3402037-9881980,4,B0DLXACSTN,SKU-0068,CloudNest Plush Toy — Non-Toxic & Ages 3+,3,21.32,0.0,63.96,USD
114-3402037-9881980,5,B04Z7XKKST,SKU-0105,LittleNest Swaddle Blankets — BPA-Free & Safety Certified,1,54.16,5.31,48.85,USD
114-3402037-9881980,6,B0J9HPEX6X,SKU-0112,DriveGuard Tire Pressure Gauge — Long Cord & Heavy Duty,2,34.7,0.0,69.4,USD
114-4503879-3209870,1,B0YBRGQRFQ,SKU-0110,DriveGuard Car Vacuum — Long Cord & Easy Install,1,18.37,0.0,18.37,USD
114-7078269-7856711,1,B0P5FBKME8,SKU-0047,PureGlo Bath Bomb Set — Dermatologist Tested & Gentle Formula,1,31.59,0.0,31.59,USD
114-7078269-7856711,2,B0ERBP9846,SKU-0033,ZenLife Throw Blanket — BPA-Free & Non-Stick Coating,1,42.34,0.0,42.34,USD
114-1693359-3999723,1,B0MVKP1792,SKU-0002,BrightBeam HDMI Cable — Bluetooth 5.3 & HD 1080p,1,63.85,0.0,63.85,USD
114-5992185-7150091,1,B04Z7XKKST,SKU-0105,LittleNest Swaddle Blankets — BPA-Free & Safety Certified,1,54.16,0.0,54.16,USD
114-1300420-2638718,1,B0A8X9FRKN,SKU-0031,Nordic Home Coffee Grinder — BPA-Free & Premium Finish,0,74.65,0.0,0.0,USD
114-5904897-4164842,1,B06AZNEH47,SKU-0008,BrightBeam Mechanical Keyboard — 30H Battery Life & Water Resistant,1,75.67,4.15,71.52,USD
114-5904897-4164842,2,B07GWT52HM,SKU-0021,ZenLife Cutting Board Set — BPA-Free & Easy Clean,1,26.8,0.0,26.8,USD
114-5904897-4164842,3,B09V1N9TED,SKU-0077,KiddoCraft Puzzle Set — Non-Toxic & STEM Learning,1,29.15,0.0,29.15,USD
114-5904897-4164842,4,B0P5FBKME8,SKU-0047,PureGlo Bath Bomb Set — Dermatologist Tested & Gentle Formula,1,29.77,0.0,29.77,USD
114-2673074-8722609,1,B0HE56LV1G,SKU-0071,KiddoCraft Play Kitchen Set — Interactive & Ages 3+,3,22.81,0.0,68.43,USD
114-2673074-8722609,2,B0KKUPJDRS,SKU-0115,ProGrip LED Work Light — Cordless & High Torque,1,57.78,0.0,57.78,USD
114-6919532-3119429,1,B0R5E97R3C,SKU-0001,AuroraTech Smart Plug — Noise Cancelling & HD 1080p,1,89.73,0.0,89.73,USD
114-2730412-6765842,1,B02X1DSSZM,SKU-0102,LittleNest Diaper Bag — Hypoallergenic & Easy to Clean,1,13.44,0.0,13.44,USD
114-2730412-6765842,2,B0ANDXF98K,SKU-0004,AuroraTech WiFi Range Extender — Bluetooth 5.3 & Fast Charging,1,109.5,0.0,109.5,USD
114-2730412-6765842,3,B01NLXW82L,SKU-0104,LittleNest Bassinet — Safety Certified & BPA-Free,3,24.09,0.0,72.27,USD
114-6197128-4078929,1,B0M2QT36J4,SKU-0010,AuroraTech Portable Charger — Fast Charging & HD 1080p,1,64.56,0.0,64.56,USD
114-6197128-4078929,2,B088K2QTZJ,SKU-0007,AuroraTech Car Mount — Bluetooth 5.3 & RGB Backlit,1,52.27,0.0,52.27,USD
114-8541891-4953289,1,B0YXU5G7D1,SKU-0011,BrightBeam Bluetooth Speaker — Fast Charging & Noise Cancelling,1,107.91,0.0,107.91,USD
114-8758452-9705563,1,B08H6XVAML,SKU-0006,EverPeak Gaming Mouse — RGB Backlit & Compact Design,2,88.7,0.0,177.4,USD
114-1721598-3628850,1,B02T104M25,SKU-0111,DriveGuard Jump Starter — Long Cord & Universal Fit,1,55.67,0.0,55.67,USD
114-1512899-1836164,1,B01CQYLRS7,SKU-0070,CloudNest Art Supplies Kit — STEM Learning & Interactive,1,13.62,0.0,13.62,USD
114-1512899-1836164,2,B0DLXACSTN,SKU-0068,CloudNest Plush Toy — Non-Toxic & Ages 3+,1,21.32,0.0,21.32,USD
114-1554536-4704808,1,B05P1Y30A5,SKU-0091,PawPals Slow Feeder Bowl — Easy to Clean & Non-Toxic,2,10.4,0.0,20.8,USD
114-1554536-4704808,2,B00EGECWF5,SKU-0030,ZenLife Laundry Hamper — Dishwasher Safe & Premium Finish,2,68.26,0.0,136.52,USD
114-4092823-4058136,1,B0U0VF1HMG,SKU-0040,ZenLife Nail Clipper Set — Gentle Formula & Cruelty-Free,1,24.82,0.0,24.82,USD
114-4092823-4058136,2,B02LTJA2NA,SKU-0078,CloudNest Dollhouse — Ages 3+ & Interactive,1,41.1,0.0,41.1,USD
114-4092823-4058136,3,B0TURPLSHH,SKU-0100,PawPals Automatic Pet Feeder — Easy to Clean & Vet Recommended,1,43.13,0.0,43.13,USD
114-4092823-4058136,4,B0YJ486MXU,SKU-0107,LittleNest Baby Safety Gate — Safety Certified & BPA-Free,1,60.8,0.0,60.8,USD
114-5066077-6419744,1,B0DLXACSTN,SKU-0068,CloudNest Plush Toy — Non-Toxic & Ages 3+,2,21.32,0.0,42.64,USD
114-3743507-6053211,1,B05P1Y30A5,SKU-0091,PawPals Slow Feeder Bowl — Easy to Clean & Non-Toxic,1,10.4,0.0,10.4,USD
114-8604820-7821267,1,B0HE56LV1G,SKU-0071,KiddoCraft Play Kitchen Set — Interactive & Ages 3+,1,22.81,0.0,22.81,USD
114-3953395-5170552,1,B00JXDXVG6,SKU-0095,PawPals Dog Treat Pouch — Easy to Clean & Non-Toxic,1,20.29,0.0,20.29,USD
114-3953395-5170552,2,B0PGGKXQ9K,SKU-0093,PawPals Pet Water Fountain — Easy to Clean & Vet Recommended,2,34.22,0.0,68.44,USD
114-1322537-5650251,1,B0K12NKA8N,SKU-0013,AuroraTech Smart Watch — 30H Battery Life & Bluetooth 5.3,1,83.42,0.0,83.42,USD
114-1322537-5650251,2,B0A30AC946,SKU-0117,ProGrip Stud Finder — Ergonomic Grip & Rust Resistant,1,19.86,0.0,19.86,USD
114-4713050-5131780,1,B0FTQRA6A1,SKU-0109,DriveGuard Dash Cam — Heavy Duty & Easy Install,1,30.93,4.6,26.33,USD
114-8980134-5252992,1,B0M9DY5YFP,SKU-0063,TrailBlaze Bike Helmet — Lightweight & Portable,1,13.26,1.88,11.38,USD
114-8980134-5252992,2,B0NL5Q5CZM,SKU-0003,EverPeak USB-C Hub — Water Resistant & HD 1080p,1,110.91,0.0,110.91,USD
114-2506164-7134379,1,B0ZWX7WPK9,SKU-0114,DriveGuard Seat Covers — Universal Fit & Heavy Duty,1,19.42,0.0,19.42,USD
114-2506164-7134379,2,B0J4AJH5Y5,SKU-0084,ProGrip Monitor Stand — Space Saving & Multipurpose,1,57.15,0.0,57.15,USD
114-3621766-7229979,1,B0MVKP1792,SKU-0002,BrightBeam HDMI Cable — Bluetooth 5.3 & HD 1080p,1,63.85,0.0,63.85,USD
114-3621766-7229979,2,B01CQYLRS7,SKU-0070,CloudNest Art Supplies Kit — STEM Learning & Interactive,2,13.62,0.0,27.24,USD
114-3621766-7229979,3,B03WTWXEDC,SKU-0072,CloudNest Magnetic Tiles — STEM Learning & Educational,2,19.25,0.0,38.5,USD
114-5260211-2147253,1,B04Z7XKKST,SKU-0105,LittleNest Swaddle Blankets — BPA-Free & Safety Certified,1,54.16,0.0,54.16,USD
114-5260211-2147253,2,B0CWALEK2Y,SKU-0036,ZenLife Air Fryer — Dishwasher Safe & Non-Stick Coating,2,19.47,0.0,38.94,USD
114-7871605-5127721,1,B01NLXW82L,SKU-0104,LittleNest Bassinet — Safety Certified & BPA-Free,1,24.09,0.0,24.09,USD
114-3204917-1155325,1,B0M2QT36J4,SKU-0010,AuroraTech Portable Charger — Fast Charging & HD 1080p,1,64.56,0.0,64.56,USD
114-8727235-2297658,1,B0FTQRA6A1,SKU-0109,DriveGuard Dash Cam — Heavy Duty & Easy Install,1,30.93,0.0,30.93,USD
114-8006128-2611400,1,B0HE56LV1G,SKU-0071,KiddoCraft Play Kitchen Set — Interactive & Ages 3+,1,22.81,0.0,22.81,USD
114-9774529-2910617,1,B055PLDLF8,SKU-0005,BrightBeam Webcam — Compact Design & 30H Battery Life,1,40.21,0.0,40.21,USD
114-9774529-2910617,2,B02X1DSSZM,SKU-0102,LittleNest Diaper Bag — Hypoallergenic & Easy to Clean,1,13.44,0.0,13.44,USD
114-9997668-3689591,1,B0M2QT36J4,SKU-0010,AuroraTech Portable Charger — Fast Charging & HD 1080p,1,64.56,0.0,64.56,USD
114-5871820-8506606,1,B0R5E97R3C,SKU-0001,AuroraTech Smart Plug — Noise Cancelling & HD 1080p,1,89.73,0.0,89.73,USD
114-8439765-9731347,1,B0M1WJMA8T,SKU-0085,WriteWell Planner Notebook — Ergonomic & Multipurpose,1,8.44,0.0,8.44,USD
114-9066585-5419713,1,B08UGTRB3Y,SKU-0050,ZenLife Vitamin C Serum — Dermatologist Tested & Long Lasting,1,40.54,0.0,40.54,USD
114-6944560-8232780,1,B0279XVVC5,SKU-0014,BrightBeam Desk Lamp — RGB Backlit & Noise Cancelling,1,51.35,5.78,45.57,USD
114-6944560-8232780,2,B0ERBP9846,SKU-0033,ZenLife Throw Blanket — BPA-Free & Non-Stick Coating,1,42.34,0.0,42.34,USD
114-6944560-8232780,3,B02T104M25,SKU-0111,DriveGuard Jump Starter — Long Cord & Universal Fit,1,55.67,0.0,55.67,USD
114-4589117-5030330,1,B0TXQ65ZFV,SKU-0087,WriteWell Desk Organizer — Ergonomic & Multipurpose,1,21.66,0.0,21.66,USD
114-2807429-7227310,1,B06AZNEH47,SKU-0008,BrightBeam Mechanical Keyboard — 30H Battery Life & Water Resistant,1,75.67,0.0,75.67,USD
114-2807429-7227310,2,B0TXQ65ZFV,SKU-0087,WriteWell Desk Organizer — Ergonomic & Multipurpose,1,21.66,1.21,20.45,USD
114-1611999-4502761,1,B03WTWXEDC,SKU-0072,CloudNest Magnetic Tiles — STEM Learning & Educational,1,19.25,0.0,19.25,USD
114-5173007-9827364,1,B0JH68DJ8G,SKU-0032,UrbanKitchen Blender — Non-Stick Coating & Space Saving,1,25.59,0.0,25.59,USD
114-5173007-9827364,2,B0CWALEK2Y,SKU-0036,ZenLife Air Fryer — Dishwasher Safe & Non-Stick Coating,1,19.47,2.32,17.15,USD
114-7925241-6269587,1,B0279XVVC5,SKU-0014,BrightBeam Desk Lamp — RGB Backlit & Noise Cancelling,1,51.35,0.0,51.35,USD
114-7781693-1934269,1,B0ZWX7WPK9,SKU-0114,DriveGuard Seat Covers — Universal Fit & Heavy Duty,1,19.42,0.0,19.42,USD
114-9701622-1729471,1,B0HE56LV1G,SKU-0071,KiddoCraft Play Kitchen Set — Interactive & Ages 3+,1,22.81,0.0,22.81,USD
114-9701622-1729471,2,B0FTQRA6A1,SKU-0109,DriveGuard Dash Cam — Heavy Duty & Easy Install,1,30.93,0.0,30.93,USD
114-5931039-5620628,1,B0279XVVC5,SKU-0014,BrightBeam Desk Lamp — RGB Backlit & Noise Cancelling,1,51.35,0.0,51.35,USD
114-5728628-6079237,1,B0N90348CD,SKU-0088,ProGrip Desk Chair Cushion — Multipurpose & Ergonomic,1,19.37,0.0,19.37,USD
114-5728628-6079237,2,B06AZNEH47,SKU-0008,BrightBeam Mechanical Keyboard — 30H Battery Life & Water Resistant,1,75.67,6.56,69.11,USD
114-5728628-6079237,3,B0SH0V1DCR,SKU-0075,KiddoCraft Nerf-Style Blaster — Ages 3+ & Interactive,1,17.07,2.28,14.79,USD
114-5728628-6079237,4,B04ZD4ZURZ,SKU-0103,LittleNest Baby Monitor — Safety Certified & Hypoallergenic,1,31.9,0.0,31.9,USD
114-5728628-6079237,5,B0279XVVC5,SKU-0014,BrightBeam Desk Lamp — RGB Backlit & Noise Cancelling,1,51.35,0.0,51.35,USD
114-3038795-5169748,1,B0SQ7F7BFE,SKU-0057,TrailBlaze Dumbbell Set — Waterproof & Portable,1,46.37,0.0,46.37,USD
114-3100416-6290332,1,B0CYFJJNVP,SKU-0092,PawPals Pet Grooming Brush — Vet Recommended & Non-Toxic,1,42.18,0.0,42.18,USD
114-3100416-6290332,2,B043M1S1C4,SKU-0049,PureGlo Sunscreen Lotion — Ionic Technology & Dermatologist Tested,3,31.54,0.0,94.62,USD
114-3100416-6290332,3,B0FPMT2SF9,SKU-0076,CloudNest Science Kit — Educational & Non-Toxic,1,12.73,0.0,12.73,USD
114-2737594-6235338,1,B0Q85PD1G6,SKU-0018,EverPeak Power Bank — 30H Battery Life & Noise Cancelling,1,17.84,0.0,17.84,USD
114-2737594-6235338,2,B0CWALEK2Y,SKU-0036,ZenLife Air Fryer — Dishwasher Safe & Non-Stick Coating,1,19.47,0.0,19.47,USD
114-5611896-1801386,1,B0M9DY5YFP,SKU-0063,TrailBlaze Bike Helmet — Lightweight & Portable,1,13.26,0.0,13.26,USD
114-5611896-1801386,2,B0279XVVC5,SKU-0014,BrightBeam Desk Lamp — RGB Backlit & Noise Cancelling,1,51.35,0.0,51.35,USD
114-5611896-1801386,3,B0MVKP1792,SKU-0002,BrightBeam HDMI Cable — Bluetooth 5.3 & HD 1080p,1,67.82,0.0,67.82,USD
114-5509601-1916919,1,B02T104M25,SKU-0111,DriveGuard Jump Starter — Long Cord & Universal Fit,1,55.67,0.0,55.67,USD
114-5509601-1916919,2,B00EGECWF5,SKU-0030,ZenLife Laundry Hamper — Dishwasher Safe & Premium Finish,1,68.26,9.85,58.41,USD
114-5509601-1916919,3,B0M6YEW145,SKU-0083,WriteWell Standing Desk Converter — Durable & Multipurpose,1,9.99,0.0,9.99,USD
114-7786727-6040873,1,B00JXDXVG6,SKU-0095,PawPals Dog Treat Pouch — Easy to Clean & Non-Toxic,1,18.93,0.0,18.93,USD
114-7653465-5050622,1,B0NQJ9A5QP,SKU-0081,WriteWell Paper Shredder — Ergonomic & Space Saving,1,15.31,0.0,15.31,USD
114-7653465-5050622,2,B0AZBDRH38,SKU-0086,ProGrip Sticky Notes Pack — Ergonomic & Multipurpose,1,27.71,0.0,27.71,USD
114-7653465-5050622,3,B0JH68DJ8G,SKU-0032,UrbanKitchen Blender — Non-Stick Coating & Space Saving,1,26.96,0.0,26.96,USD
114-7653465-5050622,4,B0TURPLSHH,SKU-0100,PawPals Automatic Pet Feeder — Easy to Clean & Vet Recommended,1,43.13,0.0,43.13,USD
114-7653465-5050622,5,B0YXU5G7D1,SKU-0011,BrightBeam Bluetooth Speaker — Fast Charging & Noise Cancelling,1,107.91,0.0,107.91,USD
114-7653465-5050622,6,B0Q85PD1G6,SKU-0018,EverPeak Power Bank — 30H Battery Life & Noise Cancelling,1,17.84,0.0,17.84,USD
114-5134851-7799596,1,B0R5E97R3C,SKU-0001,AuroraTech Smart Plug — Noise Cancelling & HD 1080p,1,89.73,0.0,89.73,USD
114-5134851-7799596,2,B0ANDXF98K,SKU-0004,AuroraTech WiFi Range Extender — Bluetooth 5.3 & Fast Charging,2,109.5,0.0,219.0,USD
114-1620291-8451620,1,B0E48MCY15,SKU-0079,WriteWell Label Maker — Durable & Multipurpose,1,49.25,0.0,49.25,USD
114-5497124-5808585,1,B0NQJ9A5QP,SKU-0081,WriteWell Paper Shredder — Ergonomic & Space Saving,1,15.31,0.0,15.31,USD
114-7830962-6745242,1,B0F635F86R,SKU-0097,PawPals Dog Chew Toys — Durable & Easy to Clean,1,21.36,0.0,21.36,USD
114-1929478-6219672,1,B0P5FBKME8,SKU-0047,PureGlo Bath Bomb Set — Dermatologist Tested & Gentle Formula,1,29.77,0.0,29.77,USD
114-4948652-2740898,1,B0FTQRA6A1,SKU-0109,DriveGuard Dash Cam — Heavy Duty & Easy Install,1,30.93,0.0,30.93,USD
114-6855180-9825690,1,B0M2QT36J4,SKU-0010,AuroraTech Portable Charger — Fast Charging & HD 1080p,1,64.56,0.0,64.56,USD
114-6855180-9825690,2,B0DLXACSTN,SKU-0068,CloudNest Plush Toy — Non-Toxic & Ages 3+,1,21.32,3.04,18.28,USD
114-6855180-9825690,3,B02X1DSSZM,SKU-0102,LittleNest Diaper Bag — Hypoallergenic & Easy to Clean,1,13.44,0.0,13.44,USD
114-1559992-8221267,1,B0Q85PD1G6,SKU-0018,EverPeak Power Bank — 30H Battery Life & Noise Cancelling,1,17.84,0.0,17.84,USD
114-7596826-4153748,1,B0NQJ9A5QP,SKU-0081,WriteWell Paper Shredder — Ergonomic & Space Saving,1,15.31,0.0,15.31,USD
114-9153687-1082251,1,B0N90348CD,SKU-0088,ProGrip Desk Chair Cushion — Multipurpose & Ergonomic,4,17.61,0.0,70.44,USD
114-6404850-3116331,1,B02T104M25,SKU-0111,DriveGuard Jump Starter — Long Cord & Universal Fit,1,55.67,3.05,52.62,USD
114-6481165-8115760,1,B0WCY6LU8P,SKU-0029,UrbanKitchen Wall Clock — Easy Clean & Dishwasher Safe,1,72.21,0.0,72.21,USD
114-4875336-1020255,1,B0279XVVC5,SKU-0014,BrightBeam Desk Lamp — RGB Backlit & Noise Cancelling,1,51.35,0.0,51.35,USD
114-4875336-1020255,2,B01NLXW82L,SKU-0104,LittleNest Bassinet — Safety Certified & BPA-Free,1,24.09,2.84,21.25,USD
114-3145079-4299107,1,B0M2UGJMKQ,SKU-0074,CloudNest RC Car — STEM Learning & Interactive,2,12.84,0.0,25.68,USD
114-3145079-4299107,2,B0HE56LV1G,SKU-0071,KiddoCraft Play Kitchen Set — Interactive & Ages 3+,3,22.81,0.0,68.43,USD
114-3323692-3121398,1,B043M1S1C4,SKU-0049,PureGlo Sunscreen Lotion — Ionic Technology & Dermatologist Tested,1,31.54,0.0,31.54,USD
114-4747095-1487474,1,B0NKTX370W,SKU-0051,PureGlo Shampoo & Conditioner — Gentle Formula & Ionic Technology,1,12.23,0.0,12.23,USD
114-4747095-1487474,2,B07GWT52HM,SKU-0021,ZenLife Cutting Board Set — BPA-Free & Easy Clean,1,26.8,0.0,26.8,USD
114-3471987-4780379,1,B0ZWX7WPK9,SKU-0114,DriveGuard Seat Covers — Universal Fit & Heavy Duty,2,19.42,0.0,38.84,USD
114-3471987-4780379,2,B06AZNEH47,SKU-0008,BrightBeam Mechanical Keyboard — 30H Battery Life & Water Resistant,2,75.67,0.0,151.34,USD
114-8735896-5362692,1,B02T104M25,SKU-0111,DriveGuard Jump Starter — Long Cord & Universal Fit,1,55.67,0.0,55.67,USD
114-8735896-5362692,2,B0CWALEK2Y,SKU-0036,ZenLife Air Fryer — Dishwasher Safe & Non-Stick Coating,1,19.47,0.0,19.47,USD
114-8735896-5362692,3,B0FTQRA6A1,SKU-0109,DriveGuard Dash Cam — Heavy Duty & Easy Install,1,30.93,0.0,30.93,USD
114-8298194-9511008,1,B0ZWX7WPK9,SKU-0114,DriveGuard Seat Covers — Universal Fit & Heavy Duty,1,20.72,0.0,20.72,USD
114-9034655-2428964,1,B0NL5Q5CZM,SKU-0003,EverPeak USB-C Hub — Water Resistant & HD 1080p,1,110.91,0.0,110.91,USD
114-9034655-2428964,2,B0M1WJMA8T,SKU-0085,WriteWell Planner Notebook — Ergonomic & Multipurpose,1,8.44,0.0,8.44,USD
114-3549198-1265271,1,B0YXU5G7D1,SKU-0011,BrightBeam Bluetooth Speaker — Fast Charging & Noise Cancelling,1,107.91,0.0,107.91,USD
114-6435832-9534904,1,B0U0VF1HMG,SKU-0040,ZenLife Nail Clipper Set — Gentle Formula & Cruelty-Free,1,24.82,0.0,24.82,USD
114-6435832-9534904,2,B0M6YEW145,SKU-0083,WriteWell Standing Desk Converter — Durable & Multipurpose,1,9.99,0.0,9.99,USD
114-6299035-6809223,1,B0SQ7F7BFE,SKU-0057,TrailBlaze Dumbbell Set — Waterproof & Portable,1,46.37,4.54,41.83,USD
114-9853438-8142002,1,B08UGTRB3Y,SKU-0050,ZenLife Vitamin C Serum — Dermatologist Tested & Long Lasting,1,37.09,0.0,37.09,USD
114-1241821-1720769,1,B0N90348CD,SKU-0088,ProGrip Desk Chair Cushion — Multipurpose & Ergonomic,1,17.61,0.0,17.61,USD
114-1241821-1720769,2,B0E48MCY15,SKU-0079,WriteWell Label Maker — Durable & Multipurpose,1,49.25,0.0,49.25,USD
114-1241821-1720769,3,B0YXU5G7D1,SKU-0011,BrightBeam Bluetooth Speaker — Fast Charging & Noise Cancelling,2,84.3,0.0,168.6,USD
114-1241821-1720769,4,B0WKPVSC0B,SKU-0025,Nordic Home Tea Infuser — Non-Stick Coating & Dishwasher Safe,1,43.18,0.0,43.18,USD
114-8405073-4850836,1,B085JJ3ZXF,SKU-0041,PureGlo Electric Toothbrush — Long Lasting & Dermatologist Tested,1,42.31,0.0,42.31,USD
114-3310671-8884625,1,B01CQYLRS7,SKU-0070,CloudNest Art Supplies Kit — STEM Learning & Interactive,1,13.62,0.0,13.62,USD
114-3310671-8884625,2,B0N90348CD,SKU-0088,ProGrip Desk Chair Cushion — Multipurpose & Ergonomic,1,17.61,1.98,15.63,USD
114-1307364-7097380,1,B07BRCRU82,SKU-0027,ZenLife Kitchen Scale — Easy Clean & Dishwasher Safe,1,16.71,0.0,16.71,USD
114-8579892-3258890,1,B0Q85PD1G6,SKU-0018,EverPeak Power Bank — 30H Battery Life & Noise Cancelling,1,17.84,0.0,17.84,USD
114-8579892-3258890,2,B0GKG0B3EA,SKU-0090,PawPals Dog Leash — Easy to Clean & Vet Recommended,1,54.55,0.0,54.55,USD
114-8293710-3374744,1,B0P5FBKME8,SKU-0047,PureGlo Bath Bomb Set — Dermatologist Tested & Gentle Formula,1,31.59,0.0,31.59,USD
114-6126257-1155184,1,B0WKPVSC0B,SKU-0025,Nordic Home Tea Infuser — Non-Stick Coating & Dishwasher Safe,3,43.18,0.0,129.54,USD
114-5821676-5867906,1,B01CQYLRS7,SKU-0070,CloudNest Art Supplies Kit — STEM Learning & Interactive,1,13.62,0.0,13.62,USD
114-5821676-5867906,2,B0ERBP9846,SKU-0033,ZenLife Throw Blanket — BPA-Free & Non-Stick Coating,1,42.34,0.0,42.34,USD
114-1304647-7844188,1,B0F635F86R,SKU-0097,PawPals Dog Chew Toys — Durable & Easy to Clean,2,21.36,0.0,42.72,USD
114-1304647-7844188,2,B088K2QTZJ,SKU-0007,AuroraTech Car Mount — Bluetooth 5.3 & RGB Backlit,1,52.27,0.0,52.27,USD
114-1805209-6442146,1,B0J4AJH5Y5,SKU-0084,ProGrip Monitor Stand — Space Saving & Multipurpose,2,57.15,0.0,114.3,USD
114-1805209-6442146,2,B0W61EHTPX,SKU-0019,Nordic Home Serving Bowls — Dishwasher Safe & Easy Clean,3,57.72,0.0,173.16,USD
114-4329896-7109128,1,B0M2QT36J4,SKU-0010,AuroraTech Portable Charger — Fast Charging & HD 1080p,1,64.56,0.0,64.56,USD
114-3972390-7742191,1,B0R5E97R3C,SKU-0001,AuroraTech Smart Plug — Noise Cancelling & HD 1080p,1,89.73,0.0,89.73,USD
114-8900187-2975230,1,B0FTQRA6A1,SKU-0109,DriveGuard Dash Cam — Heavy Duty & Easy Install,1,30.93,0.0,30.93,USD
114-7114714-4037459,1,B0CWALEK2Y,SKU-0036,ZenLife Air Fryer — Dishwasher Safe & Non-Stick Coating,1,19.47,0.0,19.47,USD
114-4749702-1307382,1,B0G3W4FNRY,SKU-0052,ZenLife Beard Trimmer — Cruelty-Free & Gentle Formula,1,41.64,0.0,41.64,USD
114-4749702-1307382,2,B0M9299AJ4,SKU-0024,ZenLife Electric Kettle — Non-Stick Coating & Space Saving,3,46.0,0.0,138.0,USD
114-4749702-1307382,3,B0F635F86R,SKU-0097,PawPals Dog Chew Toys — Durable & Easy to Clean,3,21.36,0.0,64.08,USD
114-4749702-1307382,4,B0TXQ65ZFV,SKU-0087,WriteWell Desk Organizer — Ergonomic & Multipurpose,2,21.66,5.44,37.88,USD
114-4749702-1307382,5,B055PLDLF8,SKU-0005,BrightBeam Webcam — Compact Design & 30H Battery Life,2,40.21,0.0,80.42,USD
114-9752470-7307579,1,B0TXQ65ZFV,SKU-0087,WriteWell Desk Organizer — Ergonomic & Multipurpose,1,21.66,0.0,21.66,USD
114-9318849-5710426,1,B04ZD4ZURZ,SKU-0103,LittleNest Baby Monitor — Safety Certified & Hypoallergenic,1,31.9,0.0,31.9,USD
114-6508963-7609338,1,B01CQYLRS7,SKU-0070,CloudNest Art Supplies Kit — STEM Learning & Interactive,1,13.62,0.0,13.62,USD
114-9591642-7653240,1,B0Q85PD1G6,SKU-0018,EverPeak Power Bank — 30H Battery Life & Noise Cancelling,1,17.84,0.0,17.84,USD
114-1068330-8889720,1,B01NLXW82L,SKU-0104,LittleNest Bassinet — Safety Certified & BPA-Free,1,24.09,0.0,24.09,USD
114-1068330-8889720,2,B0J9HPEX6X,SKU-0112,DriveGuard Tire Pressure Gauge — Long Cord & Heavy Duty,1,34.7,0.0,34.7,USD
114-1068330-8889720,3,B0AZBDRH38,SKU-0086,ProGrip Sticky Notes Pack — Ergonomic & Multipurpose,1,27.71,0.0,27.71,USD
114-1068330-8889720,4,B0JH68DJ8G,SKU-0032,UrbanKitchen Blender — Non-Stick Coating & Space Saving,3,25.59,0.0,76.77,USD
114-1068330-8889720,5,B0A8X9FRKN,SKU-0031,Nordic Home Coffee Grinder — BPA-Free & Premium Finish,1,82.74,0.0,82.74,USD
114-5778306-4896669,1,B0N90348CD,SKU-0088,ProGrip Desk Chair Cushion — Multipurpose & Ergonomic,1,19.37,0.0,19.37,USD
114-5778306-4896669,2,B0MVKP1792,SKU-0002,BrightBeam HDMI Cable — Bluetooth 5.3 & HD 1080p,1,63.85,0.0,63.85,USD
114-1909160-8752101,1,B0CWALEK2Y,SKU-0036,ZenLife Air Fryer — Dishwasher Safe & Non-Stick Coating,1,19.47,0.0,19.47,USD
114-2208687-7348778,1,B0TXQ65ZFV,SKU-0087,WriteWell Desk Organizer — Ergonomic & Multipurpose,1,21.66,0.0,21.66,USD
114-2208687-7348778,2,B01CQYLRS7,SKU-0070,CloudNest Art Supplies Kit — STEM Learning & Interactive,1,13.62,0.0,13.62,USD
114-2208687-7348778,3,B0ZWX7WPK9,SKU-0114,DriveGuard Seat Covers — Universal Fit & Heavy Duty,1,20.72,0.0,20.72,USD
114-2208687-7348778,4,B0279XVVC5,SKU-0014,BrightBeam Desk Lamp — RGB Backlit & Noise Cancelling,1,51.35,0.0,51.35,USD
114-2208687-7348778,5,B0A30AC946,SKU-0117,ProGrip Stud Finder — Ergonomic Grip & Rust Resistant,1,19.86,0.0,19.86,USD
114-2208687-7348778,6,B0AZBDRH38,SKU-0086,ProGrip Sticky Notes Pack — Ergonomic & Multipurpose,1,27.71,0.0,27.71,USD
114-9406212-6394660,1,B0NQJ9A5QP,SKU-0081,WriteWell Paper Shredder — Ergonomic & Space Saving,1,15.31,0.0,15.31,USD
114-9406212-6394660,2,B088K2QTZJ,SKU-0007,AuroraTech Car Mount — Bluetooth 5.3 & RGB Backlit,1,52.27,0.0,52.27,USD
114-6285846-4281077,1,B02X1DSSZM,SKU-0102,LittleNest Diaper Bag — Hypoallergenic & Easy to Clean,1,13.44,0.0,13.44,USD
114-6285846-4281077,2,B0JH68DJ8G,SKU-0032,UrbanKitchen Blender — Non-Stick Coating & Space Saving,1,25.59,0.0,25.59,USD
114-8111541-6532106,1,B0SQ7F7BFE,SKU-0057,TrailBlaze Dumbbell Set — Waterproof & Portable,4,46.37,0.0,185.48,USD
114-4264201-8014497,1,B01U2VVLHF,SKU-0066,EverPeak Water Bottle — Portable & Waterproof,1,66.14,0.0,66.14,USD
114-3474218-9012950,1,B0MVKP1792,SKU-0002,BrightBeam HDMI Cable — Bluetooth 5.3 & HD 1080p,1,63.85,0.0,63.85,USD
114-1443165-7118277,1,B0TXQ65ZFV,SKU-0087,WriteWell Desk Organizer — Ergonomic & Multipurpose,2,21.66,0.0,43.32,USD
114-4560896-6583965,1,B02X1DSSZM,SKU-0102,LittleNest Diaper Bag — Hypoallergenic & Easy to Clean,1,13.44,0.0,13.44,USD
114-2035429-5409940,1,B0R7U9K93R,SKU-0094,PawPals Pet Carrier — Non-Toxic & Durable,1,23.08,0.0,23.08,USD
114-4082674-4083007,1,B0MVKP1792,SKU-0002,BrightBeam HDMI Cable — Bluetooth 5.3 & HD 1080p,1,63.85,0.0,63.85,USD
114-2126339-6717009,1,B0279XVVC5,SKU-0014,BrightBeam Desk Lamp — RGB Backlit & Noise Cancelling,1,51.35,0.0,51.35,USD
114-2126339-6717009,2,B0CWALEK2Y,SKU-0036,ZenLife Air Fryer — Dishwasher Safe & Non-Stick Coating,1,19.47,0.0,19.47,USD
114-4987452-4879075,1,B0M2QT36J4,SKU-0010,AuroraTech Portable Charger — Fast Charging & HD 1080p,1,64.56,0.0,64.56,USD
114-4987452-4879075,2,B0YBRGQRFQ,SKU-0110,DriveGuard Car Vacuum — Long Cord & Easy Install,1,18.37,0.0,18.37,USD
114-1706718-1933707,1,B00JXDXVG6,SKU-0095,PawPals Dog Treat Pouch — Easy to Clean & Non-Toxic,1,18.93,0.0,18.93,USD
114-9983324-8464258,1,B0M2QT36J4,SKU-0010,AuroraTech Portable Charger — Fast Charging & HD 1080p,1,64.56,0.0,64.56,USD
114-1889459-5884456,1,B088K2QTZJ,SKU-0007,AuroraTech Car Mount — Bluetooth 5.3 & RGB Backlit,1,52.27,5.58,46.69,USD
114-1889459-5884456,2,B0YJ486MXU,SKU-0107,LittleNest Baby Safety Gate — Safety Certified & BPA-Free,1,60.8,0.0,60.8,USD
114-6748566-3967621,1,B01U2VVLHF,SKU-0066,EverPeak Water Bottle — Portable & Waterproof,1,66.14,3.33,62.81,USD
114-6748566-3967621,2,B0FPMT2SF9,SKU-0076,CloudNest Science Kit — Educational & Non-Toxic,1,14.63,0.0,14.63,USD
114-8280914-2449729,1,B0YBRGQRFQ,SKU-0110,DriveGuard Car Vacuum — Long Cord & Easy Install,1,18.37,0.0,18.37,USD
114-7728564-2194551,1,B0R5E97R3C,SKU-0001,AuroraTech Smart Plug — Noise Cancelling & HD 1080p,1,89.73,0.0,89.73,USD
114-7674214-9645484,1,B0P5FBKME8,SKU-0047,PureGlo Bath Bomb Set — Dermatologist Tested & Gentle Formula,2,29.77,0.0,59.54,USD
114-7674214-9645484,2,B0936760J9,SKU-0034,Nordic Home Shower Caddy — Easy Clean & Non-Stick Coating,1,25.31,0.0,25.31,USD
114-7674214-9645484,3,B0DLXACSTN,SKU-0068,CloudNest Plush Toy — Non-Toxic & Ages 3+,1,21.32,0.0,21.32,USD
114-7674214-9645484,4,B04Z7XKKST,SKU-0105,LittleNest Swaddle Blankets — BPA-Free & Safety Certified,1,54.16,0.0,54.16,USD
114-5530803-2395962,1,B09V1N9TED,SKU-0077,KiddoCraft Puzzle Set — Non-Toxic & STEM Learning,1,29.15,2.96,26.19,USD
114-5530803-2395962,2,B0WCY6LU8P,SKU-0029,UrbanKitchen Wall Clock — Easy Clean & Dishwasher Safe,1,72.21,0.0,72.21,USD
114-5530803-2395962,3,B0R5E97R3C,SKU-0001,AuroraTech Smart Plug — Noise Cancelling & HD 1080p,2,89.73,0.0,179.46,USD
114-5530803-2395962,4,B0NKTX370W,SKU-0051,PureGlo Shampoo & Conditioner — Gentle Formula & Ionic Technology,1,11.33,0.0,11.33,USD
114-5530803-2395962,5,B02T104M25,SKU-0111,DriveGuard Jump Starter — Long Cord & Universal Fit,1,55.67,0.0,55.67,USD
114-7257735-8426175,1,B043M1S1C4,SKU-0049,PureGlo Sunscreen Lotion — Ionic Technology & Dermatologist Tested,0,31.54,4.19,0.0,USD
114-7257735-8426175,2,B0TXQ65ZFV,SKU-0087,WriteWell Desk Organizer — Ergonomic & Multipurpose,2,21.66,4.2,39.12,USD
114-7257735-8426175,3,B0U0VF1HMG,SKU-0040,ZenLife Nail Clipper Set — Gentle Formula & Cruelty-Free,1,24.82,0.0,24.82,USD
114-3493048-6838732,1,B0M6YEW145,SKU-0083,WriteWell Standing Desk Converter — Durable & Multipurpose,1,9.99,0.51,9.48,USD
114-3493048-6838732,2,B0GKG0B3EA,SKU-0090,PawPals Dog Leash — Easy to Clean & Vet Recommended,1,54.55,0.0,54.55,USD
114-5513581-8729471,1,B0Q85PD1G6,SKU-0018,EverPeak Power Bank — 30H Battery Life & Noise Cancelling,1,17.84,0.0,17.84,USD
114-3801766-6814121,1,B0WCY6LU8P,SKU-0029,UrbanKitchen Wall Clock — Easy Clean & Dishwasher Safe,1,72.21,0.0,72.21,USD
114-3801766-6814121,2,B0AZBDRH38,SKU-0086,ProGrip Sticky Notes Pack — Ergonomic & Multipurpose,1,27.71,0.0,27.71,USD
114-7146970-2558866,1,B0F635F86R,SKU-0097,PawPals Dog Chew Toys — Durable & Easy to Clean,1,21.36,0.0,21.36,USD
114-7146970-2558866,2,B04Z7XKKST,SKU-0105,LittleNest Swaddle Blankets — BPA-Free & Safety Certified,1,54.16,0.0,54.16,USD
114-7146970-2558866,3,B0TURPLSHH,SKU-0100,PawPals Automatic Pet Feeder — Easy to Clean & Vet Recommended,1,43.13,0.0,43.13,USD
114-7146970-2558866,4,B0P5FBKME8,SKU-0047,PureGlo Bath Bomb Set — Dermatologist Tested & Gentle Formula,1,29.77,0.0,29.77,USD
114-8680694-6052938,1,B05P1Y30A5,SKU-0091,PawPals Slow Feeder Bowl — Easy to Clean & Non-Toxic,1,11.7,0.9,10.8,USD
114-6660786-9444237,1,B07BRCRU82,SKU-0027,ZenLife Kitchen Scale — Easy Clean & Dishwasher Safe,1,16.71,0.0,16.71,USD
114-5085025-6324047,1,B08H6XVAML,SKU-0006,EverPeak Gaming Mouse — RGB Backlit & Compact Design,1,88.7,10.65,78.05,USD
114-7884672-8118419,1,B02X1DSSZM,SKU-0102,LittleNest Diaper Bag — Hypoallergenic & Easy to Clean,1,13.44,0.0,13.44,USD
114-7884672-8118419,2,B0ANDXF98K,SKU-0004,AuroraTech WiFi Range Extender — Bluetooth 5.3 & Fast Charging,1,109.5,0.0,109.5,USD
114-5613705-9923353,1,B04Z7XKKST,SKU-0105,LittleNest Swaddle Blankets — BPA-Free & Safety Certified,1,54.16,0.0,54.16,USD
114-6568060-5974557,1,B02T104M25,SKU-0111,DriveGuard Jump Starter — Long Cord & Universal Fit,1,55.67,0.0,55.67,USD
114-6568060-5974557,2,B0YBRGQRFQ,SKU-0110,DriveGuard Car Vacuum — Long Cord & Easy Install,3,18.37,0.0,55.11,USD
114-6568060-5974557,3,B0FPMT2SF9,SKU-0076,CloudNest Science Kit — Educational & Non-Toxic,1,12.73,0.0,12.73,USD
114-7486012-1082541,1,B0Z5ASHJRH,SKU-0069,KiddoCraft Fidget Toy Pack — Non-Toxic & Educational,1,22.58,0.0,22.58,USD
114-7486012-1082541,2,B0FPMT2SF9,SKU-0076,CloudNest Science Kit — Educational & Non-Toxic,1,12.73,0.87,11.86,USD
114-7486012-1082541,3,B0WKPVSC0B,SKU-0025,Nordic Home Tea Infuser — Non-Stick Coating & Dishwasher Safe,1,43.18,3.33,39.85,USD
114-7486012-1082541,4,B0DLXACSTN,SKU-0068,CloudNest Plush Toy — Non-Toxic & Ages 3+,1,21.32,0.0,21.32,USD
114-9446439-9698482,1,B0J9HPEX6X,SKU-0112,DriveGuard Tire Pressure Gauge — Long Cord & Heavy Duty,1,34.7,0.0,34.7,USD
114-5657941-1071662,1,B0E48MCY15,SKU-0079,WriteWell Label Maker — Durable & Multipurpose,1,49.25,0.0,49.25,USD
114-5657941-1071662,2,B0N90348CD,SKU-0088,ProGrip Desk Chair Cushion — Multipurpose & Ergonomic,2,19.37,0.0,38.74,USD
114-2073783-4502996,1,B0M2QT36J4,SKU-0010,AuroraTech Portable Charger — Fast Charging & HD 1080p,1,64.56,0.0,64.56,USD
114-6863178-7830399,1,B02X1DSSZM,SKU-0102,LittleNest Diaper Bag — Hypoallergenic & Easy to Clean,1,13.44,0.0,13.44,USD
114-6625197-5233280,1,B0MVKP1792,SKU-0002,BrightBeam HDMI Cable — Bluetooth 5.3 & HD 1080p,1,67.82,0.0,67.82,USD
114-3957166-9255362,1,B0NGF9R3E9,SKU-0061,TrailBlaze Cooler Bag — Waterproof & Lightweight,2,82.22,0.0,164.44,USD
114-1240522-9246718,1,B0TURPLSHH,SKU-0100,PawPals Automatic Pet Feeder — Easy to Clean & Vet Recommended,2,43.13,0.0,86.26,USD
114-9616768-7733365,1,B0ANDXF98K,SKU-0004,AuroraTech WiFi Range Extender — Bluetooth 5.3 & Fast Charging,2,109.5,0.0,219.0,USD
114-9616768-7733365,2,B02T104M25,SKU-0111,DriveGuard Jump Starter — Long Cord & Universal Fit,1,55.67,0.0,55.67,USD
114-9616768-7733365,3,B0YXU5G7D1,SKU-0011,BrightBeam Bluetooth Speaker — Fast Charging & Noise Cancelling,2,107.91,0.0,215.82,USD
114-6303258-5571940,1,B0YXU5G7D1,SKU-0011,BrightBeam Bluetooth Speaker — Fast Charging & Noise Cancelling,1,107.91,0.0,107.91,USD
114-6303258-5571940,2,B0HE56LV1G,SKU-0071,KiddoCraft Play Kitchen Set — Interactive & Ages 3+,1,22.81,0.0,22.81,USD
114-4694666-3811220,1,B00JXDXVG6,SKU-0095,PawPals Dog Treat Pouch — Easy to Clean & Non-Toxic,1,18.93,0.0,18.93,USD
114-4694666-3811220,2,B0YXU5G7D1,SKU-0011,BrightBeam Bluetooth Speaker — Fast Charging & Noise Cancelling,1,107.91,0.0,107.91,USD
114-9061958-7529675,1,B0K12NKA8N,SKU-0013,AuroraTech Smart Watch — 30H Battery Life & Bluetooth 5.3,1,83.42,0.0,83.42,USD
114-9061958-7529675,2,B06AZNEH47,SKU-0008,BrightBeam Mechanical Keyboard — 30H Battery Life & Water Resistant,1,75.67,0.0,75.67,USD
114-8342238-2342069,1,B00EGECWF5,SKU-0030,ZenLife Laundry Hamper — Dishwasher Safe & Premium Finish,1,68.26,0.0,68.26,USD
114-8342238-2342069,2,B0J4AJH5Y5,SKU-0084,ProGrip Monitor Stand — Space Saving & Multipurpose,1,57.15,0.0,57.15,USD
114-8342238-2342069,3,B02X1DSSZM,SKU-0102,LittleNest Diaper Bag — Hypoallergenic & Easy to Clean,1,13.44,0.0,13.44,USD
114-8598671-9383671,1,B0U0VF1HMG,SKU-0040,ZenLife Nail Clipper Set — Gentle Formula & Cruelty-Free,1,28.36,0.0,28.36,USD
114-3123388-3855738,1,B0MVKP1792,SKU-0002,BrightBeam HDMI Cable — Bluetooth 5.3 & HD 1080p,1,63.85,0.0,63.85,USD
114-3123388-3855738,2,B05P1Y30A5,SKU-0091,PawPals Slow Feeder Bowl — Easy to Clean & Non-Toxic,1,10.4,0.0,10.4,USD
114-3123388-3855738,3,B0TURPLSHH,SKU-0100,PawPals Automatic Pet Feeder — Easy to Clean & Vet Recommended,1,43.13,0.0,43.13,USD
114-3123388-3855738,4,B0NL5Q5CZM,SKU-0003,EverPeak USB-C Hub — Water Resistant & HD 1080p,1,110.91,0.0,110.91,USD
114-1648901-5918604,1,B0ZWX7WPK9,SKU-0114,DriveGuard Seat Covers — Universal Fit & Heavy Duty,1,20.72,0.0,20.72,USD
114-9852387-7559458,1,B0ZWX7WPK9,SKU-0114,DriveGuard Seat Covers — Universal Fit & Heavy Duty,1,19.42,0.0,19.42,USD
114-4144256-3991642,1,B0NQJ9A5QP,SKU-0081,WriteWell Paper Shredder — Ergonomic & Space Saving,1,13.62,0.0,13.62,USD
114-3712555-5012303,1,B0TXQ65ZFV,SKU-0087,WriteWell Desk Organizer — Ergonomic & Multipurpose,1,21.66,0.0,21.66,USD
114-3712555-5012303,2,B0JH68DJ8G,SKU-0032,UrbanKitchen Blender — Non-Stick Coating & Space Saving,1,25.59,0.0,25.59,USD
114-3712555-5012303,3,B0YXU5G7D1,SKU-0011,BrightBeam Bluetooth Speaker — Fast Charging & Noise Cancelling,1,107.91,6.79,101.12,USD
114-2968441-5048742,1,B06AZNEH47,SKU-0008,BrightBeam Mechanical Keyboard — 30H Battery Life & Water Resistant,1,75.67,0.0,75.67,USD
114-2968441-5048742,2,B08RJE02WW,SKU-0016,AuroraTech Headphones — Bluetooth 5.3 & Water Resistant,1,87.93,0.0,87.93,USD
114-2962397-7140046,1,B0M9DY5YFP,SKU-0063,TrailBlaze Bike Helmet — Lightweight & Portable,1,13.26,0.0,13.26,USD
114-7391642-7137345,1,B0E48MCY15,SKU-0079,WriteWell Label Maker — Durable & Multipurpose,1,49.25,0.0,49.25,USD
114-7391642-7137345,2,B0FTQRA6A1,SKU-0109,DriveGuard Dash Cam — Heavy Duty & Easy Install,1,30.93,0.0,30.93,USD
114-5026372-7488130,1,B03WTWXEDC,SKU-0072,CloudNest Magnetic Tiles — STEM Learning & Educational,2,19.25,0.0,38.5,USD
114-3691965-6250306,1,B02T104M25,SKU-0111,DriveGuard Jump Starter — Long Cord & Universal Fit,3,55.67,0.0,167.01,USD
114-7616222-6256890,1,B0ERBP9846,SKU-0033,ZenLife Throw Blanket — BPA-Free & Non-Stick Coating,2,42.34,0.0,84.68,USD
114-3273417-8945425,1,B0MVKP1792,SKU-0002,BrightBeam HDMI Cable — Bluetooth 5.3 & HD 1080p,1,63.85,0.0,63.85,USD
114-5059623-3890762,1,B0YJ486MXU,SKU-0107,LittleNest Baby Safety Gate — Safety Certified & BPA-Free,1,60.8,0.0,60.8,USD
114-5059623-3890762,2,B0JH68DJ8G,SKU-0032,UrbanKitchen Blender — Non-Stick Coating & Space Saving,1,25.59,1.92,23.67,USD
114-5059623-3890762,3,B0PGGKXQ9K,SKU-0093,PawPals Pet Water Fountain — Easy to Clean & Vet Recommended,1,34.22,0.0,34.22,USD
114-5059623-3890762,4,B0YXU5G7D1,SKU-0011,BrightBeam Bluetooth Speaker — Fast Charging & Noise Cancelling,2,107.91,0.0,215.82,USD
114-5059623-3890762,5,B0279XVVC5,SKU-0014,BrightBeam Desk Lamp — RGB Backlit & Noise Cancelling,1,51.35,0.0,51.35,USD
114-5059623-3890762,6,B0F635F86R,SKU-0097,PawPals Dog Chew Toys — Durable & Easy to Clean,1,21.36,0.0,21.36,USD
114-9027107-5242633,1,B0PF199V27,SKU-0037,Nordic Home Utensil Set — Non-Stick Coating & BPA-Free,2,62.82,0.0,125.64,USD
114-9027107-5242633,2,B043M1S1C4,SKU-0049,PureGlo Sunscreen Lotion — Ionic Technology & Dermatologist Tested,3,31.54,0.0,94.62,USD
114-9027107-5242633,3,B055PLDLF8,SKU-0005,BrightBeam Webcam — Compact Design & 30H Battery Life,1,40.21,0.0,40.21,USD
114-8935481-2151879,1,B0YXU5G7D1,SKU-0011,BrightBeam Bluetooth Speaker — Fast Charging & Noise Cancelling,1,107.91,0.0,107.91,USD
114-2954499-3528952,1,B0279XVVC5,SKU-0014,BrightBeam Desk Lamp — RGB Backlit & Noise Cancelling,1,51.35,0.0,51.35,USD
114-2954499-3528952,2,B055PLDLF8,SKU-0005,BrightBeam Webcam — Compact Design & 30H Battery Life,1,40.21,0.0,40.21,USD
114-9863265-2178359,1,B0279XVVC5,SKU-0014,BrightBeam Desk Lamp — RGB Backlit & Noise Cancelling,2,51.35,0.0,102.7,USD
114-4639954-4224468,1,B055PLDLF8,SKU-0005,BrightBeam Webcam — Compact Design & 30H Battery Life,1,40.21,0.0,40.21,USD
114-4639954-4224468,2,B0ZWX7WPK9,SKU-0114,DriveGuard Seat Covers — Universal Fit & Heavy Duty,2,19.42,0.0,38.84,USD
114-9124419-2427340,1,B055PLDLF8,SKU-0005,BrightBeam Webcam — Compact Design & 30H Battery Life,1,40.21,0.0,40.21,USD
114-9124419-2427340,2,B08H6XVAML,SKU-0006,EverPeak Gaming Mouse — RGB Backlit & Compact Design,1,81.06,0.0,81.06,USD
114-9124419-2427340,3,B0HE56LV1G,SKU-0071,KiddoCraft Play Kitchen Set — Interactive & Ages 3+,1,22.81,0.0,22.81,USD
114-5420739-7171999,1,B0DLXACSTN,SKU-0068,CloudNest Plush Toy — Non-Toxic & Ages 3+,1,21.32,0.0,21.32,USD
114-5420739-7171999,2,B0P5FBKME8,SKU-0047,PureGlo Bath Bomb Set — Dermatologist Tested & Gentle Formula,1,29.77,0.0,29.77,USD
114-5420739-7171999,3,B0NL5Q5CZM,SKU-0003,EverPeak USB-C Hub — Water Resistant & HD 1080p,1,103.75,0.0,103.75,USD
114-2974207-7616496,1,B0PGGKXQ9K,SKU-0093,PawPals Pet Water Fountain — Easy to Clean & Vet Recommended,3,34.22,0.0,102.66,USD
114-2974207-7616496,2,B055PLDLF8,SKU-0005,BrightBeam Webcam — Compact Design & 30H Battery Life,3,40.21,15.33,105.3,USD
114-7360505-4452319,1,B0NQJ9A5QP,SKU-0081,WriteWell Paper Shredder — Ergonomic & Space Saving,1,13.62,0.0,13.62,USD
114-3297217-5157706,1,B0TXQ65ZFV,SKU-0087,WriteWell Desk Organizer — Ergonomic & Multipurpose,1,21.66,1.14,20.52,USD
114-4320223-5188384,1,B043M1S1C4,SKU-0049,PureGlo Sunscreen Lotion — Ionic Technology & Dermatologist Tested,1,31.54,0.0,31.54,USD
114-4320223-5188384,2,B0QKGVBY0X,SKU-0108,LittleNest Baby Bottle Set — BPA-Free & Hypoallergenic,2,32.0,0.0,64.0,USD
114-8853755-6621269,1,B03WTWXEDC,SKU-0072,CloudNest Magnetic Tiles — STEM Learning & Educational,2,19.25,0.0,38.5,USD
114-5602790-6973875,1,B0QKGVBY0X,SKU-0108,LittleNest Baby Bottle Set — BPA-Free & Hypoallergenic,1,32.0,0.0,32.0,USD
114-5602790-6973875,2,B0ZWX7WPK9,SKU-0114,DriveGuard Seat Covers — Universal Fit & Heavy Duty,2,19.42,0.0,38.84,USD
114-4459323-9204714,1,B0PAU2ZN1D,SKU-0113,DriveGuard Car Organizer — Heavy Duty & Easy Install,1,24.69,2.95,21.74,USD
114-5588065-9678193,1,B0Q85PD1G6,SKU-0018,EverPeak Power Bank — 30H Battery Life & Noise Cancelling,1,17.84,0.0,17.84,USD
114-8419974-9066248,1,B03WTWXEDC,SKU-0072,CloudNest Magnetic Tiles — STEM Learning & Educational,1,19.25,0.0,19.25,USD
114-6227878-4593275,1,B08H6XVAML,SKU-0006,EverPeak Gaming Mouse — RGB Backlit & Compact Design,1,88.7,0.0,88.7,USD
114-7705326-1371368,1,B0FTQRA6A1,SKU-0109,DriveGuard Dash Cam — Heavy Duty & Easy Install,1,30.93,0.0,30.93,USD
114-7705326-1371368,2,B0YXU5G7D1,SKU-0011,BrightBeam Bluetooth Speaker — Fast Charging & Noise Cancelling,3,107.91,0.0,323.73,USD
114-7705326-1371368,3,B0P5FBKME8,SKU-0047,PureGlo Bath Bomb Set — Dermatologist Tested & Gentle Formula,4,29.77,0.0,119.08,USD
114-7705326-1371368,4,B0ZWX7WPK9,SKU-0114,DriveGuard Seat Covers — Universal Fit & Heavy Duty,1,19.42,0.0,19.42,USD
114-7705326-1371368,5,B0GJL7P973,SKU-0045,PureGlo Hair Straightener — Cruelty-Free & Ionic Technology,1,39.53,0.0,39.53,USD
114-6942025-7883212,1,B0NQJ9A5QP,SKU-0081,WriteWell Paper Shredder — Ergonomic & Space Saving,1,15.31,0.0,15.31,USD
114-8911742-5480450,1,B0F635F86R,SKU-0097,PawPals Dog Chew Toys — Durable & Easy to Clean,1,21.36,0.0,21.36,USD
114-8911742-5480450,2,B0R7U9K93R,SKU-0094,PawPals Pet Carrier — Non-Toxic & Durable,1,23.08,0.0,23.08,USD
114-8566213-1360308,1,B055PLDLF8,SKU-0005,BrightBeam Webcam — Compact Design & 30H Battery Life,2,40.21,4.93,75.49,USD
114-8566213-1360308,2,B0TXQ65ZFV,SKU-0087,WriteWell Desk Organizer — Ergonomic & Multipurpose,1,21.66,0.0,21.66,USD
114-5225804-5563573,1,B0R5E97R3C,SKU-0001,AuroraTech Smart Plug — Noise Cancelling & HD 1080p,1,89.73,0.0,89.73,USD
114-3082280-6115053,1,B08UGTRB3Y,SKU-0050,ZenLife Vitamin C Serum — Dermatologist Tested & Long Lasting,1,40.54,0.0,40.54,USD
114-3082280-6115053,2,B0U0VF1HMG,SKU-0040,ZenLife Nail Clipper Set — Gentle Formula & Cruelty-Free,1,28.36,0.0,28.36,USD
114-6751144-3827901,1,B0R7U9K93R,SKU-0094,PawPals Pet Carrier — Non-Toxic & Durable,1,23.08,0.0,23.08,USD
114-6751144-3827901,2,B0A30AC946,SKU-0117,ProGrip Stud Finder — Ergonomic Grip & Rust Resistant,1,19.86,0.0,19.86,USD
114-6751144-3827901,3,B02T104M25,SKU-0111,DriveGuard Jump Starter — Long Cord & Universal Fit,1,55.67,0.0,55.67,USD
114-6751144-3827901,4,B04Z7XKKST,SKU-0105,LittleNest Swaddle Blankets — BPA-Free & Safety Certified,1,47.89,0.0,47.89,USD
114-4824416-3723046,1,B055PLDLF8,SKU-0005,BrightBeam Webcam — Compact Design & 30H Battery Life,3,40.21,0.0,120.63,USD
114-3104700-5762545,1,B0PGGKXQ9K,SKU-0093,PawPals Pet Water Fountain — Easy to Clean & Vet Recommended,1,34.22,0.0,34.22,USD
114-5838878-3914709,1,B0CWALEK2Y,SKU-0036,ZenLife Air Fryer — Dishwasher Safe & Non-Stick Coating,4,19.47,0.0,77.88,USD
114-5838878-3914709,2,B085JJ3ZXF,SKU-0041,PureGlo Electric Toothbrush — Long Lasting & Dermatologist Tested,1,42.31,0.0,42.31,USD
114-5838878-3914709,3,B0H9GJQWK8,SKU-0009,EverPeak Phone Case — Noise Cancelling & Bluetooth 5.3,1,23.15,0.0,23.15,USD
114-3092024-4491652,1,B0M1WJMA8T,SKU-0085,WriteWell Planner Notebook — Ergonomic & Multipurpose,3,8.44,0.0,25.32,USD
114-2086312-9802768,1,B0NQJ9A5QP,SKU-0081,WriteWell Paper Shredder — Ergonomic & Space Saving,1,15.31,0.0,15.31,USD
114-3000855-2276185,1,B0ANDXF98K,SKU-0004,AuroraTech WiFi Range Extender — Bluetooth 5.3 & Fast Charging,1,109.5,0.0,109.5,USD
114-3000855-2276185,2,B08H6XVAML,SKU-0006,EverPeak Gaming Mouse — RGB Backlit & Compact Design,1,88.7,0.0,88.7,USD
114-9211989-4571629,1,B0F635F86R,SKU-0097,PawPals Dog Chew Toys — Durable & Easy to Clean,1,21.36,0.0,21.36,USD
114-9211989-4571629,2,B0ZWX7WPK9,SKU-0114,DriveGuard Seat Covers — Universal Fit & Heavy Duty,1,20.72,0.0,20.72,USD
114-9211989-4571629,3,B0K12NKA8N,SKU-0013,AuroraTech Smart Watch — 30H Battery Life & Bluetooth 5.3,1,83.42,0.0,83.42,USD
114-3030037-3466780,1,B00JXDXVG6,SKU-0095,PawPals Dog Treat Pouch — Easy to Clean & Non-Toxic,1,18.93,0.0,18.93,USD
114-2013391-7863551,1,B0GJL7P973,SKU-0045,PureGlo Hair Straightener — Cruelty-Free & Ionic Technology,1,39.53,0.0,39.53,USD
114-6157968-7753014,1,B05P1Y30A5,SKU-0091,PawPals Slow Feeder Bowl — Easy to Clean & Non-Toxic,2,10.4,0.0,20.8,USD
114-1355257-8499717,1,B0J4AJH5Y5,SKU-0084,ProGrip Monitor Stand — Space Saving & Multipurpose,1,57.15,0.0,57.15,USD
114-3755177-1613785,1,B0ZWX7WPK9,SKU-0114,DriveGuard Seat Covers — Universal Fit & Heavy Duty,2,20.72,0.0,41.44,USD
114-9249489-6108132,1,B043M1S1C4,SKU-0049,PureGlo Sunscreen Lotion — Ionic Technology & Dermatologist Tested,1,31.54,0.0,31.54,USD
114-3235256-8165054,1,B03WTWXEDC,SKU-0072,CloudNest Magnetic Tiles — STEM Learning & Educational,1,19.25,0.0,19.25,USD
114-3235256-8165054,2,B0HE56LV1G,SKU-0071,KiddoCraft Play Kitchen Set — Interactive & Ages 3+,1,22.81,0.0,22.81,USD
114-3502581-2023580,1,B0Q85PD1G6,SKU-0018,EverPeak Power Bank — 30H Battery Life & Noise Cancelling,1,17.84,0.0,17.84,USD
114-3502581-2023580,2,B0WR597BPU,SKU-0015,EverPeak Streaming Stick — Bluetooth 5.3 & HD 1080p,3,120.59,0.0,361.77,USD
114-3502581-2023580,3,B01NLXW82L,SKU-0104,LittleNest Bassinet — Safety Certified & BPA-Free,1,24.09,0.0,24.09,USD
114-3502581-2023580,4,B0P5FBKME8,SKU-0047,PureGlo Bath Bomb Set — Dermatologist Tested & Gentle Formula,1,31.59,0.0,31.59,USD
114-3502581-2023580,5,B0J9HPEX6X,SKU-0112,DriveGuard Tire Pressure Gauge — Long Cord & Heavy Duty,1,36.82,0.0,36.82,USD
114-3502581-2023580,6,B07BRCRU82,SKU-0027,ZenLife Kitchen Scale — Easy Clean & Dishwasher Safe,1,16.71,0.0,16.71,USD
114-3460174-3491173,1,B0U0VF1HMG,SKU-0040,ZenLife Nail Clipper Set — Gentle Formula & Cruelty-Free,1,28.36,0.0,28.36,USD
114-4522233-7701498,1,B088K2QTZJ,SKU-0007,AuroraTech Car Mount — Bluetooth 5.3 & RGB Backlit,1,52.27,0.0,52.27,USD
114-9718036-4873487,1,B0HE56LV1G,SKU-0071,KiddoCraft Play Kitchen Set — Interactive & Ages 3+,1,22.81,0.0,22.81,USD
114-9718036-4873487,2,B0YXU5G7D1,SKU-0011,BrightBeam Bluetooth Speaker — Fast Charging & Noise Cancelling,1,107.91,0.0,107.91,USD
114-9718036-4873487,3,B0U0VF1HMG,SKU-0040,ZenLife Nail Clipper Set — Gentle Formula & Cruelty-Free,1,28.36,0.0,28.36,USD
114-3392010-4483223,1,B00EGECWF5,SKU-0030,ZenLife Laundry Hamper — Dishwasher Safe & Premium Finish,1,68.26,0.0,68.26,USD
114-9634200-4532310,1,B088K2QTZJ,SKU-0007,AuroraTech Car Mount — Bluetooth 5.3 & RGB Backlit,1,52.27,0.0,52.27,USD
114-9634200-4532310,2,B0AZBDRH38,SKU-0086,ProGrip Sticky Notes Pack — Ergonomic & Multipurpose,1,27.71,0.0,27.71,USD
114-9634200-4532310,3,B0QKGVBY0X,SKU-0108,LittleNest Baby Bottle Set — BPA-Free & Hypoallergenic,1,32.0,0.0,32.0,USD
114-9634200-4532310,4,B0M6YEW145,SKU-0083,WriteWell Standing Desk Converter — Durable & Multipurpose,1,9.99,0.0,9.99,USD
114-1277872-7478733,1,B04ZD4ZURZ,SKU-0103,LittleNest Baby Monitor — Safety Certified & Hypoallergenic,1,31.9,0.0,31.9,USD
114-3639760-8299367,1,B0SQ7F7BFE,SKU-0057,TrailBlaze Dumbbell Set — Waterproof & Portable,4,46.37,0.0,185.48,USD
114-3639760-8299367,2,B0AZBDRH38,SKU-0086,ProGrip Sticky Notes Pack — Ergonomic & Multipurpose,1,27.71,0.0,27.71,USD
114-1637805-4706899,1,B0TXQ65ZFV,SKU-0087,WriteWell Desk Organizer — Ergonomic & Multipurpose,1,21.66,0.0,21.66,USD
114-1637805-4706899,2,B03WTWXEDC,SKU-0072,CloudNest Magnetic Tiles — STEM Learning & Educational,1,19.25,0.0,19.25,USD
114-1637805-4706899,3,B08RJE02WW,SKU-0016,AuroraTech Headphones — Bluetooth 5.3 & Water Resistant,1,87.93,0.0,87.93,USD
114-2353874-1500857,1,B0PGGKXQ9K,SKU-0093,PawPals Pet Water Fountain — Easy to Clean & Vet Recommended,1,34.22,0.0,34.22,USD
114-2353874-1500857,2,B03WTWXEDC,SKU-0072,CloudNest Magnetic Tiles — STEM Learning & Educational,1,19.25,0.0,19.25,USD
114-2353874-1500857,3,B0M1WJMA8T,SKU-0085,WriteWell Planner Notebook — Ergonomic & Multipurpose,1,8.44,0.0,8.44,USD
114-3387832-7012532,1,B0U0VF1HMG,SKU-0040,ZenLife Nail Clipper Set — Gentle Formula & Cruelty-Free,1,28.36,0.0,28.36,USD
114-7718285-5060311,1,B0NQJ9A5QP,SKU-0081,WriteWell Paper Shredder — Ergonomic & Space Saving,1,15.31,0.0,15.31,USD
114-5798227-7958486,1,B01U2VVLHF,SKU-0066,EverPeak Water Bottle — Portable & Waterproof,1,66.14,0.0,66.14,USD
114-8847422-4422953,1,B085JJ3ZXF,SKU-0041,PureGlo Electric Toothbrush — Long Lasting & Dermatologist Tested,1,42.31,0.0,42.31,USD
114-8847422-4422953,2,B0P5FBKME8,SKU-0047,PureGlo Bath Bomb Set — Dermatologist Tested & Gentle Formula,1,31.59,0.0,31.59,USD
114-8847422-4422953,3,B0TURPLSHH,SKU-0100,PawPals Automatic Pet Feeder — Easy to Clean & Vet Recommended,1,43.13,0.0,43.13,USD
114-8847422-4422953,4,B0279XVVC5,SKU-0014,BrightBeam Desk Lamp — RGB Backlit & Noise Cancelling,1,51.35,6.0,45.35,USD
114-8847422-4422953,5,B0GKG0B3EA,SKU-0090,PawPals Dog Leash — Easy to Clean & Vet Recommended,1,54.55,0.0,54.55,USD
114-7649320-1384288,1,B0CWALEK2Y,SKU-0036,ZenLife Air Fryer — Dishwasher Safe & Non-Stick Coating,2,19.47,0.0,38.94,USD
114-9625133-6996242,1,B08UGTRB3Y,SKU-0050,ZenLife Vitamin C Serum — Dermatologist Tested & Long Lasting,1,40.54,0.0,40.54,USD
114-5909612-7136216,1,B01CQYLRS7,SKU-0070,CloudNest Art Supplies Kit — STEM Learning & Interactive,1,13.62,0.0,13.62,USD
114-4580392-4922668,1,B0TURPLSHH,SKU-0100,PawPals Automatic Pet Feeder — Easy to Clean & Vet Recommended,1,43.13,0.0,43.13,USD
114-4580392-4922668,2,B0J9HPEX6X,SKU-0112,DriveGuard Tire Pressure Gauge — Long Cord & Heavy Duty,1,36.82,0.0,36.82,USD
114-6082538-8539008,1,B0DDA4EXPW,SKU-0020,UrbanKitchen Knife Set — Easy Clean & BPA-Free,1,59.84,0.0,59.84,USD
114-4595723-9445045,1,B0NL5Q5CZM,SKU-0003,EverPeak USB-C Hub — Water Resistant & HD 1080p,2,110.91,0.0,221.82,USD
114-3774944-5449614,1,B0NQJ9A5QP,SKU-0081,WriteWell Paper Shredder — Ergonomic & Space Saving,1,13.62,0.0,13.62,USD
114-9462493-8581177,1,B0CWALEK2Y,SKU-0036,ZenLife Air Fryer — Dishwasher Safe & Non-Stick Coating,1,19.47,0.0,19.47,USD
114-7750500-5354644,1,B0AZBDRH38,SKU-0086,ProGrip Sticky Notes Pack — Ergonomic & Multipurpose,1,29.73,0.0,29.73,USD
114-7750500-5354644,2,B0YJ486MXU,SKU-0107,LittleNest Baby Safety Gate — Safety Certified & BPA-Free,1,60.8,0.0,60.8,USD
114-6251431-6891283,1,B0ANDXF98K,SKU-0004,AuroraTech WiFi Range Extender — Bluetooth 5.3 & Fast Charging,2,109.5,0.0,219.0,USD
114-6251431-6891283,2,B02LTJA2NA,SKU-0078,CloudNest Dollhouse — Ages 3+ & Interactive,1,41.1,0.0,41.1,USD
114-6251431-6891283,3,B0M1WJMA8T,SKU-0085,WriteWell Planner Notebook — Ergonomic & Multipurpose,1,8.44,0.0,8.44,USD
114-6251431-6891283,4,B0NL5Q5CZM,SKU-0003,EverPeak USB-C Hub — Water Resistant & HD 1080p,1,73.81,0.0,73.81,USD
114-6295785-1005430,1,B0Z5ASHJRH,SKU-0069,KiddoCraft Fidget Toy Pack — Non-Toxic & Educational,1,22.58,0.0,22.58,USD
114-6295785-1005430,2,B0TURPLSHH,SKU-0100,PawPals Automatic Pet Feeder — Easy to Clean & Vet Recommended,2,43.13,11.69,74.57,USD
114-1919374-7455317,1,B02LTJA2NA,SKU-0078,CloudNest Dollhouse — Ages 3+ & Interactive,1,41.1,0.0,41.1,USD
114-3026924-2591971,1,B0E48MCY15,SKU-0079,WriteWell Label Maker — Durable & Multipurpose,1,49.25,0.0,49.25,USD
114-3026924-2591971,2,B0M2UGJMKQ,SKU-0074,CloudNest RC Car — STEM Learning & Interactive,1,12.84,0.66,12.18,USD
114-3026924-2591971,3,B0ANDXF98K,SKU-0004,AuroraTech WiFi Range Extender — Bluetooth 5.3 & Fast Charging,1,109.5,0.0,109.5,USD
114-7134426-1289785,1,B0M2QT36J4,SKU-0010,AuroraTech Portable Charger — Fast Charging & HD 1080p,1,64.56,0.0,64.56,USD
114-3261050-1706174,1,B0TXQ65ZFV,SKU-0087,WriteWell Desk Organizer — Ergonomic & Multipurpose,3,21.66,0.0,64.98,USD
114-7093744-9760228,1,B0R5E97R3C,SKU-0001,AuroraTech Smart Plug — Noise Cancelling & HD 1080p,1,89.73,12.72,77.01,USD
114-3202986-1550711,1,B04ZD4ZURZ,SKU-0103,LittleNest Baby Monitor — Safety Certified & Hypoallergenic,1,31.9,0.0,31.9,USD
114-3202986-1550711,2,B0J9HPEX6X,SKU-0112,DriveGuard Tire Pressure Gauge — Long Cord & Heavy Duty,1,34.7,0.0,34.7,USD
114-3037405-3210560,1,B0NQJ9A5QP,SKU-0081,WriteWell Paper Shredder — Ergonomic & Space Saving,1,15.31,0.0,15.31,USD
114-3037405-3210560,2,B08RJE02WW,SKU-0016,AuroraTech Headphones — Bluetooth 5.3 & Water Resistant,1,87.93,0.0,87.93,USD
114-3527377-4710478,1,B09V1N9TED,SKU-0077,KiddoCraft Puzzle Set — Non-Toxic & STEM Learning,1,29.15,0.0,29.15,USD
114-3527377-4710478,2,B0N90348CD,SKU-0088,ProGrip Desk Chair Cushion — Multipurpose & Ergonomic,1,17.61,0.0,17.61,USD
114-7787413-1812055,1,B0NL5Q5CZM,SKU-0003,EverPeak USB-C Hub — Water Resistant & HD 1080p,1,110.91,0.0,110.91,USD
114-1223625-5247531,1,B0FPMT2SF9,SKU-0076,CloudNest Science Kit — Educational & Non-Toxic,1,11.88,0.0,11.88,USD
114-4960862-5583118,1,B0MVKP1792,SKU-0002,BrightBeam HDMI Cable — Bluetooth 5.3 & HD 1080p,1,63.85,0.0,63.85,USD
114-4960862-5583118,2,B0P5FBKME8,SKU-0047,PureGlo Bath Bomb Set — Dermatologist Tested & Gentle Formula,2,29.77,0.0,59.54,USD
114-4960862-5583118,3,B0NQJ9A5QP,SKU-0081,WriteWell Paper Shredder — Ergonomic & Space Saving,1,13.62,0.0,13.62,USD
114-4698345-6844967,1,B0A8X9FRKN,SKU-0031,Nordic Home Coffee Grinder — BPA-Free & Premium Finish,1,74.65,0.0,74.65,USD
114-4698345-6844967,2,B0936760J9,SKU-0034,Nordic Home Shower Caddy — Easy Clean & Non-Stick Coating,1,25.31,0.0,25.31,USD
114-4196639-9953228,1,B0NQJ9A5QP,SKU-0081,WriteWell Paper Shredder — Ergonomic & Space Saving,1,15.31,1.36,13.95,USD
114-7725217-3071361,1,B0CWALEK2Y,SKU-0036,ZenLife Air Fryer — Dishwasher Safe & Non-Stick Coating,1,19.47,0.0,19.47,USD
114-7725217-3071361,2,B0FTQRA6A1,SKU-0109,DriveGuard Dash Cam — Heavy Duty & Easy Install,1,30.93,0.0,30.93,USD
114-7725217-3071361,3,B088K2QTZJ,SKU-0007,AuroraTech Car Mount — Bluetooth 5.3 & RGB Backlit,3,52.27,0.0,156.81,USD
114-8304569-1132170,1,B0J9HPEX6X,SKU-0112,DriveGuard Tire Pressure Gauge — Long Cord & Heavy Duty,2,34.7,0.0,69.4,USD
114-7640993-7200485,1,B0JH68DJ8G,SKU-0032,UrbanKitchen Blender — Non-Stick Coating & Space Saving,2,25.59,0.0,51.18,USD
114-7640993-7200485,2,B0M2QT36J4,SKU-0010,AuroraTech Portable Charger — Fast Charging & HD 1080p,1,64.56,0.0,64.56,USD
114-7640993-7200485,3,B0FTQRA6A1,SKU-0109,DriveGuard Dash Cam — Heavy Duty & Easy Install,2,30.93,0.0,61.86,USD
114-7547783-1567849,1,B0CWALEK2Y,SKU-0036,ZenLife Air Fryer — Dishwasher Safe & Non-Stick Coating,1,19.47,0.0,19.47,USD
114-7547783-1567849,2,B0P5FBKME8,SKU-0047,PureGlo Bath Bomb Set — Dermatologist Tested & Gentle Formula,2,31.59,0.0,63.18,USD
114-7547783-1567849,3,B0ANDXF98K,SKU-0004,AuroraTech WiFi Range Extender — Bluetooth 5.3 & Fast Charging,1,109.5,0.0,109.5,USD
114-2996942-9640862,1,B04ZD4ZURZ,SKU-0103,LittleNest Baby Monitor — Safety Certified & Hypoallergenic,1,31.9,0.0,31.9,USD
114-2996942-9640862,2,B0Q85PD1G6,SKU-0018,EverPeak Power Bank — 30H Battery Life & Noise Cancelling,1,17.84,0.0,17.84,USD
114-5544401-5330922,1,B0M1WJMA8T,SKU-0085,WriteWell Planner Notebook — Ergonomic & Multipurpose,1,8.44,0.0,8.44,USD
114-5544401-5330922,2,B0ANDXF98K,SKU-0004,AuroraTech WiFi Range Extender — Bluetooth 5.3 & Fast Charging,1,109.5,0.0,109.5,USD
114-5544401-5330922,3,B04Z7XKKST,SKU-0105,LittleNest Swaddle Blankets — BPA-Free & Safety Certified,1,54.16,0.0,54.16,USD
114-9081810-3535547,1,B08H6XVAML,SKU-0006,EverPeak Gaming Mouse — RGB Backlit & Compact Design,2,88.7,0.0,177.4,USD
114-9674575-2355772,1,B02LTJA2NA,SKU-0078,CloudNest Dollhouse — Ages 3+ & Interactive,3,41.1,0.0,123.3,USD
114-9674575-2355772,2,B0H9GJQWK8,SKU-0009,EverPeak Phone Case — Noise Cancelling & Bluetooth 5.3,1,23.15,0.0,23.15,USD
114-9674575-2355772,3,B0CWALEK2Y,SKU-0036,ZenLife Air Fryer — Dishwasher Safe & Non-Stick Coating,1,19.47,0.0,19.47,USD
114-6818799-3139037,1,B0M2UGJMKQ,SKU-0074,CloudNest RC Car — STEM Learning & Interactive,1,11.77,0.0,11.77,USD
114-4115183-3151871,1,B0ZWX7WPK9,SKU-0114,DriveGuard Seat Covers — Universal Fit & Heavy Duty,1,19.42,0.0,19.42,USD
114-4115183-3151871,2,B0TXQ65ZFV,SKU-0087,WriteWell Desk Organizer — Ergonomic & Multipurpose,4,21.66,0.0,86.64,USD
114-4115183-3151871,3,B00JXDXVG6,SKU-0095,PawPals Dog Treat Pouch — Easy to Clean & Non-Toxic,1,18.93,0.0,18.93,USD
114-8405140-7655691,1,B088K2QTZJ,SKU-0007,AuroraTech Car Mount — Bluetooth 5.3 & RGB Backlit,1,52.27,0.0,52.27,USD
114-3170668-1933074,1,B0279XVVC5,SKU-0014,BrightBeam Desk Lamp — RGB Backlit & Noise Cancelling,1,51.35,0.0,51.35,USD
114-3170668-1933074,2,B0FTQRA6A1,SKU-0109,DriveGuard Dash Cam — Heavy Duty & Easy Install,1,30.93,0.0,30.93,USD
114-3170668-1933074,3,B09V1N9TED,SKU-0077,KiddoCraft Puzzle Set — Non-Toxic & STEM Learning,1,29.15,0.0,29.15,USD
114-2379079-5310479,1,B0P5FBKME8,SKU-0047,PureGlo Bath Bomb Set — Dermatologist Tested & Gentle Formula,1,29.77,0.0,29.77,USD
114-8740350-6232620,1,B01NLXW82L,SKU-0104,LittleNest Bassinet — Safety Certified & BPA-Free,1,24.09,0.0,24.09,USD
114-8740350-6232620,2,B055PLDLF8,SKU-0005,BrightBeam Webcam — Compact Design & 30H Battery Life,1,40.21,0.0,40.21,USD
114-8841724-1477989,1,B0ERBP9846,SKU-0033,ZenLife Throw Blanket — BPA-Free & Non-Stick Coating,1,42.34,0.0,42.34,USD
114-8841724-1477989,2,B0JH68DJ8G,SKU-0032,UrbanKitchen Blender — Non-Stick Coating & Space Saving,1,26.96,0.0,26.96,USD
114-9903384-9782753,1,B0J9HPEX6X,SKU-0112,DriveGuard Tire Pressure Gauge — Long Cord & Heavy Duty,4,34.7,0.0,138.8,USD
114-5280320-4646534,1,B0FTQRA6A1,SKU-0109,DriveGuard Dash Cam — Heavy Duty & Easy Install,1,30.93,4.39,26.54,USD
114-6393757-5429833,1,B0279XVVC5,SKU-0014,BrightBeam Desk Lamp — RGB Backlit & Noise Cancelling,1,51.35,0.0,51.35,USD
114-7649529-8773281,1,B0M9DY5YFP,SKU-0063,TrailBlaze Bike Helmet — Lightweight & Portable,1,13.26,0.0,13.26,USD
114-8537680-7335498,1,B04Z7XKKST,SKU-0105,LittleNest Swaddle Blankets — BPA-Free & Safety Certified,1,54.16,0.0,54.16,USD
114-9446410-7968217,1,B088K2QTZJ,SKU-0007,AuroraTech Car Mount — Bluetooth 5.3 & RGB Backlit,1,52.27,0.0,52.27,USD
114-9446410-7968217,2,B0WCY6LU8P,SKU-0029,UrbanKitchen Wall Clock — Easy Clean & Dishwasher Safe,1,72.21,5.77,66.44,USD
114-1615455-7749412,1,B085JJ3ZXF,SKU-0041,PureGlo Electric Toothbrush — Long Lasting & Dermatologist Tested,1,45.38,0.0,45.38,USD
114-5649256-2536329,1,B0NKTX370W,SKU-0051,PureGlo Shampoo & Conditioner — Gentle Formula & Ionic Technology,1,12.23,1.09,11.14,USD
114-5649256-2536329,2,B055PLDLF8,SKU-0005,BrightBeam Webcam — Compact Design & 30H Battery Life,1,40.21,0.0,40.21,USD
114-5649256-2536329,3,B0ZWX7WPK9,SKU-0114,DriveGuard Seat Covers — Universal Fit & Heavy Duty,1,19.42,0.0,19.42,USD
114-7312675-5234909,1,B0U0VF1HMG,SKU-0040,ZenLife Nail Clipper Set — Gentle Formula & Cruelty-Free,1,28.36,0.0,28.36,USD
114-5328672-3800451,1,B08H6XVAML,SKU-0006,EverPeak Gaming Mouse — RGB Backlit & Compact Design,1,81.06,0.0,81.06,USD
114-7706676-8737920,1,B0GJL7P973,SKU-0045,PureGlo Hair Straightener — Cruelty-Free & Ionic Technology,1,39.53,0.0,39.53,USD
114-7706676-8737920,2,B09V1N9TED,SKU-0077,KiddoCraft Puzzle Set — Non-Toxic & STEM Learning,1,29.15,0.0,29.15,USD
114-1394043-5995921,1,B0NQJ9A5QP,SKU-0081,WriteWell Paper Shredder — Ergonomic & Space Saving,1,15.31,0.0,15.31,USD
114-2258222-2375690,1,B0936760J9,SKU-0034,Nordic Home Shower Caddy — Easy Clean & Non-Stick Coating,1,25.31,0.0,25.31,USD
114-2258222-2375690,2,B0K12NKA8N,SKU-0013,AuroraTech Smart Watch — 30H Battery Life & Bluetooth 5.3,1,83.42,0.0,83.42,USD
114-2258222-2375690,3,B0279XVVC5,SKU-0014,BrightBeam Desk Lamp — RGB Backlit & Noise Cancelling,1,51.35,0.0,51.35,USD
114-2258222-2375690,4,B0ZWX7WPK9,SKU-0114,DriveGuard Seat Covers — Universal Fit & Heavy Duty,2,19.42,0.0,38.84,USD
114-8722037-1311186,1,B0ZWX7WPK9,SKU-0114,DriveGuard Seat Covers — Universal Fit & Heavy Duty,2,20.72,0.0,41.44,USD
114-8722037-1311186,2,B0U0VF1HMG,SKU-0040,ZenLife Nail Clipper Set — Gentle Formula & Cruelty-Free,1,28.36,2.71,25.65,USD
114-4045186-1613527,1,B0279XVVC5,SKU-0014,BrightBeam Desk Lamp — RGB Backlit & Noise Cancelling,1,51.35,0.0,51.35,USD
114-8362374-3654684,1,B00JXDXVG6,SKU-0095,PawPals Dog Treat Pouch — Easy to Clean & Non-Toxic,2,20.29,0.0,40.58,USD
114-8362374-3654684,2,B0GJL7P973,SKU-0045,PureGlo Hair Straightener — Cruelty-Free & Ionic Technology,1,39.53,0.0,39.53,USD
114-2608514-8827322,1,B01NLXW82L,SKU-0104,LittleNest Bassinet — Safety Certified & BPA-Free,3,24.09,0.0,72.27,USD
114-2608514-8827322,2,B0R5E97R3C,SKU-0001,AuroraTech Smart Plug — Noise Cancelling & HD 1080p,1,89.73,0.0,89.73,USD
114-1586085-9786991,1,B0GJL7P973,SKU-0045,PureGlo Hair Straightener — Cruelty-Free & Ionic Technology,3,39.53,0.0,118.59,USD
114-4263962-7890772,1,B0H9GJQWK8,SKU-0009,EverPeak Phone Case — Noise Cancelling & Bluetooth 5.3,1,23.15,0.0,23.15,USD
114-5426463-6616655,1,B02X1DSSZM,SKU-0102,LittleNest Diaper Bag — Hypoallergenic & Easy to Clean,3,13.44,0.0,40.32,USD
114-5426463-6616655,2,B0J4AJH5Y5,SKU-0084,ProGrip Monitor Stand — Space Saving & Multipurpose,1,57.15,0.0,57.15,USD
114-6363949-1605303,1,B0SSL9ZZJT,SKU-0054,EverPeak Trekking Poles — Heavy Duty & Anti-Slip,1,16.66,0.0,16.66,USD
114-7683435-6281812,1,B02X1DSSZM,SKU-0102,LittleNest Diaper Bag — Hypoallergenic & Easy to Clean,1,13.44,0.0,13.44,USD
114-4622405-4333996,1,B05P1Y30A5,SKU-0091,PawPals Slow Feeder Bowl — Easy to Clean & Non-Toxic,1,8.78,0.0,8.78,USD
114-1489484-8964456,1,B055PLDLF8,SKU-0005,BrightBeam Webcam — Compact Design & 30H Battery Life,1,40.21,0.0,40.21,USD
114-1489484-8964456,2,B0R5E97R3C,SKU-0001,AuroraTech Smart Plug — Noise Cancelling & HD 1080p,1,89.73,0.0,89.73,USD
114-1489484-8964456,3,B0YJ486MXU,SKU-0107,LittleNest Baby Safety Gate — Safety Certified & BPA-Free,1,60.8,7.53,53.27,USD
114-8245765-4455694,1,B08UGTRB3Y,SKU-0050,ZenLife Vitamin C Serum — Dermatologist Tested & Long Lasting,1,40.54,0.0,40.54,USD
114-4664320-3289931,1,B0U0VF1HMG,SKU-0040,ZenLife Nail Clipper Set — Gentle Formula & Cruelty-Free,1,28.36,4.13,24.23,USD
114-9207968-8318400,1,B0U0VF1HMG,SKU-0040,ZenLife Nail Clipper Set — Gentle Formula & Cruelty-Free,1,24.82,0.0,24.82,USD
114-9207968-8318400,2,B0P5FBKME8,SKU-0047,PureGlo Bath Bomb Set — Dermatologist Tested & Gentle Formula,1,31.59,0.0,31.59,USD
114-9207968-8318400,3,B0ZWX7WPK9,SKU-0114,DriveGuard Seat Covers — Universal Fit & Heavy Duty,1,19.42,0.0,19.42,USD
114-6392735-8502556,1,B01NLXW82L,SKU-0104,LittleNest Bassinet — Safety Certified & BPA-Free,1,24.09,0.0,24.09,USD
114-6392735-8502556,2,B0MVKP1792,SKU-0002,BrightBeam HDMI Cable — Bluetooth 5.3 & HD 1080p,1,63.85,0.0,63.85,USD
114-7769399-9855976,1,B0M1WJMA8T,SKU-0085,WriteWell Planner Notebook — Ergonomic & Multipurpose,2,8.44,0.0,16.88,USD
114-7696236-2591366,1,B0NQJ9A5QP,SKU-0081,WriteWell Paper Shredder — Ergonomic & Space Saving,1,15.31,0.0,15.31,USD
114-5168475-9358902,1,B0HE56LV1G,SKU-0071,KiddoCraft Play Kitchen Set — Interactive & Ages 3+,1,22.81,2.97,19.84,USD
114-5168475-9358902,2,B0ZWX7WPK9,SKU-0114,DriveGuard Seat Covers — Universal Fit & Heavy Duty,1,20.72,0.0,20.72,USD
114-5168475-9358902,3,B01CQYLRS7,SKU-0070,CloudNest Art Supplies Kit — STEM Learning & Interactive,1,13.62,1.26,12.36,USD
114-6056497-8404917,1,B0Q85PD1G6,SKU-0018,EverPeak Power Bank — 30H Battery Life & Noise Cancelling,1,17.84,0.0,17.84,USD
114-6056497-8404917,2,B03WTWXEDC,SKU-0072,CloudNest Magnetic Tiles — STEM Learning & Educational,2,19.25,0.0,38.5,USD
114-6056497-8404917,3,B0F635F86R,SKU-0097,PawPals Dog Chew Toys — Durable & Easy to Clean,1,21.36,1.69,19.67,USD
114-1165941-4173279,1,B0TURPLSHH,SKU-0100,PawPals Automatic Pet Feeder — Easy to Clean & Vet Recommended,1,43.13,0.0,43.13,USD
114-6463031-9431822,1,B0AZBDRH38,SKU-0086,ProGrip Sticky Notes Pack — Ergonomic & Multipurpose,4,27.71,0.0,110.84,USD
114-6463031-9431822,2,B0FTQRA6A1,SKU-0109,DriveGuard Dash Cam — Heavy Duty & Easy Install,1,30.93,0.0,30.93,USD
114-1085209-6742471,1,B0GJL7P973,SKU-0045,PureGlo Hair Straightener — Cruelty-Free & Ionic Technology,1,39.53,0.0,39.53,USD
114-7393753-4285543,1,B0SFWKQDD5,SKU-0022,Nordic Home Plant Pots — Non-Stick Coating & BPA-Free,2,27.96,0.0,55.92,USD
114-2968629-6926041,1,B0FKKPVMZA,SKU-0065,TrailBlaze Foam Roller — Heavy Duty & Anti-Slip,2,52.95,6.84,99.06,USD
114-1073470-1368958,1,B0N90348CD,SKU-0088,ProGrip Desk Chair Cushion — Multipurpose & Ergonomic,1,17.61,0.0,17.61,USD
114-9864166-3087855,1,B085JJ3ZXF,SKU-0041,PureGlo Electric Toothbrush — Long Lasting & Dermatologist Tested,1,45.38,0.0,45.38,USD
114-9864166-3087855,2,B0M2UGJMKQ,SKU-0074,CloudNest RC Car — STEM Learning & Interactive,1,12.84,0.0,12.84,USD
114-9864166-3087855,3,B05P1Y30A5,SKU-0091,PawPals Slow Feeder Bowl — Easy to Clean & Non-Toxic,1,11.7,0.0,11.7,USD
114-6528230-6493151,1,B0M2QT36J4,SKU-0010,AuroraTech Portable Charger — Fast Charging & HD 1080p,1,64.56,0.0,64.56,USD
114-6956512-2651995,1,B0N90348CD,SKU-0088,ProGrip Desk Chair Cushion — Multipurpose & Ergonomic,1,17.61,0.0,17.61,USD
114-6956512-2651995,2,B0F635F86R,SKU-0097,PawPals Dog Chew Toys — Durable & Easy to Clean,1,21.36,0.0,21.36,USD
114-8100485-6508711,1,B0U0VF1HMG,SKU-0040,ZenLife Nail Clipper Set — Gentle Formula & Cruelty-Free,1,28.36,0.0,28.36,USD
114-8100485-6508711,2,B04ZD4ZURZ,SKU-0103,LittleNest Baby Monitor — Safety Certified & Hypoallergenic,1,31.9,0.0,31.9,USD
114-5283351-5833630,1,B03QFWA54M,SKU-0056,EverPeak Running Belt — Anti-Slip & Waterproof,2,43.14,0.0,86.28,USD
114-4528753-7178499,1,B088K2QTZJ,SKU-0007,AuroraTech Car Mount — Bluetooth 5.3 & RGB Backlit,1,52.27,0.0,52.27,USD
114-4528753-7178499,2,B0M2QT36J4,SKU-0010,AuroraTech Portable Charger — Fast Charging & HD 1080p,1,64.56,0.0,64.56,USD
114-7206518-5762579,1,B0PGGKXQ9K,SKU-0093,PawPals Pet Water Fountain — Easy to Clean & Vet Recommended,1,34.22,0.0,34.22,USD
114-7206518-5762579,2,B02X1DSSZM,SKU-0102,LittleNest Diaper Bag — Hypoallergenic & Easy to Clean,1,13.44,1.06,12.38,USD
114-7206518-5762579,3,B0M9299AJ4,SKU-0024,ZenLife Electric Kettle — Non-Stick Coating & Space Saving,1,46.0,0.0,46.0,USD
114-7980239-8748475,1,B0279XVVC5,SKU-0014,BrightBeam Desk Lamp — RGB Backlit & Noise Cancelling,1,51.35,0.0,51.35,USD
114-4707712-6763075,1,B0PGGKXQ9K,SKU-0093,PawPals Pet Water Fountain — Easy to Clean & Vet Recommended,1,34.22,0.0,34.22,USD
114-7047294-4310889,1,B0279XVVC5,SKU-0014,BrightBeam Desk Lamp — RGB Backlit & Noise Cancelling,2,51.35,0.0,102.7,USD
114-7047294-4310889,2,B08H6XVAML,SKU-0006,EverPeak Gaming Mouse — RGB Backlit & Compact Design,1,88.7,0.0,88.7,USD
114-6966756-6640699,1,B0A30AC946,SKU-0117,ProGrip Stud Finder — Ergonomic Grip & Rust Resistant,3,19.86,0.0,59.58,USD
114-7956040-7958538,1,B0R5E97R3C,SKU-0001,AuroraTech Smart Plug — Noise Cancelling & HD 1080p,4,89.73,0.0,358.92,USD
114-4370929-2333079,1,B0CWALEK2Y,SKU-0036,ZenLife Air Fryer — Dishwasher Safe & Non-Stick Coating,1,19.47,0.0,19.47,USD
114-1775541-5069646,1,B0QKGVBY0X,SKU-0108,LittleNest Baby Bottle Set — BPA-Free & Hypoallergenic,1,32.0,0.0,32.0,USD
114-1775541-5069646,2,B0S19ZGCXE,SKU-0116,EverPeak Screwdriver Set — Cordless & High Torque,1,46.08,0.0,46.08,USD
114-1775541-5069646,3,B0FPMT2SF9,SKU-0076,CloudNest Science Kit — Educational & Non-Toxic,1,12.73,0.0,12.73,USD
114-1775541-5069646,4,B0AZBDRH38,SKU-0086,ProGrip Sticky Notes Pack — Ergonomic & Multipurpose,1,27.71,0.0,27.71,USD
114-4185312-4982314,1,B0NL5Q5CZM,SKU-0003,EverPeak USB-C Hub — Water Resistant & HD 1080p,2,110.91,0.0,221.82,USD
114-2053339-9930441,1,B03WTWXEDC,SKU-0072,CloudNest Magnetic Tiles — STEM Learning & Educational,1,19.25,0.0,19.25,USD
114-2053339-9930441,2,B00JXDXVG6,SKU-0095,PawPals Dog Treat Pouch — Easy to Clean & Non-Toxic,1,18.93,0.0,18.93,USD
114-2053339-9930441,3,B043M1S1C4,SKU-0049,PureGlo Sunscreen Lotion — Ionic Technology & Dermatologist Tested,1,31.54,2.31,29.23,USD
114-2053339-9930441,4,B0SQ7F7BFE,SKU-0057,TrailBlaze Dumbbell Set — Waterproof & Portable,1,46.37,0.0,46.37,USD
114-5665644-3498115,1,B0FKKPVMZA,SKU-0065,TrailBlaze Foam Roller — Heavy Duty & Anti-Slip,1,52.95,0.0,52.95,USD
114-8421289-6490541,1,B01NLXW82L,SKU-0104,LittleNest Bassinet — Safety Certified & BPA-Free,1,24.09,0.0,24.09,USD
114-7442823-4644458,1,B0U0VF1HMG,SKU-0040,ZenLife Nail Clipper Set — Gentle Formula & Cruelty-Free,1,24.82,0.0,24.82,USD
114-7442823-4644458,2,B0NKTX370W,SKU-0051,PureGlo Shampoo & Conditioner — Gentle Formula & Ionic Technology,1,11.33,0.0,11.33,USD
114-7442823-4644458,3,B0CWALEK2Y,SKU-0036,ZenLife Air Fryer — Dishwasher Safe & Non-Stick Coating,1,19.47,0.0,19.47,USD
114-7519642-7551047,1,B08H6XVAML,SKU-0006,EverPeak Gaming Mouse — RGB Backlit & Compact Design,1,88.7,0.0,88.7,USD
114-7519642-7551047,2,B0A30AC946,SKU-0117,ProGrip Stud Finder — Ergonomic Grip & Rust Resistant,1,19.86,0.0,19.86,USD
114-7519642-7551047,3,B0K12NKA8N,SKU-0013,AuroraTech Smart Watch — 30H Battery Life & Bluetooth 5.3,3,83.42,0.0,250.26,USD
114-7519642-7551047,4,B06AZNEH47,SKU-0008,BrightBeam Mechanical Keyboard — 30H Battery Life & Water Resistant,1,75.67,0.0,75.67,USD
114-5527187-1893114,1,B0ERBP9846,SKU-0033,ZenLife Throw Blanket — BPA-Free & Non-Stick Coating,2,42.34,0.0,84.68,USD
114-6531488-6500544,1,B0F635F86R,SKU-0097,PawPals Dog Chew Toys — Durable & Easy to Clean,1,21.36,0.0,21.36,USD
114-1035718-1907844,1,B00JXDXVG6,SKU-0095,PawPals Dog Treat Pouch — Easy to Clean & Non-Toxic,1,18.93,0.0,18.93,USD
114-4761307-3778454,1,B0FA6PK7S1,SKU-0043,PureGlo Body Scrub — Ionic Technology & Gentle Formula,1,40.0,0.0,40.0,USD
114-4761307-3778454,2,B0YJ486MXU,SKU-0107,LittleNest Baby Safety Gate — Safety Certified & BPA-Free,4,60.8,0.0,243.2,USD
114-4761307-3778454,3,B02X1DSSZM,SKU-0102,LittleNest Diaper Bag — Hypoallergenic & Easy to Clean,1,13.44,0.0,13.44,USD
114-4761307-3778454,4,B0671R2A1G,SKU-0012,EverPeak Laptop Stand — Water Resistant & 30H Battery Life,1,63.64,0.0,63.64,USD
114-9853023-6831784,1,B0M6YEW145,SKU-0083,WriteWell Standing Desk Converter — Durable & Multipurpose,1,9.99,0.0,9.99,USD
114-4146348-4114349,1,B043M1S1C4,SKU-0049,PureGlo Sunscreen Lotion — Ionic Technology & Dermatologist Tested,1,31.54,0.0,31.54,USD
114-4146348-4114349,2,B0A30AC946,SKU-0117,ProGrip Stud Finder — Ergonomic Grip & Rust Resistant,1,19.86,0.0,19.86,USD
114-4146348-4114349,3,B0K12NKA8N,SKU-0013,AuroraTech Smart Watch — 30H Battery Life & Bluetooth 5.3,1,83.42,0.0,83.42,USD
114-9479318-2298896,1,B0NQJ9A5QP,SKU-0081,WriteWell Paper Shredder — Ergonomic & Space Saving,1,13.62,0.0,13.62,USD
114-7818750-7070827,1,B0GKG0B3EA,SKU-0090,PawPals Dog Leash — Easy to Clean & Vet Recommended,1,54.55,0.0,54.55,USD
114-9452364-4250427,1,B0PGGKXQ9K,SKU-0093,PawPals Pet Water Fountain — Easy to Clean & Vet Recommended,1,34.22,0.0,34.22,USD
114-3347697-2824269,1,B0279XVVC5,SKU-0014,BrightBeam Desk Lamp — RGB Backlit & Noise Cancelling,1,51.35,0.0,51.35,USD
114-3347697-2824269,2,B0S2MJ6SBY,SKU-0064,EverPeak Resistance Band Set — Heavy Duty & Portable,1,52.03,0.0,52.03,USD
114-3347697-2824269,3,B0JH68DJ8G,SKU-0032,UrbanKitchen Blender — Non-Stick Coating & Space Saving,1,25.59,0.0,25.59,USD
114-7679738-1725375,1,B0FA6PK7S1,SKU-0043,PureGlo Body Scrub — Ionic Technology & Gentle Formula,1,40.0,0.0,40.0,USD
114-8665557-3329447,1,B06AZNEH47,SKU-0008,BrightBeam Mechanical Keyboard — 30H Battery Life & Water Resistant,1,75.67,11.05,64.62,USD
114-8665557-3329447,2,B05P1Y30A5,SKU-0091,PawPals Slow Feeder Bowl — Easy to Clean & Non-Toxic,2,8.78,0.0,17.56,USD
114-1045975-6355401,1,B0N90348CD,SKU-0088,ProGrip Desk Chair Cushion — Multipurpose & Ergonomic,1,17.61,0.0,17.61,USD
114-7123271-4147796,1,B0J4AJH5Y5,SKU-0084,ProGrip Monitor Stand — Space Saving & Multipurpose,1,57.15,0.0,57.15,USD
114-6550692-8936971,1,B05P1Y30A5,SKU-0091,PawPals Slow Feeder Bowl — Easy to Clean & Non-Toxic,1,11.7,0.0,11.7,USD
114-6550692-8936971,2,B0Q85PD1G6,SKU-0018,EverPeak Power Bank — 30H Battery Life & Noise Cancelling,1,17.84,0.0,17.84,USD
114-6550692-8936971,3,B06AZNEH47,SKU-0008,BrightBeam Mechanical Keyboard — 30H Battery Life & Water Resistant,1,75.67,0.0,75.67,USD
114-6110124-2154674,1,B0MVKP1792,SKU-0002,BrightBeam HDMI Cable — Bluetooth 5.3 & HD 1080p,1,63.85,4.61,59.24,USD
114-4407162-4994924,1,B0279XVVC5,SKU-0014,BrightBeam Desk Lamp — RGB Backlit & Noise Cancelling,1,51.35,0.0,51.35,USD
114-4407162-4994924,2,B0N90348CD,SKU-0088,ProGrip Desk Chair Cushion — Multipurpose & Ergonomic,1,17.61,0.0,17.61,USD
114-3461593-2608802,1,B02X1DSSZM,SKU-0102,LittleNest Diaper Bag — Hypoallergenic & Easy to Clean,1,13.44,0.0,13.44,USD
114-4559613-8897047,1,B0M2UGJMKQ,SKU-0074,CloudNest RC Car — STEM Learning & Interactive,1,12.84,0.0,12.84,USD
114-4972084-5009415,1,B05P1Y30A5,SKU-0091,PawPals Slow Feeder Bowl — Easy to Clean & Non-Toxic,1,10.4,0.0,10.4,USD
114-4972084-5009415,2,B0QKGVBY0X,SKU-0108,LittleNest Baby Bottle Set — BPA-Free & Hypoallergenic,1,32.0,0.0,32.0,USD
114-7304758-5823825,1,B05P1Y30A5,SKU-0091,PawPals Slow Feeder Bowl — Easy to Clean & Non-Toxic,1,10.4,0.0,10.4,USD
114-7304758-5823825,2,B0NL5Q5CZM,SKU-0003,EverPeak USB-C Hub — Water Resistant & HD 1080p,2,110.91,0.0,221.82,USD
114-7304758-5823825,3,B085JJ3ZXF,SKU-0041,PureGlo Electric Toothbrush — Long Lasting & Dermatologist Tested,2,45.38,0.0,90.76,USD
114-9346043-7412210,1,B0SH0V1DCR,SKU-0075,KiddoCraft Nerf-Style Blaster — Ages 3+ & Interactive,1,17.07,0.0,17.07,USD
114-3686287-7889897,1,B0P5FBKME8,SKU-0047,PureGlo Bath Bomb Set — Dermatologist Tested & Gentle Formula,3,31.59,0.0,94.77,USD
114-3686287-7889897,2,B0R7U9K93R,SKU-0094,PawPals Pet Carrier — Non-Toxic & Durable,1,21.64,0.0,21.64,USD
114-4695683-8314955,1,B02X1DSSZM,SKU-0102,LittleNest Diaper Bag — Hypoallergenic & Easy to Clean,1,13.44,0.94,12.5,USD
114-4695683-8314955,2,B0ANDXF98K,SKU-0004,AuroraTech WiFi Range Extender — Bluetooth 5.3 & Fast Charging,1,109.5,0.0,109.5,USD
114-9789295-8748259,1,B0A8X9FRKN,SKU-0031,Nordic Home Coffee Grinder — BPA-Free & Premium Finish,1,82.74,0.0,82.74,USD
114-8160556-7731559,1,B0CWALEK2Y,SKU-0036,ZenLife Air Fryer — Dishwasher Safe & Non-Stick Coating,1,19.47,0.0,19.47,USD
114-1619395-6940831,1,B01NLXW82L,SKU-0104,LittleNest Bassinet — Safety Certified & BPA-Free,1,24.09,0.0,24.09,USD
114-3931114-6900644,1,B00EGECWF5,SKU-0030,ZenLife Laundry Hamper — Dishwasher Safe & Premium Finish,1,68.26,0.0,68.26,USD
114-2895920-9221915,1,B0HE56LV1G,SKU-0071,KiddoCraft Play Kitchen Set — Interactive & Ages 3+,1,22.81,0.0,22.81,USD
114-2895920-9221915,2,B0NQJ9A5QP,SKU-0081,WriteWell Paper Shredder — Ergonomic & Space Saving,1,15.31,0.0,15.31,USD
114-2895920-9221915,3,B0GJL7P973,SKU-0045,PureGlo Hair Straightener — Cruelty-Free & Ionic Technology,1,39.53,0.0,39.53,USD
114-2895920-9221915,4,B0A30AC946,SKU-0117,ProGrip Stud Finder — Ergonomic Grip & Rust Resistant,1,19.86,0.0,19.86,USD
114-2895920-9221915,5,B02T104M25,SKU-0111,DriveGuard Jump Starter — Long Cord & Universal Fit,1,55.67,0.0,55.67,USD
114-7374774-5264310,1,B08H6XVAML,SKU-0006,EverPeak Gaming Mouse — RGB Backlit & Compact Design,1,88.7,0.0,88.7,USD
114-7374774-5264310,2,B055PLDLF8,SKU-0005,BrightBeam Webcam — Compact Design & 30H Battery Life,1,40.21,0.0,40.21,USD
114-7374774-5264310,3,B08UGTRB3Y,SKU-0050,ZenLife Vitamin C Serum — Dermatologist Tested & Long Lasting,1,40.54,5.13,35.41,USD
114-3224737-9650325,1,B0U0VF1HMG,SKU-0040,ZenLife Nail Clipper Set — Gentle Formula & Cruelty-Free,1,28.36,0.0,28.36,USD
114-5254385-9053977,1,B01NLXW82L,SKU-0104,LittleNest Bassinet — Safety Certified & BPA-Free,1,24.09,0.0,24.09,USD
114-3139677-3305942,1,B0U0VF1HMG,SKU-0040,ZenLife Nail Clipper Set — Gentle Formula & Cruelty-Free,2,28.36,0.0,56.72,USD
114-7266653-1930815,1,B01CQYLRS7,SKU-0070,CloudNest Art Supplies Kit — STEM Learning & Interactive,2,13.62,2.18,25.06,USD
114-6356374-4462747,1,B0U0VF1HMG,SKU-0040,ZenLife Nail Clipper Set — Gentle Formula & Cruelty-Free,1,24.82,0.0,24.82,USD
114-1581153-4155713,1,B0A30AC946,SKU-0117,ProGrip Stud Finder — Ergonomic Grip & Rust Resistant,1,19.86,0.0,19.86,USD
114-1581153-4155713,2,B0K12NKA8N,SKU-0013,AuroraTech Smart Watch — 30H Battery Life & Bluetooth 5.3,1,83.42,0.0,83.42,USD
114-6444426-1278043,1,B0AZBDRH38,SKU-0086,ProGrip Sticky Notes Pack — Ergonomic & Multipurpose,1,27.71,1.79,25.92,USD
114-6444426-1278043,2,B0A8X9FRKN,SKU-0031,Nordic Home Coffee Grinder — BPA-Free & Premium Finish,1,82.74,0.0,82.74,USD
114-6444426-1278043,3,B02X1DSSZM,SKU-0102,LittleNest Diaper Bag — Hypoallergenic & Easy to Clean,1,13.44,0.0,13.44,USD
114-6444426-1278043,4,B0NL5Q5CZM,SKU-0003,EverPeak USB-C Hub — Water Resistant & HD 1080p,1,110.91,0.0,110.91,USD
114-9471318-7973599,1,B0M2QT36J4,SKU-0010,AuroraTech Portable Charger — Fast Charging & HD 1080p,2,64.56,0.0,129.12,USD
114-9435536-2301306,1,B0ERBP9846,SKU-0033,ZenLife Throw Blanket — BPA-Free & Non-Stick Coating,1,42.34,0.0,42.34,USD
114-9435536-2301306,2,B0GJL7P973,SKU-0045,PureGlo Hair Straightener — Cruelty-Free & Ionic Technology,1,39.53,0.0,39.53,USD
114-9435536-2301306,3,B0NL5Q5CZM,SKU-0003,EverPeak USB-C Hub — Water Resistant & HD 1080p,2,110.91,0.0,221.82,USD
114-1054467-3984141,1,B05P1Y30A5,SKU-0091,PawPals Slow Feeder Bowl — Easy to Clean & Non-Toxic,1,10.4,0.0,10.4,USD
114-8462902-5129209,1,B0YBRGQRFQ,SKU-0110,DriveGuard Car Vacuum — Long Cord & Easy Install,2,18.37,0.0,36.74,USD
114-8462902-5129209,2,B02X1DSSZM,SKU-0102,LittleNest Diaper Bag — Hypoallergenic & Easy to Clean,1,13.44,0.0,13.44,USD
114-8462902-5129209,3,B02T104M25,SKU-0111,DriveGuard Jump Starter — Long Cord & Universal Fit,1,55.67,7.19,48.48,USD
114-6997357-2817908,1,B0PGGKXQ9K,SKU-0093,PawPals Pet Water Fountain — Easy to Clean & Vet Recommended,1,34.22,0.0,34.22,USD
114-6997357-2817908,2,B0R7U9K93R,SKU-0094,PawPals Pet Carrier — Non-Toxic & Durable,1,21.64,0.0,21.64,USD
114-6661219-8316922,1,B0U0VF1HMG,SKU-0040,ZenLife Nail Clipper Set — Gentle Formula & Cruelty-Free,1,24.82,0.0,24.82,USD
114-6661219-8316922,2,B088K2QTZJ,SKU-0007,AuroraTech Car Mount — Bluetooth 5.3 & RGB Backlit,1,52.27,0.0,52.27,USD
114-6661219-8316922,3,B08RJE02WW,SKU-0016,AuroraTech Headphones — Bluetooth 5.3 & Water Resistant,4,87.93,0.0,351.72,USD
114-6661219-8316922,4,B0279XVVC5,SKU-0014,BrightBeam Desk Lamp — RGB Backlit & Noise Cancelling,2,51.35,0.0,102.7,USD
114-2659332-7261430,1,B0671R2A1G,SKU-0012,EverPeak Laptop Stand — Water Resistant & 30H Battery Life,1,63.64,0.0,63.64,USD
114-2659332-7261430,2,B02X1DSSZM,SKU-0102,LittleNest Diaper Bag — Hypoallergenic & Easy to Clean,1,13.44,0.0,13.44,USD
114-5535463-9451978,1,B02X1DSSZM,SKU-0102,LittleNest Diaper Bag — Hypoallergenic & Easy to Clean,3,13.44,0.0,40.32,USD
114-3825424-7915367,1,B05P1Y30A5,SKU-0091,PawPals Slow Feeder Bowl — Easy to Clean & Non-Toxic,1,10.4,0.0,10.4,USD
114-6154357-8312178,1,B0GJL7P973,SKU-0045,PureGlo Hair Straightener — Cruelty-Free & Ionic Technology,1,39.53,4.12,35.41,USD
114-6485289-2707604,1,B0FTQRA6A1,SKU-0109,DriveGuard Dash Cam — Heavy Duty & Easy Install,1,30.93,0.0,30.93,USD
114-4199215-2034085,1,B04ZD4ZURZ,SKU-0103,LittleNest Baby Monitor — Safety Certified & Hypoallergenic,1,31.9,0.0,31.9,USD
114-1207531-3103598,1,B0YXU5G7D1,SKU-0011,BrightBeam Bluetooth Speaker — Fast Charging & Noise Cancelling,1,107.91,0.0,107.91,USD
114-5246950-3666335,1,B0DLXACSTN,SKU-0068,CloudNest Plush Toy — Non-Toxic & Ages 3+,1,21.32,0.0,21.32,USD
114-5246950-3666335,2,B0MVKP1792,SKU-0002,BrightBeam HDMI Cable — Bluetooth 5.3 & HD 1080p,1,63.85,0.0,63.85,USD
114-5246950-3666335,3,B0F635F86R,SKU-0097,PawPals Dog Chew Toys — Durable & Easy to Clean,1,21.36,0.0,21.36,USD
114-7629333-8881363,1,B0HE56LV1G,SKU-0071,KiddoCraft Play Kitchen Set — Interactive & Ages 3+,1,22.81,0.0,22.81,USD
114-7629333-8881363,2,B04Z7XKKST,SKU-0105,LittleNest Swaddle Blankets — BPA-Free & Safety Certified,1,54.16,0.0,54.16,USD
114-7629333-8881363,3,B0ANDXF98K,SKU-0004,AuroraTech WiFi Range Extender — Bluetooth 5.3 & Fast Charging,1,109.5,0.0,109.5,USD
114-1313231-9271947,1,B0A8X9FRKN,SKU-0031,Nordic Home Coffee Grinder — BPA-Free & Premium Finish,1,74.65,0.0,74.65,USD
114-4479052-3984361,1,B05P1Y30A5,SKU-0091,PawPals Slow Feeder Bowl — Easy to Clean & Non-Toxic,1,11.7,0.0,11.7,USD
114-4479052-3984361,2,B0Q85PD1G6,SKU-0018,EverPeak Power Bank — 30H Battery Life & Noise Cancelling,1,17.84,0.0,17.84,USD
114-4479052-3984361,3,B0FPMT2SF9,SKU-0076,CloudNest Science Kit — Educational & Non-Toxic,2,14.63,0.0,29.26,USD
114-4479052-3984361,4,B0N90348CD,SKU-0088,ProGrip Desk Chair Cushion — Multipurpose & Ergonomic,2,19.37,0.0,38.74,USD
114-8155135-9656587,1,B0671R2A1G,SKU-0012,EverPeak Laptop Stand — Water Resistant & 30H Battery Life,2,63.64,0.0,127.28,USD
114-7160857-4947086,1,B0279XVVC5,SKU-0014,BrightBeam Desk Lamp — RGB Backlit & Noise Cancelling,1,51.35,0.0,51.35,USD
114-7160857-4947086,2,B0ANDXF98K,SKU-0004,AuroraTech WiFi Range Extender — Bluetooth 5.3 & Fast Charging,1,109.5,0.0,109.5,USD
114-7290722-1102843,1,B0JH68DJ8G,SKU-0032,UrbanKitchen Blender — Non-Stick Coating & Space Saving,1,26.96,0.0,26.96,USD
114-7981815-7955891,1,B02SLUXEFA,SKU-0038,UrbanKitchen Spice Rack — Easy Clean & Non-Stick Coating,1,44.0,5.64,38.36,USD
114-3732729-7220778,1,B0279XVVC5,SKU-0014,BrightBeam Desk Lamp — RGB Backlit & Noise Cancelling,1,51.35,0.0,51.35,USD
114-3732729-7220778,2,B0MVKP1792,SKU-0002,BrightBeam HDMI Cable — Bluetooth 5.3 & HD 1080p,1,63.85,0.0,63.85,USD
114-3732729-7220778,3,B0U0VF1HMG,SKU-0040,ZenLife Nail Clipper Set — Gentle Formula & Cruelty-Free,1,24.82,0.0,24.82,USD
114-6748291-2799434,1,B0P5FBKME8,SKU-0047,PureGlo Bath Bomb Set — Dermatologist Tested & Gentle Formula,1,29.77,0.0,29.77,USD
114-4982089-9332027,1,B0GKG0B3EA,SKU-0090,PawPals Dog Leash — Easy to Clean & Vet Recommended,2,54.55,0.0,109.1,USD
114-3893887-4631920,1,B0ANDXF98K,SKU-0004,AuroraTech WiFi Range Extender — Bluetooth 5.3 & Fast Charging,1,109.5,0.0,109.5,USD
114-6154085-8434324,1,B02X1DSSZM,SKU-0102,LittleNest Diaper Bag — Hypoallergenic & Easy to Clean,1,13.44,0.0,13.44,USD
114-4648331-2179945,1,B0A30AC946,SKU-0117,ProGrip Stud Finder — Ergonomic Grip & Rust Resistant,2,19.86,0.0,39.72,USD
114-6609114-5352275,1,B055PLDLF8,SKU-0005,BrightBeam Webcam — Compact Design & 30H Battery Life,1,40.21,0.0,40.21,USD
114-6609114-5352275,2,B02X1DSSZM,SKU-0102,LittleNest Diaper Bag — Hypoallergenic & Easy to Clean,1,13.44,0.73,12.71,USD
114-6609114-5352275,3,B0SFWKQDD5,SKU-0022,Nordic Home Plant Pots — Non-Stick Coating & BPA-Free,1,27.96,0.0,27.96,USD
114-6609114-5352275,4,B08UGTRB3Y,SKU-0050,ZenLife Vitamin C Serum — Dermatologist Tested & Long Lasting,1,40.54,0.0,40.54,USD
114-2051615-8123804,1,B0279XVVC5,SKU-0014,BrightBeam Desk Lamp — RGB Backlit & Noise Cancelling,1,51.35,0.0,51.35,USD
114-2051615-8123804,2,B00JXDXVG6,SKU-0095,PawPals Dog Treat Pouch — Easy to Clean & Non-Toxic,1,18.93,0.0,18.93,USD
114-6224220-9314378,1,B0NL5Q5CZM,SKU-0003,EverPeak USB-C Hub — Water Resistant & HD 1080p,1,110.91,0.0,110.91,USD
114-5903912-2854303,1,B0GUBJ397E,SKU-0059,TrailBlaze Yoga Mat — Portable & Lightweight,3,77.84,0.0,233.52,USD
114-5903912-2854303,2,B0ERBP9846,SKU-0033,ZenLife Throw Blanket — BPA-Free & Non-Stick Coating,1,42.34,0.0,42.34,USD
114-5903912-2854303,3,B0NL5Q5CZM,SKU-0003,EverPeak USB-C Hub — Water Resistant & HD 1080p,1,110.91,0.0,110.91,USD
114-5903912-2854303,4,B0DLXACSTN,SKU-0068,CloudNest Plush Toy — Non-Toxic & Ages 3+,1,21.32,0.0,21.32,USD
114-2287737-9770031,1,B05P1Y30A5,SKU-0091,PawPals Slow Feeder Bowl — Easy to Clean & Non-Toxic,2,10.4,0.0,20.8,USD
114-2287737-9770031,2,B0FTQRA6A1,SKU-0109,DriveGuard Dash Cam — Heavy Duty & Easy Install,1,30.93,0.0,30.93,USD
114-2282728-3160782,1,B0NGF9R3E9,SKU-0061,TrailBlaze Cooler Bag — Waterproof & Lightweight,1,82.22,0.0,82.22,USD
114-5243170-6353360,1,B055PLDLF8,SKU-0005,BrightBeam Webcam — Compact Design & 30H Battery Life,1,40.21,0.0,40.21,USD
114-5243170-6353360,2,B0PGGKXQ9K,SKU-0093,PawPals Pet Water Fountain — Easy to Clean & Vet Recommended,1,34.22,0.0,34.22,USD
114-5243170-6353360,3,B0NGF9R3E9,SKU-0061,TrailBlaze Cooler Bag — Waterproof & Lightweight,1,82.22,0.0,82.22,USD
114-5160331-2794212,1,B0279XVVC5,SKU-0014,BrightBeam Desk Lamp — RGB Backlit & Noise Cancelling,1,51.35,0.0,51.35,USD
114-1553114-7068270,1,B0SQ7F7BFE,SKU-0057,TrailBlaze Dumbbell Set — Waterproof & Portable,1,46.37,4.22,42.15,USD
114-1553114-7068270,2,B0TXQ65ZFV,SKU-0087,WriteWell Desk Organizer — Ergonomic & Multipurpose,1,21.66,0.0,21.66,USD
114-2253315-6957849,1,B0QKGVBY0X,SKU-0108,LittleNest Baby Bottle Set — BPA-Free & Hypoallergenic,1,32.0,0.0,32.0,USD
114-1604167-8552693,1,B0NGF9R3E9,SKU-0061,TrailBlaze Cooler Bag — Waterproof & Lightweight,1,82.22,0.0,82.22,USD
114-1604167-8552693,2,B0N90348CD,SKU-0088,ProGrip Desk Chair Cushion — Multipurpose & Ergonomic,3,17.61,0.0,52.83,USD
114-2775920-1524851,1,B02T104M25,SKU-0111,DriveGuard Jump Starter — Long Cord & Universal Fit,1,55.67,0.0,55.67,USD
114-2775920-1524851,2,B0MVKP1792,SKU-0002,BrightBeam HDMI Cable — Bluetooth 5.3 & HD 1080p,1,63.85,3.99,59.86,USD
114-9250720-1262129,1,B0CWALEK2Y,SKU-0036,ZenLife Air Fryer — Dishwasher Safe & Non-Stick Coating,1,19.47,0.0,19.47,USD
114-9250720-1262129,2,B08UGTRB3Y,SKU-0050,ZenLife Vitamin C Serum — Dermatologist Tested & Long Lasting,1,40.54,0.0,40.54,USD
114-1994790-5341292,1,B0ZWX7WPK9,SKU-0114,DriveGuard Seat Covers — Universal Fit & Heavy Duty,1,19.42,0.0,19.42,USD
114-1994790-5341292,2,B0HE56LV1G,SKU-0071,KiddoCraft Play Kitchen Set — Interactive & Ages 3+,1,22.81,0.0,22.81,USD
114-1994790-5341292,3,B0FKKPVMZA,SKU-0065,TrailBlaze Foam Roller — Heavy Duty & Anti-Slip,1,52.95,0.0,52.95,USD
114-7311721-8099188,1,B0QKGVBY0X,SKU-0108,LittleNest Baby Bottle Set — BPA-Free & Hypoallergenic,1,32.0,0.0,32.0,USD
114-4818153-9613865,1,B02T104M25,SKU-0111,DriveGuard Jump Starter — Long Cord & Universal Fit,1,55.67,0.0,55.67,USD
114-4818153-9613865,2,B0E48MCY15,SKU-0079,WriteWell Label Maker — Durable & Multipurpose,1,49.25,0.0,49.25,USD
114-4215341-1993007,1,B0M9299AJ4,SKU-0024,ZenLife Electric Kettle — Non-Stick Coating & Space Saving,1,46.0,0.0,46.0,USD
114-8779870-7160656,1,B00EGECWF5,SKU-0030,ZenLife Laundry Hamper — Dishwasher Safe & Premium Finish,2,68.26,0.0,136.52,USD
114-8868449-5966358,1,B0279XVVC5,SKU-0014,BrightBeam Desk Lamp — RGB Backlit & Noise Cancelling,1,51.35,0.0,51.35,USD
114-8868449-5966358,2,B06AZNEH47,SKU-0008,BrightBeam Mechanical Keyboard — 30H Battery Life & Water Resistant,1,75.67,0.0,75.67,USD
114-1453303-3307012,1,B0AZBDRH38,SKU-0086,ProGrip Sticky Notes Pack — Ergonomic & Multipurpose,1,29.73,0.0,29.73,USD
114-1453303-3307012,2,B0279XVVC5,SKU-0014,BrightBeam Desk Lamp — RGB Backlit & Noise Cancelling,1,51.35,6.03,45.32,USD
114-5099412-7132699,1,B088K2QTZJ,SKU-0007,AuroraTech Car Mount — Bluetooth 5.3 & RGB Backlit,1,52.27,0.0,52.27,USD
114-3376812-7930451,1,B0NKTX370W,SKU-0051,PureGlo Shampoo & Conditioner — Gentle Formula & Ionic Technology,1,12.23,0.0,12.23,USD
114-7186497-2007074,1,B0AZBDRH38,SKU-0086,ProGrip Sticky Notes Pack — Ergonomic & Multipurpose,1,27.71,0.0,27.71,USD
114-7186497-2007074,2,B0ZWX7WPK9,SKU-0114,DriveGuard Seat Covers — Universal Fit & Heavy Duty,1,19.42,0.0,19.42,USD
114-7186497-2007074,3,B0K12NKA8N,SKU-0013,AuroraTech Smart Watch — 30H Battery Life & Bluetooth 5.3,2,83.42,0.0,166.84,USD
114-3875528-9522547,1,B0NL5Q5CZM,SKU-0003,EverPeak USB-C Hub — Water Resistant & HD 1080p,1,110.91,0.0,110.91,USD
114-4553726-7051746,1,B0671R2A1G,SKU-0012,EverPeak Laptop Stand — Water Resistant & 30H Battery Life,1,63.64,0.0,63.64,USD
114-7551810-5438300,1,B0NKTX370W,SKU-0051,PureGlo Shampoo & Conditioner — Gentle Formula & Ionic Technology,1,12.23,0.0,12.23,USD
114-8675147-7109497,1,B02X1DSSZM,SKU-0102,LittleNest Diaper Bag — Hypoallergenic & Easy to Clean,2,13.44,0.0,26.88,USD
114-8675147-7109497,2,B02LTJA2NA,SKU-0078,CloudNest Dollhouse — Ages 3+ & Interactive,1,41.1,0.0,41.1,USD
114-1408647-8848188,1,B0279XVVC5,SKU-0014,BrightBeam Desk Lamp — RGB Backlit & Noise Cancelling,1,51.35,0.0,51.35,USD
114-4733815-3371215,1,B0PAU2ZN1D,SKU-0113,DriveGuard Car Organizer — Heavy Duty & Easy Install,1,24.69,0.0,24.69,USD
114-7614280-1952471,1,B0TXQ65ZFV,SKU-0087,WriteWell Desk Organizer — Ergonomic & Multipurpose,1,21.66,0.0,21.66,USD
114-5486857-3592999,1,B08UGTRB3Y,SKU-0050,ZenLife Vitamin C Serum — Dermatologist Tested & Long Lasting,1,40.54,0.0,40.54,USD
114-5486857-3592999,2,B0TURPLSHH,SKU-0100,PawPals Automatic Pet Feeder — Easy to Clean & Vet Recommended,1,43.13,0.0,43.13,USD
114-5486857-3592999,3,B0HE56LV1G,SKU-0071,KiddoCraft Play Kitchen Set — Interactive & Ages 3+,1,22.81,0.0,22.81,USD
114-5486857-3592999,4,B0FTQRA6A1,SKU-0109,DriveGuard Dash Cam — Heavy Duty & Easy Install,1,30.93,0.0,30.93,USD
114-4238768-2831981,1,B02X1DSSZM,SKU-0102,LittleNest Diaper Bag — Hypoallergenic & Easy to Clean,1,13.44,0.0,13.44,USD
114-4238768-2831981,2,B0NKTX370W,SKU-0051,PureGlo Shampoo & Conditioner — Gentle Formula & Ionic Technology,2,11.33,0.0,22.66,USD
114-4238768-2831981,3,B08H6XVAML,SKU-0006,EverPeak Gaming Mouse — RGB Backlit & Compact Design,1,88.7,0.0,88.7,USD
114-7500548-2717350,1,B0TXQ65ZFV,SKU-0087,WriteWell Desk Organizer — Ergonomic & Multipurpose,3,21.66,0.0,64.98,USD
114-7337981-4882352,1,B02T104M25,SKU-0111,DriveGuard Jump Starter — Long Cord & Universal Fit,1,55.67,0.0,55.67,USD
114-5898168-6679255,1,B05P1Y30A5,SKU-0091,PawPals Slow Feeder Bowl — Easy to Clean & Non-Toxic,1,10.4,0.0,10.4,USD
114-4526499-6340952,1,B0A30AC946,SKU-0117,ProGrip Stud Finder — Ergonomic Grip & Rust Resistant,1,19.86,0.0,19.86,USD
114-4526499-6340952,2,B08B0R5CPH,SKU-0062,EverPeak Kayak Paddle — Heavy Duty & Portable,3,78.93,0.0,236.79,USD
114-4526499-6340952,3,B0PGGKXQ9K,SKU-0093,PawPals Pet Water Fountain — Easy to Clean & Vet Recommended,1,34.22,0.0,34.22,USD
114-1023742-9216089,1,B0M6YEW145,SKU-0083,WriteWell Standing Desk Converter — Durable & Multipurpose,1,9.99,0.0,9.99,USD
114-1023742-9216089,2,B0ZWX7WPK9,SKU-0114,DriveGuard Seat Covers — Universal Fit & Heavy Duty,1,19.42,0.0,19.42,USD
114-1023742-9216089,3,B0N90348CD,SKU-0088,ProGrip Desk Chair Cushion — Multipurpose & Ergonomic,1,17.61,0.0,17.61,USD
114-5171258-2868960,1,B09V1N9TED,SKU-0077,KiddoCraft Puzzle Set — Non-Toxic & STEM Learning,1,29.15,0.0,29.15,USD
114-4908064-8836178,1,B0TJL2AZQH,SKU-0082,ProGrip File Folders — Ergonomic & Multipurpose,1,48.76,0.0,48.76,USD
114-4908064-8836178,2,B0A30AC946,SKU-0117,ProGrip Stud Finder — Ergonomic Grip & Rust Resistant,2,19.86,0.0,39.72,USD
114-4908064-8836178,3,B0QKGVBY0X,SKU-0108,LittleNest Baby Bottle Set — BPA-Free & Hypoallergenic,1,32.0,0.0,32.0,USD
114-4908064-8836178,4,B0A8X9FRKN,SKU-0031,Nordic Home Coffee Grinder — BPA-Free & Premium Finish,2,82.74,0.0,165.48,USD
114-4908064-8836178,5,B055PLDLF8,SKU-0005,BrightBeam Webcam — Compact Design & 30H Battery Life,1,40.21,0.0,40.21,USD
114-1986368-8920000,1,B0EGZYNSAE,SKU-0106,LittleNest Baby Bath Tub — Hypoallergenic & Safety Certified,3,25.43,0.0,76.29,USD
114-6424896-7937827,1,B02X1DSSZM,SKU-0102,LittleNest Diaper Bag — Hypoallergenic & Easy to Clean,1,13.44,0.0,13.44,USD
114-6424896-7937827,2,B0FTQRA6A1,SKU-0109,DriveGuard Dash Cam — Heavy Duty & Easy Install,1,30.93,0.0,30.93,USD
114-6424896-7937827,3,B0QKGVBY0X,SKU-0108,LittleNest Baby Bottle Set — BPA-Free & Hypoallergenic,1,32.0,0.0,32.0,USD
114-1951051-8280452,1,B0YXU5G7D1,SKU-0011,BrightBeam Bluetooth Speaker — Fast Charging & Noise Cancelling,1,107.91,0.0,107.91,USD
114-8100065-9281651,1,B0TXQ65ZFV,SKU-0087,WriteWell Desk Organizer — Ergonomic & Multipurpose,1,21.66,0.0,21.66,USD
114-5977397-8344026,1,B0P5FBKME8,SKU-0047,PureGlo Bath Bomb Set — Dermatologist Tested & Gentle Formula,1,31.59,0.0,31.59,USD
114-3253741-1660353,1,B0F635F86R,SKU-0097,PawPals Dog Chew Toys — Durable & Easy to Clean,1,21.36,0.0,21.36,USD
114-3253741-1660353,2,B0PF199V27,SKU-0037,Nordic Home Utensil Set — Non-Stick Coating & BPA-Free,1,62.82,0.0,62.82,USD
114-4375409-5807265,1,B0QKGVBY0X,SKU-0108,LittleNest Baby Bottle Set — BPA-Free & Hypoallergenic,3,32.0,0.0,96.0,USD
114-4375409-5807265,2,B0SQ7F7BFE,SKU-0057,TrailBlaze Dumbbell Set — Waterproof & Portable,2,46.37,0.0,92.74,USD
114-7038155-9940552,1,B0NL5Q5CZM,SKU-0003,EverPeak USB-C Hub — Water Resistant & HD 1080p,2,103.75,0.0,207.5,USD
114-7038155-9940552,2,B0AZBDRH38,SKU-0086,ProGrip Sticky Notes Pack — Ergonomic & Multipurpose,1,27.71,0.0,27.71,USD
114-8550026-6318899,1,B0E48MCY15,SKU-0079,WriteWell Label Maker — Durable & Multipurpose,2,49.25,0.0,98.5,USD
114-5339934-5141418,1,B01CQYLRS7,SKU-0070,CloudNest Art Supplies Kit — STEM Learning & Interactive,1,13.62,0.0,13.62,USD
114-3993629-8249594,1,B0F635F86R,SKU-0097,PawPals Dog Chew Toys — Durable & Easy to Clean,3,21.36,0.0,64.08,USD
114-3993629-8249594,2,B0ZWX7WPK9,SKU-0114,DriveGuard Seat Covers — Universal Fit & Heavy Duty,1,19.42,0.0,19.42,USD
114-3993629-8249594,3,B0TXQ65ZFV,SKU-0087,WriteWell Desk Organizer — Ergonomic & Multipurpose,1,21.66,0.0,21.66,USD
114-3993629-8249594,4,B0J9HPEX6X,SKU-0112,DriveGuard Tire Pressure Gauge — Long Cord & Heavy Duty,4,34.7,0.0,138.8,USD
114-3993629-8249594,5,B0M2QT36J4,SKU-0010,AuroraTech Portable Charger — Fast Charging & HD 1080p,1,64.56,0.0,64.56,USD
114-6854013-2931710,1,B0P5FBKME8,SKU-0047,PureGlo Bath Bomb Set — Dermatologist Tested & Gentle Formula,1,29.77,0.0,29.77,USD
114-4571154-7832762,1,B0FTQRA6A1,SKU-0109,DriveGuard Dash Cam — Heavy Duty & Easy Install,1,30.93,0.0,30.93,USD
114-9650043-6422015,1,B0NQJ9A5QP,SKU-0081,WriteWell Paper Shredder — Ergonomic & Space Saving,1,11.7,0.0,11.7,USD
114-9650043-6422015,2,B04Z7XKKST,SKU-0105,LittleNest Swaddle Blankets — BPA-Free & Safety Certified,1,54.16,0.0,54.16,USD
114-2666198-5664006,1,B0PGGKXQ9K,SKU-0093,PawPals Pet Water Fountain — Easy to Clean & Vet Recommended,2,34.22,0.0,68.44,USD
114-2666198-5664006,2,B0ANDXF98K,SKU-0004,AuroraTech WiFi Range Extender — Bluetooth 5.3 & Fast Charging,1,109.5,0.0,109.5,USD
114-7401792-4999043,1,B0FTQRA6A1,SKU-0109,DriveGuard Dash Cam — Heavy Duty & Easy Install,1,30.93,0.0,30.93,USD
114-7401792-4999043,2,B0QKGVBY0X,SKU-0108,LittleNest Baby Bottle Set — BPA-Free & Hypoallergenic,1,32.0,0.0,32.0,USD
114-7401792-4999043,3,B05P1Y30A5,SKU-0091,PawPals Slow Feeder Bowl — Easy to Clean & Non-Toxic,1,10.4,0.0,10.4,USD
114-9379755-6160775,1,B0M6YEW145,SKU-0083,WriteWell Standing Desk Converter — Durable & Multipurpose,1,10.68,0.0,10.68,USD
114-9379755-6160775,2,B0M9299AJ4,SKU-0024,ZenLife Electric Kettle — Non-Stick Coating & Space Saving,1,46.0,0.0,46.0,USD
114-9379755-6160775,3,B0CYFJJNVP,SKU-0092,PawPals Pet Grooming Brush — Vet Recommended & Non-Toxic,1,42.18,0.0,42.18,USD
114-9793825-3671185,1,B02X1DSSZM,SKU-0102,LittleNest Diaper Bag — Hypoallergenic & Easy to Clean,1,13.44,0.0,13.44,USD
114-5338042-6890588,1,B04ZD4ZURZ,SKU-0103,LittleNest Baby Monitor — Safety Certified & Hypoallergenic,1,31.9,0.0,31.9,USD
114-8007671-4870054,1,B0CWALEK2Y,SKU-0036,ZenLife Air Fryer — Dishwasher Safe & Non-Stick Coating,2,19.47,0.0,38.94,USD
114-8007671-4870054,2,B0NKTX370W,SKU-0051,PureGlo Shampoo & Conditioner — Gentle Formula & Ionic Technology,3,11.33,0.0,33.99,USD
114-8007671-4870054,3,B0P5FBKME8,SKU-0047,PureGlo Bath Bomb Set — Dermatologist Tested & Gentle Formula,1,31.59,0.0,31.59,USD
114-7611043-1786330,1,B0U0VF1HMG,SKU-0040,ZenLife Nail Clipper Set — Gentle Formula & Cruelty-Free,1,28.36,0.0,28.36,USD
114-7611043-1786330,2,B0M1WJMA8T,SKU-0085,WriteWell Planner Notebook — Ergonomic & Multipurpose,2,8.44,0.0,16.88,USD
114-9714211-9306532,1,B01U2VVLHF,SKU-0066,EverPeak Water Bottle — Portable & Waterproof,1,66.14,0.0,66.14,USD
114-9714211-9306532,2,B0ERBP9846,SKU-0033,ZenLife Throw Blanket — BPA-Free & Non-Stick Coating,1,42.34,0.0,42.34,USD
114-9714211-9306532,3,B0A8X9FRKN,SKU-0031,Nordic Home Coffee Grinder — BPA-Free & Premium Finish,1,82.74,0.0,82.74,USD
114-9714211-9306532,4,B0YXU5G7D1,SKU-0011,BrightBeam Bluetooth Speaker — Fast Charging & Noise Cancelling,1,107.91,0.0,107.91,USD
114-9714211-9306532,5,B08UGTRB3Y,SKU-0050,ZenLife Vitamin C Serum — Dermatologist Tested & Long Lasting,1,40.54,0.0,40.54,USD
114-9714211-9306532,6,B0N90348CD,SKU-0088,ProGrip Desk Chair Cushion — Multipurpose & Ergonomic,1,17.61,2.29,15.32,USD
114-5123067-3721719,1,B0279XVVC5,SKU-0014,BrightBeam Desk Lamp — RGB Backlit & Noise Cancelling,1,51.35,0.0,51.35,USD
114-9528030-5409809,1,B0U0VF1HMG,SKU-0040,ZenLife Nail Clipper Set — Gentle Formula & Cruelty-Free,1,24.82,0.0,24.82,USD
114-2255266-5638566,1,B05P1Y30A5,SKU-0091,PawPals Slow Feeder Bowl — Easy to Clean & Non-Toxic,1,8.78,0.0,8.78,USD
114-8655050-2493042,1,B0FTQRA6A1,SKU-0109,DriveGuard Dash Cam — Heavy Duty & Easy Install,1,30.93,0.0,30.93,USD
114-8655050-2493042,2,B0NKTX370W,SKU-0051,PureGlo Shampoo & Conditioner — Gentle Formula & Ionic Technology,1,11.33,0.0,11.33,USD
114-8655050-2493042,3,B0EGZYNSAE,SKU-0106,LittleNest Baby Bath Tub — Hypoallergenic & Safety Certified,1,25.43,0.0,25.43,USD
114-8655050-2493042,4,B0AZBDRH38,SKU-0086,ProGrip Sticky Notes Pack — Ergonomic & Multipurpose,1,27.71,0.0,27.71,USD
114-7494032-1770246,1,B0F635F86R,SKU-0097,PawPals Dog Chew Toys — Durable & Easy to Clean,1,21.36,0.0,21.36,USD
114-7494032-1770246,2,B0FTQRA6A1,SKU-0109,DriveGuard Dash Cam — Heavy Duty & Easy Install,3,30.93,0.0,92.79,USD
114-7494032-1770246,3,B0NKTX370W,SKU-0051,PureGlo Shampoo & Conditioner — Gentle Formula & Ionic Technology,1,11.33,0.0,11.33,USD
114-7494032-1770246,4,B00EGECWF5,SKU-0030,ZenLife Laundry Hamper — Dishwasher Safe & Premium Finish,2,68.26,0.0,136.52,USD
114-7494032-1770246,5,B08UGTRB3Y,SKU-0050,ZenLife Vitamin C Serum — Dermatologist Tested & Long Lasting,1,40.54,0.0,40.54,USD
114-7494032-1770246,6,B0NQJ9A5QP,SKU-0081,WriteWell Paper Shredder — Ergonomic & Space Saving,2,15.31,0.0,30.62,USD
114-1815567-2517597,1,B02X1DSSZM,SKU-0102,LittleNest Diaper Bag — Hypoallergenic & Easy to Clean,1,13.44,0.0,13.44,USD
114-1815567-2517597,2,B0NQJ9A5QP,SKU-0081,WriteWell Paper Shredder — Ergonomic & Space Saving,2,11.7,0.0,23.4,USD
114-1815567-2517597,3,B0NL5Q5CZM,SKU-0003,EverPeak USB-C Hub — Water Resistant & HD 1080p,2,110.91,0.0,221.82,USD
114-3083730-7129228,1,B0PGGKXQ9K,SKU-0093,PawPals Pet Water Fountain — Easy to Clean & Vet Recommended,1,34.22,0.0,34.22,USD
114-3083730-7129228,2,B0P5FBKME8,SKU-0047,PureGlo Bath Bomb Set — Dermatologist Tested & Gentle Formula,1,31.59,0.0,31.59,USD
114-3083730-7129228,3,B04ZD4ZURZ,SKU-0103,LittleNest Baby Monitor — Safety Certified & Hypoallergenic,1,31.9,0.0,31.9,USD
114-6919121-1611857,1,B0PF199V27,SKU-0037,Nordic Home Utensil Set — Non-Stick Coating & BPA-Free,1,62.82,0.0,62.82,USD
114-9842479-5761675,1,B0JH68DJ8G,SKU-0032,UrbanKitchen Blender — Non-Stick Coating & Space Saving,1,25.59,0.0,25.59,USD
114-4562779-5139809,1,B0NQJ9A5QP,SKU-0081,WriteWell Paper Shredder — Ergonomic & Space Saving,1,15.31,0.0,15.31,USD
114-4562779-5139809,2,B0FKKPVMZA,SKU-0065,TrailBlaze Foam Roller — Heavy Duty & Anti-Slip,1,52.95,0.0,52.95,USD
114-4562779-5139809,3,B06AZNEH47,SKU-0008,BrightBeam Mechanical Keyboard — 30H Battery Life & Water Resistant,2,75.67,14.9,136.44,USD
114-5052136-3167929,1,B0NKTX370W,SKU-0051,PureGlo Shampoo & Conditioner — Gentle Formula & Ionic Technology,1,11.33,0.0,11.33,USD
114-6663203-6376940,1,B0671R2A1G,SKU-0012,EverPeak Laptop Stand — Water Resistant & 30H Battery Life,1,63.64,0.0,63.64,USD
114-6663203-6376940,2,B0P5FBKME8,SKU-0047,PureGlo Bath Bomb Set — Dermatologist Tested & Gentle Formula,1,29.77,0.0,29.77,USD
114-6663203-6376940,3,B08UGTRB3Y,SKU-0050,ZenLife Vitamin C Serum — Dermatologist Tested & Long Lasting,2,40.54,0.0,81.08,USD
114-6663203-6376940,4,B0U0VF1HMG,SKU-0040,ZenLife Nail Clipper Set — Gentle Formula & Cruelty-Free,1,28.36,0.0,28.36,USD
114-4484528-5272877,1,B0M6YEW145,SKU-0083,WriteWell Standing Desk Converter — Durable & Multipurpose,1,10.68,0.0,10.68,USD
114-8490408-8938211,1,B088K2QTZJ,SKU-0007,AuroraTech Car Mount — Bluetooth 5.3 & RGB Backlit,2,52.27,0.0,104.54,USD
114-6815610-5067139,1,B055PLDLF8,SKU-0005,BrightBeam Webcam — Compact Design & 30H Battery Life,1,40.21,0.0,40.21,USD
114-6815610-5067139,2,B0JH68DJ8G,SKU-0032,UrbanKitchen Blender — Non-Stick Coating & Space Saving,1,26.96,0.0,26.96,USD
114-6455993-2490530,1,B0M9299AJ4,SKU-0024,ZenLife Electric Kettle — Non-Stick Coating & Space Saving,1,46.0,0.0,46.0,USD
114-8019638-2558682,1,B0R5E97R3C,SKU-0001,AuroraTech Smart Plug — Noise Cancelling & HD 1080p,2,89.73,0.0,179.46,USD
114-8019638-2558682,2,B0NL5Q5CZM,SKU-0003,EverPeak USB-C Hub — Water Resistant & HD 1080p,1,110.91,0.0,110.91,USD
114-8019638-2558682,3,B0J4AJH5Y5,SKU-0084,ProGrip Monitor Stand — Space Saving & Multipurpose,1,57.15,0.0,57.15,USD
114-8019638-2558682,4,B0YXU5G7D1,SKU-0011,BrightBeam Bluetooth Speaker — Fast Charging & Noise Cancelling,2,107.91,0.0,215.82,USD
114-2785491-1945869,1,B0NL5Q5CZM,SKU-0003,EverPeak USB-C Hub — Water Resistant & HD 1080p,1,110.91,6.21,104.7,USD
114-8115696-8983343,1,B0DLXACSTN,SKU-0068,CloudNest Plush Toy — Non-Toxic & Ages 3+,1,21.32,0.0,21.32,USD
114-4633913-4694667,1,B0ZWX7WPK9,SKU-0114,DriveGuard Seat Covers — Universal Fit & Heavy Duty,2,19.42,0.0,38.84,USD
114-4633913-4694667,2,B0TXQ65ZFV,SKU-0087,WriteWell Desk Organizer — Ergonomic & Multipurpose,2,21.66,0.0,43.32,USD
114-8810454-6244702,1,B0A30AC946,SKU-0117,ProGrip Stud Finder — Ergonomic Grip & Rust Resistant,1,19.86,0.0,19.86,USD
114-7055412-7851615,1,B0YBRGQRFQ,SKU-0110,DriveGuard Car Vacuum — Long Cord & Easy Install,1,18.37,0.0,18.37,USD
114-7055412-7851615,2,B0Q85PD1G6,SKU-0018,EverPeak Power Bank — 30H Battery Life & Noise Cancelling,1,17.84,0.0,17.84,USD
114-7055412-7851615,3,B08RJE02WW,SKU-0016,AuroraTech Headphones — Bluetooth 5.3 & Water Resistant,1,87.93,0.0,87.93,USD
114-3145504-6470508,1,B0J4AJH5Y5,SKU-0084,ProGrip Monitor Stand — Space Saving & Multipurpose,1,57.15,0.0,57.15,USD
114-3145504-6470508,2,B04ZD4ZURZ,SKU-0103,LittleNest Baby Monitor — Safety Certified & Hypoallergenic,1,31.9,1.82,30.08,USD
114-3145504-6470508,3,B0279XVVC5,SKU-0014,BrightBeam Desk Lamp — RGB Backlit & Noise Cancelling,1,51.35,0.0,51.35,USD
114-2299872-4702383,1,B0F635F86R,SKU-0097,PawPals Dog Chew Toys — Durable & Easy to Clean,1,21.36,0.0,21.36,USD
114-7195501-1552596,1,B02LTJA2NA,SKU-0078,CloudNest Dollhouse — Ages 3+ & Interactive,1,41.1,0.0,41.1,USD
114-7195501-1552596,2,B0FTQRA6A1,SKU-0109,DriveGuard Dash Cam — Heavy Duty & Easy Install,1,30.93,0.0,30.93,USD
114-7195501-1552596,3,B09V1N9TED,SKU-0077,KiddoCraft Puzzle Set — Non-Toxic & STEM Learning,1,29.15,3.05,26.1,USD
114-7195501-1552596,4,B0MVKP1792,SKU-0002,BrightBeam HDMI Cable — Bluetooth 5.3 & HD 1080p,1,63.85,0.0,63.85,USD
114-1403445-1843850,1,B0P5FBKME8,SKU-0047,PureGlo Bath Bomb Set — Dermatologist Tested & Gentle Formula,1,29.77,0.0,29.77,USD
114-6189138-4529282,1,B0FTQRA6A1,SKU-0109,DriveGuard Dash Cam — Heavy Duty & Easy Install,1,30.93,0.0,30.93,USD
114-6189138-4529282,2,B0R5E97R3C,SKU-0001,AuroraTech Smart Plug — Noise Cancelling & HD 1080p,1,89.73,0.0,89.73,USD
114-3455225-4535213,1,B0SFWKQDD5,SKU-0022,Nordic Home Plant Pots — Non-Stick Coating & BPA-Free,3,27.96,0.0,83.88,USD
114-8945297-1920267,1,B0TXQ65ZFV,SKU-0087,WriteWell Desk Organizer — Ergonomic & Multipurpose,1,21.66,0.0,21.66,USD
114-8945297-1920267,2,B0WKPVSC0B,SKU-0025,Nordic Home Tea Infuser — Non-Stick Coating & Dishwasher Safe,1,43.18,0.0,43.18,USD
114-7481628-2458512,1,B0HE56LV1G,SKU-0071,KiddoCraft Play Kitchen Set — Interactive & Ages 3+,1,22.81,0.0,22.81,USD
114-3842237-5560703,1,B0TXQ65ZFV,SKU-0087,WriteWell Desk Organizer — Ergonomic & Multipurpose,1,21.66,0.0,21.66,USD
114-3842237-5560703,2,B0TURPLSHH,SKU-0100,PawPals Automatic Pet Feeder — Easy to Clean & Vet Recommended,1,43.13,0.0,43.13,USD
114-6028059-5581399,1,B0DDA4EXPW,SKU-0020,UrbanKitchen Knife Set — Easy Clean & BPA-Free,1,59.84,5.36,54.48,USD
114-6028059-5581399,2,B055PLDLF8,SKU-0005,BrightBeam Webcam — Compact Design & 30H Battery Life,1,40.21,0.0,40.21,USD
114-4414013-9287266,1,B02X1DSSZM,SKU-0102,LittleNest Diaper Bag — Hypoallergenic & Easy to Clean,1,13.44,0.0,13.44,USD
114-4414013-9287266,2,B055PLDLF8,SKU-0005,BrightBeam Webcam — Compact Design & 30H Battery Life,2,40.21,7.12,73.3,USD
114-5034253-2667758,1,B04ZD4ZURZ,SKU-0103,LittleNest Baby Monitor — Safety Certified & Hypoallergenic,1,31.9,0.0,31.9,USD
114-2334618-3817927,1,B08UGTRB3Y,SKU-0050,ZenLife Vitamin C Serum — Dermatologist Tested & Long Lasting,2,40.54,0.0,81.08,USD
114-2334618-3817927,2,B0279XVVC5,SKU-0014,BrightBeam Desk Lamp — RGB Backlit & Noise Cancelling,1,51.35,6.92,44.43,USD
114-7691642-1230539,1,B09D2WWZK5,SKU-0118,EverPeak Cordless Drill — Cordless & High Torque,3,18.98,0.0,56.94,USD
114-7691642-1230539,2,B00JXDXVG6,SKU-0095,PawPals Dog Treat Pouch — Easy to Clean & Non-Toxic,1,18.93,0.0,18.93,USD
114-5314741-4669487,1,B0CWALEK2Y,SKU-0036,ZenLife Air Fryer — Dishwasher Safe & Non-Stick Coating,1,19.47,0.0,19.47,USD
114-5314741-4669487,2,B05P1Y30A5,SKU-0091,PawPals Slow Feeder Bowl — Easy to Clean & Non-Toxic,3,10.4,3.79,27.41,USD
114-5314741-4669487,3,B0936760J9,SKU-0034,Nordic Home Shower Caddy — Easy Clean & Non-Stick Coating,1,25.31,2.49,22.82,USD
114-1781600-4983170,1,B0FPMT2SF9,SKU-0076,CloudNest Science Kit — Educational & Non-Toxic,1,14.63,0.0,14.63,USD
114-1781600-4983170,2,B0CYFJJNVP,SKU-0092,PawPals Pet Grooming Brush — Vet Recommended & Non-Toxic,1,42.18,0.0,42.18,USD
114-1781600-4983170,3,B0JH68DJ8G,SKU-0032,UrbanKitchen Blender — Non-Stick Coating & Space Saving,1,25.59,0.0,25.59,USD
114-3985479-5450972,1,B085JJ3ZXF,SKU-0041,PureGlo Electric Toothbrush — Long Lasting & Dermatologist Tested,1,45.38,0.0,45.38,USD
114-3985479-5450972,2,B05P1Y30A5,SKU-0091,PawPals Slow Feeder Bowl — Easy to Clean & Non-Toxic,1,11.7,0.78,10.92,USD
114-5867630-3778714,1,B0HE56LV1G,SKU-0071,KiddoCraft Play Kitchen Set — Interactive & Ages 3+,1,22.81,0.0,22.81,USD
114-5867630-3778714,2,B0MVKP1792,SKU-0002,BrightBeam HDMI Cable — Bluetooth 5.3 & HD 1080p,1,63.85,0.0,63.85,USD
114-5867630-3778714,3,B00JXDXVG6,SKU-0095,PawPals Dog Treat Pouch — Easy to Clean & Non-Toxic,4,18.93,0.0,75.72,USD
114-1118435-4011818,1,B00JXDXVG6,SKU-0095,PawPals Dog Treat Pouch — Easy to Clean & Non-Toxic,1,18.93,0.0,18.93,USD
114-1118435-4011818,2,B0NKTX370W,SKU-0051,PureGlo Shampoo & Conditioner — Gentle Formula & Ionic Technology,1,11.33,0.0,11.33,USD
114-1118435-4011818,3,B0Q85PD1G6,SKU-0018,EverPeak Power Bank — 30H Battery Life & Noise Cancelling,1,17.84,0.0,17.84,USD
114-1200078-7056809,1,B0U0VF1HMG,SKU-0040,ZenLife Nail Clipper Set — Gentle Formula & Cruelty-Free,1,24.82,0.0,24.82,USD
114-7926648-9210573,1,B0SQ7F7BFE,SKU-0057,TrailBlaze Dumbbell Set — Waterproof & Portable,1,46.37,0.0,46.37,USD
114-5573497-5934437,1,B0R5E97R3C,SKU-0001,AuroraTech Smart Plug — Noise Cancelling & HD 1080p,1,89.73,0.0,89.73,USD
114-5573497-5934437,2,B0HE56LV1G,SKU-0071,KiddoCraft Play Kitchen Set — Interactive & Ages 3+,1,22.81,0.0,22.81,USD
114-2976437-4963753,1,B04ZD4ZURZ,SKU-0103,LittleNest Baby Monitor — Safety Certified & Hypoallergenic,1,31.9,0.0,31.9,USD
114-1663375-7104838,1,B0TXQ65ZFV,SKU-0087,WriteWell Desk Organizer — Ergonomic & Multipurpose,1,21.66,0.0,21.66,USD
114-1822483-7591382,1,B0NKTX370W,SKU-0051,PureGlo Shampoo & Conditioner — Gentle Formula & Ionic Technology,1,12.23,0.0,12.23,USD
114-5271754-1939699,1,B0FPMT2SF9,SKU-0076,CloudNest Science Kit — Educational & Non-Toxic,1,14.63,0.0,14.63,USD
114-5271754-1939699,2,B0ANDXF98K,SKU-0004,AuroraTech WiFi Range Extender — Bluetooth 5.3 & Fast Charging,1,109.5,0.0,109.5,USD
114-6624867-7826219,1,B0ANDXF98K,SKU-0004,AuroraTech WiFi Range Extender — Bluetooth 5.3 & Fast Charging,2,109.5,0.0,219.0,USD
114-3571587-2586409,1,B04Z7XKKST,SKU-0105,LittleNest Swaddle Blankets — BPA-Free & Safety Certified,1,47.89,0.0,47.89,USD
114-3571587-2586409,2,B0FKKPVMZA,SKU-0065,TrailBlaze Foam Roller — Heavy Duty & Anti-Slip,1,52.95,6.38,46.57,USD
114-3571587-2586409,3,B02X1DSSZM,SKU-0102,LittleNest Diaper Bag — Hypoallergenic & Easy to Clean,1,13.44,0.0,13.44,USD
114-4180902-3495920,1,B0K12NKA8N,SKU-0013,AuroraTech Smart Watch — 30H Battery Life & Bluetooth 5.3,1,83.42,0.0,83.42,USD
114-4180902-3495920,2,B00EGECWF5,SKU-0030,ZenLife Laundry Hamper — Dishwasher Safe & Premium Finish,1,68.26,0.0,68.26,USD
114-4190596-4606435,1,B0R5E97R3C,SKU-0001,AuroraTech Smart Plug — Noise Cancelling & HD 1080p,1,89.73,0.0,89.73,USD
114-4190596-4606435,2,B0N90348CD,SKU-0088,ProGrip Desk Chair Cushion — Multipurpose & Ergonomic,1,19.37,0.0,19.37,USD
114-6172999-7444535,1,B0NQJ9A5QP,SKU-0081,WriteWell Paper Shredder — Ergonomic & Space Saving,1,11.7,0.0,11.7,USD
114-2299240-7984488,1,B0M9299AJ4,SKU-0024,ZenLife Electric Kettle — Non-Stick Coating & Space Saving,3,46.0,0.0,138.0,USD
114-3651430-1948263,1,B0WCY6LU8P,SKU-0029,UrbanKitchen Wall Clock — Easy Clean & Dishwasher Safe,2,72.21,0.0,144.42,USD
114-3970450-7972650,1,B0K12NKA8N,SKU-0013,AuroraTech Smart Watch — 30H Battery Life & Bluetooth 5.3,1,83.42,6.47,76.95,USD
114-3970450-7972650,2,B0WR597BPU,SKU-0015,EverPeak Streaming Stick — Bluetooth 5.3 & HD 1080p,1,120.59,0.0,120.59,USD
114-3471253-2410170,1,B0JH68DJ8G,SKU-0032,UrbanKitchen Blender — Non-Stick Coating & Space Saving,1,26.96,0.0,26.96,USD
114-3471253-2410170,2,B02LTJA2NA,SKU-0078,CloudNest Dollhouse — Ages 3+ & Interactive,1,41.1,0.0,41.1,USD
114-6037440-7351273,1,B08H6XVAML,SKU-0006,EverPeak Gaming Mouse — RGB Backlit & Compact Design,3,81.06,0.0,243.18,USD
114-7499412-5836424,1,B0WKPVSC0B,SKU-0025,Nordic Home Tea Infuser — Non-Stick Coating & Dishwasher Safe,1,43.18,0.0,43.18,USD
114-2983992-7042039,1,B0WCY6LU8P,SKU-0029,UrbanKitchen Wall Clock — Easy Clean & Dishwasher Safe,1,72.21,0.0,72.21,USD
114-2983992-7042039,2,B0KKUPJDRS,SKU-0115,ProGrip LED Work Light — Cordless & High Torque,1,57.78,0.0,57.78,USD
114-2983992-7042039,3,B0AZBDRH38,SKU-0086,ProGrip Sticky Notes Pack — Ergonomic & Multipurpose,1,27.71,0.0,27.71,USD
114-5363341-6440546,1,B06AZNEH47,SKU-0008,BrightBeam Mechanical Keyboard — 30H Battery Life & Water Resistant,1,75.67,0.0,75.67,USD
114-7441237-3818423,1,B0YBRGQRFQ,SKU-0110,DriveGuard Car Vacuum — Long Cord & Easy Install,1,18.37,0.0,18.37,USD
114-7441237-3818423,2,B0J4AJH5Y5,SKU-0084,ProGrip Monitor Stand — Space Saving & Multipurpose,1,57.15,0.0,57.15,USD
114-5065883-8480522,1,B0ANDXF98K,SKU-0004,AuroraTech WiFi Range Extender — Bluetooth 5.3 & Fast Charging,1,109.5,9.18,100.32,USD
114-5065883-8480522,2,B0FTQRA6A1,SKU-0109,DriveGuard Dash Cam — Heavy Duty & Easy Install,1,30.93,0.0,30.93,USD
114-5065883-8480522,3,B0NQJ9A5QP,SKU-0081,WriteWell Paper Shredder — Ergonomic & Space Saving,1,11.7,0.0,11.7,USD
114-3328562-4204629,1,B0279XVVC5,SKU-0014,BrightBeam Desk Lamp — RGB Backlit & Noise Cancelling,1,51.35,0.0,51.35,USD
114-3328562-4204629,2,B0S19ZGCXE,SKU-0116,EverPeak Screwdriver Set — Cordless & High Torque,1,46.08,0.0,46.08,USD
114-3896621-2007940,1,B0FPMT2SF9,SKU-0076,CloudNest Science Kit — Educational & Non-Toxic,1,12.73,0.0,12.73,USD
114-3896621-2007940,2,B06AZNEH47,SKU-0008,BrightBeam Mechanical Keyboard — 30H Battery Life & Water Resistant,1,75.67,0.0,75.67,USD
114-3750233-1543922,1,B0054NK7PS,SKU-0028,Nordic Home Food Storage Containers — BPA-Free & Non-Stick Coating,1,62.0,0.0,62.0,USD
114-8099077-2136315,1,B02T104M25,SKU-0111,DriveGuard Jump Starter — Long Cord & Universal Fit,1,55.67,0.0,55.67,USD
114-8328570-4579252,1,B0Q85PD1G6,SKU-0018,EverPeak Power Bank — 30H Battery Life & Noise Cancelling,1,17.84,0.0,17.84,USD
114-4506027-7542320,1,B0NL5Q5CZM,SKU-0003,EverPeak USB-C Hub — Water Resistant & HD 1080p,1,110.91,0.0,110.91,USD
114-4506027-7542320,2,B0NQJ9A5QP,SKU-0081,WriteWell Paper Shredder — Ergonomic & Space Saving,1,11.7,0.0,11.7,USD
114-8275450-1426420,1,B0ZWX7WPK9,SKU-0114,DriveGuard Seat Covers — Universal Fit & Heavy Duty,1,20.72,0.0,20.72,USD
114-8275450-1426420,2,B08UGTRB3Y,SKU-0050,ZenLife Vitamin C Serum — Dermatologist Tested & Long Lasting,1,40.54,0.0,40.54,USD
114-2373845-3875835,1,B0TXQ65ZFV,SKU-0087,WriteWell Desk Organizer — Ergonomic & Multipurpose,1,21.66,0.0,21.66,USD
114-5654386-6792038,1,B0J4AJH5Y5,SKU-0084,ProGrip Monitor Stand — Space Saving & Multipurpose,1,57.15,0.0,57.15,USD
114-5654386-6792038,2,B0CWALEK2Y,SKU-0036,ZenLife Air Fryer — Dishwasher Safe & Non-Stick Coating,1,19.47,0.0,19.47,USD
114-1638664-8503815,1,B0F635F86R,SKU-0097,PawPals Dog Chew Toys — Durable & Easy to Clean,1,21.36,0.0,21.36,USD
114-6915978-3595598,1,B0R7U9K93R,SKU-0094,PawPals Pet Carrier — Non-Toxic & Durable,2,23.08,5.35,40.81,USD
114-6915978-3595598,2,B04ZD4ZURZ,SKU-0103,LittleNest Baby Monitor — Safety Certified & Hypoallergenic,1,31.9,0.0,31.9,USD
114-6915978-3595598,3,B08UGTRB3Y,SKU-0050,ZenLife Vitamin C Serum — Dermatologist Tested & Long Lasting,2,40.54,0.0,81.08,USD
114-6915978-3595598,4,B0TURPLSHH,SKU-0100,PawPals Automatic Pet Feeder — Easy to Clean & Vet Recommended,1,43.13,0.0,43.13,USD
114-6498821-3719729,1,B0NQJ9A5QP,SKU-0081,WriteWell Paper Shredder — Ergonomic & Space Saving,1,13.62,0.0,13.62,USD
114-6498821-3719729,2,B02T104M25,SKU-0111,DriveGuard Jump Starter — Long Cord & Universal Fit,1,55.67,0.0,55.67,USD
114-2504517-6746006,1,B02LTJA2NA,SKU-0078,CloudNest Dollhouse — Ages 3+ & Interactive,1,41.1,0.0,41.1,USD
114-9087865-7293403,1,B0CWALEK2Y,SKU-0036,ZenLife Air Fryer — Dishwasher Safe & Non-Stick Coating,1,19.47,0.0,19.47,USD
114-5128333-4430825,1,B0M2UGJMKQ,SKU-0074,CloudNest RC Car — STEM Learning & Interactive,1,11.77,0.0,11.77,USD
114-5128333-4430825,2,B0279XVVC5,SKU-0014,BrightBeam Desk Lamp — RGB Backlit & Noise Cancelling,1,51.35,0.0,51.35,USD
114-5812635-2718148,1,B02X1DSSZM,SKU-0102,LittleNest Diaper Bag — Hypoallergenic & Easy to Clean,4,13.44,0.0,53.76,USD
114-5812635-2718148,2,B0NL5Q5CZM,SKU-0003,EverPeak USB-C Hub — Water Resistant & HD 1080p,1,103.75,13.65,90.1,USD
114-5812635-2718148,3,B0SFWKQDD5,SKU-0022,Nordic Home Plant Pots — Non-Stick Coating & BPA-Free,1,27.96,0.0,27.96,USD
114-1909686-4032219,1,B0DLXACSTN,SKU-0068,CloudNest Plush Toy — Non-Toxic & Ages 3+,1,21.32,1.4,19.92,USD
114-7932270-9366306,1,B0ZWX7WPK9,SKU-0114,DriveGuard Seat Covers — Universal Fit & Heavy Duty,1,20.72,0.0,20.72,USD
114-9460150-2859364,1,B0F635F86R,SKU-0097,PawPals Dog Chew Toys — Durable & Easy to Clean,1,21.36,0.0,21.36,USD
114-4446435-4943305,1,B0279XVVC5,SKU-0014,BrightBeam Desk Lamp — RGB Backlit & Noise Cancelling,1,51.35,0.0,51.35,USD
114-4446435-4943305,2,B0J9HPEX6X,SKU-0112,DriveGuard Tire Pressure Gauge — Long Cord & Heavy Duty,1,34.7,5.11,29.59,USD
114-3403439-7316891,1,B0P5FBKME8,SKU-0047,PureGlo Bath Bomb Set — Dermatologist Tested & Gentle Formula,1,31.59,0.0,31.59,USD
114-9506803-9011321,1,B0ZWX7WPK9,SKU-0114,DriveGuard Seat Covers — Universal Fit & Heavy Duty,1,19.42,0.0,19.42,USD
114-9506803-9011321,2,B02LTJA2NA,SKU-0078,CloudNest Dollhouse — Ages 3+ & Interactive,2,41.1,0.0,82.2,USD
114-9506803-9011321,3,B0SFWKQDD5,SKU-0022,Nordic Home Plant Pots — Non-Stick Coating & BPA-Free,1,27.96,0.0,27.96,USD
114-9506803-9011321,4,B0A30AC946,SKU-0117,ProGrip Stud Finder — Ergonomic Grip & Rust Resistant,1,19.86,0.0,19.86,USD
114-9506803-9011321,5,B0AZBDRH38,SKU-0086,ProGrip Sticky Notes Pack — Ergonomic & Multipurpose,2,27.71,0.0,55.42,USD
114-7060340-9510197,1,B0FPMT2SF9,SKU-0076,CloudNest Science Kit — Educational & Non-Toxic,1,12.73,0.0,12.73,USD
114-6035780-7010211,1,B05P1Y30A5,SKU-0091,PawPals Slow Feeder Bowl — Easy to Clean & Non-Toxic,1,10.4,0.0,10.4,USD
114-6392695-3422288,1,B0GJL7P973,SKU-0045,PureGlo Hair Straightener — Cruelty-Free & Ionic Technology,1,39.53,0.0,39.53,USD
114-6540402-5289026,1,B0UX1US6RV,SKU-0096,PawPals Cat Scratching Post — Durable & Non-Toxic,1,34.97,4.87,30.1,USD
114-6540402-5289026,2,B0NQJ9A5QP,SKU-0081,WriteWell Paper Shredder — Ergonomic & Space Saving,1,15.31,0.0,15.31,USD
114-3403382-6766532,1,B0N90348CD,SKU-0088,ProGrip Desk Chair Cushion — Multipurpose & Ergonomic,1,17.61,0.0,17.61,USD
114-8102763-1719623,1,B0R5E97R3C,SKU-0001,AuroraTech Smart Plug — Noise Cancelling & HD 1080p,1,89.73,0.0,89.73,USD
114-8102763-1719623,2,B01CQYLRS7,SKU-0070,CloudNest Art Supplies Kit — STEM Learning & Interactive,1,13.62,0.0,13.62,USD
114-5841590-4006178,1,B088K2QTZJ,SKU-0007,AuroraTech Car Mount — Bluetooth 5.3 & RGB Backlit,1,52.27,0.0,52.27,USD
114-1876263-8095167,1,B01U2VVLHF,SKU-0066,EverPeak Water Bottle — Portable & Waterproof,1,53.55,0.0,53.55,USD
114-6058601-1723916,1,B043M1S1C4,SKU-0049,PureGlo Sunscreen Lotion — Ionic Technology & Dermatologist Tested,1,31.54,0.0,31.54,USD
114-2203787-4675611,1,B0WCY6LU8P,SKU-0029,UrbanKitchen Wall Clock — Easy Clean & Dishwasher Safe,1,72.21,4.68,67.53,USD
114-3438137-8208441,1,B0N90348CD,SKU-0088,ProGrip Desk Chair Cushion — Multipurpose & Ergonomic,1,17.61,0.0,17.61,USD
114-3438137-8208441,2,B0P5FBKME8,SKU-0047,PureGlo Bath Bomb Set — Dermatologist Tested & Gentle Formula,1,31.59,0.0,31.59,USD
114-3438137-8208441,3,B01CQYLRS7,SKU-0070,CloudNest Art Supplies Kit — STEM Learning & Interactive,1,13.62,0.0,13.62,USD
114-3718518-9299028,1,B04ZD4ZURZ,SKU-0103,LittleNest Baby Monitor — Safety Certified & Hypoallergenic,1,31.9,0.0,31.9,USD
114-3718518-9299028,2,B0K12NKA8N,SKU-0013,AuroraTech Smart Watch — 30H Battery Life & Bluetooth 5.3,1,83.42,0.0,83.42,USD
114-1167461-2855497,1,B02LTJA2NA,SKU-0078,CloudNest Dollhouse — Ages 3+ & Interactive,1,41.1,0.0,41.1,USD
114-1167461-2855497,2,B0HE56LV1G,SKU-0071,KiddoCraft Play Kitchen Set — Interactive & Ages 3+,1,22.81,2.34,20.47,USD
114-3515004-3915490,1,B0M1WJMA8T,SKU-0085,WriteWell Planner Notebook — Ergonomic & Multipurpose,1,8.44,0.0,8.44,USD
114-6190669-2088575,1,B0MVKP1792,SKU-0002,BrightBeam HDMI Cable — Bluetooth 5.3 & HD 1080p,1,63.85,0.0,63.85,USD
114-6190669-2088575,2,B01NLXW82L,SKU-0104,LittleNest Bassinet — Safety Certified & BPA-Free,1,24.09,0.0,24.09,USD
114-6190669-2088575,3,B0M2QT36J4,SKU-0010,AuroraTech Portable Charger — Fast Charging & HD 1080p,2,64.56,0.0,129.12,USD
114-6190669-2088575,4,B0279XVVC5,SKU-0014,BrightBeam Desk Lamp — RGB Backlit & Noise Cancelling,1,51.35,0.0,51.35,USD
114-6190669-2088575,5,B08RJE02WW,SKU-0016,AuroraTech Headphones — Bluetooth 5.3 & Water Resistant,1,87.93,0.0,87.93,USD
114-3537501-1215867,1,B04ZD4ZURZ,SKU-0103,LittleNest Baby Monitor — Safety Certified & Hypoallergenic,1,31.9,0.0,31.9,USD
114-4353274-2074999,1,B0ANDXF98K,SKU-0004,AuroraTech WiFi Range Extender — Bluetooth 5.3 & Fast Charging,1,109.5,0.0,109.5,USD
114-4834184-7581414,1,B0ANDXF98K,SKU-0004,AuroraTech WiFi Range Extender — Bluetooth 5.3 & Fast Charging,1,109.5,0.0,109.5,USD
114-4373085-9243243,1,B0A30AC946,SKU-0117,ProGrip Stud Finder — Ergonomic Grip & Rust Resistant,1,19.86,0.0,19.86,USD
114-4373085-9243243,2,B0MVKP1792,SKU-0002,BrightBeam HDMI Cable — Bluetooth 5.3 & HD 1080p,1,63.85,0.0,63.85,USD
114-6753744-3116351,1,B0E48MCY15,SKU-0079,WriteWell Label Maker — Durable & Multipurpose,2,49.25,0.0,98.5,USD
114-6753744-3116351,2,B0U0VF1HMG,SKU-0040,ZenLife Nail Clipper Set — Gentle Formula & Cruelty-Free,1,24.82,0.0,24.82,USD
114-6753744-3116351,3,B02X1DSSZM,SKU-0102,LittleNest Diaper Bag — Hypoallergenic & Easy to Clean,1,13.44,1.73,11.71,USD
114-5900791-2212136,1,B07GWT52HM,SKU-0021,ZenLife Cutting Board Set — BPA-Free & Easy Clean,1,22.25,0.0,22.25,USD
114-5900791-2212136,2,B0HE56LV1G,SKU-0071,KiddoCraft Play Kitchen Set — Interactive & Ages 3+,1,22.81,0.0,22.81,USD
114-5900791-2212136,3,B0YXU5G7D1,SKU-0011,BrightBeam Bluetooth Speaker — Fast Charging & Noise Cancelling,1,107.91,0.0,107.91,USD
114-5900791-2212136,4,B0R5E97R3C,SKU-0001,AuroraTech Smart Plug — Noise Cancelling & HD 1080p,1,89.73,0.0,89.73,USD
114-9525240-3793800,1,B0AZBDRH38,SKU-0086,ProGrip Sticky Notes Pack — Ergonomic & Multipurpose,1,27.71,0.0,27.71,USD
114-9525240-3793800,2,B05P1Y30A5,SKU-0091,PawPals Slow Feeder Bowl — Easy to Clean & Non-Toxic,2,11.7,0.0,23.4,USD
114-4182837-5295390,1,B043M1S1C4,SKU-0049,PureGlo Sunscreen Lotion — Ionic Technology & Dermatologist Tested,1,31.54,0.0,31.54,USD
114-4182837-5295390,2,B0P5FBKME8,SKU-0047,PureGlo Bath Bomb Set — Dermatologist Tested & Gentle Formula,2,29.77,0.0,59.54,USD
114-4182837-5295390,3,B05P1Y30A5,SKU-0091,PawPals Slow Feeder Bowl — Easy to Clean & Non-Toxic,1,10.4,0.0,10.4,USD
114-7165694-6816305,1,B0279XVVC5,SKU-0014,BrightBeam Desk Lamp — RGB Backlit & Noise Cancelling,1,51.35,0.0,51.35,USD
114-7436129-1256104,1,B08UGTRB3Y,SKU-0050,ZenLife Vitamin C Serum — Dermatologist Tested & Long Lasting,1,40.54,0.0,40.54,USD
114-1697733-8354140,1,B08RJE02WW,SKU-0016,AuroraTech Headphones — Bluetooth 5.3 & Water Resistant,2,87.93,0.0,175.86,USD
114-1697733-8354140,2,B0J4AJH5Y5,SKU-0084,ProGrip Monitor Stand — Space Saving & Multipurpose,1,57.15,8.08,49.07,USD
114-1697733-8354140,3,B0279XVVC5,SKU-0014,BrightBeam Desk Lamp — RGB Backlit & Noise Cancelling,1,51.35,0.0,51.35,USD
114-8445699-4750466,1,B0GJL7P973,SKU-0045,PureGlo Hair Straightener — Cruelty-Free & Ionic Technology,1,39.53,0.0,39.53,USD
114-8445699-4750466,2,B01CQYLRS7,SKU-0070,CloudNest Art Supplies Kit — STEM Learning & Interactive,1,13.62,0.0,13.62,USD
114-8445699-4750466,3,B0S2MJ6SBY,SKU-0064,EverPeak Resistance Band Set — Heavy Duty & Portable,2,52.03,0.0,104.06,USD
114-6329228-5372810,1,B0M9299AJ4,SKU-0024,ZenLife Electric Kettle — Non-Stick Coating & Space Saving,1,46.0,0.0,46.0,USD
114-9936887-9307309,1,B03WTWXEDC,SKU-0072,CloudNest Magnetic Tiles — STEM Learning & Educational,1,19.25,1.27,17.98,USD
114-9936887-9307309,2,B0HE56LV1G,SKU-0071,KiddoCraft Play Kitchen Set — Interactive & Ages 3+,1,22.81,0.0,22.81,USD
114-6305569-5565449,1,B03WTWXEDC,SKU-0072,CloudNest Magnetic Tiles — STEM Learning & Educational,2,19.25,0.0,38.5,USD
114-6305569-5565449,2,B0936760J9,SKU-0034,Nordic Home Shower Caddy — Easy Clean & Non-Stick Coating,1,25.31,0.0,25.31,USD
114-2180102-1932739,1,B0WCY6LU8P,SKU-0029,UrbanKitchen Wall Clock — Easy Clean & Dishwasher Safe,1,72.21,0.0,72.21,USD
114-2180102-1932739,2,B0NKTX370W,SKU-0051,PureGlo Shampoo & Conditioner — Gentle Formula & Ionic Technology,1,11.33,0.0,11.33,USD
114-2180102-1932739,3,B00JXDXVG6,SKU-0095,PawPals Dog Treat Pouch — Easy to Clean & Non-Toxic,1,18.93,0.0,18.93,USD
114-2180102-1932739,4,B0Q85PD1G6,SKU-0018,EverPeak Power Bank — 30H Battery Life & Noise Cancelling,1,17.84,1.97,15.87,USD
114-7341168-9351880,1,B085JJ3ZXF,SKU-0041,PureGlo Electric Toothbrush — Long Lasting & Dermatologist Tested,1,45.38,0.0,45.38,USD
114-7341168-9351880,2,B088K2QTZJ,SKU-0007,AuroraTech Car Mount — Bluetooth 5.3 & RGB Backlit,1,52.27,3.07,49.2,USD
114-7341168-9351880,3,B0AZBDRH38,SKU-0086,ProGrip Sticky Notes Pack — Ergonomic & Multipurpose,2,27.71,0.0,55.42,USD
114-7341168-9351880,4,B0M1WJMA8T,SKU-0085,WriteWell Planner Notebook — Ergonomic & Multipurpose,1,8.44,0.0,8.44,USD
114-5742703-2057860,1,B0MVKP1792,SKU-0002,BrightBeam HDMI Cable — Bluetooth 5.3 & HD 1080p,1,63.85,0.0,63.85,USD
114-5742703-2057860,2,B0TXQ65ZFV,SKU-0087,WriteWell Desk Organizer — Ergonomic & Multipurpose,1,21.66,0.0,21.66,USD
114-5742703-2057860,3,B00JXDXVG6,SKU-0095,PawPals Dog Treat Pouch — Easy to Clean & Non-Toxic,4,18.93,0.0,75.72,USD
114-9784352-6371749,1,B0R5E97R3C,SKU-0001,AuroraTech Smart Plug — Noise Cancelling & HD 1080p,3,89.73,0.0,269.19,USD
114-9784352-6371749,2,B0279XVVC5,SKU-0014,BrightBeam Desk Lamp — RGB Backlit & Noise Cancelling,1,51.35,0.0,51.35,USD
114-9784352-6371749,3,B0NQJ9A5QP,SKU-0081,WriteWell Paper Shredder — Ergonomic & Space Saving,1,15.31,0.0,15.31,USD
114-4431419-8511427,1,B0YXU5G7D1,SKU-0011,BrightBeam Bluetooth Speaker — Fast Charging & Noise Cancelling,1,107.91,0.0,107.91,USD
114-4745730-2768980,1,B04ZD4ZURZ,SKU-0103,LittleNest Baby Monitor — Safety Certified & Hypoallergenic,1,31.9,0.0,31.9,USD
114-3261128-1559846,1,B0CWALEK2Y,SKU-0036,ZenLife Air Fryer — Dishwasher Safe & Non-Stick Coating,1,19.47,1.79,17.68,USD
114-3261128-1559846,2,B0NKTX370W,SKU-0051,PureGlo Shampoo & Conditioner — Gentle Formula & Ionic Technology,1,12.23,0.0,12.23,USD
114-3261128-1559846,3,B0MVKP1792,SKU-0002,BrightBeam HDMI Cable — Bluetooth 5.3 & HD 1080p,1,63.85,0.0,63.85,USD
114-3261128-1559846,4,B0HE56LV1G,SKU-0071,KiddoCraft Play Kitchen Set — Interactive & Ages 3+,1,22.81,0.0,22.81,USD
114-3261128-1559846,5,B00JXDXVG6,SKU-0095,PawPals Dog Treat Pouch — Easy to Clean & Non-Toxic,1,20.29,0.0,20.29,USD
114-3261128-1559846,6,B0K12NKA8N,SKU-0013,AuroraTech Smart Watch — 30H Battery Life & Bluetooth 5.3,1,83.42,0.0,83.42,USD
114-7949242-8996438,1,B0SQ7F7BFE,SKU-0057,TrailBlaze Dumbbell Set — Waterproof & Portable,1,46.37,0.0,46.37,USD
114-9922855-3453107,1,B0E48MCY15,SKU-0079,WriteWell Label Maker — Durable & Multipurpose,3,49.25,0.0,147.75,USD
114-9922855-3453107,2,B0NL5Q5CZM,SKU-0003,EverPeak USB-C Hub — Water Resistant & HD 1080p,1,103.75,0.0,103.75,USD
114-9922855-3453107,3,B08H6XVAML,SKU-0006,EverPeak Gaming Mouse — RGB Backlit & Compact Design,1,81.06,0.0,81.06,USD
114-9922855-3453107,4,B03WTWXEDC,SKU-0072,CloudNest Magnetic Tiles — STEM Learning & Educational,1,19.25,0.0,19.25,USD
114-8054145-9295417,1,B0A30AC946,SKU-0117,ProGrip Stud Finder — Ergonomic Grip & Rust Resistant,1,19.86,0.0,19.86,USD
114-8054145-9295417,2,B0R5E97R3C,SKU-0001,AuroraTech Smart Plug — Noise Cancelling & HD 1080p,4,89.73,0.0,358.92,USD
114-8054145-9295417,3,B0NQJ9A5QP,SKU-0081,WriteWell Paper Shredder — Ergonomic & Space Saving,1,15.31,0.0,15.31,USD
114-8186119-1866050,1,B0GJL7P973,SKU-0045,PureGlo Hair Straightener — Cruelty-Free & Ionic Technology,1,39.53,0.0,39.53,USD
114-8186119-1866050,2,B0N90348CD,SKU-0088,ProGrip Desk Chair Cushion — Multipurpose & Ergonomic,1,17.61,0.0,17.61,USD
114-8186119-1866050,3,B01NLXW82L,SKU-0104,LittleNest Bassinet — Safety Certified & BPA-Free,2,24.09,0.0,48.18,USD
114-6658004-8893828,1,B0R5E97R3C,SKU-0001,AuroraTech Smart Plug — Noise Cancelling & HD 1080p,1,89.73,0.0,89.73,USD
114-2487689-7334004,1,B05P1Y30A5,SKU-0091,PawPals Slow Feeder Bowl — Easy to Clean & Non-Toxic,2,11.7,0.0,23.4,USD
114-2487689-7334004,2,B0N90348CD,SKU-0088,ProGrip Desk Chair Cushion — Multipurpose & Ergonomic,2,19.37,0.0,38.74,USD
114-4617166-8875106,1,B01U2VVLHF,SKU-0066,EverPeak Water Bottle — Portable & Waterproof,4,66.14,0.0,264.56,USD
114-4617166-8875106,2,B00JXDXVG6,SKU-0095,PawPals Dog Treat Pouch — Easy to Clean & Non-Toxic,1,18.93,0.0,18.93,USD
114-4617166-8875106,3,B0N90348CD,SKU-0088,ProGrip Desk Chair Cushion — Multipurpose & Ergonomic,1,17.61,0.0,17.61,USD
114-4617166-8875106,4,B043M1S1C4,SKU-0049,PureGlo Sunscreen Lotion — Ionic Technology & Dermatologist Tested,1,31.54,0.0,31.54,USD
114-4617166-8875106,5,B055PLDLF8,SKU-0005,BrightBeam Webcam — Compact Design & 30H Battery Life,1,40.21,0.0,40.21,USD
114-7572601-4110995,1,B0FTQRA6A1,SKU-0109,DriveGuard Dash Cam — Heavy Duty & Easy Install,1,30.93,0.0,30.93,USD
114-7572601-4110995,2,B0GJL7P973,SKU-0045,PureGlo Hair Straightener — Cruelty-Free & Ionic Technology,2,39.53,0.0,79.06,USD
114-5383532-1060401,1,B0FTQRA6A1,SKU-0109,DriveGuard Dash Cam — Heavy Duty & Easy Install,1,30.93,0.0,30.93,USD
114-6173282-8495677,1,B055PLDLF8,SKU-0005,BrightBeam Webcam — Compact Design & 30H Battery Life,2,40.21,0.0,80.42,USD
114-7151970-2001307,1,B0CWALEK2Y,SKU-0036,ZenLife Air Fryer — Dishwasher Safe & Non-Stick Coating,1,19.47,0.0,19.47,USD
114-7151970-2001307,2,B0JH68DJ8G,SKU-0032,UrbanKitchen Blender — Non-Stick Coating & Space Saving,1,26.96,0.0,26.96,USD
114-7151970-2001307,3,B0M6YEW145,SKU-0083,WriteWell Standing Desk Converter — Durable & Multipurpose,2,9.99,0.0,19.98,USD
114-3971133-9735313,1,B0EGZYNSAE,SKU-0106,LittleNest Baby Bath Tub — Hypoallergenic & Safety Certified,1,25.43,0.0,25.43,USD
114-1702635-2730197,1,B0F635F86R,SKU-0097,PawPals Dog Chew Toys — Durable & Easy to Clean,1,21.36,0.0,21.36,USD
114-5764423-9382060,1,B0SFWKQDD5,SKU-0022,Nordic Home Plant Pots — Non-Stick Coating & BPA-Free,2,27.96,0.0,55.92,USD
114-5764423-9382060,2,B01NLXW82L,SKU-0104,LittleNest Bassinet — Safety Certified & BPA-Free,1,24.09,0.0,24.09,USD
114-5764423-9382060,3,B05P1Y30A5,SKU-0091,PawPals Slow Feeder Bowl — Easy to Clean & Non-Toxic,1,10.4,0.0,10.4,USD
114-3410505-9793970,1,B0R5E97R3C,SKU-0001,AuroraTech Smart Plug — Noise Cancelling & HD 1080p,1,89.73,0.0,89.73,USD
114-2274272-2746373,1,B0P5FBKME8,SKU-0047,PureGlo Bath Bomb Set — Dermatologist Tested & Gentle Formula,4,29.77,0.0,119.08,USD
114-1102798-5969314,1,B0AZBDRH38,SKU-0086,ProGrip Sticky Notes Pack — Ergonomic & Multipurpose,1,27.71,0.0,27.71,USD
114-6238913-5654943,1,B0FPMT2SF9,SKU-0076,CloudNest Science Kit — Educational & Non-Toxic,1,14.63,0.0,14.63,USD
114-3981309-5593695,1,B00EGECWF5,SKU-0030,ZenLife Laundry Hamper — Dishwasher Safe & Premium Finish,1,68.26,0.0,68.26,USD
114-3877903-9653852,1,B085JJ3ZXF,SKU-0041,PureGlo Electric Toothbrush — Long Lasting & Dermatologist Tested,2,42.31,7.83,76.79,USD
114-4342029-3047807,1,B0FA6PK7S1,SKU-0043,PureGlo Body Scrub — Ionic Technology & Gentle Formula,1,40.0,0.0,40.0,USD
114-4342029-3047807,2,B0PGGKXQ9K,SKU-0093,PawPals Pet Water Fountain — Easy to Clean & Vet Recommended,1,34.22,0.0,34.22,USD
114-4018266-9516874,1,B03WTWXEDC,SKU-0072,CloudNest Magnetic Tiles — STEM Learning & Educational,2,19.25,0.0,38.5,USD
114-3649503-7997029,1,B00JXDXVG6,SKU-0095,PawPals Dog Treat Pouch — Easy to Clean & Non-Toxic,1,18.93,0.0,18.93,USD
114-3649503-7997029,2,B0DLXACSTN,SKU-0068,CloudNest Plush Toy — Non-Toxic & Ages 3+,2,21.32,5.92,36.72,USD
114-3649503-7997029,3,B0Q85PD1G6,SKU-0018,EverPeak Power Bank — 30H Battery Life & Noise Cancelling,1,17.84,2.35,15.49,USD
114-9159497-5204411,1,B0Q85PD1G6,SKU-0018,EverPeak Power Bank — 30H Battery Life & Noise Cancelling,3,17.84,0.0,53.52,USD
114-6952222-5309910,1,B02LTJA2NA,SKU-0078,CloudNest Dollhouse — Ages 3+ & Interactive,1,41.1,0.0,41.1,USD
114-6952222-5309910,2,B0FA6PK7S1,SKU-0043,PureGlo Body Scrub — Ionic Technology & Gentle Formula,1,40.0,0.0,40.0,USD
114-6952222-5309910,3,B03WTWXEDC,SKU-0072,CloudNest Magnetic Tiles — STEM Learning & Educational,2,19.25,0.0,38.5,USD
114-9646009-6357357,1,B03WTWXEDC,SKU-0072,CloudNest Magnetic Tiles — STEM Learning & Educational,2,19.25,0.0,38.5,USD
114-9646009-6357357,2,B0HE56LV1G,SKU-0071,KiddoCraft Play Kitchen Set — Interactive & Ages 3+,1,22.81,0.0,22.81,USD
114-9646009-6357357,3,B08H6XVAML,SKU-0006,EverPeak Gaming Mouse — RGB Backlit & Compact Design,1,88.7,0.0,88.7,USD
114-9646009-6357357,4,B0NQJ9A5QP,SKU-0081,WriteWell Paper Shredder — Ergonomic & Space Saving,1,15.31,0.0,15.31,USD
114-2203302-8913234,1,B0279XVVC5,SKU-0014,BrightBeam Desk Lamp — RGB Backlit & Noise Cancelling,1,51.35,0.0,51.35,USD
114-7645925-6528997,1,B0A8X9FRKN,SKU-0031,Nordic Home Coffee Grinder — BPA-Free & Premium Finish,1,82.74,0.0,82.74,USD
114-5902041-8884678,1,B0279XVVC5,SKU-0014,BrightBeam Desk Lamp — RGB Backlit & Noise Cancelling,1,51.35,0.0,51.35,USD
114-5731833-1079643,1,B0R5E97R3C,SKU-0001,AuroraTech Smart Plug — Noise Cancelling & HD 1080p,1,89.73,0.0,89.73,USD
114-8025219-5859840,1,B0P5FBKME8,SKU-0047,PureGlo Bath Bomb Set — Dermatologist Tested & Gentle Formula,1,29.77,0.0,29.77,USD
114-9178636-7467175,1,B0TJL2AZQH,SKU-0082,ProGrip File Folders — Ergonomic & Multipurpose,1,48.76,0.0,48.76,USD
114-7662761-1700728,1,B02X1DSSZM,SKU-0102,LittleNest Diaper Bag — Hypoallergenic & Easy to Clean,2,13.44,0.0,26.88,USD
114-9201294-6110010,1,B04Z7XKKST,SKU-0105,LittleNest Swaddle Blankets — BPA-Free & Safety Certified,1,54.16,0.0,54.16,USD
114-8697738-9959191,1,B04Z7XKKST,SKU-0105,LittleNest Swaddle Blankets — BPA-Free & Safety Certified,1,54.16,0.0,54.16,USD
114-4365016-5208028,1,B0FTQRA6A1,SKU-0109,DriveGuard Dash Cam — Heavy Duty & Easy Install,1,30.93,0.0,30.93,USD
114-9336813-6264210,1,B01NLXW82L,SKU-0104,LittleNest Bassinet — Safety Certified & BPA-Free,2,24.09,0.0,48.18,USD
114-8615569-2146797,1,B0P5FBKME8,SKU-0047,PureGlo Bath Bomb Set — Dermatologist Tested & Gentle Formula,1,29.77,0.0,29.77,USD
114-8615569-2146797,2,B0HE56LV1G,SKU-0071,KiddoCraft Play Kitchen Set — Interactive & Ages 3+,1,22.81,1.21,21.6,USD
114-8537227-2851809,1,B0ANDXF98K,SKU-0004,AuroraTech WiFi Range Extender — Bluetooth 5.3 & Fast Charging,3,109.5,0.0,328.5,USD
114-9959503-9537777,1,B0E48MCY15,SKU-0079,WriteWell Label Maker — Durable & Multipurpose,1,37.17,0.0,37.17,USD
114-9959503-9537777,2,B0M6YEW145,SKU-0083,WriteWell Standing Desk Converter — Durable & Multipurpose,1,9.99,0.0,9.99,USD
114-9959503-9537777,3,B0P5FBKME8,SKU-0047,PureGlo Bath Bomb Set — Dermatologist Tested & Gentle Formula,1,29.77,0.0,29.77,USD
114-9959503-9537777,4,B0M1WJMA8T,SKU-0085,WriteWell Planner Notebook — Ergonomic & Multipurpose,1,8.44,0.0,8.44,USD
114-3080016-9885419,1,B02X1DSSZM,SKU-0102,LittleNest Diaper Bag — Hypoallergenic & Easy to Clean,1,13.44,0.0,13.44,USD
114-6124193-1038026,1,B0GJL7P973,SKU-0045,PureGlo Hair Straightener — Cruelty-Free & Ionic Technology,1,39.53,0.0,39.53,USD
114-6124193-1038026,2,B0NL5Q5CZM,SKU-0003,EverPeak USB-C Hub — Water Resistant & HD 1080p,1,103.75,0.0,103.75,USD
114-3666015-7897517,1,B0FTQRA6A1,SKU-0109,DriveGuard Dash Cam — Heavy Duty & Easy Install,1,30.93,0.0,30.93,USD
114-9144052-3503192,1,B0N90348CD,SKU-0088,ProGrip Desk Chair Cushion — Multipurpose & Ergonomic,1,17.61,0.0,17.61,USD
114-9144052-3503192,2,B02X1DSSZM,SKU-0102,LittleNest Diaper Bag — Hypoallergenic & Easy to Clean,1,13.44,0.0,13.44,USD
114-5083365-9125456,1,B0R7U9K93R,SKU-0094,PawPals Pet Carrier — Non-Toxic & Durable,1,23.08,0.0,23.08,USD
114-5083365-9125456,2,B06AZNEH47,SKU-0008,BrightBeam Mechanical Keyboard — 30H Battery Life & Water Resistant,1,75.67,0.0,75.67,USD
114-5083365-9125456,3,B0AZBDRH38,SKU-0086,ProGrip Sticky Notes Pack — Ergonomic & Multipurpose,1,27.71,3.15,24.56,USD
114-5083365-9125456,4,B0NQJ9A5QP,SKU-0081,WriteWell Paper Shredder — Ergonomic & Space Saving,1,13.62,0.0,13.62,USD
114-5083365-9125456,5,B0TURPLSHH,SKU-0100,PawPals Automatic Pet Feeder — Easy to Clean & Vet Recommended,1,43.13,0.0,43.13,USD
114-1784190-5924400,1,B0HE56LV1G,SKU-0071,KiddoCraft Play Kitchen Set — Interactive & Ages 3+,1,22.81,0.0,22.81,USD
114-8863701-2721105,1,B0EGZYNSAE,SKU-0106,LittleNest Baby Bath Tub — Hypoallergenic & Safety Certified,1,25.43,0.0,25.43,USD
114-5934337-4534275,1,B0FKKPVMZA,SKU-0065,TrailBlaze Foam Roller — Heavy Duty & Anti-Slip,2,52.95,0.0,105.9,USD
114-5934337-4534275,2,B088K2QTZJ,SKU-0007,AuroraTech Car Mount — Bluetooth 5.3 & RGB Backlit,1,52.27,0.0,52.27,USD
114-2119802-6344672,1,B0U0VF1HMG,SKU-0040,ZenLife Nail Clipper Set — Gentle Formula & Cruelty-Free,1,28.36,0.0,28.36,USD
114-8312129-1359745,1,B085JJ3ZXF,SKU-0041,PureGlo Electric Toothbrush — Long Lasting & Dermatologist Tested,1,42.31,0.0,42.31,USD
114-8312129-1359745,2,B0TXQ65ZFV,SKU-0087,WriteWell Desk Organizer — Ergonomic & Multipurpose,1,21.66,2.43,19.23,USD
114-1929841-8247080,1,B0R5E97R3C,SKU-0001,AuroraTech Smart Plug — Noise Cancelling & HD 1080p,1,89.73,0.0,89.73,USD
114-5656364-4712037,1,B0NKTX370W,SKU-0051,PureGlo Shampoo & Conditioner — Gentle Formula & Ionic Technology,1,12.23,0.0,12.23,USD
114-9712305-1537243,1,B03QFWA54M,SKU-0056,EverPeak Running Belt — Anti-Slip & Waterproof,2,43.14,0.0,86.28,USD
114-9712305-1537243,2,B09V1N9TED,SKU-0077,KiddoCraft Puzzle Set — Non-Toxic & STEM Learning,1,29.15,0.0,29.15,USD
114-8389817-1186804,1,B0ZWX7WPK9,SKU-0114,DriveGuard Seat Covers — Universal Fit & Heavy Duty,1,19.42,0.0,19.42,USD
114-2553735-3125796,1,B01NLXW82L,SKU-0104,LittleNest Bassinet — Safety Certified & BPA-Free,1,24.09,0.0,24.09,USD
114-2553735-3125796,2,B0N90348CD,SKU-0088,ProGrip Desk Chair Cushion — Multipurpose & Ergonomic,2,19.37,0.0,38.74,USD
114-1418686-1587065,1,B055PLDLF8,SKU-0005,BrightBeam Webcam — Compact Design & 30H Battery Life,1,40.21,0.0,40.21,USD
114-4368129-8962835,1,B0SQ7F7BFE,SKU-0057,TrailBlaze Dumbbell Set — Waterproof & Portable,1,46.37,2.63,43.74,USD
114-4368129-8962835,2,B0279XVVC5,SKU-0014,BrightBeam Desk Lamp — RGB Backlit & Noise Cancelling,4,51.35,0.0,205.4,USD
114-4368129-8962835,3,B0F635F86R,SKU-0097,PawPals Dog Chew Toys — Durable & Easy to Clean,1,21.36,0.0,21.36,USD
114-4368129-8962835,4,B0M9299AJ4,SKU-0024,ZenLife Electric Kettle — Non-Stick Coating & Space Saving,1,46.0,0.0,46.0,USD
114-4368129-8962835,5,B04Z7XKKST,SKU-0105,LittleNest Swaddle Blankets — BPA-Free & Safety Certified,1,54.16,0.0,54.16,USD
114-6626848-5165129,1,B0FTQRA6A1,SKU-0109,DriveGuard Dash Cam — Heavy Duty & Easy Install,1,30.93,0.0,30.93,USD
114-6626848-5165129,2,B0F635F86R,SKU-0097,PawPals Dog Chew Toys — Durable & Easy to Clean,1,21.36,0.0,21.36,USD
114-8427751-2213021,1,B0NQJ9A5QP,SKU-0081,WriteWell Paper Shredder — Ergonomic & Space Saving,1,15.31,0.0,15.31,USD
114-8427751-2213021,2,B0ZWX7WPK9,SKU-0114,DriveGuard Seat Covers — Universal Fit & Heavy Duty,1,19.42,0.0,19.42,USD
114-8427751-2213021,3,B0M9299AJ4,SKU-0024,ZenLife Electric Kettle — Non-Stick Coating & Space Saving,2,46.0,0.0,92.0,USD
114-2844917-9179455,1,B01NLXW82L,SKU-0104,LittleNest Bassinet — Safety Certified & BPA-Free,1,24.09,0.0,24.09,USD
114-1701296-3025651,1,B0U0VF1HMG,SKU-0040,ZenLife Nail Clipper Set — Gentle Formula & Cruelty-Free,1,28.36,0.0,28.36,USD
114-1701296-3025651,2,B0MVKP1792,SKU-0002,BrightBeam HDMI Cable — Bluetooth 5.3 & HD 1080p,1,63.85,0.0,63.85,USD
114-1701296-3025651,3,B04ZD4ZURZ,SKU-0103,LittleNest Baby Monitor — Safety Certified & Hypoallergenic,3,31.9,0.0,95.7,USD
114-1638146-4093346,1,B02LTJA2NA,SKU-0078,CloudNest Dollhouse — Ages 3+ & Interactive,2,41.1,0.0,82.2,USD
114-1638146-4093346,2,B08UGTRB3Y,SKU-0050,ZenLife Vitamin C Serum — Dermatologist Tested & Long Lasting,1,40.54,0.0,40.54,USD
114-3419050-9484576,1,B03WTWXEDC,SKU-0072,CloudNest Magnetic Tiles — STEM Learning & Educational,1,19.25,0.0,19.25,USD
114-5420122-6386017,1,B06AZNEH47,SKU-0008,BrightBeam Mechanical Keyboard — 30H Battery Life & Water Resistant,2,75.67,0.0,151.34,USD
114-5420122-6386017,2,B0SFWKQDD5,SKU-0022,Nordic Home Plant Pots — Non-Stick Coating & BPA-Free,1,27.96,0.0,27.96,USD
114-5420122-6386017,3,B0ANDXF98K,SKU-0004,AuroraTech WiFi Range Extender — Bluetooth 5.3 & Fast Charging,1,109.5,0.0,109.5,USD
114-9594812-2619858,1,B0NL5Q5CZM,SKU-0003,EverPeak USB-C Hub — Water Resistant & HD 1080p,1,110.91,0.0,110.91,USD
114-6900708-1662107,1,B0EGZYNSAE,SKU-0106,LittleNest Baby Bath Tub — Hypoallergenic & Safety Certified,2,25.43,7.61,43.25,USD
114-6900708-1662107,2,B0279XVVC5,SKU-0014,BrightBeam Desk Lamp — RGB Backlit & Noise Cancelling,4,51.35,0.0,205.4,USD
114-6900708-1662107,3,B0QKGVBY0X,SKU-0108,LittleNest Baby Bottle Set — BPA-Free & Hypoallergenic,3,32.0,0.0,96.0,USD
114-6900708-1662107,4,B0F635F86R,SKU-0097,PawPals Dog Chew Toys — Durable & Easy to Clean,1,21.36,0.0,21.36,USD
114-7108156-7090779,1,B0R5E97R3C,SKU-0001,AuroraTech Smart Plug — Noise Cancelling & HD 1080p,1,89.73,0.0,89.73,USD
114-5551579-5685098,1,B02T104M25,SKU-0111,DriveGuard Jump Starter — Long Cord & Universal Fit,1,55.67,0.0,55.67,USD
114-5551579-5685098,2,B088K2QTZJ,SKU-0007,AuroraTech Car Mount — Bluetooth 5.3 & RGB Backlit,1,52.27,0.0,52.27,USD
114-3383566-8692084,1,B055PLDLF8,SKU-0005,BrightBeam Webcam — Compact Design & 30H Battery Life,1,40.21,0.0,40.21,USD
114-6777863-6691073,1,B0J9HPEX6X,SKU-0112,DriveGuard Tire Pressure Gauge — Long Cord & Heavy Duty,3,34.7,0.0,104.1,USD
114-6777863-6691073,2,B0YXU5G7D1,SKU-0011,BrightBeam Bluetooth Speaker — Fast Charging & Noise Cancelling,2,107.91,0.0,215.82,USD
114-1448551-8054731,1,B00JXDXVG6,SKU-0095,PawPals Dog Treat Pouch — Easy to Clean & Non-Toxic,1,18.93,0.0,18.93,USD
114-2601929-5729067,1,B0J9HPEX6X,SKU-0112,DriveGuard Tire Pressure Gauge — Long Cord & Heavy Duty,1,34.7,0.0,34.7,USD
114-1837807-8122778,1,B0AZBDRH38,SKU-0086,ProGrip Sticky Notes Pack — Ergonomic & Multipurpose,1,27.71,3.95,23.76,USD
114-5199719-5142288,1,B055PLDLF8,SKU-0005,BrightBeam Webcam — Compact Design & 30H Battery Life,1,40.21,0.0,40.21,USD
114-5739585-3390200,1,B088K2QTZJ,SKU-0007,AuroraTech Car Mount — Bluetooth 5.3 & RGB Backlit,2,52.27,0.0,104.54,USD
114-6688767-1803653,1,B0U0VF1HMG,SKU-0040,ZenLife Nail Clipper Set — Gentle Formula & Cruelty-Free,1,24.82,0.0,24.82,USD
114-4181033-9912808,1,B0FPMT2SF9,SKU-0076,CloudNest Science Kit — Educational & Non-Toxic,1,12.73,0.0,12.73,USD
114-8753109-6557043,1,B0TXQ65ZFV,SKU-0087,WriteWell Desk Organizer — Ergonomic & Multipurpose,1,21.66,0.0,21.66,USD
114-5101044-3980610,1,B0A30AC946,SKU-0117,ProGrip Stud Finder — Ergonomic Grip & Rust Resistant,2,19.86,0.0,39.72,USD
114-5862224-7903981,1,B0ANDXF98K,SKU-0004,AuroraTech WiFi Range Extender — Bluetooth 5.3 & Fast Charging,1,109.5,0.0,109.5,USD
114-5862224-7903981,2,B0A30AC946,SKU-0117,ProGrip Stud Finder — Ergonomic Grip & Rust Resistant,1,19.86,0.0,19.86,USD
114-5875062-6503422,1,B0U0VF1HMG,SKU-0040,ZenLife Nail Clipper Set — Gentle Formula & Cruelty-Free,1,24.82,0.0,24.82,USD
114-5875062-6503422,2,B0NKTX370W,SKU-0051,PureGlo Shampoo & Conditioner — Gentle Formula & Ionic Technology,3,11.33,3.8,30.19,USD
114-4300113-9475540,1,B02LTJA2NA,SKU-0078,CloudNest Dollhouse — Ages 3+ & Interactive,1,41.1,0.0,41.1,USD
114-4300113-9475540,2,B0M6YEW145,SKU-0083,WriteWell Standing Desk Converter — Durable & Multipurpose,1,9.99,0.0,9.99,USD
114-1738071-3069052,1,B02X1DSSZM,SKU-0102,LittleNest Diaper Bag — Hypoallergenic & Easy to Clean,1,13.44,0.0,13.44,USD
114-6707521-2806572,1,B0N90348CD,SKU-0088,ProGrip Desk Chair Cushion — Multipurpose & Ergonomic,1,17.61,0.0,17.61,USD
114-5448799-6922990,1,B0YXU5G7D1,SKU-0011,BrightBeam Bluetooth Speaker — Fast Charging & Noise Cancelling,2,107.91,0.0,215.82,USD
114-6864827-3156017,1,B0A30AC946,SKU-0117,ProGrip Stud Finder — Ergonomic Grip & Rust Resistant,1,19.86,0.0,19.86,USD
114-5295287-4450602,1,B0GJL7P973,SKU-0045,PureGlo Hair Straightener — Cruelty-Free & Ionic Technology,1,39.53,0.0,39.53,USD
114-7509604-6617119,1,B0R5E97R3C,SKU-0001,AuroraTech Smart Plug — Noise Cancelling & HD 1080p,1,89.73,0.0,89.73,USD
114-7509604-6617119,2,B05P1Y30A5,SKU-0091,PawPals Slow Feeder Bowl — Easy to Clean & Non-Toxic,1,11.7,0.0,11.7,USD
114-9556458-1500734,1,B0DLXACSTN,SKU-0068,CloudNest Plush Toy — Non-Toxic & Ages 3+,1,21.32,0.0,21.32,USD
114-9556458-1500734,2,B00EGECWF5,SKU-0030,ZenLife Laundry Hamper — Dishwasher Safe & Premium Finish,3,68.26,0.0,204.78,USD
114-2511667-8708517,1,B0P5FBKME8,SKU-0047,PureGlo Bath Bomb Set — Dermatologist Tested & Gentle Formula,1,31.59,0.0,31.59,USD
114-4308896-7490389,1,B0KMG3BBNV,SKU-0039,PureGlo Hair Oil — Ionic Technology & Cruelty-Free,1,38.85,0.0,38.85,USD
114-4308896-7490389,2,B03QFWA54M,SKU-0056,EverPeak Running Belt — Anti-Slip & Waterproof,1,43.14,0.0,43.14,USD
114-4308896-7490389,3,B0PGGKXQ9K,SKU-0093,PawPals Pet Water Fountain — Easy to Clean & Vet Recommended,1,34.22,0.0,34.22,USD
114-5991806-8738519,1,B0ANDXF98K,SKU-0004,AuroraTech WiFi Range Extender — Bluetooth 5.3 & Fast Charging,1,109.5,0.0,109.5,USD
114-5991806-8738519,2,B0TXQ65ZFV,SKU-0087,WriteWell Desk Organizer — Ergonomic & Multipurpose,1,21.66,0.0,21.66,USD
114-5991806-8738519,3,B055PLDLF8,SKU-0005,BrightBeam Webcam — Compact Design & 30H Battery Life,1,40.21,0.0,40.21,USD
114-5991806-8738519,4,B0NQJ9A5QP,SKU-0081,WriteWell Paper Shredder — Ergonomic & Space Saving,1,11.7,0.0,11.7,USD
114-1641726-6341250,1,B0P5FBKME8,SKU-0047,PureGlo Bath Bomb Set — Dermatologist Tested & Gentle Formula,1,31.59,0.0,31.59,USD
114-1641726-6341250,2,B088ML63AY,SKU-0119,ProGrip Socket Set — Rust Resistant & Ergonomic Grip,1,19.33,0.0,19.33,USD
114-1641726-6341250,3,B0NL5Q5CZM,SKU-0003,EverPeak USB-C Hub — Water Resistant & HD 1080p,4,110.91,0.0,443.64,USD
114-1930682-6040881,1,B04Z7XKKST,SKU-0105,LittleNest Swaddle Blankets — BPA-Free & Safety Certified,1,54.16,0.0,54.16,USD
114-5132884-7972878,1,B0F635F86R,SKU-0097,PawPals Dog Chew Toys — Durable & Easy to Clean,1,21.36,0.0,21.36,USD
114-5132884-7972878,2,B0NQJ9A5QP,SKU-0081,WriteWell Paper Shredder — Ergonomic & Space Saving,1,13.62,1.17,12.45,USD
114-5132884-7972878,3,B0E48MCY15,SKU-0079,WriteWell Label Maker — Durable & Multipurpose,1,49.25,0.0,49.25,USD
114-7445481-2612275,1,B0DLXACSTN,SKU-0068,CloudNest Plush Toy — Non-Toxic & Ages 3+,1,21.32,0.0,21.32,USD
114-7445481-2612275,2,B0NL5Q5CZM,SKU-0003,EverPeak USB-C Hub — Water Resistant & HD 1080p,2,103.75,0.0,207.5,USD
114-7445481-2612275,3,B088K2QTZJ,SKU-0007,AuroraTech Car Mount — Bluetooth 5.3 & RGB Backlit,1,52.27,0.0,52.27,USD
114-8290687-9988298,1,B0R7U9K93R,SKU-0094,PawPals Pet Carrier — Non-Toxic & Durable,1,21.64,0.0,21.64,USD
114-8290687-9988298,2,B0A30AC946,SKU-0117,ProGrip Stud Finder — Ergonomic Grip & Rust Resistant,1,19.86,0.0,19.86,USD
114-8310391-7116762,1,B0GJL7P973,SKU-0045,PureGlo Hair Straightener — Cruelty-Free & Ionic Technology,1,39.53,0.0,39.53,USD
114-8310391-7116762,2,B088K2QTZJ,SKU-0007,AuroraTech Car Mount — Bluetooth 5.3 & RGB Backlit,1,52.27,0.0,52.27,USD
114-3480382-3975201,1,B0FPMT2SF9,SKU-0076,CloudNest Science Kit — Educational & Non-Toxic,1,12.73,0.0,12.73,USD
114-3480382-3975201,2,B0NKTX370W,SKU-0051,PureGlo Shampoo & Conditioner — Gentle Formula & Ionic Technology,1,12.23,0.0,12.23,USD
114-3480382-3975201,3,B0TJL2AZQH,SKU-0082,ProGrip File Folders — Ergonomic & Multipurpose,1,48.76,0.0,48.76,USD
114-3480382-3975201,4,B08H6XVAML,SKU-0006,EverPeak Gaming Mouse — RGB Backlit & Compact Design,1,88.7,0.0,88.7,USD
114-7038727-6384795,1,B00JXDXVG6,SKU-0095,PawPals Dog Treat Pouch — Easy to Clean & Non-Toxic,2,18.93,0.0,37.86,USD
114-1824058-9056135,1,B00JXDXVG6,SKU-0095,PawPals Dog Treat Pouch — Easy to Clean & Non-Toxic,1,18.93,0.0,18.93,USD
114-1824058-9056135,2,B0R7U9K93R,SKU-0094,PawPals Pet Carrier — Non-Toxic & Durable,1,21.64,0.0,21.64,USD
114-1824058-9056135,3,B0U0VF1HMG,SKU-0040,ZenLife Nail Clipper Set — Gentle Formula & Cruelty-Free,1,24.82,0.0,24.82,USD
114-1824058-9056135,4,B08H6XVAML,SKU-0006,EverPeak Gaming Mouse — RGB Backlit & Compact Design,2,88.7,0.0,177.4,USD
114-4559209-8491643,1,B0279XVVC5,SKU-0014,BrightBeam Desk Lamp — RGB Backlit & Noise Cancelling,1,51.35,0.0,51.35,USD
114-8452671-8427035,1,B0DLXACSTN,SKU-0068,CloudNest Plush Toy — Non-Toxic & Ages 3+,2,21.32,0.0,42.64,USD
114-2920040-2245952,1,B0QKGVBY0X,SKU-0108,LittleNest Baby Bottle Set — BPA-Free & Hypoallergenic,1,32.0,0.0,32.0,USD
114-6360170-1065512,1,B04Z7XKKST,SKU-0105,LittleNest Swaddle Blankets — BPA-Free & Safety Certified,1,54.16,0.0,54.16,USD
114-6360170-1065512,2,B0M1WJMA8T,SKU-0085,WriteWell Planner Notebook — Ergonomic & Multipurpose,1,8.44,0.0,8.44,USD
114-6319782-2926888,1,B05P1Y30A5,SKU-0091,PawPals Slow Feeder Bowl — Easy to Clean & Non-Toxic,1,10.4,0.0,10.4,USD
114-6023750-9488686,1,B0GJL7P973,SKU-0045,PureGlo Hair Straightener — Cruelty-Free & Ionic Technology,1,39.53,0.0,39.53,USD
114-6023750-9488686,2,B08H6XVAML,SKU-0006,EverPeak Gaming Mouse — RGB Backlit & Compact Design,1,88.7,0.0,88.7,USD
114-8300449-5079519,1,B0A8X9FRKN,SKU-0031,Nordic Home Coffee Grinder — BPA-Free & Premium Finish,1,74.65,0.0,74.65,USD
114-7433863-2219835,1,B03WTWXEDC,SKU-0072,CloudNest Magnetic Tiles — STEM Learning & Educational,1,19.25,0.0,19.25,USD
114-7433863-2219835,2,B0U0VF1HMG,SKU-0040,ZenLife Nail Clipper Set — Gentle Formula & Cruelty-Free,1,28.36,0.0,28.36,USD
114-1477613-2002200,1,B0NKTX370W,SKU-0051,PureGlo Shampoo & Conditioner — Gentle Formula & Ionic Technology,1,11.33,0.0,11.33,USD
114-1477613-2002200,2,B0GJL7P973,SKU-0045,PureGlo Hair Straightener — Cruelty-Free & Ionic Technology,1,39.53,0.0,39.53,USD
114-3108645-8874357,1,B0QKGVBY0X,SKU-0108,LittleNest Baby Bottle Set — BPA-Free & Hypoallergenic,1,32.0,0.0,32.0,USD
114-7181186-8923957,1,B02LTJA2NA,SKU-0078,CloudNest Dollhouse — Ages 3+ & Interactive,4,41.1,0.0,164.4,USD
114-9813864-9222291,1,B0AZBDRH38,SKU-0086,ProGrip Sticky Notes Pack — Ergonomic & Multipurpose,1,27.71,0.0,27.71,USD
114-1795275-8866212,1,B04Z7XKKST,SKU-0105,LittleNest Swaddle Blankets — BPA-Free & Safety Certified,1,54.16,0.0,54.16,USD
114-1795275-8866212,2,B01NLXW82L,SKU-0104,LittleNest Bassinet — Safety Certified & BPA-Free,1,24.09,0.0,24.09,USD
114-1926920-5904590,1,B0NQJ9A5QP,SKU-0081,WriteWell Paper Shredder — Ergonomic & Space Saving,1,13.62,0.0,13.62,USD
114-1926920-5904590,2,B0M2QT36J4,SKU-0010,AuroraTech Portable Charger — Fast Charging & HD 1080p,4,64.56,0.0,258.24,USD
114-4052888-3475732,1,B0P5FBKME8,SKU-0047,PureGlo Bath Bomb Set — Dermatologist Tested & Gentle Formula,1,29.77,0.0,29.77,USD
114-8697601-8416816,1,B0J9HPEX6X,SKU-0112,DriveGuard Tire Pressure Gauge — Long Cord & Heavy Duty,1,34.7,0.0,34.7,USD
114-8697601-8416816,2,B09YYU37MZ,SKU-0053,TrailBlaze Jump Rope — Heavy Duty & Waterproof,1,18.75,0.0,18.75,USD
114-8697601-8416816,3,B0A8X9FRKN,SKU-0031,Nordic Home Coffee Grinder — BPA-Free & Premium Finish,1,82.74,0.0,82.74,USD
114-8697601-8416816,4,B0M1WJMA8T,SKU-0085,WriteWell Planner Notebook — Ergonomic & Multipurpose,4,8.44,0.0,33.76,USD
114-1037242-7116407,1,B0NKTX370W,SKU-0051,PureGlo Shampoo & Conditioner — Gentle Formula & Ionic Technology,1,11.33,0.0,11.33,USD
114-2376926-4185689,1,B0SH0V1DCR,SKU-0075,KiddoCraft Nerf-Style Blaster — Ages 3+ & Interactive,1,17.07,0.0,17.07,USD
114-2376926-4185689,2,B0CWALEK2Y,SKU-0036,ZenLife Air Fryer — Dishwasher Safe & Non-Stick Coating,1,19.47,0.0,19.47,USD
114-3610403-2872993,1,B08RJE02WW,SKU-0016,AuroraTech Headphones — Bluetooth 5.3 & Water Resistant,1,87.93,0.0,87.93,USD
114-9878202-7240771,1,B0HE56LV1G,SKU-0071,KiddoCraft Play Kitchen Set — Interactive & Ages 3+,1,22.81,0.0,22.81,USD
114-9878202-7240771,2,B0ZWX7WPK9,SKU-0114,DriveGuard Seat Covers — Universal Fit & Heavy Duty,1,19.42,0.0,19.42,USD
114-7941798-1770542,1,B0SQ7F7BFE,SKU-0057,TrailBlaze Dumbbell Set — Waterproof & Portable,2,46.37,0.0,92.74,USD
114-7941798-1770542,2,B0SFWKQDD5,SKU-0022,Nordic Home Plant Pots — Non-Stick Coating & BPA-Free,1,27.96,0.0,27.96,USD
114-9076397-3195107,1,B04ZD4ZURZ,SKU-0103,LittleNest Baby Monitor — Safety Certified & Hypoallergenic,1,31.9,0.0,31.9,USD
114-6371339-6458188,1,B00JXDXVG6,SKU-0095,PawPals Dog Treat Pouch — Easy to Clean & Non-Toxic,1,20.29,0.0,20.29,USD
114-5802618-2436920,1,B0ERBP9846,SKU-0033,ZenLife Throw Blanket — BPA-Free & Non-Stick Coating,1,42.34,0.0,42.34,USD
114-5802618-2436920,2,B0SFWKQDD5,SKU-0022,Nordic Home Plant Pots — Non-Stick Coating & BPA-Free,1,27.96,0.0,27.96,USD
114-5802618-2436920,3,B043M1S1C4,SKU-0049,PureGlo Sunscreen Lotion — Ionic Technology & Dermatologist Tested,1,31.54,0.0,31.54,USD
114-5802618-2436920,4,B0R5E97R3C,SKU-0001,AuroraTech Smart Plug — Noise Cancelling & HD 1080p,1,89.73,0.0,89.73,USD
114-6977619-1755625,1,B0MVKP1792,SKU-0002,BrightBeam HDMI Cable — Bluetooth 5.3 & HD 1080p,1,63.85,0.0,63.85,USD
114-6977619-1755625,2,B0M1WJMA8T,SKU-0085,WriteWell Planner Notebook — Ergonomic & Multipurpose,1,8.44,0.0,8.44,USD
114-6203772-6163197,1,B01NLXW82L,SKU-0104,LittleNest Bassinet — Safety Certified & BPA-Free,1,24.09,2.84,21.25,USD
114-6203772-6163197,2,B0AZBDRH38,SKU-0086,ProGrip Sticky Notes Pack — Ergonomic & Multipurpose,1,27.71,0.0,27.71,USD
114-6107007-7087108,1,B03WTWXEDC,SKU-0072,CloudNest Magnetic Tiles — STEM Learning & Educational,1,19.25,0.0,19.25,USD
114-5565868-7827850,1,B0PGGKXQ9K,SKU-0093,PawPals Pet Water Fountain — Easy to Clean & Vet Recommended,1,34.22,0.0,34.22,USD
114-5565868-7827850,2,B0WCY6LU8P,SKU-0029,UrbanKitchen Wall Clock — Easy Clean & Dishwasher Safe,1,72.21,8.68,63.53,USD
114-7998094-9318398,1,B0E48MCY15,SKU-0079,WriteWell Label Maker — Durable & Multipurpose,1,49.25,0.0,49.25,USD
114-1233398-9406813,1,B08H6XVAML,SKU-0006,EverPeak Gaming Mouse — RGB Backlit & Compact Design,1,88.7,0.0,88.7,USD
114-1233398-9406813,2,B0QKGVBY0X,SKU-0108,LittleNest Baby Bottle Set — BPA-Free & Hypoallergenic,1,32.0,0.0,32.0,USD
114-1233398-9406813,3,B0Q85PD1G6,SKU-0018,EverPeak Power Bank — 30H Battery Life & Noise Cancelling,1,17.84,0.0,17.84,USD
114-3574710-7202409,1,B08H6XVAML,SKU-0006,EverPeak Gaming Mouse — RGB Backlit & Compact Design,1,81.06,0.0,81.06,USD
114-6950129-9357931,1,B09V1N9TED,SKU-0077,KiddoCraft Puzzle Set — Non-Toxic & STEM Learning,1,29.15,0.0,29.15,USD
114-4698887-2502424,1,B0QKGVBY0X,SKU-0108,LittleNest Baby Bottle Set — BPA-Free & Hypoallergenic,1,32.0,0.0,32.0,USD
114-2469071-8002686,1,B0K12NKA8N,SKU-0013,AuroraTech Smart Watch — 30H Battery Life & Bluetooth 5.3,1,83.42,0.0,83.42,USD
114-7947234-5795036,1,B0E48MCY15,SKU-0079,WriteWell Label Maker — Durable & Multipurpose,2,49.25,0.0,98.5,USD
114-7947234-5795036,2,B0QKGVBY0X,SKU-0108,LittleNest Baby Bottle Set — BPA-Free & Hypoallergenic,1,32.0,0.0,32.0,USD
114-4176777-4226808,1,B0CWALEK2Y,SKU-0036,ZenLife Air Fryer — Dishwasher Safe & Non-Stick Coating,1,19.47,0.0,19.47,USD
114-4176777-4226808,2,B0YXU5G7D1,SKU-0011,BrightBeam Bluetooth Speaker — Fast Charging & Noise Cancelling,1,107.91,0.0,107.91,USD
114-5534221-1057075,1,B02SLUXEFA,SKU-0038,UrbanKitchen Spice Rack — Easy Clean & Non-Stick Coating,1,44.0,0.0,44.0,USD
114-9948337-5292134,1,B0TXQ65ZFV,SKU-0087,WriteWell Desk Organizer — Ergonomic & Multipurpose,1,21.66,0.0,21.66,USD
114-1111203-7170509,1,B0A8X9FRKN,SKU-0031,Nordic Home Coffee Grinder — BPA-Free & Premium Finish,2,82.74,0.0,165.48,USD
114-4156588-4448087,1,B01CQYLRS7,SKU-0070,CloudNest Art Supplies Kit — STEM Learning & Interactive,1,13.62,0.0,13.62,USD
114-4156588-4448087,2,B02T104M25,SKU-0111,DriveGuard Jump Starter — Long Cord & Universal Fit,1,55.67,0.0,55.67,USD
114-8206562-8364631,1,B03WTWXEDC,SKU-0072,CloudNest Magnetic Tiles — STEM Learning & Educational,1,19.25,0.0,19.25,USD
114-5936237-3534174,1,B08UGTRB3Y,SKU-0050,ZenLife Vitamin C Serum — Dermatologist Tested & Long Lasting,1,40.54,0.0,40.54,USD
114-5372718-1076788,1,B0HE56LV1G,SKU-0071,KiddoCraft Play Kitchen Set — Interactive & Ages 3+,1,22.81,1.31,21.5,USD
114-9114525-8552842,1,B09V1N9TED,SKU-0077,KiddoCraft Puzzle Set — Non-Toxic & STEM Learning,1,29.15,0.0,29.15,USD
114-9114525-8552842,2,B0SH0V1DCR,SKU-0075,KiddoCraft Nerf-Style Blaster — Ages 3+ & Interactive,3,17.07,0.0,51.21,USD
114-9114525-8552842,3,B0279XVVC5,SKU-0014,BrightBeam Desk Lamp — RGB Backlit & Noise Cancelling,1,51.35,0.0,51.35,USD
114-5186432-8103048,1,B0HE56LV1G,SKU-0071,KiddoCraft Play Kitchen Set — Interactive & Ages 3+,1,22.81,0.0,22.81,USD
114-5186432-8103048,2,B04ZD4ZURZ,SKU-0103,LittleNest Baby Monitor — Safety Certified & Hypoallergenic,2,31.9,0.0,63.8,USD
114-5042799-9120577,1,B055PLDLF8,SKU-0005,BrightBeam Webcam — Compact Design & 30H Battery Life,1,40.21,0.0,40.21,USD
114-4076100-4954062,1,B06AZNEH47,SKU-0008,BrightBeam Mechanical Keyboard — 30H Battery Life & Water Resistant,2,75.67,0.0,151.34,USD
114-3211698-3426109,1,B06AZNEH47,SKU-0008,BrightBeam Mechanical Keyboard — 30H Battery Life & Water Resistant,1,75.67,0.0,75.67,USD
114-3211698-3426109,2,B0ZWX7WPK9,SKU-0114,DriveGuard Seat Covers — Universal Fit & Heavy Duty,1,19.42,1.53,17.89,USD
114-3211698-3426109,3,B08UGTRB3Y,SKU-0050,ZenLife Vitamin C Serum — Dermatologist Tested & Long Lasting,1,40.54,0.0,40.54,USD
114-3211698-3426109,4,B0M1WJMA8T,SKU-0085,WriteWell Planner Notebook — Ergonomic & Multipurpose,2,8.44,0.0,16.88,USD
114-3211698-3426109,5,B0J9HPEX6X,SKU-0112,DriveGuard Tire Pressure Gauge — Long Cord & Heavy Duty,1,34.7,0.0,34.7,USD
114-3211698-3426109,6,B0F635F86R,SKU-0097,PawPals Dog Chew Toys — Durable & Easy to Clean,1,21.36,0.0,21.36,USD
114-6936081-4085925,1,B0M2UGJMKQ,SKU-0074,CloudNest RC Car — STEM Learning & Interactive,1,12.84,0.0,12.84,USD
114-8424332-4792245,1,B055PLDLF8,SKU-0005,BrightBeam Webcam — Compact Design & 30H Battery Life,1,40.21,0.0,40.21,USD
114-8424332-4792245,2,B0JH68DJ8G,SKU-0032,UrbanKitchen Blender — Non-Stick Coating & Space Saving,1,26.96,3.63,23.33,USD
114-8424332-4792245,3,B0279XVVC5,SKU-0014,BrightBeam Desk Lamp — RGB Backlit & Noise Cancelling,1,51.35,0.0,51.35,USD
114-8424332-4792245,4,B0R5E97R3C,SKU-0001,AuroraTech Smart Plug — Noise Cancelling & HD 1080p,1,89.73,4.55,85.18,USD
114-8424332-4792245,5,B0M6YEW145,SKU-0083,WriteWell Standing Desk Converter — Durable & Multipurpose,1,9.99,0.0,9.99,USD
114-8531023-9781792,1,B0YXU5G7D1,SKU-0011,BrightBeam Bluetooth Speaker — Fast Charging & Noise Cancelling,1,107.91,0.0,107.91,USD
114-3901128-3268011,1,B07BRCRU82,SKU-0027,ZenLife Kitchen Scale — Easy Clean & Dishwasher Safe,1,16.71,0.0,16.71,USD
114-3901128-3268011,2,B08H6XVAML,SKU-0006,EverPeak Gaming Mouse — RGB Backlit & Compact Design,1,81.06,0.0,81.06,USD
114-4938022-2431391,1,B0SQ7F7BFE,SKU-0057,TrailBlaze Dumbbell Set — Waterproof & Portable,1,46.37,0.0,46.37,USD
114-4938022-2431391,2,B0NL5Q5CZM,SKU-0003,EverPeak USB-C Hub — Water Resistant & HD 1080p,2,103.75,0.0,207.5,USD
114-9778524-5063138,1,B0AZBDRH38,SKU-0086,ProGrip Sticky Notes Pack — Ergonomic & Multipurpose,2,27.71,0.0,55.42,USD
114-9778524-5063138,2,B0JH68DJ8G,SKU-0032,UrbanKitchen Blender — Non-Stick Coating & Space Saving,1,26.96,0.0,26.96,USD
114-1909520-4158898,1,B0TURPLSHH,SKU-0100,PawPals Automatic Pet Feeder — Easy to Clean & Vet Recommended,1,43.13,2.99,40.14,USD
114-1909520-4158898,2,B0F635F86R,SKU-0097,PawPals Dog Chew Toys — Durable & Easy to Clean,1,21.36,0.0,21.36,USD
114-1909520-4158898,3,B0A30AC946,SKU-0117,ProGrip Stud Finder — Ergonomic Grip & Rust Resistant,1,19.86,0.0,19.86,USD
114-1519997-2520604,1,B0R5E97R3C,SKU-0001,AuroraTech Smart Plug — Noise Cancelling & HD 1080p,2,89.73,0.0,179.46,USD
114-7505169-5636007,1,B08H6XVAML,SKU-0006,EverPeak Gaming Mouse — RGB Backlit & Compact Design,1,88.7,9.31,79.39,USD
114-8530924-3031316,1,B0M9299AJ4,SKU-0024,ZenLife Electric Kettle — Non-Stick Coating & Space Saving,1,46.0,2.64,43.36,USD
114-8530924-3031316,2,B0U0VF1HMG,SKU-0040,ZenLife Nail Clipper Set — Gentle Formula & Cruelty-Free,2,28.36,7.61,49.11,USD
114-8530924-3031316,3,B08H6XVAML,SKU-0006,EverPeak Gaming Mouse — RGB Backlit & Compact Design,1,88.7,0.0,88.7,USD
114-8530924-3031316,4,B0TXQ65ZFV,SKU-0087,WriteWell Desk Organizer — Ergonomic & Multipurpose,1,21.66,0.0,21.66,USD
114-7120355-7192139,1,B08H6XVAML,SKU-0006,EverPeak Gaming Mouse — RGB Backlit & Compact Design,1,88.7,10.68,78.02,USD
114-1911379-7658078,1,B0YXU5G7D1,SKU-0011,BrightBeam Bluetooth Speaker — Fast Charging & Noise Cancelling,1,107.91,0.0,107.91,USD
114-7160734-8899026,1,B04Z7XKKST,SKU-0105,LittleNest Swaddle Blankets — BPA-Free & Safety Certified,1,54.16,0.0,54.16,USD
114-7160734-8899026,2,B0M6YEW145,SKU-0083,WriteWell Standing Desk Converter — Durable & Multipurpose,1,9.99,0.0,9.99,USD
114-9768429-9793064,1,B04Z7XKKST,SKU-0105,LittleNest Swaddle Blankets — BPA-Free & Safety Certified,3,54.16,0.0,162.48,USD
114-9768429-9793064,2,B055PLDLF8,SKU-0005,BrightBeam Webcam — Compact Design & 30H Battery Life,3,40.21,0.0,120.63,USD
114-9401209-6230363,1,B0TXQ65ZFV,SKU-0087,WriteWell Desk Organizer — Ergonomic & Multipurpose,1,21.66,2.69,18.97,USD
114-1009163-7876428,1,B0NL5Q5CZM,SKU-0003,EverPeak USB-C Hub — Water Resistant & HD 1080p,1,110.91,0.0,110.91,USD
114-2522726-9269834,1,B0279XVVC5,SKU-0014,BrightBeam Desk Lamp — RGB Backlit & Noise Cancelling,2,51.35,0.0,102.7,USD
114-9763534-2473843,1,B0NQJ9A5QP,SKU-0081,WriteWell Paper Shredder — Ergonomic & Space Saving,1,15.31,0.0,15.31,USD
114-6321605-5878302,1,B0FPMT2SF9,SKU-0076,CloudNest Science Kit — Educational & Non-Toxic,1,12.73,0.0,12.73,USD
114-6321605-5878302,2,B0ZWX7WPK9,SKU-0114,DriveGuard Seat Covers — Universal Fit & Heavy Duty,1,19.42,0.0,19.42,USD
114-6321605-5878302,3,B01NLXW82L,SKU-0104,LittleNest Bassinet — Safety Certified & BPA-Free,1,24.09,0.0,24.09,USD
114-6320116-5892932,1,B0M2UGJMKQ,SKU-0074,CloudNest RC Car — STEM Learning & Interactive,1,11.77,0.0,11.77,USD
114-6320116-5892932,2,B088K2QTZJ,SKU-0007,AuroraTech Car Mount — Bluetooth 5.3 & RGB Backlit,4,52.27,0.0,209.08,USD
114-6320116-5892932,3,B0PAU2ZN1D,SKU-0113,DriveGuard Car Organizer — Heavy Duty & Easy Install,1,24.69,0.0,24.69,USD
114-6833547-2640751,1,B0N90348CD,SKU-0088,ProGrip Desk Chair Cushion — Multipurpose & Ergonomic,1,17.61,0.0,17.61,USD
114-4919503-2653386,1,B0MVKP1792,SKU-0002,BrightBeam HDMI Cable — Bluetooth 5.3 & HD 1080p,1,63.85,0.0,63.85,USD
114-2748618-4754162,1,B0SFWKQDD5,SKU-0022,Nordic Home Plant Pots — Non-Stick Coating & BPA-Free,3,27.96,0.0,83.88,USD
114-2748618-4754162,2,B08H6XVAML,SKU-0006,EverPeak Gaming Mouse — RGB Backlit & Compact Design,2,88.7,17.45,159.95,USD
114-2748618-4754162,3,B0N90348CD,SKU-0088,ProGrip Desk Chair Cushion — Multipurpose & Ergonomic,1,17.61,0.0,17.61,USD
114-9839713-4815503,1,B0A8X9FRKN,SKU-0031,Nordic Home Coffee Grinder — BPA-Free & Premium Finish,1,74.65,0.0,74.65,USD
114-9839713-4815503,2,B0JH68DJ8G,SKU-0032,UrbanKitchen Blender — Non-Stick Coating & Space Saving,1,26.96,0.0,26.96,USD
114-9839713-4815503,3,B0936760J9,SKU-0034,Nordic Home Shower Caddy — Easy Clean & Non-Stick Coating,1,25.31,0.0,25.31,USD
114-2573354-8156678,1,B0SFWKQDD5,SKU-0022,Nordic Home Plant Pots — Non-Stick Coating & BPA-Free,1,27.96,0.0,27.96,USD
114-4594798-8948512,1,B0P5FBKME8,SKU-0047,PureGlo Bath Bomb Set — Dermatologist Tested & Gentle Formula,1,29.77,0.0,29.77,USD
114-6495382-6944309,1,B0ANDXF98K,SKU-0004,AuroraTech WiFi Range Extender — Bluetooth 5.3 & Fast Charging,1,109.5,0.0,109.5,USD
114-3884191-5832175,1,B04Z7XKKST,SKU-0105,LittleNest Swaddle Blankets — BPA-Free & Safety Certified,1,54.16,0.0,54.16,USD
114-3884191-5832175,2,B0MVKP1792,SKU-0002,BrightBeam HDMI Cable — Bluetooth 5.3 & HD 1080p,2,63.85,0.0,127.7,USD
114-1435029-9565146,1,B0279XVVC5,SKU-0014,BrightBeam Desk Lamp — RGB Backlit & Noise Cancelling,1,51.35,0.0,51.35,USD
114-3341165-3491753,1,B0K12NKA8N,SKU-0013,AuroraTech Smart Watch — 30H Battery Life & Bluetooth 5.3,2,83.42,0.0,166.84,USD
114-3341165-3491753,2,B0P5FBKME8,SKU-0047,PureGlo Bath Bomb Set — Dermatologist Tested & Gentle Formula,1,29.77,0.0,29.77,USD
114-3341165-3491753,3,B0HE56LV1G,SKU-0071,KiddoCraft Play Kitchen Set — Interactive & Ages 3+,3,22.81,0.0,68.43,USD
114-3341165-3491753,4,B085JJ3ZXF,SKU-0041,PureGlo Electric Toothbrush — Long Lasting & Dermatologist Tested,1,45.38,0.0,45.38,USD
114-3927103-9335005,1,B01CQYLRS7,SKU-0070,CloudNest Art Supplies Kit — STEM Learning & Interactive,1,13.62,0.0,13.62,USD
114-1199068-5238439,1,B08H6XVAML,SKU-0006,EverPeak Gaming Mouse — RGB Backlit & Compact Design,1,88.7,0.0,88.7,USD
114-6524509-3280721,1,B0FTQRA6A1,SKU-0109,DriveGuard Dash Cam — Heavy Duty & Easy Install,1,30.93,0.0,30.93,USD
114-6524509-3280721,2,B02X1DSSZM,SKU-0102,LittleNest Diaper Bag — Hypoallergenic & Easy to Clean,1,13.44,0.0,13.44,USD
114-6524509-3280721,3,B0R5E97R3C,SKU-0001,AuroraTech Smart Plug — Noise Cancelling & HD 1080p,1,89.73,0.0,89.73,USD
114-6524509-3280721,4,B0F635F86R,SKU-0097,PawPals Dog Chew Toys — Durable & Easy to Clean,1,21.36,0.0,21.36,USD
114-8614029-3499169,1,B0TURPLSHH,SKU-0100,PawPals Automatic Pet Feeder — Easy to Clean & Vet Recommended,1,43.13,0.0,43.13,USD
114-8614029-3499169,2,B0ANDXF98K,SKU-0004,AuroraTech WiFi Range Extender — Bluetooth 5.3 & Fast Charging,2,109.5,25.31,193.69,USD
114-8614029-3499169,3,B06HX4SP7L,SKU-0080,ProGrip Gel Pen Set — Ergonomic & Durable,1,12.33,1.02,11.31,USD
114-8614029-3499169,4,B055PLDLF8,SKU-0005,BrightBeam Webcam — Compact Design & 30H Battery Life,1,40.21,0.0,40.21,USD
114-5837652-2737911,1,B04Z7XKKST,SKU-0105,LittleNest Swaddle Blankets — BPA-Free & Safety Certified,2,54.16,0.0,108.32,USD
114-8960987-1993789,1,B04ZD4ZURZ,SKU-0103,LittleNest Baby Monitor — Safety Certified & Hypoallergenic,1,31.9,0.0,31.9,USD
114-8960987-1993789,2,B0M9299AJ4,SKU-0024,ZenLife Electric Kettle — Non-Stick Coating & Space Saving,1,46.0,0.0,46.0,USD
114-2872444-8117748,1,B0R5E97R3C,SKU-0001,AuroraTech Smart Plug — Noise Cancelling & HD 1080p,4,89.73,0.0,358.92,USD
114-8535305-6059943,1,B0SFWKQDD5,SKU-0022,Nordic Home Plant Pots — Non-Stick Coating & BPA-Free,1,27.96,0.0,27.96,USD
114-8535305-6059943,2,B0R5E97R3C,SKU-0001,AuroraTech Smart Plug — Noise Cancelling & HD 1080p,1,89.73,0.0,89.73,USD
114-8472359-2026766,1,B0GJL7P973,SKU-0045,PureGlo Hair Straightener — Cruelty-Free & Ionic Technology,1,39.53,0.0,39.53,USD
114-6973979-6400744,1,B00EGECWF5,SKU-0030,ZenLife Laundry Hamper — Dishwasher Safe & Premium Finish,1,68.26,0.0,68.26,USD
114-4898050-9681779,1,B01CQYLRS7,SKU-0070,CloudNest Art Supplies Kit — STEM Learning & Interactive,1,13.62,0.0,13.62,USD
114-8792960-2176937,1,B0J9HPEX6X,SKU-0112,DriveGuard Tire Pressure Gauge — Long Cord & Heavy Duty,1,34.7,0.0,34.7,USD
114-8792960-2176937,2,B0279XVVC5,SKU-0014,BrightBeam Desk Lamp — RGB Backlit & Noise Cancelling,1,51.35,0.0,51.35,USD
114-8792960-2176937,3,B0MVKP1792,SKU-0002,BrightBeam HDMI Cable — Bluetooth 5.3 & HD 1080p,1,63.85,0.0,63.85,USD
114-2159104-8226768,1,B0U0VF1HMG,SKU-0040,ZenLife Nail Clipper Set — Gentle Formula & Cruelty-Free,1,24.82,0.0,24.82,USD
114-2159104-8226768,2,B08RJE02WW,SKU-0016,AuroraTech Headphones — Bluetooth 5.3 & Water Resistant,1,87.93,0.0,87.93,USD
114-8826778-1141285,1,B0MVKP1792,SKU-0002,BrightBeam HDMI Cable — Bluetooth 5.3 & HD 1080p,1,63.85,0.0,63.85,USD
114-8826778-1141285,2,B055PLDLF8,SKU-0005,BrightBeam Webcam — Compact Design & 30H Battery Life,1,40.21,5.97,34.24,USD
114-7562471-4062040,1,B00EGECWF5,SKU-0030,ZenLife Laundry Hamper — Dishwasher Safe & Premium Finish,1,72.6,0.0,72.6,USD
114-3254885-1403953,1,B0G3W4FNRY,SKU-0052,ZenLife Beard Trimmer — Cruelty-Free & Gentle Formula,1,41.64,0.0,41.64,USD
114-3254885-1403953,2,B0J4AJH5Y5,SKU-0084,ProGrip Monitor Stand — Space Saving & Multipurpose,2,57.15,0.0,114.3,USD
114-3254885-1403953,3,B088K2QTZJ,SKU-0007,AuroraTech Car Mount — Bluetooth 5.3 & RGB Backlit,1,52.27,0.0,52.27,USD
114-6382489-1187469,1,B01NLXW82L,SKU-0104,LittleNest Bassinet — Safety Certified & BPA-Free,1,24.09,0.0,24.09,USD
114-6382489-1187469,2,B0FPMT2SF9,SKU-0076,CloudNest Science Kit — Educational & Non-Toxic,1,14.63,0.0,14.63,USD
114-2332825-8503822,1,B0NL5Q5CZM,SKU-0003,EverPeak USB-C Hub — Water Resistant & HD 1080p,3,103.75,0.0,311.25,USD
114-9125967-5707823,1,B0AZBDRH38,SKU-0086,ProGrip Sticky Notes Pack — Ergonomic & Multipurpose,1,27.71,0.0,27.71,USD
114-9125967-5707823,2,B02X1DSSZM,SKU-0102,LittleNest Diaper Bag — Hypoallergenic & Easy to Clean,1,13.44,0.0,13.44,USD
114-6087212-1558164,1,B0R5E97R3C,SKU-0001,AuroraTech Smart Plug — Noise Cancelling & HD 1080p,1,89.73,0.0,89.73,USD
114-6087212-1558164,2,B0ANDXF98K,SKU-0004,AuroraTech WiFi Range Extender — Bluetooth 5.3 & Fast Charging,3,109.5,0.0,328.5,USD
114-1627637-1377463,1,B0FKKPVMZA,SKU-0065,TrailBlaze Foam Roller — Heavy Duty & Anti-Slip,1,52.95,0.0,52.95,USD
114-7816383-1317536,1,B0JH68DJ8G,SKU-0032,UrbanKitchen Blender — Non-Stick Coating & Space Saving,1,26.96,0.0,26.96,USD
114-6559996-2327411,1,B0TURPLSHH,SKU-0100,PawPals Automatic Pet Feeder — Easy to Clean & Vet Recommended,1,43.13,5.07,38.06,USD
114-6559996-2327411,2,B0P5FBKME8,SKU-0047,PureGlo Bath Bomb Set — Dermatologist Tested & Gentle Formula,1,31.59,0.0,31.59,USD
114-6559996-2327411,3,B0YXU5G7D1,SKU-0011,BrightBeam Bluetooth Speaker — Fast Charging & Noise Cancelling,1,107.91,0.0,107.91,USD
114-2185112-9342623,1,B02X1DSSZM,SKU-0102,LittleNest Diaper Bag — Hypoallergenic & Easy to Clean,2,13.44,0.0,26.88,USD
114-1668899-4836940,1,B0P5FBKME8,SKU-0047,PureGlo Bath Bomb Set — Dermatologist Tested & Gentle Formula,1,29.77,0.0,29.77,USD
114-1668899-4836940,2,B0NL5Q5CZM,SKU-0003,EverPeak USB-C Hub — Water Resistant & HD 1080p,1,73.81,0.0,73.81,USD
114-9473773-4020122,1,B0K12NKA8N,SKU-0013,AuroraTech Smart Watch — 30H Battery Life & Bluetooth 5.3,2,83.42,9.81,157.03,USD
114-5681608-9273081,1,B05P1Y30A5,SKU-0091,PawPals Slow Feeder Bowl — Easy to Clean & Non-Toxic,3,10.4,0.0,31.2,USD
114-1335798-1083319,1,B0FPMT2SF9,SKU-0076,CloudNest Science Kit — Educational & Non-Toxic,1,14.63,0.0,14.63,USD
114-1335798-1083319,2,B0FTQRA6A1,SKU-0109,DriveGuard Dash Cam — Heavy Duty & Easy Install,1,30.93,0.0,30.93,USD
114-1306759-8995867,1,B0DLXACSTN,SKU-0068,CloudNest Plush Toy — Non-Toxic & Ages 3+,2,21.32,0.0,42.64,USD
114-1306759-8995867,2,B02X1DSSZM,SKU-0102,LittleNest Diaper Bag — Hypoallergenic & Easy to Clean,1,13.44,0.0,13.44,USD
114-2671275-8626561,1,B0G3W4FNRY,SKU-0052,ZenLife Beard Trimmer — Cruelty-Free & Gentle Formula,1,41.64,0.0,41.64,USD
114-3021509-4183083,1,B0AZBDRH38,SKU-0086,ProGrip Sticky Notes Pack — Ergonomic & Multipurpose,1,27.71,0.0,27.71,USD
114-3021509-4183083,2,B0279XVVC5,SKU-0014,BrightBeam Desk Lamp — RGB Backlit & Noise Cancelling,1,51.35,0.0,51.35,USD
114-2959175-1438857,1,B0TURPLSHH,SKU-0100,PawPals Automatic Pet Feeder — Easy to Clean & Vet Recommended,1,43.13,0.0,43.13,USD
114-2959175-1438857,2,B0PGGKXQ9K,SKU-0093,PawPals Pet Water Fountain — Easy to Clean & Vet Recommended,1,34.22,2.75,31.47,USD
114-5558231-1571260,1,B0NL5Q5CZM,SKU-0003,EverPeak USB-C Hub — Water Resistant & HD 1080p,1,103.75,0.0,103.75,USD
114-5558231-1571260,2,B0ZWX7WPK9,SKU-0114,DriveGuard Seat Covers — Universal Fit & Heavy Duty,3,20.72,0.0,62.16,USD
114-5558231-1571260,3,B0A30AC946,SKU-0117,ProGrip Stud Finder — Ergonomic Grip & Rust Resistant,1,19.86,0.0,19.86,USD
114-5558231-1571260,4,B00JXDXVG6,SKU-0095,PawPals Dog Treat Pouch — Easy to Clean & Non-Toxic,1,20.29,0.0,20.29,USD
114-7533764-4631757,1,B00EGECWF5,SKU-0030,ZenLife Laundry Hamper — Dishwasher Safe & Premium Finish,1,68.26,0.0,68.26,USD
114-7533764-4631757,2,B0U0VF1HMG,SKU-0040,ZenLife Nail Clipper Set — Gentle Formula & Cruelty-Free,1,24.82,0.0,24.82,USD
114-5554797-4082714,1,B0FTQRA6A1,SKU-0109,DriveGuard Dash Cam — Heavy Duty & Easy Install,1,30.93,0.0,30.93,USD
114-5554797-4082714,2,B0J9HPEX6X,SKU-0112,DriveGuard Tire Pressure Gauge — Long Cord & Heavy Duty,1,36.82,0.0,36.82,USD
114-5554797-4082714,3,B0F635F86R,SKU-0097,PawPals Dog Chew Toys — Durable & Easy to Clean,1,21.36,0.0,21.36,USD
114-5554797-4082714,4,B0N90348CD,SKU-0088,ProGrip Desk Chair Cushion — Multipurpose & Ergonomic,1,17.61,0.0,17.61,USD
114-5554797-4082714,5,B0YXU5G7D1,SKU-0011,BrightBeam Bluetooth Speaker — Fast Charging & Noise Cancelling,1,107.91,0.0,107.91,USD
114-5554797-4082714,6,B02T104M25,SKU-0111,DriveGuard Jump Starter — Long Cord & Universal Fit,1,55.67,0.0,55.67,USD
114-7762610-1383372,1,B0TURPLSHH,SKU-0100,PawPals Automatic Pet Feeder — Easy to Clean & Vet Recommended,1,43.13,0.0,43.13,USD
114-5789406-4297494,1,B0P5FBKME8,SKU-0047,PureGlo Bath Bomb Set — Dermatologist Tested & Gentle Formula,1,31.59,0.0,31.59,USD
114-5789406-4297494,2,B08H6XVAML,SKU-0006,EverPeak Gaming Mouse — RGB Backlit & Compact Design,2,88.7,0.0,177.4,USD
114-2084304-2873952,1,B01NLXW82L,SKU-0104,LittleNest Bassinet — Safety Certified & BPA-Free,1,24.09,0.0,24.09,USD
114-2240805-6849932,1,B06AZNEH47,SKU-0008,BrightBeam Mechanical Keyboard — 30H Battery Life & Water Resistant,1,75.67,4.26,71.41,USD
114-2240805-6849932,2,B0NL5Q5CZM,SKU-0003,EverPeak USB-C Hub — Water Resistant & HD 1080p,1,110.91,0.0,110.91,USD
114-9058519-6027321,1,B0YXU5G7D1,SKU-0011,BrightBeam Bluetooth Speaker — Fast Charging & Noise Cancelling,1,84.3,10.09,74.21,USD
114-9058519-6027321,2,B0F635F86R,SKU-0097,PawPals Dog Chew Toys — Durable & Easy to Clean,1,21.36,0.0,21.36,USD
114-9058519-6027321,3,B0M6YEW145,SKU-0083,WriteWell Standing Desk Converter — Durable & Multipurpose,2,9.99,0.0,19.98,USD
114-5409764-1661465,1,B0A30AC946,SKU-0117,ProGrip Stud Finder — Ergonomic Grip & Rust Resistant,1,19.86,0.0,19.86,USD
114-5409764-1661465,2,B0FTQRA6A1,SKU-0109,DriveGuard Dash Cam — Heavy Duty & Easy Install,1,30.93,0.0,30.93,USD
114-1999252-7164610,1,B0E48MCY15,SKU-0079,WriteWell Label Maker — Durable & Multipurpose,1,49.25,0.0,49.25,USD
114-6993606-5814928,1,B0SFWKQDD5,SKU-0022,Nordic Home Plant Pots — Non-Stick Coating & BPA-Free,1,27.96,0.0,27.96,USD
114-6993606-5814928,2,B0M6YEW145,SKU-0083,WriteWell Standing Desk Converter — Durable & Multipurpose,1,9.99,1.48,8.51,USD
114-2330787-8615995,1,B0J9HPEX6X,SKU-0112,DriveGuard Tire Pressure Gauge — Long Cord & Heavy Duty,1,36.82,0.0,36.82,USD
114-6120953-9573604,1,B0FKKPVMZA,SKU-0065,TrailBlaze Foam Roller — Heavy Duty & Anti-Slip,1,52.95,0.0,52.95,USD
114-6120953-9573604,2,B05P1Y30A5,SKU-0091,PawPals Slow Feeder Bowl — Easy to Clean & Non-Toxic,1,10.4,0.0,10.4,USD
114-9834338-8318221,1,B0SH0V1DCR,SKU-0075,KiddoCraft Nerf-Style Blaster — Ages 3+ & Interactive,2,15.04,0.0,30.08,USD
114-3774886-7327602,1,B055PLDLF8,SKU-0005,BrightBeam Webcam — Compact Design & 30H Battery Life,1,40.21,0.0,40.21,USD
114-3774886-7327602,2,B0CWALEK2Y,SKU-0036,ZenLife Air Fryer — Dishwasher Safe & Non-Stick Coating,1,19.47,1.01,18.46,USD
114-3259071-5694772,1,B0671R2A1G,SKU-0012,EverPeak Laptop Stand — Water Resistant & 30H Battery Life,1,63.64,0.0,63.64,USD
114-3259071-5694772,2,B0GJL7P973,SKU-0045,PureGlo Hair Straightener — Cruelty-Free & Ionic Technology,1,39.53,0.0,39.53,USD
114-3259071-5694772,3,B0M2UGJMKQ,SKU-0074,CloudNest RC Car — STEM Learning & Interactive,1,11.77,0.0,11.77,USD
114-3259071-5694772,4,B055PLDLF8,SKU-0005,BrightBeam Webcam — Compact Design & 30H Battery Life,1,40.21,2.47,37.74,USD
114-3259071-5694772,5,B0M6YEW145,SKU-0083,WriteWell Standing Desk Converter — Durable & Multipurpose,1,9.99,0.0,9.99,USD
114-1965307-1777145,1,B0A8X9FRKN,SKU-0031,Nordic Home Coffee Grinder — BPA-Free & Premium Finish,2,82.74,0.0,165.48,USD
114-1965307-1777145,2,B0279XVVC5,SKU-0014,BrightBeam Desk Lamp — RGB Backlit & Noise Cancelling,1,51.35,5.13,46.22,USD
114-8470975-4575392,1,B0AZBDRH38,SKU-0086,ProGrip Sticky Notes Pack — Ergonomic & Multipurpose,1,27.71,0.0,27.71,USD
114-8470975-4575392,2,B055PLDLF8,SKU-0005,BrightBeam Webcam — Compact Design & 30H Battery Life,3,40.21,0.0,120.63,USD
114-8470975-4575392,3,B0QKGVBY0X,SKU-0108,LittleNest Baby Bottle Set — BPA-Free & Hypoallergenic,1,32.0,4.16,27.84,USD
114-5380146-1260894,1,B0N90348CD,SKU-0088,ProGrip Desk Chair Cushion — Multipurpose & Ergonomic,1,17.61,0.0,17.61,USD
114-5186775-6727598,1,B0ANDXF98K,SKU-0004,AuroraTech WiFi Range Extender — Bluetooth 5.3 & Fast Charging,1,109.5,0.0,109.5,USD
114-6298762-5067188,1,B0QKGVBY0X,SKU-0108,LittleNest Baby Bottle Set — BPA-Free & Hypoallergenic,3,32.0,0.0,96.0,USD
114-6298762-5067188,2,B0YBRGQRFQ,SKU-0110,DriveGuard Car Vacuum — Long Cord & Easy Install,1,18.37,0.0,18.37,USD
114-6298762-5067188,3,B0M6YEW145,SKU-0083,WriteWell Standing Desk Converter — Durable & Multipurpose,2,9.99,0.0,19.98,USD
114-6298762-5067188,4,B0NL5Q5CZM,SKU-0003,EverPeak USB-C Hub — Water Resistant & HD 1080p,1,110.91,0.0,110.91,USD
114-6491763-5306182,1,B0R5E97R3C,SKU-0001,AuroraTech Smart Plug — Noise Cancelling & HD 1080p,1,89.73,0.0,89.73,USD
114-5419989-9392508,1,B01NLXW82L,SKU-0104,LittleNest Bassinet — Safety Certified & BPA-Free,2,24.09,0.0,48.18,USD
114-2629693-7420346,1,B0HE56LV1G,SKU-0071,KiddoCraft Play Kitchen Set — Interactive & Ages 3+,1,22.81,0.0,22.81,USD
114-7399105-6471034,1,B0S19ZGCXE,SKU-0116,EverPeak Screwdriver Set — Cordless & High Torque,1,46.08,0.0,46.08,USD
114-1315114-9892508,1,B02X1DSSZM,SKU-0102,LittleNest Diaper Bag — Hypoallergenic & Easy to Clean,1,13.44,0.0,13.44,USD
114-8453196-1721426,1,B0HE56LV1G,SKU-0071,KiddoCraft Play Kitchen Set — Interactive & Ages 3+,2,22.81,0.0,45.62,USD
114-8453196-1721426,2,B0JH68DJ8G,SKU-0032,UrbanKitchen Blender — Non-Stick Coating & Space Saving,1,26.96,0.0,26.96,USD
114-2305417-5440575,1,B0CPNCKVZR,SKU-0017,BrightBeam Wireless Earbuds — 30H Battery Life & Noise Cancelling,1,29.65,0.0,29.65,USD
114-2305417-5440575,2,B00JXDXVG6,SKU-0095,PawPals Dog Treat Pouch — Easy to Clean & Non-Toxic,1,18.93,0.0,18.93,USD
114-1633485-1491507,1,B00JXDXVG6,SKU-0095,PawPals Dog Treat Pouch — Easy to Clean & Non-Toxic,1,20.29,0.0,20.29,USD
114-5201372-4003446,1,B0M2UGJMKQ,SKU-0074,CloudNest RC Car — STEM Learning & Interactive,1,12.84,0.0,12.84,USD
114-3672979-3967496,1,B0279XVVC5,SKU-0014,BrightBeam Desk Lamp — RGB Backlit & Noise Cancelling,3,51.35,0.0,154.05,USD
114-7099251-9141592,1,B0ZWX7WPK9,SKU-0114,DriveGuard Seat Covers — Universal Fit & Heavy Duty,1,20.72,2.12,18.6,USD
114-5489668-5807929,1,B01NLXW82L,SKU-0104,LittleNest Bassinet — Safety Certified & BPA-Free,1,24.09,0.0,24.09,USD
114-5489668-5807929,2,B0A30AC946,SKU-0117,ProGrip Stud Finder — Ergonomic Grip & Rust Resistant,1,19.86,0.0,19.86,USD
114-1244233-1642597,1,B01NLXW82L,SKU-0104,LittleNest Bassinet — Safety Certified & BPA-Free,1,24.09,2.78,21.31,USD
114-1244233-1642597,2,B0EGZYNSAE,SKU-0106,LittleNest Baby Bath Tub — Hypoallergenic & Safety Certified,1,25.43,0.0,25.43,USD
114-2771823-6335820,1,B0GKG0B3EA,SKU-0090,PawPals Dog Leash — Easy to Clean & Vet Recommended,1,54.55,0.0,54.55,USD
114-4235692-7471985,1,B03WTWXEDC,SKU-0072,CloudNest Magnetic Tiles — STEM Learning & Educational,1,19.25,0.0,19.25,USD
114-4235692-7471985,2,B0279XVVC5,SKU-0014,BrightBeam Desk Lamp — RGB Backlit & Noise Cancelling,1,51.35,0.0,51.35,USD
114-4235692-7471985,3,B06AZNEH47,SKU-0008,BrightBeam Mechanical Keyboard — 30H Battery Life & Water Resistant,1,75.67,0.0,75.67,USD
114-8368441-8769303,1,B055PLDLF8,SKU-0005,BrightBeam Webcam — Compact Design & 30H Battery Life,2,40.21,0.0,80.42,USD
114-1074924-8331938,1,B0ZWX7WPK9,SKU-0114,DriveGuard Seat Covers — Universal Fit & Heavy Duty,1,20.72,0.0,20.72,USD
114-1074924-8331938,2,B0SFWKQDD5,SKU-0022,Nordic Home Plant Pots — Non-Stick Coating & BPA-Free,1,27.96,0.0,27.96,USD
114-1074924-8331938,3,B05P1Y30A5,SKU-0091,PawPals Slow Feeder Bowl — Easy to Clean & Non-Toxic,1,11.7,0.0,11.7,USD
114-1074924-8331938,4,B02X1DSSZM,SKU-0102,LittleNest Diaper Bag — Hypoallergenic & Easy to Clean,1,13.44,0.0,13.44,USD
114-1074924-8331938,5,B02LTJA2NA,SKU-0078,CloudNest Dollhouse — Ages 3+ & Interactive,1,41.1,0.0,41.1,USD
114-5110017-8890502,1,B0NQJ9A5QP,SKU-0081,WriteWell Paper Shredder — Ergonomic & Space Saving,1,11.7,0.0,11.7,USD
114-1247568-3122120,1,B08UGTRB3Y,SKU-0050,ZenLife Vitamin C Serum — Dermatologist Tested & Long Lasting,1,40.54,0.0,40.54,USD
114-1247568-3122120,2,B0GJL7P973,SKU-0045,PureGlo Hair Straightener — Cruelty-Free & Ionic Technology,1,39.53,0.0,39.53,USD
114-1247568-3122120,3,B09D2WWZK5,SKU-0118,EverPeak Cordless Drill — Cordless & High Torque,1,18.98,0.0,18.98,USD
114-9236643-6509692,1,B0FPMT2SF9,SKU-0076,CloudNest Science Kit — Educational & Non-Toxic,1,14.63,0.0,14.63,USD
114-9236643-6509692,2,B0671R2A1G,SKU-0012,EverPeak Laptop Stand — Water Resistant & 30H Battery Life,1,63.64,0.0,63.64,USD
114-1220581-7215142,1,B0GJL7P973,SKU-0045,PureGlo Hair Straightener — Cruelty-Free & Ionic Technology,1,39.53,0.0,39.53,USD
114-9558808-8952121,1,B088K2QTZJ,SKU-0007,AuroraTech Car Mount — Bluetooth 5.3 & RGB Backlit,1,52.27,0.0,52.27,USD
114-9558808-8952121,2,B0S19ZGCXE,SKU-0116,EverPeak Screwdriver Set — Cordless & High Torque,2,46.08,0.0,92.16,USD
114-2708399-3133651,1,B0J4AJH5Y5,SKU-0084,ProGrip Monitor Stand — Space Saving & Multipurpose,1,57.15,0.0,57.15,USD
114-4570879-4628399,1,B0P5FBKME8,SKU-0047,PureGlo Bath Bomb Set — Dermatologist Tested & Gentle Formula,2,29.77,0.0,59.54,USD
114-4570879-4628399,2,B02LTJA2NA,SKU-0078,CloudNest Dollhouse — Ages 3+ & Interactive,1,41.1,0.0,41.1,USD
114-3989152-4416763,1,B043M1S1C4,SKU-0049,PureGlo Sunscreen Lotion — Ionic Technology & Dermatologist Tested,1,31.54,0.0,31.54,USD
114-5984128-2452043,1,B08RJE02WW,SKU-0016,AuroraTech Headphones — Bluetooth 5.3 & Water Resistant,1,87.93,0.0,87.93,USD
114-4270865-2409925,1,B0NQJ9A5QP,SKU-0081,WriteWell Paper Shredder — Ergonomic & Space Saving,1,13.62,0.0,13.62,USD
114-4270865-2409925,2,B0TURPLSHH,SKU-0100,PawPals Automatic Pet Feeder — Easy to Clean & Vet Recommended,1,43.13,0.0,43.13,USD
114-4904235-2808399,1,B0F635F86R,SKU-0097,PawPals Dog Chew Toys — Durable & Easy to Clean,1,21.36,0.0,21.36,USD
114-4904235-2808399,2,B0SFWKQDD5,SKU-0022,Nordic Home Plant Pots — Non-Stick Coating & BPA-Free,1,27.96,0.0,27.96,USD
114-4904235-2808399,3,B0TXQ65ZFV,SKU-0087,WriteWell Desk Organizer — Ergonomic & Multipurpose,1,21.66,0.0,21.66,USD
114-7485823-1068238,1,B0M2QT36J4,SKU-0010,AuroraTech Portable Charger — Fast Charging & HD 1080p,1,64.56,0.0,64.56,USD
114-7485823-1068238,2,B0R5E97R3C,SKU-0001,AuroraTech Smart Plug — Noise Cancelling & HD 1080p,1,89.73,0.0,89.73,USD
114-9382645-3564094,1,B0HE56LV1G,SKU-0071,KiddoCraft Play Kitchen Set — Interactive & Ages 3+,1,22.81,0.0,22.81,USD
114-4246928-9890511,1,B0279XVVC5,SKU-0014,BrightBeam Desk Lamp — RGB Backlit & Noise Cancelling,1,51.35,0.0,51.35,USD
114-4246928-9890511,2,B0YJ486MXU,SKU-0107,LittleNest Baby Safety Gate — Safety Certified & BPA-Free,1,60.8,0.0,60.8,USD
114-4246928-9890511,3,B0NL5Q5CZM,SKU-0003,EverPeak USB-C Hub — Water Resistant & HD 1080p,1,103.75,12.32,91.43,USD
114-4246928-9890511,4,B0FKKPVMZA,SKU-0065,TrailBlaze Foam Roller — Heavy Duty & Anti-Slip,1,52.95,0.0,52.95,USD
114-7946254-4156161,1,B0AZBDRH38,SKU-0086,ProGrip Sticky Notes Pack — Ergonomic & Multipurpose,1,27.71,0.0,27.71,USD
114-7693227-9459049,1,B0NQJ9A5QP,SKU-0081,WriteWell Paper Shredder — Ergonomic & Space Saving,1,15.31,0.0,15.31,USD
114-1389858-8084846,1,B0J4AJH5Y5,SKU-0084,ProGrip Monitor Stand — Space Saving & Multipurpose,1,57.15,0.0,57.15,USD
114-2045024-9911596,1,B01NLXW82L,SKU-0104,LittleNest Bassinet — Safety Certified & BPA-Free,2,24.09,0.0,48.18,USD
114-5558809-9958767,1,B0GJL7P973,SKU-0045,PureGlo Hair Straightener — Cruelty-Free & Ionic Technology,1,39.53,0.0,39.53,USD
114-9461660-1495807,1,B0CWALEK2Y,SKU-0036,ZenLife Air Fryer — Dishwasher Safe & Non-Stick Coating,1,19.47,0.0,19.47,USD
114-9366796-1144522,1,B0U0VF1HMG,SKU-0040,ZenLife Nail Clipper Set — Gentle Formula & Cruelty-Free,1,28.36,0.0,28.36,USD
114-9366796-1144522,2,B0YBRGQRFQ,SKU-0110,DriveGuard Car Vacuum — Long Cord & Easy Install,1,18.37,0.0,18.37,USD
114-6597445-6369264,1,B0NKTX370W,SKU-0051,PureGlo Shampoo & Conditioner — Gentle Formula & Ionic Technology,1,12.23,0.0,12.23,USD
114-6597445-6369264,2,B05P1Y30A5,SKU-0091,PawPals Slow Feeder Bowl — Easy to Clean & Non-Toxic,3,11.7,0.0,35.1,USD
114-5622848-5228381,1,B0SQ7F7BFE,SKU-0057,TrailBlaze Dumbbell Set — Waterproof & Portable,1,46.37,5.33,41.04,USD
114-1235451-8390886,1,B0F635F86R,SKU-0097,PawPals Dog Chew Toys — Durable & Easy to Clean,1,21.36,0.0,21.36,USD
114-1235451-8390886,2,B0U0VF1HMG,SKU-0040,ZenLife Nail Clipper Set — Gentle Formula & Cruelty-Free,1,24.82,0.0,24.82,USD
114-1235451-8390886,3,B0SQ7F7BFE,SKU-0057,TrailBlaze Dumbbell Set — Waterproof & Portable,1,46.37,0.0,46.37,USD
114-6044884-3511364,1,B0NQJ9A5QP,SKU-0081,WriteWell Paper Shredder — Ergonomic & Space Saving,1,15.31,1.47,13.84,USD
114-8272164-1393776,1,B0YXU5G7D1,SKU-0011,BrightBeam Bluetooth Speaker — Fast Charging & Noise Cancelling,1,107.91,0.0,107.91,USD
114-3264229-4403907,1,B0AZBDRH38,SKU-0086,ProGrip Sticky Notes Pack — Ergonomic & Multipurpose,1,27.71,0.0,27.71,USD
114-2013269-4802646,1,B09V1N9TED,SKU-0077,KiddoCraft Puzzle Set — Non-Toxic & STEM Learning,1,29.15,0.0,29.15,USD
114-2013269-4802646,2,B0CWALEK2Y,SKU-0036,ZenLife Air Fryer — Dishwasher Safe & Non-Stick Coating,1,19.47,0.0,19.47,USD
114-1068234-7690564,1,B04Z7XKKST,SKU-0105,LittleNest Swaddle Blankets — BPA-Free & Safety Certified,2,54.16,0.0,108.32,USD
114-2402366-1106616,1,B0NQJ9A5QP,SKU-0081,WriteWell Paper Shredder — Ergonomic & Space Saving,1,11.7,0.0,11.7,USD
114-2402366-1106616,2,B0PF199V27,SKU-0037,Nordic Home Utensil Set — Non-Stick Coating & BPA-Free,1,62.82,0.0,62.82,USD
114-2402366-1106616,3,B0U0VF1HMG,SKU-0040,ZenLife Nail Clipper Set — Gentle Formula & Cruelty-Free,2,28.36,0.0,56.72,USD
114-6001552-3621790,1,B0U0VF1HMG,SKU-0040,ZenLife Nail Clipper Set — Gentle Formula & Cruelty-Free,1,28.36,0.0,28.36,USD
114-6001552-3621790,2,B0TXQ65ZFV,SKU-0087,WriteWell Desk Organizer — Ergonomic & Multipurpose,1,21.66,0.0,21.66,USD
114-7657818-7266564,1,B0NL5Q5CZM,SKU-0003,EverPeak USB-C Hub — Water Resistant & HD 1080p,1,110.91,0.0,110.91,USD
114-7657818-7266564,2,B0M2UGJMKQ,SKU-0074,CloudNest RC Car — STEM Learning & Interactive,1,11.77,0.0,11.77,USD
114-3463285-6999526,1,B0M9DY5YFP,SKU-0063,TrailBlaze Bike Helmet — Lightweight & Portable,1,13.26,0.0,13.26,USD
114-6677939-3351301,1,B0279XVVC5,SKU-0014,BrightBeam Desk Lamp — RGB Backlit & Noise Cancelling,1,51.35,0.0,51.35,USD
114-7274822-6911566,1,B05P1Y30A5,SKU-0091,PawPals Slow Feeder Bowl — Easy to Clean & Non-Toxic,1,10.4,0.0,10.4,USD
114-4142286-1995465,1,B0ZWX7WPK9,SKU-0114,DriveGuard Seat Covers — Universal Fit & Heavy Duty,3,19.42,0.0,58.26,USD
114-2660439-7700253,1,B0ZWX7WPK9,SKU-0114,DriveGuard Seat Covers — Universal Fit & Heavy Duty,1,19.42,0.0,19.42,USD
114-4823549-3440745,1,B0J9HPEX6X,SKU-0112,DriveGuard Tire Pressure Gauge — Long Cord & Heavy Duty,2,34.7,0.0,69.4,USD
114-8926360-8623883,1,B0FTQRA6A1,SKU-0109,DriveGuard Dash Cam — Heavy Duty & Easy Install,1,30.93,0.0,30.93,USD
114-8926360-8623883,2,B0DLXACSTN,SKU-0068,CloudNest Plush Toy — Non-Toxic & Ages 3+,1,21.32,0.0,21.32,USD
114-2249513-1365461,1,B0YXU5G7D1,SKU-0011,BrightBeam Bluetooth Speaker — Fast Charging & Noise Cancelling,1,107.91,0.0,107.91,USD
114-9434963-3124791,1,B0F635F86R,SKU-0097,PawPals Dog Chew Toys — Durable & Easy to Clean,3,21.36,0.0,64.08,USD
114-7102335-8878118,1,B0M2UGJMKQ,SKU-0074,CloudNest RC Car — STEM Learning & Interactive,4,11.77,0.0,47.08,USD
114-7102335-8878118,2,B0WCY6LU8P,SKU-0029,UrbanKitchen Wall Clock — Easy Clean & Dishwasher Safe,1,72.21,0.0,72.21,USD
114-7102335-8878118,3,B00EGECWF5,SKU-0030,ZenLife Laundry Hamper — Dishwasher Safe & Premium Finish,1,72.6,0.0,72.6,USD
114-1450071-9625375,1,B0PGGKXQ9K,SKU-0093,PawPals Pet Water Fountain — Easy to Clean & Vet Recommended,1,34.22,0.0,34.22,USD
114-5521161-6471831,1,B04ZD4ZURZ,SKU-0103,LittleNest Baby Monitor — Safety Certified & Hypoallergenic,1,31.9,0.0,31.9,USD
114-5521161-6471831,2,B0M2QT36J4,SKU-0010,AuroraTech Portable Charger — Fast Charging & HD 1080p,1,64.56,0.0,64.56,USD
114-5295429-5405291,1,B0FKKPVMZA,SKU-0065,TrailBlaze Foam Roller — Heavy Duty & Anti-Slip,3,52.95,8.87,149.98,USD
114-1334878-7747471,1,B07BRCRU82,SKU-0027,ZenLife Kitchen Scale — Easy Clean & Dishwasher Safe,1,16.71,0.0,16.71,USD
114-9322041-9812666,1,B088ML63AY,SKU-0119,ProGrip Socket Set — Rust Resistant & Ergonomic Grip,1,23.37,0.0,23.37,USD
114-4201282-8292352,1,B0GJL7P973,SKU-0045,PureGlo Hair Straightener — Cruelty-Free & Ionic Technology,1,39.53,0.0,39.53,USD
114-7078755-8589578,1,B0R7U9K93R,SKU-0094,PawPals Pet Carrier — Non-Toxic & Durable,2,23.08,0.0,46.16,USD
114-7078755-8589578,2,B0R5E97R3C,SKU-0001,AuroraTech Smart Plug — Noise Cancelling & HD 1080p,1,89.73,0.0,89.73,USD
114-7078755-8589578,3,B08UGTRB3Y,SKU-0050,ZenLife Vitamin C Serum — Dermatologist Tested & Long Lasting,1,40.54,0.0,40.54,USD
114-7058542-6561525,1,B03QFWA54M,SKU-0056,EverPeak Running Belt — Anti-Slip & Waterproof,1,43.14,0.0,43.14,USD
114-7058542-6561525,2,B0J9HPEX6X,SKU-0112,DriveGuard Tire Pressure Gauge — Long Cord & Heavy Duty,2,34.7,0.0,69.4,USD
114-7058542-6561525,3,B0Q85PD1G6,SKU-0018,EverPeak Power Bank — 30H Battery Life & Noise Cancelling,1,17.84,0.0,17.84,USD
114-7058542-6561525,4,B0TURPLSHH,SKU-0100,PawPals Automatic Pet Feeder — Easy to Clean & Vet Recommended,1,43.13,0.0,43.13,USD
114-7058542-6561525,5,B0279XVVC5,SKU-0014,BrightBeam Desk Lamp — RGB Backlit & Noise Cancelling,1,51.35,3.15,48.2,USD
114-8116066-6162216,1,B03WTWXEDC,SKU-0072,CloudNest Magnetic Tiles — STEM Learning & Educational,1,19.25,0.0,19.25,USD
114-8116066-6162216,2,B0FTQRA6A1,SKU-0109,DriveGuard Dash Cam — Heavy Duty & Easy Install,1,30.93,0.0,30.93,USD
114-8116066-6162216,3,B04Z7XKKST,SKU-0105,LittleNest Swaddle Blankets — BPA-Free & Safety Certified,3,54.16,0.0,162.48,USD
114-2603126-1046916,1,B0A30AC946,SKU-0117,ProGrip Stud Finder — Ergonomic Grip & Rust Resistant,1,19.86,0.0,19.86,USD
114-2603126-1046916,2,B0279XVVC5,SKU-0014,BrightBeam Desk Lamp — RGB Backlit & Noise Cancelling,2,51.35,0.0,102.7,USD
114-2603126-1046916,3,B0PGGKXQ9K,SKU-0093,PawPals Pet Water Fountain — Easy to Clean & Vet Recommended,2,34.22,0.0,68.44,USD
114-9650608-8981410,1,B0TXQ65ZFV,SKU-0087,WriteWell Desk Organizer — Ergonomic & Multipurpose,1,21.66,0.0,21.66,USD
114-4234902-2627821,1,B02X1DSSZM,SKU-0102,LittleNest Diaper Bag — Hypoallergenic & Easy to Clean,1,13.44,0.0,13.44,USD
114-7448559-3949614,1,B0E48MCY15,SKU-0079,WriteWell Label Maker — Durable & Multipurpose,2,49.25,0.0,98.5,USD
114-4833902-7946251,1,B08H6XVAML,SKU-0006,EverPeak Gaming Mouse — RGB Backlit & Compact Design,1,81.06,0.0,81.06,USD
114-9912949-8290749,1,B0A8X9FRKN,SKU-0031,Nordic Home Coffee Grinder — BPA-Free & Premium Finish,1,82.74,0.0,82.74,USD
114-9912949-8290749,2,B04ZD4ZURZ,SKU-0103,LittleNest Baby Monitor — Safety Certified & Hypoallergenic,2,31.9,0.0,63.8,USD
114-2547607-6585036,1,B0ANDXF98K,SKU-0004,AuroraTech WiFi Range Extender — Bluetooth 5.3 & Fast Charging,4,109.5,0.0,438.0,USD
114-8033901-7623806,1,B0AZBDRH38,SKU-0086,ProGrip Sticky Notes Pack — Ergonomic & Multipurpose,1,27.71,0.0,27.71,USD
114-1352521-3548305,1,B08UGTRB3Y,SKU-0050,ZenLife Vitamin C Serum — Dermatologist Tested & Long Lasting,1,40.54,0.0,40.54,USD
114-1352521-3548305,2,B0GKG0B3EA,SKU-0090,PawPals Dog Leash — Easy to Clean & Vet Recommended,2,54.55,0.0,109.1,USD
114-1352521-3548305,3,B08H6XVAML,SKU-0006,EverPeak Gaming Mouse — RGB Backlit & Compact Design,2,88.7,0.0,177.4,USD
114-6401888-4419867,1,B0J9HPEX6X,SKU-0112,DriveGuard Tire Pressure Gauge — Long Cord & Heavy Duty,1,34.7,0.0,34.7,USD
114-6401888-4419867,2,B05P1Y30A5,SKU-0091,PawPals Slow Feeder Bowl — Easy to Clean & Non-Toxic,1,11.7,0.0,11.7,USD
114-1942331-9036334,1,B0NQJ9A5QP,SKU-0081,WriteWell Paper Shredder — Ergonomic & Space Saving,1,15.31,0.0,15.31,USD
114-8719552-8873233,1,B0ZWX7WPK9,SKU-0114,DriveGuard Seat Covers — Universal Fit & Heavy Duty,1,19.42,0.0,19.42,USD
114-8719552-8873233,2,B043M1S1C4,SKU-0049,PureGlo Sunscreen Lotion — Ionic Technology & Dermatologist Tested,1,31.54,3.03,28.51,USD
114-9577717-4674007,1,B05P1Y30A5,SKU-0091,PawPals Slow Feeder Bowl — Easy to Clean & Non-Toxic,1,10.4,0.0,10.4,USD
114-6842088-7765712,1,B0A30AC946,SKU-0117,ProGrip Stud Finder — Ergonomic Grip & Rust Resistant,2,19.86,0.0,39.72,USD
114-8386580-2087206,1,B08H6XVAML,SKU-0006,EverPeak Gaming Mouse — RGB Backlit & Compact Design,4,81.06,0.0,324.24,USD
114-2473857-2101195,1,B0R5E97R3C,SKU-0001,AuroraTech Smart Plug — Noise Cancelling & HD 1080p,1,89.73,0.0,89.73,USD
114-2996833-5026126,1,B0TXQ65ZFV,SKU-0087,WriteWell Desk Organizer — Ergonomic & Multipurpose,1,21.66,0.0,21.66,USD
114-2996833-5026126,2,B0YXU5G7D1,SKU-0011,BrightBeam Bluetooth Speaker — Fast Charging & Noise Cancelling,1,107.91,0.0,107.91,USD
114-2982431-2052513,1,B02X1DSSZM,SKU-0102,LittleNest Diaper Bag — Hypoallergenic & Easy to Clean,1,13.44,1.89,11.55,USD
114-5390923-2006351,1,B0NQJ9A5QP,SKU-0081,WriteWell Paper Shredder — Ergonomic & Space Saving,1,15.31,0.0,15.31,USD
114-2218773-3693317,1,B0HE56LV1G,SKU-0071,KiddoCraft Play Kitchen Set — Interactive & Ages 3+,4,22.81,0.0,91.24,USD
114-5890606-6172427,1,B08H6XVAML,SKU-0006,EverPeak Gaming Mouse — RGB Backlit & Compact Design,1,88.7,0.0,88.7,USD
114-8864986-1841427,1,B0U0VF1HMG,SKU-0040,ZenLife Nail Clipper Set — Gentle Formula & Cruelty-Free,4,28.36,12.74,100.7,USD
114-8864986-1841427,2,B0M2QT36J4,SKU-0010,AuroraTech Portable Charger — Fast Charging & HD 1080p,1,64.56,0.0,64.56,USD
114-1113458-1561731,1,B03WTWXEDC,SKU-0072,CloudNest Magnetic Tiles — STEM Learning & Educational,1,19.25,0.0,19.25,USD
114-1113458-1561731,2,B043M1S1C4,SKU-0049,PureGlo Sunscreen Lotion — Ionic Technology & Dermatologist Tested,1,31.54,0.0,31.54,USD
114-8035440-5428654,1,B085JJ3ZXF,SKU-0041,PureGlo Electric Toothbrush — Long Lasting & Dermatologist Tested,1,45.38,0.0,45.38,USD
114-8035440-5428654,2,B0HE56LV1G,SKU-0071,KiddoCraft Play Kitchen Set — Interactive & Ages 3+,1,22.81,0.0,22.81,USD
114-8035440-5428654,3,B0279XVVC5,SKU-0014,BrightBeam Desk Lamp — RGB Backlit & Noise Cancelling,2,51.35,0.0,102.7,USD
114-8035440-5428654,4,B0A30AC946,SKU-0117,ProGrip Stud Finder — Ergonomic Grip & Rust Resistant,1,19.86,0.0,19.86,USD
114-8943593-1920483,1,B0HE56LV1G,SKU-0071,KiddoCraft Play Kitchen Set — Interactive & Ages 3+,1,22.81,0.0,22.81,USD
114-4050694-2533493,1,B04Z7XKKST,SKU-0105,LittleNest Swaddle Blankets — BPA-Free & Safety Certified,1,54.16,0.0,54.16,USD
114-7081785-7180925,1,B0HE56LV1G,SKU-0071,KiddoCraft Play Kitchen Set — Interactive & Ages 3+,1,22.81,0.0,22.81,USD
114-4697112-3469728,1,B02LTJA2NA,SKU-0078,CloudNest Dollhouse — Ages 3+ & Interactive,1,41.1,0.0,41.1,USD
114-4697112-3469728,2,B0TURPLSHH,SKU-0100,PawPals Automatic Pet Feeder — Easy to Clean & Vet Recommended,1,43.13,0.0,43.13,USD
114-1318851-1206624,1,B05P1Y30A5,SKU-0091,PawPals Slow Feeder Bowl — Easy to Clean & Non-Toxic,2,11.7,0.0,23.4,USD
114-1318851-1206624,2,B0NL5Q5CZM,SKU-0003,EverPeak USB-C Hub — Water Resistant & HD 1080p,1,103.75,0.0,103.75,USD
114-7128954-6826709,1,B00JXDXVG6,SKU-0095,PawPals Dog Treat Pouch — Easy to Clean & Non-Toxic,1,18.93,0.0,18.93,USD
114-7128954-6826709,2,B0MVKP1792,SKU-0002,BrightBeam HDMI Cable — Bluetooth 5.3 & HD 1080p,1,63.85,0.0,63.85,USD
114-7128954-6826709,3,B08UGTRB3Y,SKU-0050,ZenLife Vitamin C Serum — Dermatologist Tested & Long Lasting,1,40.54,0.0,40.54,USD
114-3279737-8013969,1,B043M1S1C4,SKU-0049,PureGlo Sunscreen Lotion — Ionic Technology & Dermatologist Tested,1,31.54,0.0,31.54,USD
114-8536945-1410292,1,B0JH68DJ8G,SKU-0032,UrbanKitchen Blender — Non-Stick Coating & Space Saving,1,26.96,0.0,26.96,USD
114-8536945-1410292,2,B0J9HPEX6X,SKU-0112,DriveGuard Tire Pressure Gauge — Long Cord & Heavy Duty,1,36.82,0.0,36.82,USD
114-8536945-1410292,3,B0DLXACSTN,SKU-0068,CloudNest Plush Toy — Non-Toxic & Ages 3+,1,21.32,0.0,21.32,USD
114-1132564-9808268,1,B0HE56LV1G,SKU-0071,KiddoCraft Play Kitchen Set — Interactive & Ages 3+,1,22.81,0.0,22.81,USD
114-4741384-7548922,1,B0AZBDRH38,SKU-0086,ProGrip Sticky Notes Pack — Ergonomic & Multipurpose,1,27.71,0.0,27.71,USD
114-7433210-3595219,1,B0JH68DJ8G,SKU-0032,UrbanKitchen Blender — Non-Stick Coating & Space Saving,1,25.59,0.0,25.59,USD
114-3047221-4518167,1,B0GJL7P973,SKU-0045,PureGlo Hair Straightener — Cruelty-Free & Ionic Technology,1,39.53,0.0,39.53,USD
114-3047221-4518167,2,B0FTQRA6A1,SKU-0109,DriveGuard Dash Cam — Heavy Duty & Easy Install,1,30.93,0.0,30.93,USD
114-3047221-4518167,3,B0NKTX370W,SKU-0051,PureGlo Shampoo & Conditioner — Gentle Formula & Ionic Technology,1,12.23,0.0,12.23,USD
114-3363734-2184525,1,B0R5E97R3C,SKU-0001,AuroraTech Smart Plug — Noise Cancelling & HD 1080p,1,89.73,0.0,89.73,USD
114-3363734-2184525,2,B0N90348CD,SKU-0088,ProGrip Desk Chair Cushion — Multipurpose & Ergonomic,1,19.37,0.0,19.37,USD
114-7044732-7318365,1,B0YXU5G7D1,SKU-0011,BrightBeam Bluetooth Speaker — Fast Charging & Noise Cancelling,1,84.3,0.0,84.3,USD
114-9870081-1028039,1,B03WTWXEDC,SKU-0072,CloudNest Magnetic Tiles — STEM Learning & Educational,1,19.25,2.66,16.59,USD
114-9870081-1028039,2,B0P5FBKME8,SKU-0047,PureGlo Bath Bomb Set — Dermatologist Tested & Gentle Formula,1,31.59,0.0,31.59,USD
114-5101807-7945699,1,B0HE56LV1G,SKU-0071,KiddoCraft Play Kitchen Set — Interactive & Ages 3+,1,22.81,0.0,22.81,USD
114-5101807-7945699,2,B0WCY6LU8P,SKU-0029,UrbanKitchen Wall Clock — Easy Clean & Dishwasher Safe,2,72.21,0.0,144.42,USD
114-9293832-9317850,1,B0ANDXF98K,SKU-0004,AuroraTech WiFi Range Extender — Bluetooth 5.3 & Fast Charging,1,109.5,0.0,109.5,USD
114-9293832-9317850,2,B0NQJ9A5QP,SKU-0081,WriteWell Paper Shredder — Ergonomic & Space Saving,1,13.62,0.0,13.62,USD
114-9190839-6527255,1,B08H6XVAML,SKU-0006,EverPeak Gaming Mouse — RGB Backlit & Compact Design,1,81.06,10.62,70.44,USD
114-4831878-2758200,1,B0CWALEK2Y,SKU-0036,ZenLife Air Fryer — Dishwasher Safe & Non-Stick Coating,1,19.47,0.0,19.47,USD
114-4831878-2758200,2,B0R5E97R3C,SKU-0001,AuroraTech Smart Plug — Noise Cancelling & HD 1080p,1,89.73,9.22,80.51,USD
114-3358141-9286770,1,B0NQJ9A5QP,SKU-0081,WriteWell Paper Shredder — Ergonomic & Space Saving,1,13.62,0.0,13.62,USD
114-8608933-3809588,1,B08RJE02WW,SKU-0016,AuroraTech Headphones — Bluetooth 5.3 & Water Resistant,1,87.93,0.0,87.93,USD
114-8608933-3809588,2,B02T104M25,SKU-0111,DriveGuard Jump Starter — Long Cord & Universal Fit,1,55.67,0.0,55.67,USD
114-3850400-3618941,1,B0ZWX7WPK9,SKU-0114,DriveGuard Seat Covers — Universal Fit & Heavy Duty,2,19.42,0.0,38.84,USD
114-3850400-3618941,2,B0YXU5G7D1,SKU-0011,BrightBeam Bluetooth Speaker — Fast Charging & Noise Cancelling,1,107.91,0.0,107.91,USD
114-5651461-7512363,1,B0MVKP1792,SKU-0002,BrightBeam HDMI Cable — Bluetooth 5.3 & HD 1080p,1,63.85,7.94,55.91,USD
114-5651461-7512363,2,B0FKKPVMZA,SKU-0065,TrailBlaze Foam Roller — Heavy Duty & Anti-Slip,1,52.95,0.0,52.95,USD
114-5651461-7512363,3,B06AZNEH47,SKU-0008,BrightBeam Mechanical Keyboard — 30H Battery Life & Water Resistant,1,75.67,0.0,75.67,USD
114-4836787-5042931,1,B088K2QTZJ,SKU-0007,AuroraTech Car Mount — Bluetooth 5.3 & RGB Backlit,3,52.27,21.06,135.75,USD
114-7093251-2251886,1,B0NQJ9A5QP,SKU-0081,WriteWell Paper Shredder — Ergonomic & Space Saving,1,15.31,2.09,13.22,USD
114-4381218-6670157,1,B02LTJA2NA,SKU-0078,CloudNest Dollhouse — Ages 3+ & Interactive,1,41.1,0.0,41.1,USD
114-2697504-6370127,1,B0P5FBKME8,SKU-0047,PureGlo Bath Bomb Set — Dermatologist Tested & Gentle Formula,1,31.59,0.0,31.59,USD
114-3034691-5496126,1,B0E48MCY15,SKU-0079,WriteWell Label Maker — Durable & Multipurpose,1,37.17,0.0,37.17,USD
114-5873004-7518117,1,B0AZBDRH38,SKU-0086,ProGrip Sticky Notes Pack — Ergonomic & Multipurpose,1,27.71,0.0,27.71,USD
114-1116866-7811008,1,B085JJ3ZXF,SKU-0041,PureGlo Electric Toothbrush — Long Lasting & Dermatologist Tested,1,42.31,0.0,42.31,USD
114-8742296-8938314,1,B0P5FBKME8,SKU-0047,PureGlo Bath Bomb Set — Dermatologist Tested & Gentle Formula,1,31.59,0.0,31.59,USD
114-8235722-6801169,1,B00JXDXVG6,SKU-0095,PawPals Dog Treat Pouch — Easy to Clean & Non-Toxic,3,20.29,8.45,52.42,USD
114-8235722-6801169,2,B0HE56LV1G,SKU-0071,KiddoCraft Play Kitchen Set — Interactive & Ages 3+,1,22.81,0.0,22.81,USD
114-7433283-6693507,1,B0JH68DJ8G,SKU-0032,UrbanKitchen Blender — Non-Stick Coating & Space Saving,1,26.96,0.0,26.96,USD
114-8345724-5956563,1,B0FA6PK7S1,SKU-0043,PureGlo Body Scrub — Ionic Technology & Gentle Formula,3,40.0,13.54,106.46,USD
114-8345724-5956563,2,B0ZWX7WPK9,SKU-0114,DriveGuard Seat Covers — Universal Fit & Heavy Duty,2,20.72,0.0,41.44,USD
114-8125708-5266054,1,B043M1S1C4,SKU-0049,PureGlo Sunscreen Lotion — Ionic Technology & Dermatologist Tested,1,31.54,0.0,31.54,USD
114-9749598-2953333,1,B04ZD4ZURZ,SKU-0103,LittleNest Baby Monitor — Safety Certified & Hypoallergenic,1,31.9,0.0,31.9,USD
114-7090220-3848766,1,B0279XVVC5,SKU-0014,BrightBeam Desk Lamp — RGB Backlit & Noise Cancelling,1,51.35,0.0,51.35,USD
114-7090220-3848766,2,B0R7U9K93R,SKU-0094,PawPals Pet Carrier — Non-Toxic & Durable,1,21.64,2.33,19.31,USD
114-2614213-7515730,1,B0FPMT2SF9,SKU-0076,CloudNest Science Kit — Educational & Non-Toxic,1,12.73,0.0,12.73,USD
114-7813283-2733469,1,B0YXU5G7D1,SKU-0011,BrightBeam Bluetooth Speaker — Fast Charging & Noise Cancelling,1,107.91,0.0,107.91,USD
114-7813283-2733469,2,B0NQJ9A5QP,SKU-0081,WriteWell Paper Shredder — Ergonomic & Space Saving,1,13.62,0.0,13.62,USD
114-7813283-2733469,3,B0AZBDRH38,SKU-0086,ProGrip Sticky Notes Pack — Ergonomic & Multipurpose,3,27.71,0.0,83.13,USD
114-7813283-2733469,4,B0ZWX7WPK9,SKU-0114,DriveGuard Seat Covers — Universal Fit & Heavy Duty,1,20.72,0.0,20.72,USD
114-6966022-7415850,1,B0NL5Q5CZM,SKU-0003,EverPeak USB-C Hub — Water Resistant & HD 1080p,3,110.91,0.0,332.73,USD
114-6966022-7415850,2,B0TXQ65ZFV,SKU-0087,WriteWell Desk Organizer — Ergonomic & Multipurpose,4,21.66,0.0,86.64,USD
114-6966022-7415850,3,B0AZBDRH38,SKU-0086,ProGrip Sticky Notes Pack — Ergonomic & Multipurpose,1,27.71,0.0,27.71,USD
114-6966022-7415850,4,B088ML63AY,SKU-0119,ProGrip Socket Set — Rust Resistant & Ergonomic Grip,1,23.37,2.52,20.85,USD
114-6777256-6619474,1,B0M2QT36J4,SKU-0010,AuroraTech Portable Charger — Fast Charging & HD 1080p,1,64.56,0.0,64.56,USD
114-6777256-6619474,2,B0N90348CD,SKU-0088,ProGrip Desk Chair Cushion — Multipurpose & Ergonomic,2,17.61,0.0,35.22,USD
114-3049921-9876767,1,B0NQJ9A5QP,SKU-0081,WriteWell Paper Shredder — Ergonomic & Space Saving,4,11.7,6.37,40.43,USD
114-4774541-1890567,1,B08UGTRB3Y,SKU-0050,ZenLife Vitamin C Serum — Dermatologist Tested & Long Lasting,1,40.54,0.0,40.54,USD
114-3063918-1291552,1,B0MVKP1792,SKU-0002,BrightBeam HDMI Cable — Bluetooth 5.3 & HD 1080p,1,63.85,0.0,63.85,USD
114-3063918-1291552,2,B0XHVV9SEX,SKU-0042,ZenLife Makeup Brush Set — Ionic Technology & Long Lasting,1,23.36,0.0,23.36,USD
114-6190960-5147892,1,B0936760J9,SKU-0034,Nordic Home Shower Caddy — Easy Clean & Non-Stick Coating,1,25.31,0.0,25.31,USD
114-6190960-5147892,2,B08H6XVAML,SKU-0006,EverPeak Gaming Mouse — RGB Backlit & Compact Design,1,88.7,0.0,88.7,USD
114-3743058-7327245,1,B0YXU5G7D1,SKU-0011,BrightBeam Bluetooth Speaker — Fast Charging & Noise Cancelling,1,107.91,0.0,107.91,USD
114-1675955-6477170,1,B02T104M25,SKU-0111,DriveGuard Jump Starter — Long Cord & Universal Fit,1,55.67,0.0,55.67,USD
114-1675955-6477170,2,B00EGECWF5,SKU-0030,ZenLife Laundry Hamper — Dishwasher Safe & Premium Finish,2,68.26,0.0,136.52,USD
114-1675955-6477170,3,B0N90348CD,SKU-0088,ProGrip Desk Chair Cushion — Multipurpose & Ergonomic,1,17.61,0.0,17.61,USD
114-1675955-6477170,4,B0936760J9,SKU-0034,Nordic Home Shower Caddy — Easy Clean & Non-Stick Coating,1,25.31,0.0,25.31,USD
114-1675955-6477170,5,B0MVKP1792,SKU-0002,BrightBeam HDMI Cable — Bluetooth 5.3 & HD 1080p,1,63.85,0.0,63.85,USD
114-2732656-8898566,1,B0SFWKQDD5,SKU-0022,Nordic Home Plant Pots — Non-Stick Coating & BPA-Free,1,27.96,0.0,27.96,USD
114-9816957-5408947,1,B05P1Y30A5,SKU-0091,PawPals Slow Feeder Bowl — Easy to Clean & Non-Toxic,1,10.4,0.0,10.4,USD
114-9816957-5408947,2,B02X1DSSZM,SKU-0102,LittleNest Diaper Bag — Hypoallergenic & Easy to Clean,1,13.44,0.0,13.44,USD
114-8469790-4438871,1,B0PGGKXQ9K,SKU-0093,PawPals Pet Water Fountain — Easy to Clean & Vet Recommended,1,34.22,0.0,34.22,USD
114-8469790-4438871,2,B0CWALEK2Y,SKU-0036,ZenLife Air Fryer — Dishwasher Safe & Non-Stick Coating,2,19.47,0.0,38.94,USD
114-2077282-2639351,1,B0P5FBKME8,SKU-0047,PureGlo Bath Bomb Set — Dermatologist Tested & Gentle Formula,1,29.77,0.0,29.77,USD
114-4260556-1760803,1,B0A30AC946,SKU-0117,ProGrip Stud Finder — Ergonomic Grip & Rust Resistant,1,19.86,0.0,19.86,USD
114-5439291-2149728,1,B0JH68DJ8G,SKU-0032,UrbanKitchen Blender — Non-Stick Coating & Space Saving,1,25.59,0.0,25.59,USD
114-5439291-2149728,2,B0J9HPEX6X,SKU-0112,DriveGuard Tire Pressure Gauge — Long Cord & Heavy Duty,1,34.7,0.0,34.7,USD
114-8675769-4649548,1,B0279XVVC5,SKU-0014,BrightBeam Desk Lamp — RGB Backlit & Noise Cancelling,1,51.35,0.0,51.35,USD
114-9725796-1115992,1,B0AZBDRH38,SKU-0086,ProGrip Sticky Notes Pack — Ergonomic & Multipurpose,1,27.71,0.0,27.71,USD
114-9725796-1115992,2,B0TURPLSHH,SKU-0100,PawPals Automatic Pet Feeder — Easy to Clean & Vet Recommended,1,43.13,0.0,43.13,USD
114-7830376-2606578,1,B0QKGVBY0X,SKU-0108,LittleNest Baby Bottle Set — BPA-Free & Hypoallergenic,1,32.0,0.0,32.0,USD
114-7830376-2606578,2,B0YXU5G7D1,SKU-0011,BrightBeam Bluetooth Speaker — Fast Charging & Noise Cancelling,1,107.91,0.0,107.91,USD
114-9453252-9974617,1,B0ANDXF98K,SKU-0004,AuroraTech WiFi Range Extender — Bluetooth 5.3 & Fast Charging,1,109.5,0.0,109.5,USD
114-8634919-7772365,1,B0DLXACSTN,SKU-0068,CloudNest Plush Toy — Non-Toxic & Ages 3+,1,21.32,0.0,21.32,USD
114-8634919-7772365,2,B043M1S1C4,SKU-0049,PureGlo Sunscreen Lotion — Ionic Technology & Dermatologist Tested,1,31.54,0.0,31.54,USD
114-8634919-7772365,3,B0N90348CD,SKU-0088,ProGrip Desk Chair Cushion — Multipurpose & Ergonomic,1,17.61,0.0,17.61,USD
114-8634919-7772365,4,B0M9299AJ4,SKU-0024,ZenLife Electric Kettle — Non-Stick Coating & Space Saving,1,46.0,0.0,46.0,USD
114-8634919-7772365,5,B03WTWXEDC,SKU-0072,CloudNest Magnetic Tiles — STEM Learning & Educational,1,19.25,0.0,19.25,USD
114-8634919-7772365,6,B0R5E97R3C,SKU-0001,AuroraTech Smart Plug — Noise Cancelling & HD 1080p,1,89.73,0.0,89.73,USD
114-4084262-8516837,1,B0M9299AJ4,SKU-0024,ZenLife Electric Kettle — Non-Stick Coating & Space Saving,2,46.0,0.0,92.0,USD
114-4084262-8516837,2,B0CWALEK2Y,SKU-0036,ZenLife Air Fryer — Dishwasher Safe & Non-Stick Coating,1,19.47,0.0,19.47,USD
114-9584556-7951201,1,B0TXQ65ZFV,SKU-0087,WriteWell Desk Organizer — Ergonomic & Multipurpose,1,21.66,0.0,21.66,USD
114-9584556-7951201,2,B0TURPLSHH,SKU-0100,PawPals Automatic Pet Feeder — Easy to Clean & Vet Recommended,1,43.13,0.0,43.13,USD
114-9241188-1627585,1,B0A30AC946,SKU-0117,ProGrip Stud Finder — Ergonomic Grip & Rust Resistant,1,19.86,0.0,19.86,USD
114-9241188-1627585,2,B07BRCRU82,SKU-0027,ZenLife Kitchen Scale — Easy Clean & Dishwasher Safe,2,16.71,0.0,33.42,USD
114-8489936-6160178,1,B0AZBDRH38,SKU-0086,ProGrip Sticky Notes Pack — Ergonomic & Multipurpose,1,29.73,0.0,29.73,USD
114-8703962-7832145,1,B0AZBDRH38,SKU-0086,ProGrip Sticky Notes Pack — Ergonomic & Multipurpose,1,29.73,0.0,29.73,USD
114-8703962-7832145,2,B0U0VF1HMG,SKU-0040,ZenLife Nail Clipper Set — Gentle Formula & Cruelty-Free,1,24.82,0.0,24.82,USD
114-7927055-5211212,1,B0SFWKQDD5,SKU-0022,Nordic Home Plant Pots — Non-Stick Coating & BPA-Free,1,27.96,0.0,27.96,USD
114-7927055-5211212,2,B0UFTNZLYW,SKU-0023,UrbanKitchen Non-Stick Pan Set — Dishwasher Safe & Space Saving,2,27.5,0.0,55.0,USD
114-7927055-5211212,3,B0R7U9K93R,SKU-0094,PawPals Pet Carrier — Non-Toxic & Durable,1,21.64,0.0,21.64,USD
114-7927055-5211212,4,B04ZD4ZURZ,SKU-0103,LittleNest Baby Monitor — Safety Certified & Hypoallergenic,1,31.9,0.0,31.9,USD
114-6690813-9474196,1,B03WTWXEDC,SKU-0072,CloudNest Magnetic Tiles — STEM Learning & Educational,2,19.25,0.0,38.5,USD
114-6690813-9474196,2,B0N90348CD,SKU-0088,ProGrip Desk Chair Cushion — Multipurpose & Ergonomic,1,19.37,0.0,19.37,USD
114-6690813-9474196,3,B0NKTX370W,SKU-0051,PureGlo Shampoo & Conditioner — Gentle Formula & Ionic Technology,4,12.23,3.08,45.84,USD
114-6690813-9474196,4,B0CWALEK2Y,SKU-0036,ZenLife Air Fryer — Dishwasher Safe & Non-Stick Coating,1,19.47,1.66,17.81,USD
114-9674426-3903434,1,B0ANDXF98K,SKU-0004,AuroraTech WiFi Range Extender — Bluetooth 5.3 & Fast Charging,1,109.5,0.0,109.5,USD
114-3715365-5894796,1,B0ZWX7WPK9,SKU-0114,DriveGuard Seat Covers — Universal Fit & Heavy Duty,1,19.42,0.0,19.42,USD
114-3715365-5894796,2,B0936760J9,SKU-0034,Nordic Home Shower Caddy — Easy Clean & Non-Stick Coating,1,25.31,0.0,25.31,USD
114-3715365-5894796,3,B01CQYLRS7,SKU-0070,CloudNest Art Supplies Kit — STEM Learning & Interactive,2,13.62,0.0,27.24,USD
114-2705794-8759763,1,B0M6YEW145,SKU-0083,WriteWell Standing Desk Converter — Durable & Multipurpose,1,9.99,0.0,9.99,USD
114-7159620-5881017,1,B0GJL7P973,SKU-0045,PureGlo Hair Straightener — Cruelty-Free & Ionic Technology,1,39.53,0.0,39.53,USD
114-7159620-5881017,2,B0CWALEK2Y,SKU-0036,ZenLife Air Fryer — Dishwasher Safe & Non-Stick Coating,1,19.47,0.0,19.47,USD
114-7159620-5881017,3,B0ERBP9846,SKU-0033,ZenLife Throw Blanket — BPA-Free & Non-Stick Coating,1,42.34,0.0,42.34,USD
114-6660363-6277201,1,B0JH68DJ8G,SKU-0032,UrbanKitchen Blender — Non-Stick Coating & Space Saving,1,26.96,0.0,26.96,USD
114-6660363-6277201,2,B0NL5Q5CZM,SKU-0003,EverPeak USB-C Hub — Water Resistant & HD 1080p,2,110.91,0.0,221.82,USD
114-6660363-6277201,3,B043M1S1C4,SKU-0049,PureGlo Sunscreen Lotion — Ionic Technology & Dermatologist Tested,3,31.54,0.0,94.62,USD
114-6660363-6277201,4,B0F635F86R,SKU-0097,PawPals Dog Chew Toys — Durable & Easy to Clean,1,21.36,0.0,21.36,USD
114-3760251-5920470,1,B055PLDLF8,SKU-0005,BrightBeam Webcam — Compact Design & 30H Battery Life,1,40.21,0.0,40.21,USD
114-8686829-6576743,1,B00EGECWF5,SKU-0030,ZenLife Laundry Hamper — Dishwasher Safe & Premium Finish,1,68.26,0.0,68.26,USD
114-8686829-6576743,2,B0LPG6DAQM,SKU-0120,EverPeak Tool Bag — Rust Resistant & Ergonomic Grip,1,38.1,0.0,38.1,USD
114-8302025-7715181,1,B0CYFJJNVP,SKU-0092,PawPals Pet Grooming Brush — Vet Recommended & Non-Toxic,1,42.18,0.0,42.18,USD
114-8302025-7715181,2,B0N90348CD,SKU-0088,ProGrip Desk Chair Cushion — Multipurpose & Ergonomic,1,19.37,0.0,19.37,USD
114-8302025-7715181,3,B03WTWXEDC,SKU-0072,CloudNest Magnetic Tiles — STEM Learning & Educational,1,19.25,0.0,19.25,USD
114-3317161-7548852,1,B0NL5Q5CZM,SKU-0003,EverPeak USB-C Hub — Water Resistant & HD 1080p,1,110.91,0.0,110.91,USD
114-5885856-5937639,1,B0279XVVC5,SKU-0014,BrightBeam Desk Lamp — RGB Backlit & Noise Cancelling,4,51.35,0.0,205.4,USD
114-1686526-8976936,1,B09V1N9TED,SKU-0077,KiddoCraft Puzzle Set — Non-Toxic & STEM Learning,1,29.15,0.0,29.15,USD
114-1686526-8976936,2,B088K2QTZJ,SKU-0007,AuroraTech Car Mount — Bluetooth 5.3 & RGB Backlit,1,52.27,0.0,52.27,USD
114-1686526-8976936,3,B0M9299AJ4,SKU-0024,ZenLife Electric Kettle — Non-Stick Coating & Space Saving,1,46.0,0.0,46.0,USD
114-1882583-5778457,1,B09D2WWZK5,SKU-0118,EverPeak Cordless Drill — Cordless & High Torque,1,18.98,0.0,18.98,USD
114-1882583-5778457,2,B0NQJ9A5QP,SKU-0081,WriteWell Paper Shredder — Ergonomic & Space Saving,1,15.31,0.0,15.31,USD
114-1882583-5778457,3,B02X1DSSZM,SKU-0102,LittleNest Diaper Bag — Hypoallergenic & Easy to Clean,2,13.44,0.0,26.88,USD
114-1882583-5778457,4,B0AZBDRH38,SKU-0086,ProGrip Sticky Notes Pack — Ergonomic & Multipurpose,1,27.71,2.55,25.16,USD
114-6129446-6611691,1,B0QKGVBY0X,SKU-0108,LittleNest Baby Bottle Set — BPA-Free & Hypoallergenic,1,24.13,0.0,24.13,USD
114-6129446-6611691,2,B0A8X9FRKN,SKU-0031,Nordic Home Coffee Grinder — BPA-Free & Premium Finish,1,82.74,0.0,82.74,USD
114-4951822-7520513,1,B0HE56LV1G,SKU-0071,KiddoCraft Play Kitchen Set — Interactive & Ages 3+,4,22.81,0.0,91.24,USD
114-2320700-5983135,1,B0CYFJJNVP,SKU-0092,PawPals Pet Grooming Brush — Vet Recommended & Non-Toxic,1,42.18,0.0,42.18,USD
114-1894161-8595571,1,B09V1N9TED,SKU-0077,KiddoCraft Puzzle Set — Non-Toxic & STEM Learning,1,29.15,0.0,29.15,USD
114-1919610-8656683,1,B02T104M25,SKU-0111,DriveGuard Jump Starter — Long Cord & Universal Fit,1,55.67,0.0,55.67,USD
114-1919610-8656683,2,B0C4JKS52V,SKU-0046,ZenLife Face Roller — Cruelty-Free & Gentle Formula,1,14.15,0.0,14.15,USD
114-2931889-1312108,1,B0R5E97R3C,SKU-0001,AuroraTech Smart Plug — Noise Cancelling & HD 1080p,1,89.73,0.0,89.73,USD
114-3908207-6407448,1,B0LPG6DAQM,SKU-0120,EverPeak Tool Bag — Rust Resistant & Ergonomic Grip,1,38.1,0.0,38.1,USD
114-3908207-6407448,2,B0DLXACSTN,SKU-0068,CloudNest Plush Toy — Non-Toxic & Ages 3+,1,21.32,0.0,21.32,USD
114-3908207-6407448,3,B0F635F86R,SKU-0097,PawPals Dog Chew Toys — Durable & Easy to Clean,1,21.36,1.93,19.43,USD
114-7898158-2174433,1,B0279XVVC5,SKU-0014,BrightBeam Desk Lamp — RGB Backlit & Noise Cancelling,1,51.35,0.0,51.35,USD
114-7898158-2174433,2,B0SH0V1DCR,SKU-0075,KiddoCraft Nerf-Style Blaster — Ages 3+ & Interactive,1,17.07,0.0,17.07,USD
114-1456774-5242364,1,B0SQ7F7BFE,SKU-0057,TrailBlaze Dumbbell Set — Waterproof & Portable,1,46.37,0.0,46.37,USD
114-1456774-5242364,2,B0F635F86R,SKU-0097,PawPals Dog Chew Toys — Durable & Easy to Clean,3,21.36,0.0,64.08,USD
114-2827663-8802705,1,B0ANDXF98K,SKU-0004,AuroraTech WiFi Range Extender — Bluetooth 5.3 & Fast Charging,1,109.5,0.0,109.5,USD
114-1395398-3733001,1,B0FA6PK7S1,SKU-0043,PureGlo Body Scrub — Ionic Technology & Gentle Formula,1,40.0,0.0,40.0,USD
114-4665459-4156527,1,B0J9HPEX6X,SKU-0112,DriveGuard Tire Pressure Gauge — Long Cord & Heavy Duty,2,34.7,0.0,69.4,USD
114-3439262-8753918,1,B0YXU5G7D1,SKU-0011,BrightBeam Bluetooth Speaker — Fast Charging & Noise Cancelling,2,107.91,0.0,215.82,USD
114-3439262-8753918,2,B0SQ7F7BFE,SKU-0057,TrailBlaze Dumbbell Set — Waterproof & Portable,1,46.37,0.0,46.37,USD
114-6212898-3595236,1,B0P5FBKME8,SKU-0047,PureGlo Bath Bomb Set — Dermatologist Tested & Gentle Formula,1,31.59,0.0,31.59,USD
114-7106894-1890021,1,B0936760J9,SKU-0034,Nordic Home Shower Caddy — Easy Clean & Non-Stick Coating,1,25.31,0.0,25.31,USD
114-3358096-4555937,1,B0GJL7P973,SKU-0045,PureGlo Hair Straightener — Cruelty-Free & Ionic Technology,1,39.53,0.0,39.53,USD
114-3358096-4555937,2,B08UGTRB3Y,SKU-0050,ZenLife Vitamin C Serum — Dermatologist Tested & Long Lasting,1,40.54,0.0,40.54,USD
114-3358096-4555937,3,B0ANDXF98K,SKU-0004,AuroraTech WiFi Range Extender — Bluetooth 5.3 & Fast Charging,1,109.5,0.0,109.5,USD
114-2277184-9606924,1,B0QKGVBY0X,SKU-0108,LittleNest Baby Bottle Set — BPA-Free & Hypoallergenic,2,32.0,0.0,64.0,USD
114-2277184-9606924,2,B0TXQ65ZFV,SKU-0087,WriteWell Desk Organizer — Ergonomic & Multipurpose,1,21.66,0.0,21.66,USD
114-8210450-3103391,1,B0HE56LV1G,SKU-0071,KiddoCraft Play Kitchen Set — Interactive & Ages 3+,1,22.81,0.0,22.81,USD
114-8210450-3103391,2,B0A30AC946,SKU-0117,ProGrip Stud Finder — Ergonomic Grip & Rust Resistant,1,19.86,0.0,19.86,USD
114-5108131-5317031,1,B04Z7XKKST,SKU-0105,LittleNest Swaddle Blankets — BPA-Free & Safety Certified,1,54.16,0.0,54.16,USD
114-6289318-5520370,1,B0MVKP1792,SKU-0002,BrightBeam HDMI Cable — Bluetooth 5.3 & HD 1080p,1,67.82,0.0,67.82,USD
114-8375752-3609434,1,B0A8X9FRKN,SKU-0031,Nordic Home Coffee Grinder — BPA-Free & Premium Finish,1,82.74,0.0,82.74,USD
114-1275536-6375706,1,B0FTQRA6A1,SKU-0109,DriveGuard Dash Cam — Heavy Duty & Easy Install,1,30.93,0.0,30.93,USD
114-6742335-4170043,1,B0PGGKXQ9K,SKU-0093,PawPals Pet Water Fountain — Easy to Clean & Vet Recommended,1,34.22,0.0,34.22,USD
114-6550320-7112026,1,B0A30AC946,SKU-0117,ProGrip Stud Finder — Ergonomic Grip & Rust Resistant,1,19.86,0.0,19.86,USD
114-6550320-7112026,2,B02X1DSSZM,SKU-0102,LittleNest Diaper Bag — Hypoallergenic & Easy to Clean,1,13.44,0.0,13.44,USD
114-6550320-7112026,3,B0QKGVBY0X,SKU-0108,LittleNest Baby Bottle Set — BPA-Free & Hypoallergenic,1,32.0,0.0,32.0,USD
114-6550320-7112026,4,B0ERBP9846,SKU-0033,ZenLife Throw Blanket — BPA-Free & Non-Stick Coating,4,42.34,0.0,169.36,USD
114-6890539-2332905,1,B0YBRGQRFQ,SKU-0110,DriveGuard Car Vacuum — Long Cord & Easy Install,1,18.37,0.0,18.37,USD
114-9552017-5064263,1,B09V1N9TED,SKU-0077,KiddoCraft Puzzle Set — Non-Toxic & STEM Learning,1,29.15,0.0,29.15,USD
114-9552017-5064263,2,B02LTJA2NA,SKU-0078,CloudNest Dollhouse — Ages 3+ & Interactive,1,41.1,0.0,41.1,USD
114-9552017-5064263,3,B02X1DSSZM,SKU-0102,LittleNest Diaper Bag — Hypoallergenic & Easy to Clean,1,13.44,0.0,13.44,USD
114-8038964-3640148,1,B0QKGVBY0X,SKU-0108,LittleNest Baby Bottle Set — BPA-Free & Hypoallergenic,2,24.13,0.0,48.26,USD
114-6506432-1896819,1,B0QKGVBY0X,SKU-0108,LittleNest Baby Bottle Set — BPA-Free & Hypoallergenic,1,32.0,0.0,32.0,USD
114-4492297-1350135,1,B0A30AC946,SKU-0117,ProGrip Stud Finder — Ergonomic Grip & Rust Resistant,1,19.86,0.0,19.86,USD
114-5511660-1218618,1,B0FTQRA6A1,SKU-0109,DriveGuard Dash Cam — Heavy Duty & Easy Install,1,30.93,0.0,30.93,USD
114-7670013-9192268,1,B02X1DSSZM,SKU-0102,LittleNest Diaper Bag — Hypoallergenic & Easy to Clean,1,13.44,0.0,13.44,USD
114-5606801-9110374,1,B0K12NKA8N,SKU-0013,AuroraTech Smart Watch — 30H Battery Life & Bluetooth 5.3,1,83.42,0.0,83.42,USD
114-4234229-1191868,1,B03WTWXEDC,SKU-0072,CloudNest Magnetic Tiles — STEM Learning & Educational,1,19.25,0.0,19.25,USD
114-4234229-1191868,2,B0671R2A1G,SKU-0012,EverPeak Laptop Stand — Water Resistant & 30H Battery Life,2,63.64,18.52,108.76,USD
114-5492806-4536556,1,B0TXQ65ZFV,SKU-0087,WriteWell Desk Organizer — Ergonomic & Multipurpose,1,21.66,0.0,21.66,USD
114-5492806-4536556,2,B055PLDLF8,SKU-0005,BrightBeam Webcam — Compact Design & 30H Battery Life,2,40.21,0.0,80.42,USD
114-1809403-7601083,1,B0SQ7F7BFE,SKU-0057,TrailBlaze Dumbbell Set — Waterproof & Portable,1,46.37,0.0,46.37,USD
114-3700143-1426554,1,B0M2UGJMKQ,SKU-0074,CloudNest RC Car — STEM Learning & Interactive,1,11.77,0.0,11.77,USD
114-3700143-1426554,2,B0NL5Q5CZM,SKU-0003,EverPeak USB-C Hub — Water Resistant & HD 1080p,1,110.91,0.0,110.91,USD
114-3700143-1426554,3,B08H6XVAML,SKU-0006,EverPeak Gaming Mouse — RGB Backlit & Compact Design,2,88.7,0.0,177.4,USD
114-3700143-1426554,4,B055PLDLF8,SKU-0005,BrightBeam Webcam — Compact Design & 30H Battery Life,1,40.21,0.0,40.21,USD
114-4773511-7685135,1,B0PGGKXQ9K,SKU-0093,PawPals Pet Water Fountain — Easy to Clean & Vet Recommended,1,34.22,0.0,34.22,USD
114-4773511-7685135,2,B0JH68DJ8G,SKU-0032,UrbanKitchen Blender — Non-Stick Coating & Space Saving,1,26.96,0.0,26.96,USD
114-4648112-9104782,1,B0WR597BPU,SKU-0015,EverPeak Streaming Stick — Bluetooth 5.3 & HD 1080p,1,120.59,9.84,110.75,USD
114-3920867-1436887,1,B01U2VVLHF,SKU-0066,EverPeak Water Bottle — Portable & Waterproof,1,53.55,0.0,53.55,USD
114-3920867-1436887,2,B0U0VF1HMG,SKU-0040,ZenLife Nail Clipper Set — Gentle Formula & Cruelty-Free,1,24.82,0.0,24.82,USD
114-3920867-1436887,3,B0SQ7F7BFE,SKU-0057,TrailBlaze Dumbbell Set — Waterproof & Portable,1,46.37,0.0,46.37,USD
114-3920867-1436887,4,B0279XVVC5,SKU-0014,BrightBeam Desk Lamp — RGB Backlit & Noise Cancelling,1,51.35,0.0,51.35,USD
114-6854544-9505331,1,B0ZWX7WPK9,SKU-0114,DriveGuard Seat Covers — Universal Fit & Heavy Duty,1,19.42,0.0,19.42,USD
114-6854544-9505331,2,B0N90348CD,SKU-0088,ProGrip Desk Chair Cushion — Multipurpose & Ergonomic,1,17.61,0.0,17.61,USD
114-6854544-9505331,3,B04Z7XKKST,SKU-0105,LittleNest Swaddle Blankets — BPA-Free & Safety Certified,2,54.16,0.0,108.32,USD
114-6854544-9505331,4,B0FPMT2SF9,SKU-0076,CloudNest Science Kit — Educational & Non-Toxic,1,12.73,0.0,12.73,USD
114-6854544-9505331,5,B0FTQRA6A1,SKU-0109,DriveGuard Dash Cam — Heavy Duty & Easy Install,1,30.93,0.0,30.93,USD
114-1347254-6076534,1,B0TXQ65ZFV,SKU-0087,WriteWell Desk Organizer — Ergonomic & Multipurpose,1,21.66,0.0,21.66,USD
114-1347254-6076534,2,B0F635F86R,SKU-0097,PawPals Dog Chew Toys — Durable & Easy to Clean,1,21.36,2.2,19.16,USD
114-1347254-6076534,3,B0YBRGQRFQ,SKU-0110,DriveGuard Car Vacuum — Long Cord & Easy Install,1,18.37,0.0,18.37,USD
114-1347254-6076534,4,B088K2QTZJ,SKU-0007,AuroraTech Car Mount — Bluetooth 5.3 & RGB Backlit,1,52.27,0.0,52.27,USD
114-1347254-6076534,5,B055PLDLF8,SKU-0005,BrightBeam Webcam — Compact Design & 30H Battery Life,1,40.21,0.0,40.21,USD
114-8016574-9120075,1,B0F635F86R,SKU-0097,PawPals Dog Chew Toys — Durable & Easy to Clean,2,21.36,0.0,42.72,USD
114-6152896-2691979,1,B0CWALEK2Y,SKU-0036,ZenLife Air Fryer — Dishwasher Safe & Non-Stick Coating,1,19.47,0.0,19.47,USD
114-6152896-2691979,2,B0FPMT2SF9,SKU-0076,CloudNest Science Kit — Educational & Non-Toxic,1,14.63,0.0,14.63,USD
114-9242860-9093085,1,B0FTQRA6A1,SKU-0109,DriveGuard Dash Cam — Heavy Duty & Easy Install,1,30.93,0.0,30.93,USD
114-1505537-2675184,1,B0AZBDRH38,SKU-0086,ProGrip Sticky Notes Pack — Ergonomic & Multipurpose,1,27.71,0.0,27.71,USD
114-7374992-4732932,1,B0H9GJQWK8,SKU-0009,EverPeak Phone Case — Noise Cancelling & Bluetooth 5.3,1,23.15,0.0,23.15,USD
114-7374992-4732932,2,B05P1Y30A5,SKU-0091,PawPals Slow Feeder Bowl — Easy to Clean & Non-Toxic,3,11.7,0.0,35.1,USD
114-7374992-4732932,3,B08UGTRB3Y,SKU-0050,ZenLife Vitamin C Serum — Dermatologist Tested & Long Lasting,1,40.54,0.0,40.54,USD
114-5885714-2537230,1,B0N90348CD,SKU-0088,ProGrip Desk Chair Cushion — Multipurpose & Ergonomic,1,19.37,0.0,19.37,USD
114-5885714-2537230,2,B0FTQRA6A1,SKU-0109,DriveGuard Dash Cam — Heavy Duty & Easy Install,1,30.93,0.0,30.93,USD
114-5885714-2537230,3,B0F635F86R,SKU-0097,PawPals Dog Chew Toys — Durable & Easy to Clean,1,21.36,0.0,21.36,USD
114-9978269-1972828,1,B0279XVVC5,SKU-0014,BrightBeam Desk Lamp — RGB Backlit & Noise Cancelling,1,51.35,0.0,51.35,USD
114-9762763-9368046,1,B0JH68DJ8G,SKU-0032,UrbanKitchen Blender — Non-Stick Coating & Space Saving,1,25.59,0.0,25.59,USD
114-9762763-9368046,2,B06AZNEH47,SKU-0008,BrightBeam Mechanical Keyboard — 30H Battery Life & Water Resistant,1,75.67,0.0,75.67,USD
114-9762763-9368046,3,B0FTQRA6A1,SKU-0109,DriveGuard Dash Cam — Heavy Duty & Easy Install,1,30.93,0.0,30.93,USD
114-9762763-9368046,4,B0WCY6LU8P,SKU-0029,UrbanKitchen Wall Clock — Easy Clean & Dishwasher Safe,1,72.21,0.0,72.21,USD
114-9862858-4963732,1,B0M1WJMA8T,SKU-0085,WriteWell Planner Notebook — Ergonomic & Multipurpose,1,8.44,0.0,8.44,USD
114-9862858-4963732,2,B0NQJ9A5QP,SKU-0081,WriteWell Paper Shredder — Ergonomic & Space Saving,1,15.31,0.0,15.31,USD
114-7335531-3346389,1,B0279XVVC5,SKU-0014,BrightBeam Desk Lamp — RGB Backlit & Noise Cancelling,1,51.35,0.0,51.35,USD
114-7335531-3346389,2,B03WTWXEDC,SKU-0072,CloudNest Magnetic Tiles — STEM Learning & Educational,2,19.25,0.0,38.5,USD
114-7335531-3346389,3,B088K2QTZJ,SKU-0007,AuroraTech Car Mount — Bluetooth 5.3 & RGB Backlit,1,52.27,0.0,52.27,USD
114-5233054-5382797,1,B0ERBP9846,SKU-0033,ZenLife Throw Blanket — BPA-Free & Non-Stick Coating,1,42.34,0.0,42.34,USD
114-5233054-5382797,2,B01NLXW82L,SKU-0104,LittleNest Bassinet — Safety Certified & BPA-Free,3,24.09,0.0,72.27,USD
114-5152978-7233855,1,B0AZBDRH38,SKU-0086,ProGrip Sticky Notes Pack — Ergonomic & Multipurpose,1,29.73,0.0,29.73,USD
114-5358995-6578848,1,B0SH0V1DCR,SKU-0075,KiddoCraft Nerf-Style Blaster — Ages 3+ & Interactive,1,17.07,0.0,17.07,USD
114-9311462-9988810,1,B0M1WJMA8T,SKU-0085,WriteWell Planner Notebook — Ergonomic & Multipurpose,2,8.44,0.0,16.88,USD
114-2991403-7491132,1,B01CQYLRS7,SKU-0070,CloudNest Art Supplies Kit — STEM Learning & Interactive,1,13.62,0.0,13.62,USD
114-2832300-1546987,1,B02LTJA2NA,SKU-0078,CloudNest Dollhouse — Ages 3+ & Interactive,1,41.1,0.0,41.1,USD
114-2832300-1546987,2,B0AZBDRH38,SKU-0086,ProGrip Sticky Notes Pack — Ergonomic & Multipurpose,1,27.71,0.0,27.71,USD
114-2832300-1546987,3,B0QKGVBY0X,SKU-0108,LittleNest Baby Bottle Set — BPA-Free & Hypoallergenic,3,32.0,0.0,96.0,USD
114-3259364-8695467,1,B08H6XVAML,SKU-0006,EverPeak Gaming Mouse — RGB Backlit & Compact Design,1,88.7,0.0,88.7,USD
114-2612482-8564732,1,B0FTQRA6A1,SKU-0109,DriveGuard Dash Cam — Heavy Duty & Easy Install,1,30.93,0.0,30.93,USD
114-1750347-7750414,1,B09V1N9TED,SKU-0077,KiddoCraft Puzzle Set — Non-Toxic & STEM Learning,1,29.15,0.0,29.15,USD
114-7978758-6351693,1,B07GWT52HM,SKU-0021,ZenLife Cutting Board Set — BPA-Free & Easy Clean,1,26.8,0.0,26.8,USD
114-7978758-6351693,2,B0YJ486MXU,SKU-0107,LittleNest Baby Safety Gate — Safety Certified & BPA-Free,1,60.8,0.0,60.8,USD
114-7978758-6351693,3,B0CWALEK2Y,SKU-0036,ZenLife Air Fryer — Dishwasher Safe & Non-Stick Coating,1,19.47,0.0,19.47,USD
114-7978758-6351693,4,B0671R2A1G,SKU-0012,EverPeak Laptop Stand — Water Resistant & 30H Battery Life,1,55.16,0.0,55.16,USD
114-6573051-4273522,1,B0PGGKXQ9K,SKU-0093,PawPals Pet Water Fountain — Easy to Clean & Vet Recommended,1,34.22,0.0,34.22,USD
114-6573051-4273522,2,B0J4AJH5Y5,SKU-0084,ProGrip Monitor Stand — Space Saving & Multipurpose,1,57.15,0.0,57.15,USD
114-6573051-4273522,3,B0TURPLSHH,SKU-0100,PawPals Automatic Pet Feeder — Easy to Clean & Vet Recommended,1,43.13,0.0,43.13,USD
114-3853054-3790097,1,B0P5FBKME8,SKU-0047,PureGlo Bath Bomb Set — Dermatologist Tested & Gentle Formula,3,29.77,9.63,79.68,USD
114-3853054-3790097,2,B08H6XVAML,SKU-0006,EverPeak Gaming Mouse — RGB Backlit & Compact Design,1,81.06,0.0,81.06,USD
114-3853054-3790097,3,B00EGECWF5,SKU-0030,ZenLife Laundry Hamper — Dishwasher Safe & Premium Finish,2,68.26,0.0,136.52,USD
114-3853054-3790097,4,B085JJ3ZXF,SKU-0041,PureGlo Electric Toothbrush — Long Lasting & Dermatologist Tested,1,45.38,0.0,45.38,USD
114-3595166-7860195,1,B0YXU5G7D1,SKU-0011,BrightBeam Bluetooth Speaker — Fast Charging & Noise Cancelling,2,107.91,0.0,215.82,USD
114-5518616-6432543,1,B0R7U9K93R,SKU-0094,PawPals Pet Carrier — Non-Toxic & Durable,1,23.08,0.0,23.08,USD
114-5518616-6432543,2,B02T104M25,SKU-0111,DriveGuard Jump Starter — Long Cord & Universal Fit,1,55.67,0.0,55.67,USD
114-4616283-9651004,1,B0CWALEK2Y,SKU-0036,ZenLife Air Fryer — Dishwasher Safe & Non-Stick Coating,2,19.47,0.0,38.94,USD
114-5561286-1957962,1,B08UGTRB3Y,SKU-0050,ZenLife Vitamin C Serum — Dermatologist Tested & Long Lasting,1,40.54,0.0,40.54,USD
114-9523217-2608578,1,B0ANDXF98K,SKU-0004,AuroraTech WiFi Range Extender — Bluetooth 5.3 & Fast Charging,3,109.5,0.0,328.5,USD
114-6047451-9993160,1,B0E48MCY15,SKU-0079,WriteWell Label Maker — Durable & Multipurpose,2,49.25,0.0,98.5,USD
114-6047451-9993160,2,B0YXU5G7D1,SKU-0011,BrightBeam Bluetooth Speaker — Fast Charging & Noise Cancelling,1,107.91,0.0,107.91,USD
114-6047451-9993160,3,B0K12NKA8N,SKU-0013,AuroraTech Smart Watch — 30H Battery Life & Bluetooth 5.3,2,83.42,0.0,166.84,USD
114-1377555-6964179,1,B04Z7XKKST,SKU-0105,LittleNest Swaddle Blankets — BPA-Free & Safety Certified,3,54.16,0.0,162.48,USD
114-3161704-6539431,1,B0M1WJMA8T,SKU-0085,WriteWell Planner Notebook — Ergonomic & Multipurpose,1,8.44,0.0,8.44,USD
114-2743849-6695201,1,B04Z7XKKST,SKU-0105,LittleNest Swaddle Blankets — BPA-Free & Safety Certified,1,54.16,0.0,54.16,USD
114-1078329-3271965,1,B0SQ7F7BFE,SKU-0057,TrailBlaze Dumbbell Set — Waterproof & Portable,1,46.37,6.67,39.7,USD
114-1078329-3271965,2,B06AZNEH47,SKU-0008,BrightBeam Mechanical Keyboard — 30H Battery Life & Water Resistant,1,75.67,0.0,75.67,USD
114-1078329-3271965,3,B0N90348CD,SKU-0088,ProGrip Desk Chair Cushion — Multipurpose & Ergonomic,1,17.61,0.0,17.61,USD
114-1912015-9915844,1,B0J9HPEX6X,SKU-0112,DriveGuard Tire Pressure Gauge — Long Cord & Heavy Duty,1,34.7,4.22,30.48,USD
114-1912015-9915844,2,B055PLDLF8,SKU-0005,BrightBeam Webcam — Compact Design & 30H Battery Life,2,40.21,0.0,80.42,USD
114-1240903-5431811,1,B0F635F86R,SKU-0097,PawPals Dog Chew Toys — Durable & Easy to Clean,1,21.36,0.0,21.36,USD
114-4141275-9409580,1,B06AZNEH47,SKU-0008,BrightBeam Mechanical Keyboard — 30H Battery Life & Water Resistant,1,75.67,0.0,75.67,USD
114-7451094-5485779,1,B0ZWX7WPK9,SKU-0114,DriveGuard Seat Covers — Universal Fit & Heavy Duty,1,20.72,0.0,20.72,USD
114-5446285-6713848,1,B00EGECWF5,SKU-0030,ZenLife Laundry Hamper — Dishwasher Safe & Premium Finish,1,68.26,0.0,68.26,USD
114-6223892-7239071,1,B01CQYLRS7,SKU-0070,CloudNest Art Supplies Kit — STEM Learning & Interactive,2,13.62,0.0,27.24,USD
114-6223892-7239071,2,B08UGTRB3Y,SKU-0050,ZenLife Vitamin C Serum — Dermatologist Tested & Long Lasting,2,40.54,0.0,81.08,USD
114-7106435-6842763,1,B08H6XVAML,SKU-0006,EverPeak Gaming Mouse — RGB Backlit & Compact Design,1,88.7,0.0,88.7,USD
114-8751377-2461656,1,B0G3W4FNRY,SKU-0052,ZenLife Beard Trimmer — Cruelty-Free & Gentle Formula,1,41.64,0.0,41.64,USD
114-8751377-2461656,2,B03ZGX0DF9,SKU-0098,PawPals Catnip Toys — Easy to Clean & Non-Toxic,1,48.23,0.0,48.23,USD
114-3604669-8356629,1,B00EGECWF5,SKU-0030,ZenLife Laundry Hamper — Dishwasher Safe & Premium Finish,1,68.26,0.0,68.26,USD
114-3604669-8356629,2,B0WKPVSC0B,SKU-0025,Nordic Home Tea Infuser — Non-Stick Coating & Dishwasher Safe,1,43.18,0.0,43.18,USD
114-8011398-2367270,1,B0DLXACSTN,SKU-0068,CloudNest Plush Toy — Non-Toxic & Ages 3+,1,21.32,0.0,21.32,USD
114-2363895-7950122,1,B04ZD4ZURZ,SKU-0103,LittleNest Baby Monitor — Safety Certified & Hypoallergenic,1,31.9,2.62,29.28,USD
114-2363895-7950122,2,B0PGGKXQ9K,SKU-0093,PawPals Pet Water Fountain — Easy to Clean & Vet Recommended,1,34.22,0.0,34.22,USD
114-2042146-3347831,1,B0M6YEW145,SKU-0083,WriteWell Standing Desk Converter — Durable & Multipurpose,1,10.68,0.0,10.68,USD
114-2042146-3347831,2,B0SH0V1DCR,SKU-0075,KiddoCraft Nerf-Style Blaster — Ages 3+ & Interactive,2,17.07,0.0,34.14,USD
114-2042146-3347831,3,B0ZWX7WPK9,SKU-0114,DriveGuard Seat Covers — Universal Fit & Heavy Duty,1,20.72,0.0,20.72,USD
114-2042146-3347831,4,B0G3W4FNRY,SKU-0052,ZenLife Beard Trimmer — Cruelty-Free & Gentle Formula,1,41.64,0.0,41.64,USD
114-5056217-6847756,1,B0R7U9K93R,SKU-0094,PawPals Pet Carrier — Non-Toxic & Durable,1,23.08,0.0,23.08,USD
114-4038768-5848198,1,B0P5FBKME8,SKU-0047,PureGlo Bath Bomb Set — Dermatologist Tested & Gentle Formula,1,29.77,0.0,29.77,USD
114-3106549-9628927,1,B0FKKPVMZA,SKU-0065,TrailBlaze Foam Roller — Heavy Duty & Anti-Slip,1,52.95,0.0,52.95,USD
114-9130163-7507381,1,B08UGTRB3Y,SKU-0050,ZenLife Vitamin C Serum — Dermatologist Tested & Long Lasting,1,40.54,0.0,40.54,USD
114-5659571-2238771,1,B0J9HPEX6X,SKU-0112,DriveGuard Tire Pressure Gauge — Long Cord & Heavy Duty,1,34.7,0.0,34.7,USD
114-4821230-6888868,1,B0HE56LV1G,SKU-0071,KiddoCraft Play Kitchen Set — Interactive & Ages 3+,1,22.81,0.0,22.81,USD
114-3377526-5124095,1,B0MVKP1792,SKU-0002,BrightBeam HDMI Cable — Bluetooth 5.3 & HD 1080p,1,63.85,0.0,63.85,USD
114-2944884-4786393,1,B0NQJ9A5QP,SKU-0081,WriteWell Paper Shredder — Ergonomic & Space Saving,1,15.31,0.0,15.31,USD
114-7275474-8026800,1,B0U0VF1HMG,SKU-0040,ZenLife Nail Clipper Set — Gentle Formula & Cruelty-Free,3,28.36,0.0,85.08,USD
114-5372731-4521464,1,B0E48MCY15,SKU-0079,WriteWell Label Maker — Durable & Multipurpose,2,37.17,0.0,74.34,USD
114-5372731-4521464,2,B0NL5Q5CZM,SKU-0003,EverPeak USB-C Hub — Water Resistant & HD 1080p,1,110.91,0.0,110.91,USD
114-3110130-7812489,1,B0WKPVSC0B,SKU-0025,Nordic Home Tea Infuser — Non-Stick Coating & Dishwasher Safe,2,43.18,0.0,86.36,USD
114-7571272-6821861,1,B0AZBDRH38,SKU-0086,ProGrip Sticky Notes Pack — Ergonomic & Multipurpose,2,27.71,0.0,55.42,USD
114-7571272-6821861,2,B0PF199V27,SKU-0037,Nordic Home Utensil Set — Non-Stick Coating & BPA-Free,1,62.82,0.0,62.82,USD
114-1706838-5228822,1,B08H6XVAML,SKU-0006,EverPeak Gaming Mouse — RGB Backlit & Compact Design,1,88.7,0.0,88.7,USD
114-5063102-6702260,1,B0ERBP9846,SKU-0033,ZenLife Throw Blanket — BPA-Free & Non-Stick Coating,1,42.34,0.0,42.34,USD
114-3422865-4628876,1,B08H6XVAML,SKU-0006,EverPeak Gaming Mouse — RGB Backlit & Compact Design,1,88.7,0.0,88.7,USD
114-3422865-4628876,2,B0R5E97R3C,SKU-0001,AuroraTech Smart Plug — Noise Cancelling & HD 1080p,1,89.73,0.0,89.73,USD
114-3422865-4628876,3,B0F635F86R,SKU-0097,PawPals Dog Chew Toys — Durable & Easy to Clean,1,21.36,1.56,19.8,USD
114-3422865-4628876,4,B0J4AJH5Y5,SKU-0084,ProGrip Monitor Stand — Space Saving & Multipurpose,1,57.15,0.0,57.15,USD
114-3422865-4628876,5,B02T104M25,SKU-0111,DriveGuard Jump Starter — Long Cord & Universal Fit,1,55.67,0.0,55.67,USD
114-3703073-5441888,1,B02LTJA2NA,SKU-0078,CloudNest Dollhouse — Ages 3+ & Interactive,1,41.1,0.0,41.1,USD
114-3703073-5441888,2,B05P1Y30A5,SKU-0091,PawPals Slow Feeder Bowl — Easy to Clean & Non-Toxic,1,10.4,0.0,10.4,USD
114-3703073-5441888,3,B0Q85PD1G6,SKU-0018,EverPeak Power Bank — 30H Battery Life & Noise Cancelling,1,17.84,0.0,17.84,USD
114-5610319-7843405,1,B0SH0V1DCR,SKU-0075,KiddoCraft Nerf-Style Blaster — Ages 3+ & Interactive,2,17.07,0.0,34.14,USD
114-5610319-7843405,2,B0ZWX7WPK9,SKU-0114,DriveGuard Seat Covers — Universal Fit & Heavy Duty,2,20.72,0.0,41.44,USD
114-5610319-7843405,3,B04Z7XKKST,SKU-0105,LittleNest Swaddle Blankets — BPA-Free & Safety Certified,1,54.16,0.0,54.16,USD
114-7578533-5126924,1,B088K2QTZJ,SKU-0007,AuroraTech Car Mount — Bluetooth 5.3 & RGB Backlit,3,52.27,0.0,156.81,USD
114-4318648-8202822,1,B0FPMT2SF9,SKU-0076,CloudNest Science Kit — Educational & Non-Toxic,1,12.73,0.0,12.73,USD
114-4318648-8202822,2,B01U2VVLHF,SKU-0066,EverPeak Water Bottle — Portable & Waterproof,1,66.14,0.0,66.14,USD
114-3787980-3684001,1,B0279XVVC5,SKU-0014,BrightBeam Desk Lamp — RGB Backlit & Noise Cancelling,1,51.35,0.0,51.35,USD
114-3787980-3684001,2,B05P1Y30A5,SKU-0091,PawPals Slow Feeder Bowl — Easy to Clean & Non-Toxic,1,10.4,0.0,10.4,USD
114-3787980-3684001,3,B055PLDLF8,SKU-0005,BrightBeam Webcam — Compact Design & 30H Battery Life,1,40.21,0.0,40.21,USD
114-5886670-1710798,1,B0U0VF1HMG,SKU-0040,ZenLife Nail Clipper Set — Gentle Formula & Cruelty-Free,1,28.36,0.0,28.36,USD
114-4699645-4803300,1,B0N90348CD,SKU-0088,ProGrip Desk Chair Cushion — Multipurpose & Ergonomic,1,17.61,0.0,17.61,USD
114-4699645-4803300,2,B0TJL2AZQH,SKU-0082,ProGrip File Folders — Ergonomic & Multipurpose,1,48.76,0.0,48.76,USD
114-4699645-4803300,3,B0279XVVC5,SKU-0014,BrightBeam Desk Lamp — RGB Backlit & Noise Cancelling,2,51.35,0.0,102.7,USD
114-7127224-2336917,1,B0UX1US6RV,SKU-0096,PawPals Cat Scratching Post — Durable & Non-Toxic,1,34.97,0.0,34.97,USD
114-4106561-6794240,1,B0R5E97R3C,SKU-0001,AuroraTech Smart Plug — Noise Cancelling & HD 1080p,1,89.73,0.0,89.73,USD
114-4106561-6794240,2,B0Z5ASHJRH,SKU-0069,KiddoCraft Fidget Toy Pack — Non-Toxic & Educational,1,22.58,0.0,22.58,USD
114-5783664-8824531,1,B00EGECWF5,SKU-0030,ZenLife Laundry Hamper — Dishwasher Safe & Premium Finish,1,68.26,0.0,68.26,USD
114-5783664-8824531,2,B0M9299AJ4,SKU-0024,ZenLife Electric Kettle — Non-Stick Coating & Space Saving,2,46.0,10.47,81.53,USD
114-1011337-3897634,1,B0J4AJH5Y5,SKU-0084,ProGrip Monitor Stand — Space Saving & Multipurpose,1,57.15,0.0,57.15,USD
114-1011337-3897634,2,B05P1Y30A5,SKU-0091,PawPals Slow Feeder Bowl — Easy to Clean & Non-Toxic,1,10.4,0.0,10.4,USD
114-1011337-3897634,3,B0QKGVBY0X,SKU-0108,LittleNest Baby Bottle Set — BPA-Free & Hypoallergenic,2,32.0,0.0,64.0,USD
114-7847739-8477565,1,B02LTJA2NA,SKU-0078,CloudNest Dollhouse — Ages 3+ & Interactive,1,41.1,0.0,41.1,USD
114-7847739-8477565,2,B00EGECWF5,SKU-0030,ZenLife Laundry Hamper — Dishwasher Safe & Premium Finish,1,72.6,0.0,72.6,USD
114-6451071-4332037,1,B08RJE02WW,SKU-0016,AuroraTech Headphones — Bluetooth 5.3 & Water Resistant,1,87.93,0.0,87.93,USD
114-6451071-4332037,2,B0ZWX7WPK9,SKU-0114,DriveGuard Seat Covers — Universal Fit & Heavy Duty,1,19.42,0.0,19.42,USD
114-5470985-4188748,1,B0M2UGJMKQ,SKU-0074,CloudNest RC Car — STEM Learning & Interactive,1,11.77,0.0,11.77,USD
114-5470985-4188748,2,B0AZBDRH38,SKU-0086,ProGrip Sticky Notes Pack — Ergonomic & Multipurpose,3,27.71,12.37,70.76,USD
114-5470985-4188748,3,B0MVKP1792,SKU-0002,BrightBeam HDMI Cable — Bluetooth 5.3 & HD 1080p,1,63.85,0.0,63.85,USD
114-5470985-4188748,4,B0FTQRA6A1,SKU-0109,DriveGuard Dash Cam — Heavy Duty & Easy Install,1,30.93,0.0,30.93,USD
114-8295837-8353740,1,B043M1S1C4,SKU-0049,PureGlo Sunscreen Lotion — Ionic Technology & Dermatologist Tested,2,31.54,0.0,63.08,USD
114-1667618-2160739,1,B0JH68DJ8G,SKU-0032,UrbanKitchen Blender — Non-Stick Coating & Space Saving,1,25.59,0.0,25.59,USD
114-1667618-2160739,2,B0F635F86R,SKU-0097,PawPals Dog Chew Toys — Durable & Easy to Clean,1,21.36,0.0,21.36,USD
114-1667618-2160739,3,B0GJL7P973,SKU-0045,PureGlo Hair Straightener — Cruelty-Free & Ionic Technology,1,39.53,0.0,39.53,USD
114-1916788-2035654,1,B02X1DSSZM,SKU-0102,LittleNest Diaper Bag — Hypoallergenic & Easy to Clean,1,13.44,1.44,12.0,USD
114-1916788-2035654,2,B0FTQRA6A1,SKU-0109,DriveGuard Dash Cam — Heavy Duty & Easy Install,1,30.93,0.0,30.93,USD
114-1989793-8691018,1,B0MVKP1792,SKU-0002,BrightBeam HDMI Cable — Bluetooth 5.3 & HD 1080p,1,67.82,0.0,67.82,USD
114-6309945-1652579,1,B0FA6PK7S1,SKU-0043,PureGlo Body Scrub — Ionic Technology & Gentle Formula,1,40.0,3.61,36.39,USD
114-6309945-1652579,2,B08H6XVAML,SKU-0006,EverPeak Gaming Mouse — RGB Backlit & Compact Design,1,88.7,0.0,88.7,USD
114-6309945-1652579,3,B03WTWXEDC,SKU-0072,CloudNest Magnetic Tiles — STEM Learning & Educational,1,19.25,0.0,19.25,USD
114-7514281-2927002,1,B0NKTX370W,SKU-0051,PureGlo Shampoo & Conditioner — Gentle Formula & Ionic Technology,1,11.33,0.0,11.33,USD
114-7514281-2927002,2,B04Z7XKKST,SKU-0105,LittleNest Swaddle Blankets — BPA-Free & Safety Certified,1,54.16,0.0,54.16,USD
114-7514281-2927002,3,B0C9DBLSN2,SKU-0067,KiddoCraft Board Game — STEM Learning & Ages 3+,1,8.67,0.0,8.67,USD
114-9370278-4133563,1,B0HE56LV1G,SKU-0071,KiddoCraft Play Kitchen Set — Interactive & Ages 3+,1,22.81,0.0,22.81,USD
114-6383487-3966199,1,B0MVKP1792,SKU-0002,BrightBeam HDMI Cable — Bluetooth 5.3 & HD 1080p,1,63.85,0.0,63.85,USD
114-6383487-3966199,2,B0NQJ9A5QP,SKU-0081,WriteWell Paper Shredder — Ergonomic & Space Saving,1,11.7,0.0,11.7,USD
114-4985461-2247754,1,B0F635F86R,SKU-0097,PawPals Dog Chew Toys — Durable & Easy to Clean,1,21.36,0.0,21.36,USD
114-4985461-2247754,2,B0MVKP1792,SKU-0002,BrightBeam HDMI Cable — Bluetooth 5.3 & HD 1080p,2,67.82,0.0,135.64,USD
114-4985461-2247754,3,B0NQJ9A5QP,SKU-0081,WriteWell Paper Shredder — Ergonomic & Space Saving,1,15.31,0.0,15.31,USD
114-4099282-9662882,1,B05P1Y30A5,SKU-0091,PawPals Slow Feeder Bowl — Easy to Clean & Non-Toxic,2,11.7,0.0,23.4,USD
114-6549505-1737397,1,B0M2UGJMKQ,SKU-0074,CloudNest RC Car — STEM Learning & Interactive,1,11.77,0.0,11.77,USD
114-2392690-1629575,1,B088K2QTZJ,SKU-0007,AuroraTech Car Mount — Bluetooth 5.3 & RGB Backlit,1,52.27,0.0,52.27,USD
114-2392690-1629575,2,B0YJ486MXU,SKU-0107,LittleNest Baby Safety Gate — Safety Certified & BPA-Free,1,60.8,0.0,60.8,USD
114-8696913-9516094,1,B0M9299AJ4,SKU-0024,ZenLife Electric Kettle — Non-Stick Coating & Space Saving,1,46.0,0.0,46.0,USD
114-8696913-9516094,2,B0NL5Q5CZM,SKU-0003,EverPeak USB-C Hub — Water Resistant & HD 1080p,1,110.91,0.0,110.91,USD
114-8696913-9516094,3,B0NQJ9A5QP,SKU-0081,WriteWell Paper Shredder — Ergonomic & Space Saving,1,11.7,0.0,11.7,USD
114-4024776-5176643,1,B055PLDLF8,SKU-0005,BrightBeam Webcam — Compact Design & 30H Battery Life,2,40.21,0.0,80.42,USD
114-7730539-1972168,1,B08H6XVAML,SKU-0006,EverPeak Gaming Mouse — RGB Backlit & Compact Design,1,88.7,0.0,88.7,USD
114-4028779-9011739,1,B0M2UGJMKQ,SKU-0074,CloudNest RC Car — STEM Learning & Interactive,1,12.84,0.0,12.84,USD
114-7562044-7560621,1,B05P1Y30A5,SKU-0091,PawPals Slow Feeder Bowl — Easy to Clean & Non-Toxic,1,11.7,0.0,11.7,USD
114-1894881-4659331,1,B05P1Y30A5,SKU-0091,PawPals Slow Feeder Bowl — Easy to Clean & Non-Toxic,1,11.7,0.0,11.7,USD
114-2305807-5830537,1,B0P5FBKME8,SKU-0047,PureGlo Bath Bomb Set — Dermatologist Tested & Gentle Formula,1,29.77,0.0,29.77,USD
114-2973851-9468355,1,B0279XVVC5,SKU-0014,BrightBeam Desk Lamp — RGB Backlit & Noise Cancelling,1,51.35,0.0,51.35,USD
114-2973851-9468355,2,B01CQYLRS7,SKU-0070,CloudNest Art Supplies Kit — STEM Learning & Interactive,3,13.62,0.0,40.86,USD
114-2973851-9468355,3,B00EGECWF5,SKU-0030,ZenLife Laundry Hamper — Dishwasher Safe & Premium Finish,1,68.26,0.0,68.26,USD
114-7230214-1390751,1,B0U0VF1HMG,SKU-0040,ZenLife Nail Clipper Set — Gentle Formula & Cruelty-Free,1,28.36,0.0,28.36,USD
114-7230214-1390751,2,B0EGZYNSAE,SKU-0106,LittleNest Baby Bath Tub — Hypoallergenic & Safety Certified,1,25.43,0.0,25.43,USD
114-7230214-1390751,3,B0PGGKXQ9K,SKU-0093,PawPals Pet Water Fountain — Easy to Clean & Vet Recommended,2,34.22,0.0,68.44,USD
114-7604560-1600262,1,B08UGTRB3Y,SKU-0050,ZenLife Vitamin C Serum — Dermatologist Tested & Long Lasting,2,40.54,0.0,81.08,USD
114-2258473-6292845,1,B0279XVVC5,SKU-0014,BrightBeam Desk Lamp — RGB Backlit & Noise Cancelling,2,51.35,0.0,102.7,USD
114-1432349-4481077,1,B0J4AJH5Y5,SKU-0084,ProGrip Monitor Stand — Space Saving & Multipurpose,1,57.15,3.73,53.42,USD
114-1412512-8785268,1,B08H6XVAML,SKU-0006,EverPeak Gaming Mouse — RGB Backlit & Compact Design,1,88.7,12.24,76.46,USD
114-1412512-8785268,2,B0P5FBKME8,SKU-0047,PureGlo Bath Bomb Set — Dermatologist Tested & Gentle Formula,1,29.77,0.0,29.77,USD
114-7688721-2256483,1,B0FKKPVMZA,SKU-0065,TrailBlaze Foam Roller — Heavy Duty & Anti-Slip,2,52.95,0.0,105.9,USD
114-1630875-3841611,1,B0ERBP9846,SKU-0033,ZenLife Throw Blanket — BPA-Free & Non-Stick Coating,1,42.34,0.0,42.34,USD
114-6319447-7426678,1,B0M6YEW145,SKU-0083,WriteWell Standing Desk Converter — Durable & Multipurpose,1,10.68,0.0,10.68,USD
114-6319447-7426678,2,B0FTQRA6A1,SKU-0109,DriveGuard Dash Cam — Heavy Duty & Easy Install,1,30.93,0.0,30.93,USD
114-6319447-7426678,3,B01NLXW82L,SKU-0104,LittleNest Bassinet — Safety Certified & BPA-Free,1,24.09,1.31,22.78,USD
114-6095718-6094585,1,B0F635F86R,SKU-0097,PawPals Dog Chew Toys — Durable & Easy to Clean,1,21.36,0.0,21.36,USD
114-6095718-6094585,2,B0FTQRA6A1,SKU-0109,DriveGuard Dash Cam — Heavy Duty & Easy Install,1,30.93,0.0,30.93,USD
114-8849130-6133161,1,B0AZBDRH38,SKU-0086,ProGrip Sticky Notes Pack — Ergonomic & Multipurpose,1,27.71,2.18,25.53,USD
114-8849130-6133161,2,B0671R2A1G,SKU-0012,EverPeak Laptop Stand — Water Resistant & 30H Battery Life,1,63.64,0.0,63.64,USD
114-2315697-6324160,1,B02X1DSSZM,SKU-0102,LittleNest Diaper Bag — Hypoallergenic & Easy to Clean,1,13.44,0.0,13.44,USD
114-8167189-6324124,1,B0CWALEK2Y,SKU-0036,ZenLife Air Fryer — Dishwasher Safe & Non-Stick Coating,1,19.47,0.0,19.47,USD
114-6530519-5203413,1,B0JH68DJ8G,SKU-0032,UrbanKitchen Blender — Non-Stick Coating & Space Saving,1,26.96,0.0,26.96,USD
114-4330078-5257405,1,B03WTWXEDC,SKU-0072,CloudNest Magnetic Tiles — STEM Learning & Educational,1,19.25,0.0,19.25,USD
114-4330078-5257405,2,B0LPG6DAQM,SKU-0120,EverPeak Tool Bag — Rust Resistant & Ergonomic Grip,4,38.1,0.0,152.4,USD
114-4740199-2287289,1,B0QKGVBY0X,SKU-0108,LittleNest Baby Bottle Set — BPA-Free & Hypoallergenic,1,32.0,0.0,32.0,USD
114-8127471-1383773,1,B0Q85PD1G6,SKU-0018,EverPeak Power Bank — 30H Battery Life & Noise Cancelling,2,17.84,0.0,35.68,USD
114-8127471-1383773,2,B0ZWX7WPK9,SKU-0114,DriveGuard Seat Covers — Universal Fit & Heavy Duty,1,20.72,0.0,20.72,USD
114-2458978-9522024,1,B0AZBDRH38,SKU-0086,ProGrip Sticky Notes Pack — Ergonomic & Multipurpose,1,27.71,0.0,27.71,USD
114-4730809-9830874,1,B0AZBDRH38,SKU-0086,ProGrip Sticky Notes Pack — Ergonomic & Multipurpose,1,27.71,0.0,27.71,USD
114-4730809-9830874,2,B02X1DSSZM,SKU-0102,LittleNest Diaper Bag — Hypoallergenic & Easy to Clean,1,13.44,0.0,13.44,USD
114-7438905-2000745,1,B0P5FBKME8,SKU-0047,PureGlo Bath Bomb Set — Dermatologist Tested & Gentle Formula,1,31.59,0.0,31.59,USD
114-8290500-4756325,1,B0A8X9FRKN,SKU-0031,Nordic Home Coffee Grinder — BPA-Free & Premium Finish,2,82.74,0.0,165.48,USD
114-6738186-2261538,1,B0HE56LV1G,SKU-0071,KiddoCraft Play Kitchen Set — Interactive & Ages 3+,1,22.81,0.0,22.81,USD
114-2442367-7339320,1,B0NQJ9A5QP,SKU-0081,WriteWell Paper Shredder — Ergonomic & Space Saving,1,15.31,0.0,15.31,USD
114-2442367-7339320,2,B0U0VF1HMG,SKU-0040,ZenLife Nail Clipper Set — Gentle Formula & Cruelty-Free,1,28.36,0.0,28.36,USD
114-2442367-7339320,3,B0TXQ65ZFV,SKU-0087,WriteWell Desk Organizer — Ergonomic & Multipurpose,1,21.66,0.0,21.66,USD
114-8950185-9012444,1,B02T104M25,SKU-0111,DriveGuard Jump Starter — Long Cord & Universal Fit,1,55.67,0.0,55.67,USD
114-3142714-9920486,1,B0AZBDRH38,SKU-0086,ProGrip Sticky Notes Pack — Ergonomic & Multipurpose,1,27.71,0.0,27.71,USD
114-3142714-9920486,2,B08UGTRB3Y,SKU-0050,ZenLife Vitamin C Serum — Dermatologist Tested & Long Lasting,2,40.54,0.0,81.08,USD
114-5336203-1232800,1,B0A30AC946,SKU-0117,ProGrip Stud Finder — Ergonomic Grip & Rust Resistant,1,19.86,0.0,19.86,USD
114-3843913-4040080,1,B0054NK7PS,SKU-0028,Nordic Home Food Storage Containers — BPA-Free & Non-Stick Coating,1,62.0,0.0,62.0,USD
114-1187425-2141894,1,B0YXU5G7D1,SKU-0011,BrightBeam Bluetooth Speaker — Fast Charging & Noise Cancelling,1,107.91,0.0,107.91,USD
114-1187425-2141894,2,B0SQ7F7BFE,SKU-0057,TrailBlaze Dumbbell Set — Waterproof & Portable,2,46.37,0.0,92.74,USD
114-1187425-2141894,3,B0A8X9FRKN,SKU-0031,Nordic Home Coffee Grinder — BPA-Free & Premium Finish,2,82.74,0.0,165.48,USD
114-5471354-4770010,1,B0FTQRA6A1,SKU-0109,DriveGuard Dash Cam — Heavy Duty & Easy Install,1,30.93,0.0,30.93,USD
114-5471354-4770010,2,B0SFWKQDD5,SKU-0022,Nordic Home Plant Pots — Non-Stick Coating & BPA-Free,2,27.96,0.0,55.92,USD
114-9986173-1124292,1,B0QKGVBY0X,SKU-0108,LittleNest Baby Bottle Set — BPA-Free & Hypoallergenic,3,32.0,0.0,96.0,USD
114-9986173-1124292,2,B0M6YEW145,SKU-0083,WriteWell Standing Desk Converter — Durable & Multipurpose,1,9.99,0.0,9.99,USD
114-8368490-8807275,1,B0F635F86R,SKU-0097,PawPals Dog Chew Toys — Durable & Easy to Clean,1,21.36,0.0,21.36,USD
114-7343227-8947611,1,B0MVKP1792,SKU-0002,BrightBeam HDMI Cable — Bluetooth 5.3 & HD 1080p,1,63.85,0.0,63.85,USD
114-3018097-8116859,1,B0FPMT2SF9,SKU-0076,CloudNest Science Kit — Educational & Non-Toxic,1,12.73,0.0,12.73,USD
114-3018097-8116859,2,B05P1Y30A5,SKU-0091,PawPals Slow Feeder Bowl — Easy to Clean & Non-Toxic,2,8.78,0.0,17.56,USD
114-4042513-3113236,1,B08UGTRB3Y,SKU-0050,ZenLife Vitamin C Serum — Dermatologist Tested & Long Lasting,2,40.54,0.0,81.08,USD
114-4042513-3113236,2,B0NL5Q5CZM,SKU-0003,EverPeak USB-C Hub — Water Resistant & HD 1080p,1,110.91,0.0,110.91,USD
114-4042513-3113236,3,B0N90348CD,SKU-0088,ProGrip Desk Chair Cushion — Multipurpose & Ergonomic,1,17.61,0.0,17.61,USD
114-4042513-3113236,4,B08H6XVAML,SKU-0006,EverPeak Gaming Mouse — RGB Backlit & Compact Design,1,88.7,0.0,88.7,USD
114-1434408-4172705,1,B0U0VF1HMG,SKU-0040,ZenLife Nail Clipper Set — Gentle Formula & Cruelty-Free,1,28.36,0.0,28.36,USD
114-4115369-4032184,1,B0F635F86R,SKU-0097,PawPals Dog Chew Toys — Durable & Easy to Clean,3,21.36,0.0,64.08,USD
114-4312137-2962415,1,B0CWALEK2Y,SKU-0036,ZenLife Air Fryer — Dishwasher Safe & Non-Stick Coating,2,19.47,0.0,38.94,USD
114-4312137-2962415,2,B09V1N9TED,SKU-0077,KiddoCraft Puzzle Set — Non-Toxic & STEM Learning,1,29.15,2.11,27.04,USD
114-4312137-2962415,3,B0279XVVC5,SKU-0014,BrightBeam Desk Lamp — RGB Backlit & Noise Cancelling,1,51.35,0.0,51.35,USD
114-1554725-2681621,1,B0F635F86R,SKU-0097,PawPals Dog Chew Toys — Durable & Easy to Clean,1,21.36,0.0,21.36,USD
114-8533031-8905860,1,B08UGTRB3Y,SKU-0050,ZenLife Vitamin C Serum — Dermatologist Tested & Long Lasting,1,40.54,0.0,40.54,USD
114-4630643-6532306,1,B0P5FBKME8,SKU-0047,PureGlo Bath Bomb Set — Dermatologist Tested & Gentle Formula,1,29.77,0.0,29.77,USD
114-6038196-6232838,1,B0TXQ65ZFV,SKU-0087,WriteWell Desk Organizer — Ergonomic & Multipurpose,2,21.66,0.0,43.32,USD
114-3342380-1455008,1,B0A30AC946,SKU-0117,ProGrip Stud Finder — Ergonomic Grip & Rust Resistant,1,19.86,0.0,19.86,USD
114-8497712-5406439,1,B0TXQ65ZFV,SKU-0087,WriteWell Desk Organizer — Ergonomic & Multipurpose,1,21.66,0.0,21.66,USD
114-2990897-2583759,1,B0M6YEW145,SKU-0083,WriteWell Standing Desk Converter — Durable & Multipurpose,1,9.99,0.0,9.99,USD
114-2990897-2583759,2,B0279XVVC5,SKU-0014,BrightBeam Desk Lamp — RGB Backlit & Noise Cancelling,2,51.35,0.0,102.7,USD
114-7166495-6861565,1,B0NL5Q5CZM,SKU-0003,EverPeak USB-C Hub — Water Resistant & HD 1080p,1,103.75,0.0,103.75,USD
114-7166495-6861565,2,B0M6YEW145,SKU-0083,WriteWell Standing Desk Converter — Durable & Multipurpose,1,10.68,0.0,10.68,USD
114-7166495-6861565,3,B0P5FBKME8,SKU-0047,PureGlo Bath Bomb Set — Dermatologist Tested & Gentle Formula,1,29.77,0.0,29.77,USD
114-7166495-6861565,4,B0MVKP1792,SKU-0002,BrightBeam HDMI Cable — Bluetooth 5.3 & HD 1080p,1,63.85,0.0,63.85,USD
114-7166495-6861565,5,B07GWT52HM,SKU-0021,ZenLife Cutting Board Set — BPA-Free & Easy Clean,1,26.8,0.0,26.8,USD
114-5030711-7984140,1,B0PGGKXQ9K,SKU-0093,PawPals Pet Water Fountain — Easy to Clean & Vet Recommended,1,34.22,0.0,34.22,USD
114-3181923-2375762,1,B0GJL7P973,SKU-0045,PureGlo Hair Straightener — Cruelty-Free & Ionic Technology,4,39.53,0.0,158.12,USD
114-5912228-2103332,1,B0R5E97R3C,SKU-0001,AuroraTech Smart Plug — Noise Cancelling & HD 1080p,1,89.73,0.0,89.73,USD
114-5912228-2103332,2,B04ZD4ZURZ,SKU-0103,LittleNest Baby Monitor — Safety Certified & Hypoallergenic,1,31.9,0.0,31.9,USD
114-8055583-9721525,1,B0TXQ65ZFV,SKU-0087,WriteWell Desk Organizer — Ergonomic & Multipurpose,1,21.66,0.0,21.66,USD
114-8055583-9721525,2,B0A30AC946,SKU-0117,ProGrip Stud Finder — Ergonomic Grip & Rust Resistant,2,19.86,0.0,39.72,USD
114-8055583-9721525,3,B08UGTRB3Y,SKU-0050,ZenLife Vitamin C Serum — Dermatologist Tested & Long Lasting,1,40.54,0.0,40.54,USD
114-8055583-9721525,4,B0M6YEW145,SKU-0083,WriteWell Standing Desk Converter — Durable & Multipurpose,1,10.68,1.44,9.24,USD
114-8055583-9721525,5,B0JH68DJ8G,SKU-0032,UrbanKitchen Blender — Non-Stick Coating & Space Saving,1,25.59,0.0,25.59,USD
114-1486122-7019864,1,B0YXU5G7D1,SKU-0011,BrightBeam Bluetooth Speaker — Fast Charging & Noise Cancelling,1,107.91,0.0,107.91,USD
114-1292587-6040403,1,B0U0VF1HMG,SKU-0040,ZenLife Nail Clipper Set — Gentle Formula & Cruelty-Free,1,28.36,0.0,28.36,USD
114-1292587-6040403,2,B0FA6PK7S1,SKU-0043,PureGlo Body Scrub — Ionic Technology & Gentle Formula,1,40.0,0.0,40.0,USD
114-1292587-6040403,3,B0A30AC946,SKU-0117,ProGrip Stud Finder — Ergonomic Grip & Rust Resistant,1,19.86,0.0,19.86,USD
114-5852075-2673399,1,B055PLDLF8,SKU-0005,BrightBeam Webcam — Compact Design & 30H Battery Life,1,40.21,0.0,40.21,USD
114-9348574-8392183,1,B0ANDXF98K,SKU-0004,AuroraTech WiFi Range Extender — Bluetooth 5.3 & Fast Charging,1,109.5,0.0,109.5,USD
114-4173163-5369272,1,B0AZBDRH38,SKU-0086,ProGrip Sticky Notes Pack — Ergonomic & Multipurpose,1,27.71,0.0,27.71,USD
114-4353699-1756410,1,B055PLDLF8,SKU-0005,BrightBeam Webcam — Compact Design & 30H Battery Life,1,40.21,0.0,40.21,USD
114-6952140-4443560,1,B0ANDXF98K,SKU-0004,AuroraTech WiFi Range Extender — Bluetooth 5.3 & Fast Charging,1,109.5,0.0,109.5,USD
114-6952140-4443560,2,B0279XVVC5,SKU-0014,BrightBeam Desk Lamp — RGB Backlit & Noise Cancelling,2,51.35,5.72,96.98,USD
114-6952140-4443560,3,B0ZWX7WPK9,SKU-0114,DriveGuard Seat Covers — Universal Fit & Heavy Duty,1,19.42,0.0,19.42,USD
114-6952140-4443560,4,B05P1Y30A5,SKU-0091,PawPals Slow Feeder Bowl — Easy to Clean & Non-Toxic,1,10.4,0.0,10.4,USD
114-7003135-6107323,1,B088K2QTZJ,SKU-0007,AuroraTech Car Mount — Bluetooth 5.3 & RGB Backlit,1,52.27,0.0,52.27,USD
114-7003135-6107323,2,B0279XVVC5,SKU-0014,BrightBeam Desk Lamp — RGB Backlit & Noise Cancelling,1,51.35,0.0,51.35,USD
114-7003135-6107323,3,B0M9299AJ4,SKU-0024,ZenLife Electric Kettle — Non-Stick Coating & Space Saving,1,46.0,0.0,46.0,USD
114-7003135-6107323,4,B02T104M25,SKU-0111,DriveGuard Jump Starter — Long Cord & Universal Fit,1,55.67,0.0,55.67,USD
114-3606610-8473407,1,B088K2QTZJ,SKU-0007,AuroraTech Car Mount — Bluetooth 5.3 & RGB Backlit,1,52.27,0.0,52.27,USD
114-6165767-9642054,1,B0U0VF1HMG,SKU-0040,ZenLife Nail Clipper Set — Gentle Formula & Cruelty-Free,1,24.82,0.0,24.82,USD
114-7927827-6009187,1,B0ANDXF98K,SKU-0004,AuroraTech WiFi Range Extender — Bluetooth 5.3 & Fast Charging,1,109.5,0.0,109.5,USD
114-7401253-6658278,1,B08RJE02WW,SKU-0016,AuroraTech Headphones — Bluetooth 5.3 & Water Resistant,1,87.93,0.0,87.93,USD
114-6155337-5723640,1,B01CQYLRS7,SKU-0070,CloudNest Art Supplies Kit — STEM Learning & Interactive,1,13.62,0.0,13.62,USD
114-1228359-6750207,1,B0PGGKXQ9K,SKU-0093,PawPals Pet Water Fountain — Easy to Clean & Vet Recommended,1,34.22,0.0,34.22,USD
114-1228359-6750207,2,B00EGECWF5,SKU-0030,ZenLife Laundry Hamper — Dishwasher Safe & Premium Finish,1,68.26,0.0,68.26,USD
114-1228359-6750207,3,B03WTWXEDC,SKU-0072,CloudNest Magnetic Tiles — STEM Learning & Educational,1,19.25,0.0,19.25,USD
114-3052064-1845752,1,B0FKKPVMZA,SKU-0065,TrailBlaze Foam Roller — Heavy Duty & Anti-Slip,2,52.95,0.0,105.9,USD
114-6234254-6994307,1,B0UFTNZLYW,SKU-0023,UrbanKitchen Non-Stick Pan Set — Dishwasher Safe & Space Saving,1,27.5,0.0,27.5,USD
114-9799535-9045436,1,B0QKGVBY0X,SKU-0108,LittleNest Baby Bottle Set — BPA-Free & Hypoallergenic,1,32.0,0.0,32.0,USD
114-5093153-5407300,1,B00JXDXVG6,SKU-0095,PawPals Dog Treat Pouch — Easy to Clean & Non-Toxic,4,20.29,0.0,81.16,USD
114-4668839-2014393,1,B0279XVVC5,SKU-0014,BrightBeam Desk Lamp — RGB Backlit & Noise Cancelling,1,51.35,0.0,51.35,USD
114-9425063-1466182,1,B0QKGVBY0X,SKU-0108,LittleNest Baby Bottle Set — BPA-Free & Hypoallergenic,1,32.0,0.0,32.0,USD
114-9425063-1466182,2,B0ZWX7WPK9,SKU-0114,DriveGuard Seat Covers — Universal Fit & Heavy Duty,1,19.42,0.0,19.42,USD
114-9693008-8547724,1,B0F635F86R,SKU-0097,PawPals Dog Chew Toys — Durable & Easy to Clean,1,21.36,0.0,21.36,USD
114-7380578-8578270,1,B043M1S1C4,SKU-0049,PureGlo Sunscreen Lotion — Ionic Technology & Dermatologist Tested,1,31.54,1.93,29.61,USD
114-6975721-4087244,1,B04ZD4ZURZ,SKU-0103,LittleNest Baby Monitor — Safety Certified & Hypoallergenic,1,31.9,0.0,31.9,USD
114-6975721-4087244,2,B02X1DSSZM,SKU-0102,LittleNest Diaper Bag — Hypoallergenic & Easy to Clean,3,13.44,0.0,40.32,USD
114-6975721-4087244,3,B0ZWX7WPK9,SKU-0114,DriveGuard Seat Covers — Universal Fit & Heavy Duty,1,19.42,0.0,19.42,USD
114-6109248-4897334,1,B0A30AC946,SKU-0117,ProGrip Stud Finder — Ergonomic Grip & Rust Resistant,1,19.86,0.0,19.86,USD
114-9163182-1665524,1,B0E48MCY15,SKU-0079,WriteWell Label Maker — Durable & Multipurpose,1,49.25,0.0,49.25,USD
114-9163182-1665524,2,B0FTQRA6A1,SKU-0109,DriveGuard Dash Cam — Heavy Duty & Easy Install,2,30.93,0.0,61.86,USD
114-9163182-1665524,3,B0TURPLSHH,SKU-0100,PawPals Automatic Pet Feeder — Easy to Clean & Vet Recommended,1,43.13,0.0,43.13,USD
114-7721793-1175540,1,B05P1Y30A5,SKU-0091,PawPals Slow Feeder Bowl — Easy to Clean & Non-Toxic,1,11.7,0.0,11.7,USD
114-7721793-1175540,2,B0ERBP9846,SKU-0033,ZenLife Throw Blanket — BPA-Free & Non-Stick Coating,1,42.34,0.0,42.34,USD
114-7721793-1175540,3,B0TURPLSHH,SKU-0100,PawPals Automatic Pet Feeder — Easy to Clean & Vet Recommended,2,43.13,0.0,86.26,USD
114-1432966-9710053,1,B0ANDXF98K,SKU-0004,AuroraTech WiFi Range Extender — Bluetooth 5.3 & Fast Charging,2,109.5,0.0,219.0,USD
114-1432966-9710053,2,B0ZWX7WPK9,SKU-0114,DriveGuard Seat Covers — Universal Fit & Heavy Duty,1,19.42,0.0,19.42,USD
114-5286392-3851877,1,B043M1S1C4,SKU-0049,PureGlo Sunscreen Lotion — Ionic Technology & Dermatologist Tested,1,31.54,0.0,31.54,USD
114-5286392-3851877,2,B08UGTRB3Y,SKU-0050,ZenLife Vitamin C Serum — Dermatologist Tested & Long Lasting,1,40.54,0.0,40.54,USD
114-5286392-3851877,3,B0NL5Q5CZM,SKU-0003,EverPeak USB-C Hub — Water Resistant & HD 1080p,1,110.91,0.0,110.91,USD
114-8390876-4695351,1,B0ZWX7WPK9,SKU-0114,DriveGuard Seat Covers — Universal Fit & Heavy Duty,1,20.72,0.0,20.72,USD
114-2717063-9665194,1,B0JH68DJ8G,SKU-0032,UrbanKitchen Blender — Non-Stick Coating & Space Saving,1,25.59,0.0,25.59,USD
114-8663365-1501598,1,B0G3W4FNRY,SKU-0052,ZenLife Beard Trimmer — Cruelty-Free & Gentle Formula,1,41.64,0.0,41.64,USD
114-9135842-4285645,1,B0ZWX7WPK9,SKU-0114,DriveGuard Seat Covers — Universal Fit & Heavy Duty,1,20.72,0.0,20.72,USD
114-3133694-5334105,1,B0YXU5G7D1,SKU-0011,BrightBeam Bluetooth Speaker — Fast Charging & Noise Cancelling,1,107.91,0.0,107.91,USD
114-3133694-5334105,2,B01NLXW82L,SKU-0104,LittleNest Bassinet — Safety Certified & BPA-Free,1,24.09,0.0,24.09,USD
114-3133694-5334105,3,B08H6XVAML,SKU-0006,EverPeak Gaming Mouse — RGB Backlit & Compact Design,2,88.7,0.0,177.4,USD
114-9477292-3269058,1,B0JH68DJ8G,SKU-0032,UrbanKitchen Blender — Non-Stick Coating & Space Saving,1,25.59,1.69,23.9,USD
114-5674026-9615904,1,B0NKTX370W,SKU-0051,PureGlo Shampoo & Conditioner — Gentle Formula & Ionic Technology,1,12.23,0.0,12.23,USD
114-5674026-9615904,2,B0GJL7P973,SKU-0045,PureGlo Hair Straightener — Cruelty-Free & Ionic Technology,1,39.53,0.0,39.53,USD
114-5674026-9615904,3,B0NL5Q5CZM,SKU-0003,EverPeak USB-C Hub — Water Resistant & HD 1080p,2,103.75,0.0,207.5,USD
114-5674026-9615904,4,B07GWT52HM,SKU-0021,ZenLife Cutting Board Set — BPA-Free & Easy Clean,1,26.8,3.3,23.5,USD
114-2904455-6633895,1,B0M9299AJ4,SKU-0024,ZenLife Electric Kettle — Non-Stick Coating & Space Saving,2,46.0,12.93,79.07,USD
114-7296444-9248935,1,B06AZNEH47,SKU-0008,BrightBeam Mechanical Keyboard — 30H Battery Life & Water Resistant,1,75.67,0.0,75.67,USD
114-7296444-9248935,2,B0J9HPEX6X,SKU-0112,DriveGuard Tire Pressure Gauge — Long Cord & Heavy Duty,1,34.7,0.0,34.7,USD
114-7840815-1460746,1,B0TXQ65ZFV,SKU-0087,WriteWell Desk Organizer — Ergonomic & Multipurpose,1,21.66,1.7,19.96,USD
114-7840815-1460746,2,B0279XVVC5,SKU-0014,BrightBeam Desk Lamp — RGB Backlit & Noise Cancelling,1,51.35,0.0,51.35,USD
114-7840815-1460746,3,B0FTQRA6A1,SKU-0109,DriveGuard Dash Cam — Heavy Duty & Easy Install,2,30.93,0.0,61.86,USD
114-7840815-1460746,4,B0671R2A1G,SKU-0012,EverPeak Laptop Stand — Water Resistant & 30H Battery Life,1,63.64,0.0,63.64,USD
114-4229252-7714470,1,B0ANDXF98K,SKU-0004,AuroraTech WiFi Range Extender — Bluetooth 5.3 & Fast Charging,1,109.5,0.0,109.5,USD
114-4580672-9433279,1,B0279XVVC5,SKU-0014,BrightBeam Desk Lamp — RGB Backlit & Noise Cancelling,1,51.35,0.0,51.35,USD
114-3758155-3482120,1,B03WTWXEDC,SKU-0072,CloudNest Magnetic Tiles — STEM Learning & Educational,1,19.25,0.0,19.25,USD
114-5200116-7874661,1,B08UGTRB3Y,SKU-0050,ZenLife Vitamin C Serum — Dermatologist Tested & Long Lasting,1,40.54,0.0,40.54,USD
114-5200116-7874661,2,B0P5FBKME8,SKU-0047,PureGlo Bath Bomb Set — Dermatologist Tested & Gentle Formula,1,29.77,0.0,29.77,USD
114-3026132-5996836,1,B00JXDXVG6,SKU-0095,PawPals Dog Treat Pouch — Easy to Clean & Non-Toxic,1,18.93,0.0,18.93,USD
114-3026132-5996836,2,B0CWALEK2Y,SKU-0036,ZenLife Air Fryer — Dishwasher Safe & Non-Stick Coating,1,19.47,0.0,19.47,USD
114-3026132-5996836,3,B0TXQ65ZFV,SKU-0087,WriteWell Desk Organizer — Ergonomic & Multipurpose,1,21.66,0.0,21.66,USD
114-5449047-4328751,1,B0M9DY5YFP,SKU-0063,TrailBlaze Bike Helmet — Lightweight & Portable,1,13.26,0.0,13.26,USD
114-5449047-4328751,2,B0YJ486MXU,SKU-0107,LittleNest Baby Safety Gate — Safety Certified & BPA-Free,1,60.8,0.0,60.8,USD
114-7660401-5505052,1,B0SH0V1DCR,SKU-0075,KiddoCraft Nerf-Style Blaster — Ages 3+ & Interactive,2,17.07,0.0,34.14,USD
114-7592081-4948005,1,B00JXDXVG6,SKU-0095,PawPals Dog Treat Pouch — Easy to Clean & Non-Toxic,1,20.29,0.0,20.29,USD
114-7592081-4948005,2,B0ANDXF98K,SKU-0004,AuroraTech WiFi Range Extender — Bluetooth 5.3 & Fast Charging,1,109.5,0.0,109.5,USD
114-7801839-5885012,1,B085JJ3ZXF,SKU-0041,PureGlo Electric Toothbrush — Long Lasting & Dermatologist Tested,1,45.38,4.28,41.1,USD
114-7280832-9129618,1,B04ZD4ZURZ,SKU-0103,LittleNest Baby Monitor — Safety Certified & Hypoallergenic,1,31.9,0.0,31.9,USD
114-7280832-9129618,2,B0FTQRA6A1,SKU-0109,DriveGuard Dash Cam — Heavy Duty & Easy Install,1,30.93,0.0,30.93,USD
114-7280832-9129618,3,B03WTWXEDC,SKU-0072,CloudNest Magnetic Tiles — STEM Learning & Educational,1,19.25,0.0,19.25,USD
114-7280832-9129618,4,B04Z7XKKST,SKU-0105,LittleNest Swaddle Blankets — BPA-Free & Safety Certified,1,54.16,0.0,54.16,USD
114-2885510-6900257,1,B0AZBDRH38,SKU-0086,ProGrip Sticky Notes Pack — Ergonomic & Multipurpose,1,27.71,0.0,27.71,USD
114-1829826-4127536,1,B0AZBDRH38,SKU-0086,ProGrip Sticky Notes Pack — Ergonomic & Multipurpose,1,27.71,1.82,25.89,USD
114-1829826-4127536,2,B0R5E97R3C,SKU-0001,AuroraTech Smart Plug — Noise Cancelling & HD 1080p,1,89.73,0.0,89.73,USD
114-8923401-5843313,1,B0YXU5G7D1,SKU-0011,BrightBeam Bluetooth Speaker — Fast Charging & Noise Cancelling,1,107.91,0.0,107.91,USD
114-5362570-3647493,1,B0PGGKXQ9K,SKU-0093,PawPals Pet Water Fountain — Easy to Clean & Vet Recommended,2,34.22,0.0,68.44,USD
114-5362570-3647493,2,B00JXDXVG6,SKU-0095,PawPals Dog Treat Pouch — Easy to Clean & Non-Toxic,2,20.29,0.0,40.58,USD
114-9641292-2433988,1,B0TXQ65ZFV,SKU-0087,WriteWell Desk Organizer — Ergonomic & Multipurpose,1,21.66,2.81,18.85,USD
114-9641292-2433988,2,B0YBRGQRFQ,SKU-0110,DriveGuard Car Vacuum — Long Cord & Easy Install,1,18.37,1.9,16.47,USD
114-3969484-8341566,1,B0K12NKA8N,SKU-0013,AuroraTech Smart Watch — 30H Battery Life & Bluetooth 5.3,1,83.42,0.0,83.42,USD
114-3969484-8341566,2,B0FA6PK7S1,SKU-0043,PureGlo Body Scrub — Ionic Technology & Gentle Formula,1,40.0,0.0,40.0,USD
114-3969484-8341566,3,B0WCY6LU8P,SKU-0029,UrbanKitchen Wall Clock — Easy Clean & Dishwasher Safe,1,72.21,0.0,72.21,USD
114-3449573-6370151,1,B0F635F86R,SKU-0097,PawPals Dog Chew Toys — Durable & Easy to Clean,2,21.36,0.0,42.72,USD
114-3449573-6370151,2,B0K12NKA8N,SKU-0013,AuroraTech Smart Watch — 30H Battery Life & Bluetooth 5.3,1,83.42,0.0,83.42,USD
114-2149176-8081377,1,B0NQJ9A5QP,SKU-0081,WriteWell Paper Shredder — Ergonomic & Space Saving,1,13.62,0.0,13.62,USD
114-6721470-8789481,1,B0936760J9,SKU-0034,Nordic Home Shower Caddy — Easy Clean & Non-Stick Coating,3,25.31,8.96,66.97,USD
114-8608039-3601196,1,B0WCY6LU8P,SKU-0029,UrbanKitchen Wall Clock — Easy Clean & Dishwasher Safe,1,72.21,0.0,72.21,USD
114-9532665-6707938,1,B08UGTRB3Y,SKU-0050,ZenLife Vitamin C Serum — Dermatologist Tested & Long Lasting,1,40.54,0.0,40.54,USD
114-9532665-6707938,2,B0EGZYNSAE,SKU-0106,LittleNest Baby Bath Tub — Hypoallergenic & Safety Certified,1,25.43,3.71,21.72,USD
114-4083383-3313772,1,B0TURPLSHH,SKU-0100,PawPals Automatic Pet Feeder — Easy to Clean & Vet Recommended,1,43.13,0.0,43.13,USD
114-4083383-3313772,2,B085JJ3ZXF,SKU-0041,PureGlo Electric Toothbrush — Long Lasting & Dermatologist Tested,1,45.38,3.49,41.89,USD
114-8014407-3606044,1,B05P1Y30A5,SKU-0091,PawPals Slow Feeder Bowl — Easy to Clean & Non-Toxic,1,10.4,0.0,10.4,USD
114-8014407-3606044,2,B0A8X9FRKN,SKU-0031,Nordic Home Coffee Grinder — BPA-Free & Premium Finish,1,82.74,0.0,82.74,USD
114-9045906-4217853,1,B0FTQRA6A1,SKU-0109,DriveGuard Dash Cam — Heavy Duty & Easy Install,1,30.93,0.0,30.93,USD
114-9045906-4217853,2,B0054NK7PS,SKU-0028,Nordic Home Food Storage Containers — BPA-Free & Non-Stick Coating,1,62.0,0.0,62.0,USD
114-1247327-9491229,1,B0CWALEK2Y,SKU-0036,ZenLife Air Fryer — Dishwasher Safe & Non-Stick Coating,1,19.47,0.0,19.47,USD
114-5945200-4777774,1,B0J4AJH5Y5,SKU-0084,ProGrip Monitor Stand — Space Saving & Multipurpose,4,57.15,0.0,228.6,USD
114-5945200-4777774,2,B0ANDXF98K,SKU-0004,AuroraTech WiFi Range Extender — Bluetooth 5.3 & Fast Charging,1,109.5,0.0,109.5,USD
114-4542961-5078676,1,B01CQYLRS7,SKU-0070,CloudNest Art Supplies Kit — STEM Learning & Interactive,1,13.62,0.0,13.62,USD
114-3230554-5273278,1,B02T104M25,SKU-0111,DriveGuard Jump Starter — Long Cord & Universal Fit,1,55.67,0.0,55.67,USD
114-3230554-5273278,2,B085JJ3ZXF,SKU-0041,PureGlo Electric Toothbrush — Long Lasting & Dermatologist Tested,1,45.38,0.0,45.38,USD
114-3230554-5273278,3,B08H6XVAML,SKU-0006,EverPeak Gaming Mouse — RGB Backlit & Compact Design,1,88.7,0.0,88.7,USD
114-3230554-5273278,4,B09V1N9TED,SKU-0077,KiddoCraft Puzzle Set — Non-Toxic & STEM Learning,1,29.15,0.0,29.15,USD
114-6406341-5174283,1,B0ZWX7WPK9,SKU-0114,DriveGuard Seat Covers — Universal Fit & Heavy Duty,1,19.42,0.0,19.42,USD
114-6406341-5174283,2,B08H6XVAML,SKU-0006,EverPeak Gaming Mouse — RGB Backlit & Compact Design,1,88.7,0.0,88.7,USD
114-6406341-5174283,3,B08RJE02WW,SKU-0016,AuroraTech Headphones — Bluetooth 5.3 & Water Resistant,1,87.93,0.0,87.93,USD
114-6406341-5174283,4,B0FKKPVMZA,SKU-0065,TrailBlaze Foam Roller — Heavy Duty & Anti-Slip,1,52.95,0.0,52.95,USD
114-8878917-2312442,1,B00JXDXVG6,SKU-0095,PawPals Dog Treat Pouch — Easy to Clean & Non-Toxic,2,20.29,0.0,40.58,USD
114-6076400-1006857,1,B0NQJ9A5QP,SKU-0081,WriteWell Paper Shredder — Ergonomic & Space Saving,1,13.62,0.0,13.62,USD
114-2093600-2773585,1,B0SQ7F7BFE,SKU-0057,TrailBlaze Dumbbell Set — Waterproof & Portable,1,46.37,0.0,46.37,USD
114-2093600-2773585,2,B0R7U9K93R,SKU-0094,PawPals Pet Carrier — Non-Toxic & Durable,3,21.64,8.3,56.62,USD
114-2093600-2773585,3,B02T104M25,SKU-0111,DriveGuard Jump Starter — Long Cord & Universal Fit,1,55.67,0.0,55.67,USD
114-6472794-1020311,1,B0Q85PD1G6,SKU-0018,EverPeak Power Bank — 30H Battery Life & Noise Cancelling,2,17.84,0.0,35.68,USD
114-7352469-8998815,1,B0NL5Q5CZM,SKU-0003,EverPeak USB-C Hub — Water Resistant & HD 1080p,1,110.91,0.0,110.91,USD
114-7352469-8998815,2,B0JH68DJ8G,SKU-0032,UrbanKitchen Blender — Non-Stick Coating & Space Saving,1,25.59,2.18,23.41,USD
114-6404413-3692134,1,B06AZNEH47,SKU-0008,BrightBeam Mechanical Keyboard — 30H Battery Life & Water Resistant,2,75.67,0.0,151.34,USD
114-6404413-3692134,2,B0M6YEW145,SKU-0083,WriteWell Standing Desk Converter — Durable & Multipurpose,1,9.99,0.0,9.99,USD
114-6404413-3692134,3,B08UGTRB3Y,SKU-0050,ZenLife Vitamin C Serum — Dermatologist Tested & Long Lasting,1,40.54,0.0,40.54,USD
114-6404413-3692134,4,B03WTWXEDC,SKU-0072,CloudNest Magnetic Tiles — STEM Learning & Educational,1,19.25,0.0,19.25,USD
114-7573456-3483526,1,B01CQYLRS7,SKU-0070,CloudNest Art Supplies Kit — STEM Learning & Interactive,1,13.62,0.0,13.62,USD
114-8335333-7222910,1,B0279XVVC5,SKU-0014,BrightBeam Desk Lamp — RGB Backlit & Noise Cancelling,1,51.35,0.0,51.35,USD
114-3155312-5423636,1,B0PGGKXQ9K,SKU-0093,PawPals Pet Water Fountain — Easy to Clean & Vet Recommended,1,34.22,0.0,34.22,USD
114-3155312-5423636,2,B0GKG0B3EA,SKU-0090,PawPals Dog Leash — Easy to Clean & Vet Recommended,1,54.55,0.0,54.55,USD
114-4679897-2428587,1,B0ANDXF98K,SKU-0004,AuroraTech WiFi Range Extender — Bluetooth 5.3 & Fast Charging,1,109.5,0.0,109.5,USD
114-3466790-6222441,1,B0MVKP1792,SKU-0002,BrightBeam HDMI Cable — Bluetooth 5.3 & HD 1080p,1,63.85,0.0,63.85,USD
114-1331072-4373226,1,B02X1DSSZM,SKU-0102,LittleNest Diaper Bag — Hypoallergenic & Easy to Clean,1,13.44,0.0,13.44,USD
114-1331072-4373226,2,B0Q85PD1G6,SKU-0018,EverPeak Power Bank — 30H Battery Life & Noise Cancelling,1,17.84,0.0,17.84,USD
114-1331072-4373226,3,B0ZWX7WPK9,SKU-0114,DriveGuard Seat Covers — Universal Fit & Heavy Duty,1,19.42,0.0,19.42,USD
114-1331072-4373226,4,B0TURPLSHH,SKU-0100,PawPals Automatic Pet Feeder — Easy to Clean & Vet Recommended,1,43.13,0.0,43.13,USD
114-3845107-4833000,1,B0A8X9FRKN,SKU-0031,Nordic Home Coffee Grinder — BPA-Free & Premium Finish,1,74.65,4.87,69.78,USD
114-3845107-4833000,2,B05P1Y30A5,SKU-0091,PawPals Slow Feeder Bowl — Easy to Clean & Non-Toxic,1,10.4,0.67,9.73,USD
114-6970949-1750988,1,B0TXQ65ZFV,SKU-0087,WriteWell Desk Organizer — Ergonomic & Multipurpose,2,21.66,0.0,43.32,USD
114-9079631-9456021,1,B0HE56LV1G,SKU-0071,KiddoCraft Play Kitchen Set — Interactive & Ages 3+,2,22.81,0.0,45.62,USD
114-9079631-9456021,2,B0DLXACSTN,SKU-0068,CloudNest Plush Toy — Non-Toxic & Ages 3+,1,21.32,0.0,21.32,USD
114-9079631-9456021,3,B0F635F86R,SKU-0097,PawPals Dog Chew Toys — Durable & Easy to Clean,1,21.36,0.0,21.36,USD
114-9079631-9456021,4,B0CWALEK2Y,SKU-0036,ZenLife Air Fryer — Dishwasher Safe & Non-Stick Coating,1,19.47,0.0,19.47,USD
114-7952109-6748707,1,B0279XVVC5,SKU-0014,BrightBeam Desk Lamp — RGB Backlit & Noise Cancelling,1,51.35,0.0,51.35,USD
114-5272784-5411502,1,B0A30AC946,SKU-0117,ProGrip Stud Finder — Ergonomic Grip & Rust Resistant,2,19.86,0.0,39.72,USD
114-4420709-5776564,1,B0NL5Q5CZM,SKU-0003,EverPeak USB-C Hub — Water Resistant & HD 1080p,2,110.91,0.0,221.82,USD
114-4420709-5776564,2,B00JXDXVG6,SKU-0095,PawPals Dog Treat Pouch — Easy to Clean & Non-Toxic,1,18.93,0.0,18.93,USD
114-7424095-1283069,1,B02T104M25,SKU-0111,DriveGuard Jump Starter — Long Cord & Universal Fit,1,55.67,0.0,55.67,USD
114-2019148-3587909,1,B0E48MCY15,SKU-0079,WriteWell Label Maker — Durable & Multipurpose,1,49.25,5.79,43.46,USD
114-6309385-5022689,1,B0AZBDRH38,SKU-0086,ProGrip Sticky Notes Pack — Ergonomic & Multipurpose,1,27.71,0.0,27.71,USD
114-7579146-3726986,1,B0WCY6LU8P,SKU-0029,UrbanKitchen Wall Clock — Easy Clean & Dishwasher Safe,1,72.21,4.12,68.09,USD
114-1744769-1395428,1,B03WTWXEDC,SKU-0072,CloudNest Magnetic Tiles — STEM Learning & Educational,1,19.25,0.0,19.25,USD
114-2503757-1412024,1,B03WTWXEDC,SKU-0072,CloudNest Magnetic Tiles — STEM Learning & Educational,1,19.25,0.0,19.25,USD
114-3986429-6032294,1,B0DDA4EXPW,SKU-0020,UrbanKitchen Knife Set — Easy Clean & BPA-Free,1,59.84,0.0,59.84,USD
114-3986429-6032294,2,B09V1N9TED,SKU-0077,KiddoCraft Puzzle Set — Non-Toxic & STEM Learning,1,29.15,1.46,27.69,USD
114-7109313-6202649,1,B06AZNEH47,SKU-0008,BrightBeam Mechanical Keyboard — 30H Battery Life & Water Resistant,1,75.67,4.58,71.09,USD
114-4167200-3259346,1,B0TJL2AZQH,SKU-0082,ProGrip File Folders — Ergonomic & Multipurpose,1,48.76,0.0,48.76,USD
114-1437110-4503140,1,B0M1WJMA8T,SKU-0085,WriteWell Planner Notebook — Ergonomic & Multipurpose,1,8.44,0.0,8.44,USD
114-3891095-6730538,1,B08UGTRB3Y,SKU-0050,ZenLife Vitamin C Serum — Dermatologist Tested & Long Lasting,1,40.54,0.0,40.54,USD
114-4549300-4487113,1,B0P5FBKME8,SKU-0047,PureGlo Bath Bomb Set — Dermatologist Tested & Gentle Formula,1,29.77,0.0,29.77,USD
114-3690713-2655138,1,B0YXU5G7D1,SKU-0011,BrightBeam Bluetooth Speaker — Fast Charging & Noise Cancelling,1,107.91,0.0,107.91,USD
114-6472201-1551595,1,B00JXDXVG6,SKU-0095,PawPals Dog Treat Pouch — Easy to Clean & Non-Toxic,1,18.93,0.0,18.93,USD
114-3942290-6852737,1,B0CWALEK2Y,SKU-0036,ZenLife Air Fryer — Dishwasher Safe & Non-Stick Coating,1,19.47,0.0,19.47,USD
114-1075087-6394829,1,B0P5FBKME8,SKU-0047,PureGlo Bath Bomb Set — Dermatologist Tested & Gentle Formula,1,29.77,0.0,29.77,USD
114-1075087-6394829,2,B0NQJ9A5QP,SKU-0081,WriteWell Paper Shredder — Ergonomic & Space Saving,1,15.31,0.0,15.31,USD
114-1075087-6394829,3,B0F635F86R,SKU-0097,PawPals Dog Chew Toys — Durable & Easy to Clean,1,21.36,2.38,18.98,USD
114-3779844-8126142,1,B01NLXW82L,SKU-0104,LittleNest Bassinet — Safety Certified & BPA-Free,1,24.09,0.0,24.09,USD
114-7538758-4697229,1,B0MVKP1792,SKU-0002,BrightBeam HDMI Cable — Bluetooth 5.3 & HD 1080p,1,67.82,0.0,67.82,USD
114-3730673-1463098,1,B0F635F86R,SKU-0097,PawPals Dog Chew Toys — Durable & Easy to Clean,1,21.36,0.0,21.36,USD
114-7413170-3255109,1,B0JH68DJ8G,SKU-0032,UrbanKitchen Blender — Non-Stick Coating & Space Saving,1,26.96,0.0,26.96,USD
114-7413170-3255109,2,B0FKKPVMZA,SKU-0065,TrailBlaze Foam Roller — Heavy Duty & Anti-Slip,1,52.95,0.0,52.95,USD
114-7413170-3255109,3,B0NQJ9A5QP,SKU-0081,WriteWell Paper Shredder — Ergonomic & Space Saving,1,15.31,0.0,15.31,USD
114-6253744-4751453,1,B02LTJA2NA,SKU-0078,CloudNest Dollhouse — Ages 3+ & Interactive,1,41.1,0.0,41.1,USD
114-6253744-4751453,2,B0M6YEW145,SKU-0083,WriteWell Standing Desk Converter — Durable & Multipurpose,1,10.68,0.0,10.68,USD
114-6700018-3401705,1,B088K2QTZJ,SKU-0007,AuroraTech Car Mount — Bluetooth 5.3 & RGB Backlit,1,52.27,0.0,52.27,USD
114-8675783-5184707,1,B07GWT52HM,SKU-0021,ZenLife Cutting Board Set — BPA-Free & Easy Clean,1,22.25,0.0,22.25,USD
114-8675783-5184707,2,B08UGTRB3Y,SKU-0050,ZenLife Vitamin C Serum — Dermatologist Tested & Long Lasting,1,40.54,0.0,40.54,USD
114-6406072-7534867,1,B0ZWX7WPK9,SKU-0114,DriveGuard Seat Covers — Universal Fit & Heavy Duty,1,19.42,0.0,19.42,USD
114-6406072-7534867,2,B0NL5Q5CZM,SKU-0003,EverPeak USB-C Hub — Water Resistant & HD 1080p,1,110.91,0.0,110.91,USD
114-6406072-7534867,3,B01NLXW82L,SKU-0104,LittleNest Bassinet — Safety Certified & BPA-Free,2,24.09,0.0,48.18,USD
114-6027924-3733169,1,B03WTWXEDC,SKU-0072,CloudNest Magnetic Tiles — STEM Learning & Educational,1,19.25,0.0,19.25,USD
114-8431314-3920382,1,B0A30AC946,SKU-0117,ProGrip Stud Finder — Ergonomic Grip & Rust Resistant,1,19.86,1.4,18.46,USD
114-8429149-7359802,1,B0FTQRA6A1,SKU-0109,DriveGuard Dash Cam — Heavy Duty & Easy Install,1,30.93,0.0,30.93,USD
114-5404929-4438988,1,B0NQJ9A5QP,SKU-0081,WriteWell Paper Shredder — Ergonomic & Space Saving,3,15.31,0.0,45.93,USD
114-5404929-4438988,2,B0GJL7P973,SKU-0045,PureGlo Hair Straightener — Cruelty-Free & Ionic Technology,1,39.53,0.0,39.53,USD
114-2852527-7284551,1,B0NKTX370W,SKU-0051,PureGlo Shampoo & Conditioner — Gentle Formula & Ionic Technology,1,12.23,0.0,12.23,USD
114-2852527-7284551,2,B0MVKP1792,SKU-0002,BrightBeam HDMI Cable — Bluetooth 5.3 & HD 1080p,1,63.85,4.28,59.57,USD
114-5342322-7131060,1,B01U2VVLHF,SKU-0066,EverPeak Water Bottle — Portable & Waterproof,1,53.55,0.0,53.55,USD
114-5342322-7131060,2,B0GKG0B3EA,SKU-0090,PawPals Dog Leash — Easy to Clean & Vet Recommended,1,54.55,0.0,54.55,USD
114-5342322-7131060,3,B0NQJ9A5QP,SKU-0081,WriteWell Paper Shredder — Ergonomic & Space Saving,1,15.31,0.0,15.31,USD
114-5342322-7131060,4,B0YJ486MXU,SKU-0107,LittleNest Baby Safety Gate — Safety Certified & BPA-Free,1,60.8,0.0,60.8,USD
114-9870853-9355260,1,B01NLXW82L,SKU-0104,LittleNest Bassinet — Safety Certified & BPA-Free,1,24.09,0.0,24.09,USD
114-9870853-9355260,2,B0TXQ65ZFV,SKU-0087,WriteWell Desk Organizer — Ergonomic & Multipurpose,1,21.66,0.0,21.66,USD
114-3792143-5621875,1,B00JXDXVG6,SKU-0095,PawPals Dog Treat Pouch — Easy to Clean & Non-Toxic,1,18.93,0.0,18.93,USD
114-9142203-1686780,1,B0NL5Q5CZM,SKU-0003,EverPeak USB-C Hub — Water Resistant & HD 1080p,1,110.91,0.0,110.91,USD
114-5013490-6336113,1,B055PLDLF8,SKU-0005,BrightBeam Webcam — Compact Design & 30H Battery Life,1,40.21,0.0,40.21,USD
114-5013490-6336113,2,B0YJ486MXU,SKU-0107,LittleNest Baby Safety Gate — Safety Certified & BPA-Free,1,60.8,4.81,55.99,USD
114-4126898-9576687,1,B05P1Y30A5,SKU-0091,PawPals Slow Feeder Bowl — Easy to Clean & Non-Toxic,1,10.4,0.0,10.4,USD
114-9295063-9257653,1,B0FTQRA6A1,SKU-0109,DriveGuard Dash Cam — Heavy Duty & Easy Install,1,30.93,0.0,30.93,USD
114-9295063-9257653,2,B04ZD4ZURZ,SKU-0103,LittleNest Baby Monitor — Safety Certified & Hypoallergenic,1,31.9,0.0,31.9,USD
114-9295063-9257653,3,B0R7U9K93R,SKU-0094,PawPals Pet Carrier — Non-Toxic & Durable,2,23.08,0.0,46.16,USD
114-9295063-9257653,4,B0DLXACSTN,SKU-0068,CloudNest Plush Toy — Non-Toxic & Ages 3+,1,21.32,0.0,21.32,USD
114-9295063-9257653,5,B0YXU5G7D1,SKU-0011,BrightBeam Bluetooth Speaker — Fast Charging & Noise Cancelling,1,107.91,12.17,95.74,USD
114-8020527-7174307,1,B0J4AJH5Y5,SKU-0084,ProGrip Monitor Stand — Space Saving & Multipurpose,1,57.15,3.64,53.51,USD
114-7333260-8259630,1,B0P5FBKME8,SKU-0047,PureGlo Bath Bomb Set — Dermatologist Tested & Gentle Formula,1,29.77,0.0,29.77,USD
114-7333260-8259630,2,B04ZD4ZURZ,SKU-0103,LittleNest Baby Monitor — Safety Certified & Hypoallergenic,1,31.9,4.32,27.58,USD
114-7333260-8259630,3,B088K2QTZJ,SKU-0007,AuroraTech Car Mount — Bluetooth 5.3 & RGB Backlit,1,52.27,0.0,52.27,USD
114-6473120-1453966,1,B0JH68DJ8G,SKU-0032,UrbanKitchen Blender — Non-Stick Coating & Space Saving,1,25.59,0.0,25.59,USD
114-6473120-1453966,2,B02T104M25,SKU-0111,DriveGuard Jump Starter — Long Cord & Universal Fit,2,55.67,0.0,111.34,USD
114-3461675-1923821,1,B0TXQ65ZFV,SKU-0087,WriteWell Desk Organizer — Ergonomic & Multipurpose,1,21.66,0.0,21.66,USD
114-3461675-1923821,2,B0SQ7F7BFE,SKU-0057,TrailBlaze Dumbbell Set — Waterproof & Portable,1,46.37,0.0,46.37,USD
114-3461675-1923821,3,B0GJL7P973,SKU-0045,PureGlo Hair Straightener — Cruelty-Free & Ionic Technology,1,39.53,0.0,39.53,USD
114-3461675-1923821,4,B0Q85PD1G6,SKU-0018,EverPeak Power Bank — 30H Battery Life & Noise Cancelling,1,17.84,0.0,17.84,USD
114-3461675-1923821,5,B0054NK7PS,SKU-0028,Nordic Home Food Storage Containers — BPA-Free & Non-Stick Coating,1,62.0,0.0,62.0,USD
114-3461675-1923821,6,B0R5E97R3C,SKU-0001,AuroraTech Smart Plug — Noise Cancelling & HD 1080p,1,89.73,0.0,89.73,USD
114-7608607-5999459,1,B0QKGVBY0X,SKU-0108,LittleNest Baby Bottle Set — BPA-Free & Hypoallergenic,4,32.0,0.0,128.0,USD
114-7608607-5999459,2,B0M9299AJ4,SKU-0024,ZenLife Electric Kettle — Non-Stick Coating & Space Saving,1,46.0,0.0,46.0,USD
114-9376023-6708160,1,B0QKGVBY0X,SKU-0108,LittleNest Baby Bottle Set — BPA-Free & Hypoallergenic,1,24.13,0.0,24.13,USD
114-5318214-2939204,1,B05P1Y30A5,SKU-0091,PawPals Slow Feeder Bowl — Easy to Clean & Non-Toxic,1,11.7,0.0,11.7,USD
114-5318214-2939204,2,B01NLXW82L,SKU-0104,LittleNest Bassinet — Safety Certified & BPA-Free,1,24.09,0.0,24.09,USD
114-1730932-8458267,1,B0DLXACSTN,SKU-0068,CloudNest Plush Toy — Non-Toxic & Ages 3+,3,21.32,5.95,58.01,USD
114-9213416-8651209,1,B0M2UGJMKQ,SKU-0074,CloudNest RC Car — STEM Learning & Interactive,1,11.77,0.0,11.77,USD
114-9213416-8651209,2,B0FTQRA6A1,SKU-0109,DriveGuard Dash Cam — Heavy Duty & Easy Install,1,30.93,0.0,30.93,USD
114-9213416-8651209,3,B0279XVVC5,SKU-0014,BrightBeam Desk Lamp — RGB Backlit & Noise Cancelling,1,51.35,0.0,51.35,USD
114-9213416-8651209,4,B0M1WJMA8T,SKU-0085,WriteWell Planner Notebook — Ergonomic & Multipurpose,1,8.44,0.0,8.44,USD
114-9213416-8651209,5,B0GJL7P973,SKU-0045,PureGlo Hair Straightener — Cruelty-Free & Ionic Technology,4,39.53,0.0,158.12,USD
114-9213416-8651209,6,B0TXQ65ZFV,SKU-0087,WriteWell Desk Organizer — Ergonomic & Multipurpose,2,21.66,0.0,43.32,USD
114-9655255-2565806,1,B00EGECWF5,SKU-0030,ZenLife Laundry Hamper — Dishwasher Safe & Premium Finish,1,68.26,0.0,68.26,USD
114-9655255-2565806,2,B09V1N9TED,SKU-0077,KiddoCraft Puzzle Set — Non-Toxic & STEM Learning,1,29.15,0.0,29.15,USD
114-6354606-6694220,1,B0SQ7F7BFE,SKU-0057,TrailBlaze Dumbbell Set — Waterproof & Portable,1,46.37,0.0,46.37,USD
114-6354606-6694220,2,B055PLDLF8,SKU-0005,BrightBeam Webcam — Compact Design & 30H Battery Life,1,40.21,5.73,34.48,USD
114-4287909-1535776,1,B08RJE02WW,SKU-0016,AuroraTech Headphones — Bluetooth 5.3 & Water Resistant,1,87.93,0.0,87.93,USD
114-4287909-1535776,2,B0GJL7P973,SKU-0045,PureGlo Hair Straightener — Cruelty-Free & Ionic Technology,1,39.53,0.0,39.53,USD
114-5269671-9055100,1,B08H6XVAML,SKU-0006,EverPeak Gaming Mouse — RGB Backlit & Compact Design,1,81.06,0.0,81.06,USD
114-5269671-9055100,2,B088K2QTZJ,SKU-0007,AuroraTech Car Mount — Bluetooth 5.3 & RGB Backlit,3,52.27,0.0,156.81,USD
114-5269671-9055100,3,B0FTQRA6A1,SKU-0109,DriveGuard Dash Cam — Heavy Duty & Easy Install,1,30.93,2.0,28.93,USD
114-5269671-9055100,4,B0YXU5G7D1,SKU-0011,BrightBeam Bluetooth Speaker — Fast Charging & Noise Cancelling,2,107.91,0.0,215.82,USD
114-5880139-7039002,1,B02X1DSSZM,SKU-0102,LittleNest Diaper Bag — Hypoallergenic & Easy to Clean,1,13.44,0.0,13.44,USD
114-5880139-7039002,2,B0FA6PK7S1,SKU-0043,PureGlo Body Scrub — Ionic Technology & Gentle Formula,1,40.0,0.0,40.0,USD
114-7806348-7010895,1,B0A8X9FRKN,SKU-0031,Nordic Home Coffee Grinder — BPA-Free & Premium Finish,3,74.65,0.0,223.95,USD
114-4729105-2632493,1,B0S19ZGCXE,SKU-0116,EverPeak Screwdriver Set — Cordless & High Torque,1,46.08,0.0,46.08,USD
114-8965597-4972428,1,B0TURPLSHH,SKU-0100,PawPals Automatic Pet Feeder — Easy to Clean & Vet Recommended,1,43.13,0.0,43.13,USD
114-8965597-4972428,2,B0R7U9K93R,SKU-0094,PawPals Pet Carrier — Non-Toxic & Durable,1,23.08,2.05,21.03,USD
114-9991823-3666514,1,B0U0VF1HMG,SKU-0040,ZenLife Nail Clipper Set — Gentle Formula & Cruelty-Free,1,28.36,0.0,28.36,USD
114-9991823-3666514,2,B08H6XVAML,SKU-0006,EverPeak Gaming Mouse — RGB Backlit & Compact Design,1,88.7,0.0,88.7,USD
114-9991823-3666514,3,B06AZNEH47,SKU-0008,BrightBeam Mechanical Keyboard — 30H Battery Life & Water Resistant,1,75.67,0.0,75.67,USD
114-9991823-3666514,4,B0TXQ65ZFV,SKU-0087,WriteWell Desk Organizer — Ergonomic & Multipurpose,1,21.66,0.0,21.66,USD
114-9991823-3666514,5,B02T104M25,SKU-0111,DriveGuard Jump Starter — Long Cord & Universal Fit,1,55.67,0.0,55.67,USD
114-3556957-3679781,1,B02X1DSSZM,SKU-0102,LittleNest Diaper Bag — Hypoallergenic & Easy to Clean,1,13.44,0.0,13.44,USD
114-6937465-1898548,1,B01NLXW82L,SKU-0104,LittleNest Bassinet — Safety Certified & BPA-Free,2,24.09,0.0,48.18,USD
114-6937465-1898548,2,B0JH68DJ8G,SKU-0032,UrbanKitchen Blender — Non-Stick Coating & Space Saving,1,26.96,0.0,26.96,USD
114-3807896-7867650,1,B0R5E97R3C,SKU-0001,AuroraTech Smart Plug — Noise Cancelling & HD 1080p,1,89.73,0.0,89.73,USD
114-3863862-1725367,1,B0GJL7P973,SKU-0045,PureGlo Hair Straightener — Cruelty-Free & Ionic Technology,1,39.53,0.0,39.53,USD
114-3863862-1725367,2,B0NQJ9A5QP,SKU-0081,WriteWell Paper Shredder — Ergonomic & Space Saving,3,15.31,0.0,45.93,USD
114-3863862-1725367,3,B0M2UGJMKQ,SKU-0074,CloudNest RC Car — STEM Learning & Interactive,1,11.77,0.0,11.77,USD
114-3863862-1725367,4,B0Q85PD1G6,SKU-0018,EverPeak Power Bank — 30H Battery Life & Noise Cancelling,1,17.84,0.0,17.84,USD
114-1778251-3061272,1,B0NQJ9A5QP,SKU-0081,WriteWell Paper Shredder — Ergonomic & Space Saving,1,15.31,0.0,15.31,USD
114-1778251-3061272,2,B0K12NKA8N,SKU-0013,AuroraTech Smart Watch — 30H Battery Life & Bluetooth 5.3,3,83.42,0.0,250.26,USD
114-1778251-3061272,3,B055PLDLF8,SKU-0005,BrightBeam Webcam — Compact Design & 30H Battery Life,1,40.21,0.0,40.21,USD
114-8806617-2020147,1,B03WTWXEDC,SKU-0072,CloudNest Magnetic Tiles — STEM Learning & Educational,1,19.25,0.0,19.25,USD
114-8166533-5376515,1,B0SQ7F7BFE,SKU-0057,TrailBlaze Dumbbell Set — Waterproof & Portable,1,46.37,0.0,46.37,USD
114-8166533-5376515,2,B02LTJA2NA,SKU-0078,CloudNest Dollhouse — Ages 3+ & Interactive,1,41.1,0.0,41.1,USD
114-6087512-4573483,1,B07BRCRU82,SKU-0027,ZenLife Kitchen Scale — Easy Clean & Dishwasher Safe,3,16.71,0.0,50.13,USD
114-9766037-8232803,1,B03WTWXEDC,SKU-0072,CloudNest Magnetic Tiles — STEM Learning & Educational,1,19.25,2.62,16.63,USD
114-5387900-7260124,1,B0TXQ65ZFV,SKU-0087,WriteWell Desk Organizer — Ergonomic & Multipurpose,1,21.66,2.63,19.03,USD
114-5387900-7260124,2,B04Z7XKKST,SKU-0105,LittleNest Swaddle Blankets — BPA-Free & Safety Certified,1,54.16,0.0,54.16,USD
114-5387900-7260124,3,B02X1DSSZM,SKU-0102,LittleNest Diaper Bag — Hypoallergenic & Easy to Clean,1,13.44,0.0,13.44,USD
114-7176574-7470157,1,B085JJ3ZXF,SKU-0041,PureGlo Electric Toothbrush — Long Lasting & Dermatologist Tested,1,42.31,0.0,42.31,USD
114-7176574-7470157,2,B0NL5Q5CZM,SKU-0003,EverPeak USB-C Hub — Water Resistant & HD 1080p,1,110.91,13.13,97.78,USD
114-7176574-7470157,3,B0279XVVC5,SKU-0014,BrightBeam Desk Lamp — RGB Backlit & Noise Cancelling,1,51.35,0.0,51.35,USD
114-3646009-5848175,1,B0ZWX7WPK9,SKU-0114,DriveGuard Seat Covers — Universal Fit & Heavy Duty,1,19.42,0.0,19.42,USD
114-5465564-1667776,1,B0MVKP1792,SKU-0002,BrightBeam HDMI Cable — Bluetooth 5.3 & HD 1080p,1,63.85,0.0,63.85,USD
114-8698572-1957543,1,B0ZWX7WPK9,SKU-0114,DriveGuard Seat Covers — Universal Fit & Heavy Duty,1,19.42,0.0,19.42,USD
114-6193017-7942075,1,B0AZBDRH38,SKU-0086,ProGrip Sticky Notes Pack — Ergonomic & Multipurpose,1,27.71,3.29,24.42,USD
114-6193017-7942075,2,B0SSL9ZZJT,SKU-0054,EverPeak Trekking Poles — Heavy Duty & Anti-Slip,1,16.66,0.0,16.66,USD
114-2197005-1145719,1,B02X1DSSZM,SKU-0102,LittleNest Diaper Bag — Hypoallergenic & Easy to Clean,1,13.44,0.0,13.44,USD
114-2197005-1145719,2,B0NL5Q5CZM,SKU-0003,EverPeak USB-C Hub — Water Resistant & HD 1080p,1,73.81,0.0,73.81,USD
114-4660410-1701917,1,B04ZD4ZURZ,SKU-0103,LittleNest Baby Monitor — Safety Certified & Hypoallergenic,1,31.9,0.0,31.9,USD
114-4660410-1701917,2,B0UX1US6RV,SKU-0096,PawPals Cat Scratching Post — Durable & Non-Toxic,1,34.97,0.0,34.97,USD
114-4660410-1701917,3,B0QKGVBY0X,SKU-0108,LittleNest Baby Bottle Set — BPA-Free & Hypoallergenic,1,32.0,0.0,32.0,USD
114-4660410-1701917,4,B0FTQRA6A1,SKU-0109,DriveGuard Dash Cam — Heavy Duty & Easy Install,2,30.93,0.0,61.86,USD
114-5724673-6115634,1,B0Q85PD1G6,SKU-0018,EverPeak Power Bank — 30H Battery Life & Noise Cancelling,1,17.84,0.0,17.84,USD
114-5724673-6115634,2,B0671R2A1G,SKU-0012,EverPeak Laptop Stand — Water Resistant & 30H Battery Life,2,63.64,0.0,127.28,USD
114-5724673-6115634,3,B0H9GJQWK8,SKU-0009,EverPeak Phone Case — Noise Cancelling & Bluetooth 5.3,1,23.15,0.0,23.15,USD
114-5724673-6115634,4,B0M2QT36J4,SKU-0010,AuroraTech Portable Charger — Fast Charging & HD 1080p,1,64.56,0.0,64.56,USD
114-5724673-6115634,5,B08H6XVAML,SKU-0006,EverPeak Gaming Mouse — RGB Backlit & Compact Design,1,88.7,0.0,88.7,USD
114-5724673-6115634,6,B0GJL7P973,SKU-0045,PureGlo Hair Straightener — Cruelty-Free & Ionic Technology,1,39.53,0.0,39.53,USD
114-7551085-6304041,1,B0M2QT36J4,SKU-0010,AuroraTech Portable Charger — Fast Charging & HD 1080p,1,64.56,0.0,64.56,USD
114-7551085-6304041,2,B05P1Y30A5,SKU-0091,PawPals Slow Feeder Bowl — Easy to Clean & Non-Toxic,2,11.7,0.0,23.4,USD
114-7551085-6304041,3,B01NLXW82L,SKU-0104,LittleNest Bassinet — Safety Certified & BPA-Free,1,24.09,0.0,24.09,USD
114-7551085-6304041,4,B0TXQ65ZFV,SKU-0087,WriteWell Desk Organizer — Ergonomic & Multipurpose,1,21.66,0.0,21.66,USD
114-5225033-3320597,1,B0AZBDRH38,SKU-0086,ProGrip Sticky Notes Pack — Ergonomic & Multipurpose,1,27.71,0.0,27.71,USD
114-1039944-3593279,1,B088K2QTZJ,SKU-0007,AuroraTech Car Mount — Bluetooth 5.3 & RGB Backlit,1,52.27,0.0,52.27,USD
114-1039944-3593279,2,B0W61EHTPX,SKU-0019,Nordic Home Serving Bowls — Dishwasher Safe & Easy Clean,1,57.72,0.0,57.72,USD
114-1039944-3593279,3,B0F635F86R,SKU-0097,PawPals Dog Chew Toys — Durable & Easy to Clean,1,21.36,0.0,21.36,USD
114-4276627-2036514,1,B0MVKP1792,SKU-0002,BrightBeam HDMI Cable — Bluetooth 5.3 & HD 1080p,1,63.85,0.0,63.85,USD
114-7347525-1530938,1,B0J9HPEX6X,SKU-0112,DriveGuard Tire Pressure Gauge — Long Cord & Heavy Duty,1,34.7,0.0,34.7,USD
114-7347525-1530938,2,B0CWALEK2Y,SKU-0036,ZenLife Air Fryer — Dishwasher Safe & Non-Stick Coating,1,19.47,0.0,19.47,USD
114-7347525-1530938,3,B0NQJ9A5QP,SKU-0081,WriteWell Paper Shredder — Ergonomic & Space Saving,1,15.31,0.0,15.31,USD
114-6380888-9424336,1,B0J9HPEX6X,SKU-0112,DriveGuard Tire Pressure Gauge — Long Cord & Heavy Duty,1,36.82,0.0,36.82,USD
114-9421916-4555070,1,B0279XVVC5,SKU-0014,BrightBeam Desk Lamp — RGB Backlit & Noise Cancelling,2,51.35,0.0,102.7,USD
114-9963980-5857528,1,B0JH68DJ8G,SKU-0032,UrbanKitchen Blender — Non-Stick Coating & Space Saving,1,26.96,0.0,26.96,USD
114-9963980-5857528,2,B08UGTRB3Y,SKU-0050,ZenLife Vitamin C Serum — Dermatologist Tested & Long Lasting,1,40.54,0.0,40.54,USD
114-6037384-4920511,1,B0JH68DJ8G,SKU-0032,UrbanKitchen Blender — Non-Stick Coating & Space Saving,1,25.59,0.0,25.59,USD
114-6037384-4920511,2,B0FTQRA6A1,SKU-0109,DriveGuard Dash Cam — Heavy Duty & Easy Install,1,30.93,0.0,30.93,USD
114-6037384-4920511,3,B0279XVVC5,SKU-0014,BrightBeam Desk Lamp — RGB Backlit & Noise Cancelling,1,51.35,0.0,51.35,USD
114-6037384-4920511,4,B0A30AC946,SKU-0117,ProGrip Stud Finder — Ergonomic Grip & Rust Resistant,1,19.86,0.0,19.86,USD
114-7969139-7121073,1,B06AZNEH47,SKU-0008,BrightBeam Mechanical Keyboard — 30H Battery Life & Water Resistant,1,75.67,0.0,75.67,USD
114-7969139-7121073,2,B0R5E97R3C,SKU-0001,AuroraTech Smart Plug — Noise Cancelling & HD 1080p,1,89.73,0.0,89.73,USD
114-7969139-7121073,3,B0TURPLSHH,SKU-0100,PawPals Automatic Pet Feeder — Easy to Clean & Vet Recommended,1,43.13,0.0,43.13,USD
114-8666056-9083617,1,B0FA6PK7S1,SKU-0043,PureGlo Body Scrub — Ionic Technology & Gentle Formula,1,40.0,2.97,37.03,USD
114-8666056-9083617,2,B0F635F86R,SKU-0097,PawPals Dog Chew Toys — Durable & Easy to Clean,1,21.36,0.0,21.36,USD
114-8666056-9083617,3,B08H6XVAML,SKU-0006,EverPeak Gaming Mouse — RGB Backlit & Compact Design,1,88.7,0.0,88.7,USD
114-8666056-9083617,4,B0GJL7P973,SKU-0045,PureGlo Hair Straightener — Cruelty-Free & Ionic Technology,2,39.53,0.0,79.06,USD
114-8524391-7111775,1,B0TURPLSHH,SKU-0100,PawPals Automatic Pet Feeder — Easy to Clean & Vet Recommended,2,43.13,0.0,86.26,USD
114-8524391-7111775,2,B088K2QTZJ,SKU-0007,AuroraTech Car Mount — Bluetooth 5.3 & RGB Backlit,1,52.27,0.0,52.27,USD
114-5442642-5947606,1,B00JXDXVG6,SKU-0095,PawPals Dog Treat Pouch — Easy to Clean & Non-Toxic,1,20.29,0.0,20.29,USD
114-1142955-9827228,1,B02X1DSSZM,SKU-0102,LittleNest Diaper Bag — Hypoallergenic & Easy to Clean,1,13.44,0.0,13.44,USD
114-1142955-9827228,2,B08UGTRB3Y,SKU-0050,ZenLife Vitamin C Serum — Dermatologist Tested & Long Lasting,1,40.54,0.0,40.54,USD
114-1142955-9827228,3,B0Q85PD1G6,SKU-0018,EverPeak Power Bank — 30H Battery Life & Noise Cancelling,1,17.84,0.0,17.84,USD
114-4119712-8245643,1,B0GJL7P973,SKU-0045,PureGlo Hair Straightener — Cruelty-Free & Ionic Technology,4,39.53,0.0,158.12,USD
114-9493615-2061027,1,B0CYFJJNVP,SKU-0092,PawPals Pet Grooming Brush — Vet Recommended & Non-Toxic,2,42.18,0.0,84.36,USD
114-9493615-2061027,2,B04ZD4ZURZ,SKU-0103,LittleNest Baby Monitor — Safety Certified & Hypoallergenic,1,31.9,0.0,31.9,USD
114-6637962-3241147,1,B0U0VF1HMG,SKU-0040,ZenLife Nail Clipper Set — Gentle Formula & Cruelty-Free,2,28.36,0.0,56.72,USD
114-6637962-3241147,2,B0NQJ9A5QP,SKU-0081,WriteWell Paper Shredder — Ergonomic & Space Saving,1,11.7,0.0,11.7,USD
114-5690344-3539706,1,B0P5FBKME8,SKU-0047,PureGlo Bath Bomb Set — Dermatologist Tested & Gentle Formula,2,29.77,0.0,59.54,USD
114-5690344-3539706,2,B08H6XVAML,SKU-0006,EverPeak Gaming Mouse — RGB Backlit & Compact Design,1,81.06,0.0,81.06,USD
114-6811532-8385086,1,B0R7U9K93R,SKU-0094,PawPals Pet Carrier — Non-Toxic & Durable,1,23.08,0.0,23.08,USD
114-1140823-1545747,1,B085JJ3ZXF,SKU-0041,PureGlo Electric Toothbrush — Long Lasting & Dermatologist Tested,1,42.31,0.0,42.31,USD
114-9178706-4660723,1,B05P1Y30A5,SKU-0091,PawPals Slow Feeder Bowl — Easy to Clean & Non-Toxic,1,11.7,0.84,10.86,USD
114-4986535-4460115,1,B02LTJA2NA,SKU-0078,CloudNest Dollhouse — Ages 3+ & Interactive,1,41.1,0.0,41.1,USD
114-8979193-2173006,1,B0NQJ9A5QP,SKU-0081,WriteWell Paper Shredder — Ergonomic & Space Saving,1,15.31,0.0,15.31,USD
114-8979193-2173006,2,B085JJ3ZXF,SKU-0041,PureGlo Electric Toothbrush — Long Lasting & Dermatologist Tested,1,42.31,0.0,42.31,USD
114-6549843-8268205,1,B0JH68DJ8G,SKU-0032,UrbanKitchen Blender — Non-Stick Coating & Space Saving,1,25.59,0.0,25.59,USD
114-3368935-8058155,1,B0M2QT36J4,SKU-0010,AuroraTech Portable Charger — Fast Charging & HD 1080p,1,64.56,0.0,64.56,USD
114-3368935-8058155,2,B0N90348CD,SKU-0088,ProGrip Desk Chair Cushion — Multipurpose & Ergonomic,1,17.61,0.0,17.61,USD
114-6934384-1606155,1,B09D2WWZK5,SKU-0118,EverPeak Cordless Drill — Cordless & High Torque,3,18.98,0.0,56.94,USD
114-6934384-1606155,2,B0FPMT2SF9,SKU-0076,CloudNest Science Kit — Educational & Non-Toxic,1,12.73,0.0,12.73,USD
114-4447060-2666805,1,B05P1Y30A5,SKU-0091,PawPals Slow Feeder Bowl — Easy to Clean & Non-Toxic,3,11.7,0.0,35.1,USD
114-4447060-2666805,2,B0CWALEK2Y,SKU-0036,ZenLife Air Fryer — Dishwasher Safe & Non-Stick Coating,1,19.47,0.0,19.47,USD
114-5119286-7858904,1,B02SLUXEFA,SKU-0038,UrbanKitchen Spice Rack — Easy Clean & Non-Stick Coating,1,44.0,0.0,44.0,USD
114-2037381-8385584,1,B0ANDXF98K,SKU-0004,AuroraTech WiFi Range Extender — Bluetooth 5.3 & Fast Charging,3,109.5,0.0,328.5,USD
114-2037381-8385584,2,B0TXQ65ZFV,SKU-0087,WriteWell Desk Organizer — Ergonomic & Multipurpose,2,21.66,4.18,39.14,USD
114-2037381-8385584,3,B03WTWXEDC,SKU-0072,CloudNest Magnetic Tiles — STEM Learning & Educational,1,19.25,0.0,19.25,USD
114-3031820-5924142,1,B0HE56LV1G,SKU-0071,KiddoCraft Play Kitchen Set — Interactive & Ages 3+,1,22.81,0.0,22.81,USD
114-3031820-5924142,2,B055PLDLF8,SKU-0005,BrightBeam Webcam — Compact Design & 30H Battery Life,1,40.21,0.0,40.21,USD
114-3031820-5924142,3,B0SFWKQDD5,SKU-0022,Nordic Home Plant Pots — Non-Stick Coating & BPA-Free,2,27.96,0.0,55.92,USD
114-9483345-7371071,1,B0FTQRA6A1,SKU-0109,DriveGuard Dash Cam — Heavy Duty & Easy Install,1,30.93,0.0,30.93,USD
114-6991540-1323477,1,B0NL5Q5CZM,SKU-0003,EverPeak USB-C Hub — Water Resistant & HD 1080p,1,103.75,0.0,103.75,USD
114-9329090-5549028,1,B0TXQ65ZFV,SKU-0087,WriteWell Desk Organizer — Ergonomic & Multipurpose,2,21.66,0.0,43.32,USD
114-7505803-1840271,1,B0R5E97R3C,SKU-0001,AuroraTech Smart Plug — Noise Cancelling & HD 1080p,1,89.73,0.0,89.73,USD
114-7505803-1840271,2,B03WTWXEDC,SKU-0072,CloudNest Magnetic Tiles — STEM Learning & Educational,1,19.25,0.0,19.25,USD
114-8998623-2362706,1,B04ZD4ZURZ,SKU-0103,LittleNest Baby Monitor — Safety Certified & Hypoallergenic,1,31.9,0.0,31.9,USD
114-2632871-9803553,1,B03WTWXEDC,SKU-0072,CloudNest Magnetic Tiles — STEM Learning & Educational,3,19.25,0.0,57.75,USD
114-6137400-2451359,1,B08H6XVAML,SKU-0006,EverPeak Gaming Mouse — RGB Backlit & Compact Design,1,88.7,0.0,88.7,USD
114-4370808-2303527,1,B0JH68DJ8G,SKU-0032,UrbanKitchen Blender — Non-Stick Coating & Space Saving,1,26.96,0.0,26.96,USD
114-4059586-6781943,1,B0ANDXF98K,SKU-0004,AuroraTech WiFi Range Extender — Bluetooth 5.3 & Fast Charging,2,109.5,0.0,219.0,USD
114-4059586-6781943,2,B04Z7XKKST,SKU-0105,LittleNest Swaddle Blankets — BPA-Free & Safety Certified,1,54.16,0.0,54.16,USD
114-3843853-8865185,1,B0YXU5G7D1,SKU-0011,BrightBeam Bluetooth Speaker — Fast Charging & Noise Cancelling,1,107.91,0.0,107.91,USD
114-4151255-4383722,1,B08UGTRB3Y,SKU-0050,ZenLife Vitamin C Serum — Dermatologist Tested & Long Lasting,1,40.54,0.0,40.54,USD
114-4151255-4383722,2,B0J4AJH5Y5,SKU-0084,ProGrip Monitor Stand — Space Saving & Multipurpose,1,57.15,0.0,57.15,USD
114-4151255-4383722,3,B0HE56LV1G,SKU-0071,KiddoCraft Play Kitchen Set — Interactive & Ages 3+,1,22.81,0.0,22.81,USD
114-4151255-4383722,4,B0KMG3BBNV,SKU-0039,PureGlo Hair Oil — Ionic Technology & Cruelty-Free,2,38.85,0.0,77.7,USD
114-4151255-4383722,5,B0ERBP9846,SKU-0033,ZenLife Throw Blanket — BPA-Free & Non-Stick Coating,1,42.34,0.0,42.34,USD
114-4151255-4383722,6,B0R7U9K93R,SKU-0094,PawPals Pet Carrier — Non-Toxic & Durable,1,23.08,0.0,23.08,USD
114-8903294-5689154,1,B0ANDXF98K,SKU-0004,AuroraTech WiFi Range Extender — Bluetooth 5.3 & Fast Charging,1,109.5,0.0,109.5,USD
114-8014938-8194576,1,B0DLXACSTN,SKU-0068,CloudNest Plush Toy — Non-Toxic & Ages 3+,1,21.32,0.0,21.32,USD
114-5175927-5422836,1,B088K2QTZJ,SKU-0007,AuroraTech Car Mount — Bluetooth 5.3 & RGB Backlit,1,52.27,0.0,52.27,USD
114-5175927-5422836,2,B0PGGKXQ9K,SKU-0093,PawPals Pet Water Fountain — Easy to Clean & Vet Recommended,2,34.22,0.0,68.44,USD
114-5175927-5422836,3,B0ZWX7WPK9,SKU-0114,DriveGuard Seat Covers — Universal Fit & Heavy Duty,1,19.42,0.0,19.42,USD
114-4964635-4910709,1,B07BRCRU82,SKU-0027,ZenLife Kitchen Scale — Easy Clean & Dishwasher Safe,2,16.71,4.13,29.29,USD
114-3046881-2878573,1,B0TXQ65ZFV,SKU-0087,WriteWell Desk Organizer — Ergonomic & Multipurpose,2,21.66,5.35,37.97,USD
114-9147493-4323521,1,B0279XVVC5,SKU-0014,BrightBeam Desk Lamp — RGB Backlit & Noise Cancelling,1,51.35,0.0,51.35,USD
114-9147493-4323521,2,B0TXQ65ZFV,SKU-0087,WriteWell Desk Organizer — Ergonomic & Multipurpose,1,21.66,0.0,21.66,USD
114-9147493-4323521,3,B0NKTX370W,SKU-0051,PureGlo Shampoo & Conditioner — Gentle Formula & Ionic Technology,3,12.23,0.0,36.69,USD
114-8835009-9824026,1,B0GKG0B3EA,SKU-0090,PawPals Dog Leash — Easy to Clean & Vet Recommended,1,54.55,0.0,54.55,USD
114-2452972-8685711,1,B0NL5Q5CZM,SKU-0003,EverPeak USB-C Hub — Water Resistant & HD 1080p,3,110.91,0.0,332.73,USD
114-2452972-8685711,2,B0GJL7P973,SKU-0045,PureGlo Hair Straightener — Cruelty-Free & Ionic Technology,1,39.53,0.0,39.53,USD
114-2452972-8685711,3,B05P1Y30A5,SKU-0091,PawPals Slow Feeder Bowl — Easy to Clean & Non-Toxic,1,10.4,1.41,8.99,USD
114-3229635-9274081,1,B0FPMT2SF9,SKU-0076,CloudNest Science Kit — Educational & Non-Toxic,1,14.63,0.0,14.63,USD
114-3229635-9274081,2,B0AZBDRH38,SKU-0086,ProGrip Sticky Notes Pack — Ergonomic & Multipurpose,1,27.71,0.0,27.71,USD
114-3229635-9274081,3,B0NQJ9A5QP,SKU-0081,WriteWell Paper Shredder — Ergonomic & Space Saving,1,13.62,0.0,13.62,USD
114-5387696-2573407,1,B043M1S1C4,SKU-0049,PureGlo Sunscreen Lotion — Ionic Technology & Dermatologist Tested,2,31.54,0.0,63.08,USD
114-7267337-8992443,1,B08UGTRB3Y,SKU-0050,ZenLife Vitamin C Serum — Dermatologist Tested & Long Lasting,4,40.54,0.0,162.16,USD
114-7267337-8992443,2,B0N90348CD,SKU-0088,ProGrip Desk Chair Cushion — Multipurpose & Ergonomic,1,17.61,0.0,17.61,USD
114-6050335-6324069,1,B06AZNEH47,SKU-0008,BrightBeam Mechanical Keyboard — 30H Battery Life & Water Resistant,1,75.67,0.0,75.67,USD
114-6624922-6033522,1,B0Q85PD1G6,SKU-0018,EverPeak Power Bank — 30H Battery Life & Noise Cancelling,2,17.84,0.0,35.68,USD
114-6103120-7084611,1,B0NL5Q5CZM,SKU-0003,EverPeak USB-C Hub — Water Resistant & HD 1080p,3,110.91,22.47,310.26,USD
114-6103120-7084611,2,B03WTWXEDC,SKU-0072,CloudNest Magnetic Tiles — STEM Learning & Educational,1,19.25,0.0,19.25,USD
114-6103120-7084611,3,B0U0VF1HMG,SKU-0040,ZenLife Nail Clipper Set — Gentle Formula & Cruelty-Free,1,28.36,0.0,28.36,USD
114-6103120-7084611,4,B0YBRGQRFQ,SKU-0110,DriveGuard Car Vacuum — Long Cord & Easy Install,1,18.37,0.0,18.37,USD
114-6103120-7084611,5,B0CWALEK2Y,SKU-0036,ZenLife Air Fryer — Dishwasher Safe & Non-Stick Coating,1,19.47,0.0,19.47,USD
114-2050358-5904907,1,B04ZD4ZURZ,SKU-0103,LittleNest Baby Monitor — Safety Certified & Hypoallergenic,1,31.9,3.13,28.77,USD
114-5937991-3367427,1,B088K2QTZJ,SKU-0007,AuroraTech Car Mount — Bluetooth 5.3 & RGB Backlit,2,52.27,0.0,104.54,USD
114-6655346-1331949,1,B08RJE02WW,SKU-0016,AuroraTech Headphones — Bluetooth 5.3 & Water Resistant,1,87.93,12.01,75.92,USD
114-6351705-2544587,1,B01CQYLRS7,SKU-0070,CloudNest Art Supplies Kit — STEM Learning & Interactive,4,13.62,0.0,54.48,USD
114-4593330-8410501,1,B0QKGVBY0X,SKU-0108,LittleNest Baby Bottle Set — BPA-Free & Hypoallergenic,1,32.0,0.0,32.0,USD
114-2449367-9265367,1,B0ZWX7WPK9,SKU-0114,DriveGuard Seat Covers — Universal Fit & Heavy Duty,1,20.72,0.0,20.72,USD
114-2449367-9265367,2,B0M1WJMA8T,SKU-0085,WriteWell Planner Notebook — Ergonomic & Multipurpose,2,8.44,0.0,16.88,USD
114-2449367-9265367,3,B0R5E97R3C,SKU-0001,AuroraTech Smart Plug — Noise Cancelling & HD 1080p,1,89.73,0.0,89.73,USD
114-1178314-4681153,1,B0A30AC946,SKU-0117,ProGrip Stud Finder — Ergonomic Grip & Rust Resistant,3,19.86,0.0,59.58,USD
114-7956025-6100742,1,B0279XVVC5,SKU-0014,BrightBeam Desk Lamp — RGB Backlit & Noise Cancelling,1,51.35,0.0,51.35,USD
114-7956025-6100742,2,B0671R2A1G,SKU-0012,EverPeak Laptop Stand — Water Resistant & 30H Battery Life,1,63.64,0.0,63.64,USD
114-8892631-7158062,1,B0TURPLSHH,SKU-0100,PawPals Automatic Pet Feeder — Easy to Clean & Vet Recommended,1,43.13,0.0,43.13,USD
114-3404372-5373164,1,B08H6XVAML,SKU-0006,EverPeak Gaming Mouse — RGB Backlit & Compact Design,3,88.7,0.0,266.1,USD
114-3404372-5373164,2,B088K2QTZJ,SKU-0007,AuroraTech Car Mount — Bluetooth 5.3 & RGB Backlit,1,52.27,0.0,52.27,USD
114-3404372-5373164,3,B0YXU5G7D1,SKU-0011,BrightBeam Bluetooth Speaker — Fast Charging & Noise Cancelling,1,107.91,0.0,107.91,USD
114-6288180-7205358,1,B0H9GJQWK8,SKU-0009,EverPeak Phone Case — Noise Cancelling & Bluetooth 5.3,1,23.15,0.0,23.15,USD
114-6288180-7205358,2,B0ZWX7WPK9,SKU-0114,DriveGuard Seat Covers — Universal Fit & Heavy Duty,1,19.42,0.0,19.42,USD
114-9427442-1996373,1,B0M2UGJMKQ,SKU-0074,CloudNest RC Car — STEM Learning & Interactive,2,12.84,0.0,25.68,USD
114-5014599-7528706,1,B0TURPLSHH,SKU-0100,PawPals Automatic Pet Feeder — Easy to Clean & Vet Recommended,1,43.13,0.0,43.13,USD
114-5014599-7528706,2,B08RJE02WW,SKU-0016,AuroraTech Headphones — Bluetooth 5.3 & Water Resistant,1,87.93,0.0,87.93,USD
114-7686685-9757771,1,B0SQ7F7BFE,SKU-0057,TrailBlaze Dumbbell Set — Waterproof & Portable,1,46.37,0.0,46.37,USD
114-3383215-5185490,1,B05P1Y30A5,SKU-0091,PawPals Slow Feeder Bowl — Easy to Clean & Non-Toxic,1,8.78,0.0,8.78,USD
114-3383215-5185490,2,B0M6YEW145,SKU-0083,WriteWell Standing Desk Converter — Durable & Multipurpose,1,9.99,0.0,9.99,USD
114-9663986-5289121,1,B0JH68DJ8G,SKU-0032,UrbanKitchen Blender — Non-Stick Coating & Space Saving,1,26.96,0.0,26.96,USD
114-3588068-7850567,1,B0SQ7F7BFE,SKU-0057,TrailBlaze Dumbbell Set — Waterproof & Portable,1,46.37,0.0,46.37,USD
114-3588068-7850567,2,B0NKTX370W,SKU-0051,PureGlo Shampoo & Conditioner — Gentle Formula & Ionic Technology,2,12.23,0.0,24.46,USD
114-3588068-7850567,3,B0R7U9K93R,SKU-0094,PawPals Pet Carrier — Non-Toxic & Durable,1,23.08,0.0,23.08,USD
114-7021054-8345865,1,B02LTJA2NA,SKU-0078,CloudNest Dollhouse — Ages 3+ & Interactive,1,41.1,0.0,41.1,USD
114-7021054-8345865,2,B0WR597BPU,SKU-0015,EverPeak Streaming Stick — Bluetooth 5.3 & HD 1080p,1,120.59,0.0,120.59,USD
114-4949097-5053585,1,B0P5FBKME8,SKU-0047,PureGlo Bath Bomb Set — Dermatologist Tested & Gentle Formula,1,31.59,0.0,31.59,USD
114-7601069-2359994,1,B0GJL7P973,SKU-0045,PureGlo Hair Straightener — Cruelty-Free & Ionic Technology,1,39.53,0.0,39.53,USD
114-3473354-7656175,1,B0FPMT2SF9,SKU-0076,CloudNest Science Kit — Educational & Non-Toxic,1,12.73,0.0,12.73,USD
114-1139059-1453258,1,B0FTQRA6A1,SKU-0109,DriveGuard Dash Cam — Heavy Duty & Easy Install,2,30.93,0.0,61.86,USD
114-1275418-6481677,1,B0FKKPVMZA,SKU-0065,TrailBlaze Foam Roller — Heavy Duty & Anti-Slip,1,52.95,0.0,52.95,USD
114-6395440-4940134,1,B01CQYLRS7,SKU-0070,CloudNest Art Supplies Kit — STEM Learning & Interactive,1,13.62,0.0,13.62,USD
114-6395440-4940134,2,B05P1Y30A5,SKU-0091,PawPals Slow Feeder Bowl — Easy to Clean & Non-Toxic,1,10.4,0.0,10.4,USD
114-2418908-6431664,1,B0FKKPVMZA,SKU-0065,TrailBlaze Foam Roller — Heavy Duty & Anti-Slip,1,52.95,7.13,45.82,USD
114-5080844-1649295,1,B0NQJ9A5QP,SKU-0081,WriteWell Paper Shredder — Ergonomic & Space Saving,1,13.62,0.0,13.62,USD
114-9354366-6738494,1,B0N90348CD,SKU-0088,ProGrip Desk Chair Cushion — Multipurpose & Ergonomic,2,19.37,0.0,38.74,USD
114-9354366-6738494,2,B0J9HPEX6X,SKU-0112,DriveGuard Tire Pressure Gauge — Long Cord & Heavy Duty,1,34.7,0.0,34.7,USD
114-9354366-6738494,3,B0GJL7P973,SKU-0045,PureGlo Hair Straightener — Cruelty-Free & Ionic Technology,2,39.53,0.0,79.06,USD
114-6682752-4065824,1,B0A30AC946,SKU-0117,ProGrip Stud Finder — Ergonomic Grip & Rust Resistant,1,19.86,0.0,19.86,USD
114-6682752-4065824,2,B0CWALEK2Y,SKU-0036,ZenLife Air Fryer — Dishwasher Safe & Non-Stick Coating,1,19.47,0.0,19.47,USD
114-6682752-4065824,3,B0F635F86R,SKU-0097,PawPals Dog Chew Toys — Durable & Easy to Clean,1,21.36,0.0,21.36,USD
114-6682752-4065824,4,B0279XVVC5,SKU-0014,BrightBeam Desk Lamp — RGB Backlit & Noise Cancelling,2,51.35,0.0,102.7,USD
114-6682752-4065824,5,B02X1DSSZM,SKU-0102,LittleNest Diaper Bag — Hypoallergenic & Easy to Clean,1,13.44,0.0,13.44,USD
114-8304041-7196373,1,B043M1S1C4,SKU-0049,PureGlo Sunscreen Lotion — Ionic Technology & Dermatologist Tested,1,31.54,0.0,31.54,USD
114-8304041-7196373,2,B08H6XVAML,SKU-0006,EverPeak Gaming Mouse — RGB Backlit & Compact Design,1,88.7,11.59,77.11,USD
114-8304041-7196373,3,B0TURPLSHH,SKU-0100,PawPals Automatic Pet Feeder — Easy to Clean & Vet Recommended,1,43.13,5.73,37.4,USD
114-9898085-3437149,1,B02X1DSSZM,SKU-0102,LittleNest Diaper Bag — Hypoallergenic & Easy to Clean,2,13.44,0.0,26.88,USD
114-9898085-3437149,2,B06HX4SP7L,SKU-0080,ProGrip Gel Pen Set — Ergonomic & Durable,1,12.33,0.0,12.33,USD
114-9898085-3437149,3,B00JXDXVG6,SKU-0095,PawPals Dog Treat Pouch — Easy to Clean & Non-Toxic,1,20.29,0.0,20.29,USD
114-7025935-1794146,1,B08H6XVAML,SKU-0006,EverPeak Gaming Mouse — RGB Backlit & Compact Design,1,88.7,0.0,88.7,USD
114-8063855-6468515,1,B0A8X9FRKN,SKU-0031,Nordic Home Coffee Grinder — BPA-Free & Premium Finish,1,74.65,0.0,74.65,USD
114-8063855-6468515,2,B0R5E97R3C,SKU-0001,AuroraTech Smart Plug — Noise Cancelling & HD 1080p,1,89.73,0.0,89.73,USD
114-8063855-6468515,3,B0EGZYNSAE,SKU-0106,LittleNest Baby Bath Tub — Hypoallergenic & Safety Certified,1,25.43,0.0,25.43,USD
114-8063855-6468515,4,B0FPMT2SF9,SKU-0076,CloudNest Science Kit — Educational & Non-Toxic,2,12.73,3.7,21.76,USD
114-8063855-6468515,5,B02T104M25,SKU-0111,DriveGuard Jump Starter — Long Cord & Universal Fit,1,55.67,0.0,55.67,USD
114-1460514-1793521,1,B0M6YEW145,SKU-0083,WriteWell Standing Desk Converter — Durable & Multipurpose,2,9.99,0.0,19.98,USD
114-4710608-6612499,1,B04ZD4ZURZ,SKU-0103,LittleNest Baby Monitor — Safety Certified & Hypoallergenic,2,31.9,0.0,63.8,USD
114-7052813-7251399,1,B0279XVVC5,SKU-0014,BrightBeam Desk Lamp — RGB Backlit & Noise Cancelling,3,51.35,0.0,154.05,USD
114-7052813-7251399,2,B02X1DSSZM,SKU-0102,LittleNest Diaper Bag — Hypoallergenic & Easy to Clean,2,13.44,0.0,26.88,USD
114-7052813-7251399,3,B02LTJA2NA,SKU-0078,CloudNest Dollhouse — Ages 3+ & Interactive,1,41.1,0.0,41.1,USD
114-3556951-2386621,1,B0P5FBKME8,SKU-0047,PureGlo Bath Bomb Set — Dermatologist Tested & Gentle Formula,1,31.59,0.0,31.59,USD
114-3556951-2386621,2,B01NLXW82L,SKU-0104,LittleNest Bassinet — Safety Certified & BPA-Free,1,24.09,3.05,21.04,USD
114-3556951-2386621,3,B0NQJ9A5QP,SKU-0081,WriteWell Paper Shredder — Ergonomic & Space Saving,2,15.31,0.0,30.62,USD
114-3556951-2386621,4,B0MVKP1792,SKU-0002,BrightBeam HDMI Cable — Bluetooth 5.3 & HD 1080p,1,63.85,0.0,63.85,USD
114-8329211-7988235,1,B0J4AJH5Y5,SKU-0084,ProGrip Monitor Stand — Space Saving & Multipurpose,1,57.15,0.0,57.15,USD
114-5083016-2639784,1,B0TURPLSHH,SKU-0100,PawPals Automatic Pet Feeder — Easy to Clean & Vet Recommended,1,43.13,0.0,43.13,USD
114-5083016-2639784,2,B0279XVVC5,SKU-0014,BrightBeam Desk Lamp — RGB Backlit & Noise Cancelling,1,51.35,0.0,51.35,USD
114-5083016-2639784,3,B0P5FBKME8,SKU-0047,PureGlo Bath Bomb Set — Dermatologist Tested & Gentle Formula,1,29.77,0.0,29.77,USD
114-5083016-2639784,4,B02X1DSSZM,SKU-0102,LittleNest Diaper Bag — Hypoallergenic & Easy to Clean,1,13.44,0.0,13.44,USD
114-6597927-1683432,1,B085JJ3ZXF,SKU-0041,PureGlo Electric Toothbrush — Long Lasting & Dermatologist Tested,1,42.31,0.0,42.31,USD
114-6597927-1683432,2,B0YJ486MXU,SKU-0107,LittleNest Baby Safety Gate — Safety Certified & BPA-Free,1,60.8,0.0,60.8,USD
114-4705608-6587167,1,B0SQ7F7BFE,SKU-0057,TrailBlaze Dumbbell Set — Waterproof & Portable,2,46.37,0.0,92.74,USD
114-4705608-6587167,2,B0ZWX7WPK9,SKU-0114,DriveGuard Seat Covers — Universal Fit & Heavy Duty,1,20.72,0.0,20.72,USD
114-4705608-6587167,3,B05P1Y30A5,SKU-0091,PawPals Slow Feeder Bowl — Easy to Clean & Non-Toxic,3,11.7,0.0,35.1,USD
114-4705608-6587167,4,B0A8X9FRKN,SKU-0031,Nordic Home Coffee Grinder — BPA-Free & Premium Finish,1,82.74,0.0,82.74,USD
114-6723129-5236865,1,B0YBRGQRFQ,SKU-0110,DriveGuard Car Vacuum — Long Cord & Easy Install,1,18.37,0.0,18.37,USD
114-6723129-5236865,2,B08UGTRB3Y,SKU-0050,ZenLife Vitamin C Serum — Dermatologist Tested & Long Lasting,1,40.54,0.0,40.54,USD
114-6723129-5236865,3,B06AZNEH47,SKU-0008,BrightBeam Mechanical Keyboard — 30H Battery Life & Water Resistant,1,75.67,0.0,75.67,USD
114-9326220-8139701,1,B0NL5Q5CZM,SKU-0003,EverPeak USB-C Hub — Water Resistant & HD 1080p,1,110.91,0.0,110.91,USD
114-9326220-8139701,2,B0TXQ65ZFV,SKU-0087,WriteWell Desk Organizer — Ergonomic & Multipurpose,1,21.66,0.0,21.66,USD
114-8198110-5519410,1,B0P5FBKME8,SKU-0047,PureGlo Bath Bomb Set — Dermatologist Tested & Gentle Formula,1,31.59,0.0,31.59,USD
114-2003356-7275509,1,B0279XVVC5,SKU-0014,BrightBeam Desk Lamp — RGB Backlit & Noise Cancelling,1,51.35,0.0,51.35,USD
114-9501949-5857499,1,B0TURPLSHH,SKU-0100,PawPals Automatic Pet Feeder — Easy to Clean & Vet Recommended,1,43.13,0.0,43.13,USD
114-9501949-5857499,2,B03QFWA54M,SKU-0056,EverPeak Running Belt — Anti-Slip & Waterproof,1,43.14,0.0,43.14,USD
114-9501949-5857499,3,B00JXDXVG6,SKU-0095,PawPals Dog Treat Pouch — Easy to Clean & Non-Toxic,1,18.93,2.27,16.66,USD
114-6723129-9768914,1,B0GKG0B3EA,SKU-0090,PawPals Dog Leash — Easy to Clean & Vet Recommended,1,54.55,0.0,54.55,USD
114-1463222-8576990,1,B0R7U9K93R,SKU-0094,PawPals Pet Carrier — Non-Toxic & Durable,1,21.64,0.0,21.64,USD
114-9502454-5075450,1,B0NL5Q5CZM,SKU-0003,EverPeak USB-C Hub — Water Resistant & HD 1080p,1,110.91,0.0,110.91,USD
114-3170365-9621340,1,B01NLXW82L,SKU-0104,LittleNest Bassinet — Safety Certified & BPA-Free,1,24.09,0.0,24.09,USD
114-3170365-9621340,2,B055PLDLF8,SKU-0005,BrightBeam Webcam — Compact Design & 30H Battery Life,1,40.21,0.0,40.21,USD
114-3170365-9621340,3,B0SQ7F7BFE,SKU-0057,TrailBlaze Dumbbell Set — Waterproof & Portable,1,46.37,0.0,46.37,USD
114-3170365-9621340,4,B0QKGVBY0X,SKU-0108,LittleNest Baby Bottle Set — BPA-Free & Hypoallergenic,1,32.0,0.0,32.0,USD
114-2604363-5632004,1,B0A30AC946,SKU-0117,ProGrip Stud Finder — Ergonomic Grip & Rust Resistant,1,19.86,0.0,19.86,USD
114-2604363-5632004,2,B085JJ3ZXF,SKU-0041,PureGlo Electric Toothbrush — Long Lasting & Dermatologist Tested,1,45.38,0.0,45.38,USD
114-2604363-5632004,3,B0DLXACSTN,SKU-0068,CloudNest Plush Toy — Non-Toxic & Ages 3+,1,21.32,0.0,21.32,USD
114-2604363-5632004,4,B0279XVVC5,SKU-0014,BrightBeam Desk Lamp — RGB Backlit & Noise Cancelling,1,51.35,0.0,51.35,USD
114-2713500-6017941,1,B0N90348CD,SKU-0088,ProGrip Desk Chair Cushion — Multipurpose & Ergonomic,1,17.61,0.0,17.61,USD
114-2713500-6017941,2,B0FA6PK7S1,SKU-0043,PureGlo Body Scrub — Ionic Technology & Gentle Formula,1,40.0,0.0,40.0,USD
114-2306692-9681537,1,B0ANDXF98K,SKU-0004,AuroraTech WiFi Range Extender — Bluetooth 5.3 & Fast Charging,2,109.5,0.0,219.0,USD
114-1389181-1527765,1,B0A8X9FRKN,SKU-0031,Nordic Home Coffee Grinder — BPA-Free & Premium Finish,1,82.74,7.1,75.64,USD
114-1389181-1527765,2,B0U0VF1HMG,SKU-0040,ZenLife Nail Clipper Set — Gentle Formula & Cruelty-Free,1,28.36,0.0,28.36,USD
114-1389181-1527765,3,B0DDA4EXPW,SKU-0020,UrbanKitchen Knife Set — Easy Clean & BPA-Free,1,59.84,0.0,59.84,USD
114-1389181-1527765,4,B0TXQ65ZFV,SKU-0087,WriteWell Desk Organizer — Ergonomic & Multipurpose,2,21.66,0.0,43.32,USD
114-5012422-3327157,1,B08UGTRB3Y,SKU-0050,ZenLife Vitamin C Serum — Dermatologist Tested & Long Lasting,2,40.54,10.79,70.29,USD
114-1806532-5368216,1,B08UGTRB3Y,SKU-0050,ZenLife Vitamin C Serum — Dermatologist Tested & Long Lasting,2,37.09,0.0,74.18,USD
114-4510092-8855729,1,B085JJ3ZXF,SKU-0041,PureGlo Electric Toothbrush — Long Lasting & Dermatologist Tested,1,45.38,0.0,45.38,USD
114-4510092-8855729,2,B0M6YEW145,SKU-0083,WriteWell Standing Desk Converter — Durable & Multipurpose,1,10.68,0.0,10.68,USD
114-3622869-8835834,1,B0N90348CD,SKU-0088,ProGrip Desk Chair Cushion — Multipurpose & Ergonomic,1,17.61,0.0,17.61,USD
114-4357362-8284827,1,B0UX1US6RV,SKU-0096,PawPals Cat Scratching Post — Durable & Non-Toxic,2,34.97,0.0,69.94,USD
114-4357362-8284827,2,B0N90348CD,SKU-0088,ProGrip Desk Chair Cushion — Multipurpose & Ergonomic,1,19.37,1.77,17.6,USD
114-9735033-5357905,1,B0SH0V1DCR,SKU-0075,KiddoCraft Nerf-Style Blaster — Ages 3+ & Interactive,2,17.07,0.0,34.14,USD
114-9735033-5357905,2,B0NQJ9A5QP,SKU-0081,WriteWell Paper Shredder — Ergonomic & Space Saving,2,15.31,0.0,30.62,USD
114-9156068-6403625,1,B0GJL7P973,SKU-0045,PureGlo Hair Straightener — Cruelty-Free & Ionic Technology,1,39.53,0.0,39.53,USD
114-8308829-4386445,1,B0SQ7F7BFE,SKU-0057,TrailBlaze Dumbbell Set — Waterproof & Portable,1,46.37,0.0,46.37,USD
114-9654286-9271382,1,B0671R2A1G,SKU-0012,EverPeak Laptop Stand — Water Resistant & 30H Battery Life,1,63.64,0.0,63.64,USD
114-9654286-9271382,2,B0ERBP9846,SKU-0033,ZenLife Throw Blanket — BPA-Free & Non-Stick Coating,1,42.34,0.0,42.34,USD
114-9497333-9831150,1,B0279XVVC5,SKU-0014,BrightBeam Desk Lamp — RGB Backlit & Noise Cancelling,1,51.35,0.0,51.35,USD
114-6731063-5175772,1,B0TXQ65ZFV,SKU-0087,WriteWell Desk Organizer — Ergonomic & Multipurpose,1,21.66,0.0,21.66,USD
114-3544001-5290865,1,B0QKGVBY0X,SKU-0108,LittleNest Baby Bottle Set — BPA-Free & Hypoallergenic,1,32.0,4.51,27.49,USD
114-2721335-3346808,1,B04Z7XKKST,SKU-0105,LittleNest Swaddle Blankets — BPA-Free & Safety Certified,1,54.16,0.0,54.16,USD
114-5391558-3123410,1,B0R7U9K93R,SKU-0094,PawPals Pet Carrier — Non-Toxic & Durable,1,23.08,0.0,23.08,USD
114-5391558-3123410,2,B08H6XVAML,SKU-0006,EverPeak Gaming Mouse — RGB Backlit & Compact Design,1,81.06,0.0,81.06,USD
114-8391885-9283618,1,B0TXQ65ZFV,SKU-0087,WriteWell Desk Organizer — Ergonomic & Multipurpose,1,21.66,0.0,21.66,USD
114-8391885-9283618,2,B0M1WJMA8T,SKU-0085,WriteWell Planner Notebook — Ergonomic & Multipurpose,1,8.44,0.0,8.44,USD
114-8391885-9283618,3,B0UX1US6RV,SKU-0096,PawPals Cat Scratching Post — Durable & Non-Toxic,1,34.97,0.0,34.97,USD
114-8391885-9283618,4,B055PLDLF8,SKU-0005,BrightBeam Webcam — Compact Design & 30H Battery Life,1,40.21,0.0,40.21,USD
114-4158767-2452140,1,B0GUBJ397E,SKU-0059,TrailBlaze Yoga Mat — Portable & Lightweight,1,77.84,0.0,77.84,USD
114-8873496-8332314,1,B0YJ486MXU,SKU-0107,LittleNest Baby Safety Gate — Safety Certified & BPA-Free,4,60.8,0.0,243.2,USD
114-8873496-8332314,2,B0U0VF1HMG,SKU-0040,ZenLife Nail Clipper Set — Gentle Formula & Cruelty-Free,1,24.82,0.0,24.82,USD
114-8873496-8332314,3,B0JH68DJ8G,SKU-0032,UrbanKitchen Blender — Non-Stick Coating & Space Saving,1,26.96,0.0,26.96,USD
114-8325380-9312160,1,B03WTWXEDC,SKU-0072,CloudNest Magnetic Tiles — STEM Learning & Educational,1,19.25,0.0,19.25,USD
114-8719584-5578043,1,B0N90348CD,SKU-0088,ProGrip Desk Chair Cushion — Multipurpose & Ergonomic,1,17.61,0.0,17.61,USD
114-9719325-7651381,1,B0YXU5G7D1,SKU-0011,BrightBeam Bluetooth Speaker — Fast Charging & Noise Cancelling,1,107.91,0.0,107.91,USD
114-9415830-8260487,1,B0279XVVC5,SKU-0014,BrightBeam Desk Lamp — RGB Backlit & Noise Cancelling,1,51.35,6.23,45.12,USD
114-9415830-8260487,2,B055PLDLF8,SKU-0005,BrightBeam Webcam — Compact Design & 30H Battery Life,1,40.21,0.0,40.21,USD
114-8745331-4468608,1,B0279XVVC5,SKU-0014,BrightBeam Desk Lamp — RGB Backlit & Noise Cancelling,1,51.35,0.0,51.35,USD
114-3414221-8733438,1,B0A30AC946,SKU-0117,ProGrip Stud Finder — Ergonomic Grip & Rust Resistant,1,19.86,0.0,19.86,USD
114-3414221-8733438,2,B0UX1US6RV,SKU-0096,PawPals Cat Scratching Post — Durable & Non-Toxic,1,34.97,0.0,34.97,USD
114-2674810-5391339,1,B0U0VF1HMG,SKU-0040,ZenLife Nail Clipper Set — Gentle Formula & Cruelty-Free,2,28.36,0.0,56.72,USD
114-9592928-2803321,1,B04Z7XKKST,SKU-0105,LittleNest Swaddle Blankets — BPA-Free & Safety Certified,2,54.16,0.0,108.32,USD
114-9592928-2803321,2,B0PGGKXQ9K,SKU-0093,PawPals Pet Water Fountain — Easy to Clean & Vet Recommended,1,34.22,0.0,34.22,USD
114-6849505-1239294,1,B0A8X9FRKN,SKU-0031,Nordic Home Coffee Grinder — BPA-Free & Premium Finish,1,74.65,0.0,74.65,USD
114-4063955-3881643,1,B0N90348CD,SKU-0088,ProGrip Desk Chair Cushion — Multipurpose & Ergonomic,1,17.61,0.0,17.61,USD
114-4063955-3881643,2,B0R7U9K93R,SKU-0094,PawPals Pet Carrier — Non-Toxic & Durable,1,21.64,0.0,21.64,USD
114-2403528-8609301,1,B02T104M25,SKU-0111,DriveGuard Jump Starter — Long Cord & Universal Fit,2,55.67,0.0,111.34,USD
114-2403528-8609301,2,B0N90348CD,SKU-0088,ProGrip Desk Chair Cushion — Multipurpose & Ergonomic,1,17.61,0.0,17.61,USD
114-9440853-3968359,1,B0M2QT36J4,SKU-0010,AuroraTech Portable Charger — Fast Charging & HD 1080p,1,64.56,0.0,64.56,USD
114-1656409-9190921,1,B0GKG0B3EA,SKU-0090,PawPals Dog Leash — Easy to Clean & Vet Recommended,1,54.55,0.0,54.55,USD
114-2298708-2254955,1,B088K2QTZJ,SKU-0007,AuroraTech Car Mount — Bluetooth 5.3 & RGB Backlit,2,52.27,0.0,104.54,USD
114-6173755-4953879,1,B0F635F86R,SKU-0097,PawPals Dog Chew Toys — Durable & Easy to Clean,1,21.36,0.0,21.36,USD
114-1416279-1124054,1,B0FTQRA6A1,SKU-0109,DriveGuard Dash Cam — Heavy Duty & Easy Install,1,30.93,0.0,30.93,USD
114-2684394-6985812,1,B0FPMT2SF9,SKU-0076,CloudNest Science Kit — Educational & Non-Toxic,1,14.63,0.0,14.63,USD
114-4561243-1295576,1,B0ZWX7WPK9,SKU-0114,DriveGuard Seat Covers — Universal Fit & Heavy Duty,3,19.42,0.0,58.26,USD
114-4288089-7361302,1,B0FTQRA6A1,SKU-0109,DriveGuard Dash Cam — Heavy Duty & Easy Install,1,30.93,0.0,30.93,USD
114-3276207-4565885,1,B0AZBDRH38,SKU-0086,ProGrip Sticky Notes Pack — Ergonomic & Multipurpose,1,27.71,0.0,27.71,USD
114-7817082-6960712,1,B0YXU5G7D1,SKU-0011,BrightBeam Bluetooth Speaker — Fast Charging & Noise Cancelling,1,107.91,0.0,107.91,USD
114-2482006-3410326,1,B0PF199V27,SKU-0037,Nordic Home Utensil Set — Non-Stick Coating & BPA-Free,1,62.82,0.0,62.82,USD
114-2482006-3410326,2,B0NL5Q5CZM,SKU-0003,EverPeak USB-C Hub — Water Resistant & HD 1080p,1,103.75,15.01,88.74,USD
114-1351224-4180493,1,B0TXQ65ZFV,SKU-0087,WriteWell Desk Organizer — Ergonomic & Multipurpose,1,21.66,0.0,21.66,USD
114-1351224-4180493,2,B088K2QTZJ,SKU-0007,AuroraTech Car Mount — Bluetooth 5.3 & RGB Backlit,2,52.27,0.0,104.54,USD
114-1351224-4180493,3,B0J9HPEX6X,SKU-0112,DriveGuard Tire Pressure Gauge — Long Cord & Heavy Duty,1,36.82,0.0,36.82,USD
114-5387245-6256161,1,B0DLXACSTN,SKU-0068,CloudNest Plush Toy — Non-Toxic & Ages 3+,1,21.32,0.0,21.32,USD
114-5387245-6256161,2,B0ZWX7WPK9,SKU-0114,DriveGuard Seat Covers — Universal Fit & Heavy Duty,1,19.42,0.0,19.42,USD
114-5387245-6256161,3,B0936760J9,SKU-0034,Nordic Home Shower Caddy — Easy Clean & Non-Stick Coating,1,25.31,0.0,25.31,USD
114-9190407-3262204,1,B04Z7XKKST,SKU-0105,LittleNest Swaddle Blankets — BPA-Free & Safety Certified,1,54.16,0.0,54.16,USD
114-6902803-3007039,1,B08UGTRB3Y,SKU-0050,ZenLife Vitamin C Serum — Dermatologist Tested & Long Lasting,1,40.54,0.0,40.54,USD
114-8025142-9647564,1,B0P5FBKME8,SKU-0047,PureGlo Bath Bomb Set — Dermatologist Tested & Gentle Formula,1,29.77,0.0,29.77,USD
114-3847477-4187501,1,B0NL5Q5CZM,SKU-0003,EverPeak USB-C Hub — Water Resistant & HD 1080p,1,110.91,0.0,110.91,USD
114-4734158-5791625,1,B0ZWX7WPK9,SKU-0114,DriveGuard Seat Covers — Universal Fit & Heavy Duty,1,19.42,0.0,19.42,USD
114-4734158-5791625,2,B0PGGKXQ9K,SKU-0093,PawPals Pet Water Fountain — Easy to Clean & Vet Recommended,1,34.22,0.0,34.22,USD
114-4734158-5791625,3,B0ANDXF98K,SKU-0004,AuroraTech WiFi Range Extender — Bluetooth 5.3 & Fast Charging,1,109.5,0.0,109.5,USD
114-2633520-3336991,1,B06AZNEH47,SKU-0008,BrightBeam Mechanical Keyboard — 30H Battery Life & Water Resistant,1,75.67,0.0,75.67,USD
114-7029298-2134458,1,B0M6YEW145,SKU-0083,WriteWell Standing Desk Converter — Durable & Multipurpose,1,9.99,0.0,9.99,USD
114-7029298-2134458,2,B0HE56LV1G,SKU-0071,KiddoCraft Play Kitchen Set — Interactive & Ages 3+,1,22.81,0.0,22.81,USD
114-8341899-9949770,1,B088K2QTZJ,SKU-0007,AuroraTech Car Mount — Bluetooth 5.3 & RGB Backlit,1,52.27,0.0,52.27,USD
114-5365738-9539168,1,B0M2QT36J4,SKU-0010,AuroraTech Portable Charger — Fast Charging & HD 1080p,1,64.56,0.0,64.56,USD
114-5365738-9539168,2,B0MVKP1792,SKU-0002,BrightBeam HDMI Cable — Bluetooth 5.3 & HD 1080p,2,63.85,0.0,127.7,USD
114-5365738-9539168,3,B0M2UGJMKQ,SKU-0074,CloudNest RC Car — STEM Learning & Interactive,1,11.77,0.0,11.77,USD
114-9622363-2327669,1,B0YBRGQRFQ,SKU-0110,DriveGuard Car Vacuum — Long Cord & Easy Install,1,18.37,0.0,18.37,USD
114-2266047-8348655,1,B0A30AC946,SKU-0117,ProGrip Stud Finder — Ergonomic Grip & Rust Resistant,1,19.86,0.0,19.86,USD
114-2266047-8348655,2,B088ML63AY,SKU-0119,ProGrip Socket Set — Rust Resistant & Ergonomic Grip,3,23.37,5.48,64.63,USD
114-3786557-1100213,1,B0UX1US6RV,SKU-0096,PawPals Cat Scratching Post — Durable & Non-Toxic,1,34.97,0.0,34.97,USD
114-3786557-1100213,2,B08H6XVAML,SKU-0006,EverPeak Gaming Mouse — RGB Backlit & Compact Design,1,81.06,0.0,81.06,USD
114-9717867-9828712,1,B0AZBDRH38,SKU-0086,ProGrip Sticky Notes Pack — Ergonomic & Multipurpose,1,27.71,0.0,27.71,USD
114-9717867-9828712,2,B0Q85PD1G6,SKU-0018,EverPeak Power Bank — 30H Battery Life & Noise Cancelling,3,17.84,0.0,53.52,USD
114-9717867-9828712,3,B0SFWKQDD5,SKU-0022,Nordic Home Plant Pots — Non-Stick Coating & BPA-Free,1,27.96,0.0,27.96,USD
114-7952409-6613697,1,B0EGZYNSAE,SKU-0106,LittleNest Baby Bath Tub — Hypoallergenic & Safety Certified,1,25.43,0.0,25.43,USD
114-2990120-7901602,1,B0HE56LV1G,SKU-0071,KiddoCraft Play Kitchen Set — Interactive & Ages 3+,1,22.81,0.0,22.81,USD
114-1987290-3982265,1,B04Z7XKKST,SKU-0105,LittleNest Swaddle Blankets — BPA-Free & Safety Certified,2,54.16,0.0,108.32,USD
114-1987290-3982265,2,B0N90348CD,SKU-0088,ProGrip Desk Chair Cushion — Multipurpose & Ergonomic,1,17.61,0.0,17.61,USD
114-4209825-7219265,1,B03WTWXEDC,SKU-0072,CloudNest Magnetic Tiles — STEM Learning & Educational,1,19.25,0.0,19.25,USD
114-4209825-7219265,2,B0R5E97R3C,SKU-0001,AuroraTech Smart Plug — Noise Cancelling & HD 1080p,1,89.73,0.0,89.73,USD
114-4209825-7219265,3,B0PXWSPMXC,SKU-0099,PawPals Cat Litter Mat — Durable & Easy to Clean,1,34.73,0.0,34.73,USD
114-4209825-7219265,4,B0ZWX7WPK9,SKU-0114,DriveGuard Seat Covers — Universal Fit & Heavy Duty,1,19.42,0.0,19.42,USD
114-8770596-9869719,1,B0TURPLSHH,SKU-0100,PawPals Automatic Pet Feeder — Easy to Clean & Vet Recommended,1,43.13,0.0,43.13,USD
114-8770596-9869719,2,B0ZWX7WPK9,SKU-0114,DriveGuard Seat Covers — Universal Fit & Heavy Duty,1,19.42,0.0,19.42,USD
114-6839902-2488469,1,B0Q85PD1G6,SKU-0018,EverPeak Power Bank — 30H Battery Life & Noise Cancelling,1,17.84,0.0,17.84,USD
114-2319149-6000709,1,B0ERBP9846,SKU-0033,ZenLife Throw Blanket — BPA-Free & Non-Stick Coating,1,42.34,0.0,42.34,USD
114-2319149-6000709,2,B0Q85PD1G6,SKU-0018,EverPeak Power Bank — 30H Battery Life & Noise Cancelling,1,17.84,0.0,17.84,USD
114-2319149-6000709,3,B0A8X9FRKN,SKU-0031,Nordic Home Coffee Grinder — BPA-Free & Premium Finish,1,74.65,0.0,74.65,USD
114-1263401-1357191,1,B0UFTNZLYW,SKU-0023,UrbanKitchen Non-Stick Pan Set — Dishwasher Safe & Space Saving,1,27.5,0.0,27.5,USD
114-1263401-1357191,2,B0FA6PK7S1,SKU-0043,PureGlo Body Scrub — Ionic Technology & Gentle Formula,1,40.0,0.0,40.0,USD
114-7546329-2183382,1,B05P1Y30A5,SKU-0091,PawPals Slow Feeder Bowl — Easy to Clean & Non-Toxic,1,10.4,0.0,10.4,USD
114-1519368-9761179,1,B0QKGVBY0X,SKU-0108,LittleNest Baby Bottle Set — BPA-Free & Hypoallergenic,1,32.0,0.0,32.0,USD
114-1519368-9761179,2,B03WTWXEDC,SKU-0072,CloudNest Magnetic Tiles — STEM Learning & Educational,1,19.25,0.0,19.25,USD
114-1519368-9761179,3,B0SH0V1DCR,SKU-0075,KiddoCraft Nerf-Style Blaster — Ages 3+ & Interactive,2,17.07,2.97,31.17,USD
114-4731908-7877393,1,B0ANDXF98K,SKU-0004,AuroraTech WiFi Range Extender — Bluetooth 5.3 & Fast Charging,1,109.5,0.0,109.5,USD
114-4731908-7877393,2,B0R5E97R3C,SKU-0001,AuroraTech Smart Plug — Noise Cancelling & HD 1080p,1,89.73,0.0,89.73,USD
114-4731908-7877393,3,B0AZBDRH38,SKU-0086,ProGrip Sticky Notes Pack — Ergonomic & Multipurpose,1,27.71,0.0,27.71,USD
114-4731908-7877393,4,B0A8X9FRKN,SKU-0031,Nordic Home Coffee Grinder — BPA-Free & Premium Finish,1,74.65,0.0,74.65,USD
114-4731908-7877393,5,B0TXQ65ZFV,SKU-0087,WriteWell Desk Organizer — Ergonomic & Multipurpose,1,21.66,0.0,21.66,USD
114-3251077-2675543,1,B01NLXW82L,SKU-0104,LittleNest Bassinet — Safety Certified & BPA-Free,1,24.09,0.0,24.09,USD
114-3251077-2675543,2,B03WTWXEDC,SKU-0072,CloudNest Magnetic Tiles — STEM Learning & Educational,1,19.25,2.51,16.74,USD
114-3666472-7988135,1,B0A8X9FRKN,SKU-0031,Nordic Home Coffee Grinder — BPA-Free & Premium Finish,1,74.65,0.0,74.65,USD
114-3666472-7988135,2,B0TXQ65ZFV,SKU-0087,WriteWell Desk Organizer — Ergonomic & Multipurpose,1,21.66,0.0,21.66,USD
114-3666472-7988135,3,B0CWALEK2Y,SKU-0036,ZenLife Air Fryer — Dishwasher Safe & Non-Stick Coating,3,19.47,0.0,58.41,USD
114-9762895-1296835,1,B0GJL7P973,SKU-0045,PureGlo Hair Straightener — Cruelty-Free & Ionic Technology,1,39.53,0.0,39.53,USD
114-3302637-6791413,1,B01NLXW82L,SKU-0104,LittleNest Bassinet — Safety Certified & BPA-Free,1,24.09,0.0,24.09,USD
114-3302637-6791413,2,B0EGZYNSAE,SKU-0106,LittleNest Baby Bath Tub — Hypoallergenic & Safety Certified,1,25.43,0.0,25.43,USD
114-9455389-8232901,1,B0279XVVC5,SKU-0014,BrightBeam Desk Lamp — RGB Backlit & Noise Cancelling,1,51.35,0.0,51.35,USD
114-9455389-8232901,2,B0R5E97R3C,SKU-0001,AuroraTech Smart Plug — Noise Cancelling & HD 1080p,1,89.73,0.0,89.73,USD
114-3078240-1056132,1,B04ZD4ZURZ,SKU-0103,LittleNest Baby Monitor — Safety Certified & Hypoallergenic,1,31.9,1.62,30.28,USD
114-1266694-2778984,1,B04ZD4ZURZ,SKU-0103,LittleNest Baby Monitor — Safety Certified & Hypoallergenic,1,31.9,0.0,31.9,USD
114-3399483-8733485,1,B0NQJ9A5QP,SKU-0081,WriteWell Paper Shredder — Ergonomic & Space Saving,1,15.31,0.0,15.31,USD
114-8046016-5474855,1,B0FTQRA6A1,SKU-0109,DriveGuard Dash Cam — Heavy Duty & Easy Install,1,30.93,0.0,30.93,USD
114-8678830-6339855,1,B0ERBP9846,SKU-0033,ZenLife Throw Blanket — BPA-Free & Non-Stick Coating,1,42.34,0.0,42.34,USD
114-8678830-6339855,2,B0TXQ65ZFV,SKU-0087,WriteWell Desk Organizer — Ergonomic & Multipurpose,1,21.66,0.0,21.66,USD
114-2475212-5442304,1,B03QFWA54M,SKU-0056,EverPeak Running Belt — Anti-Slip & Waterproof,2,43.14,4.64,81.64,USD
114-8213476-3735306,1,B0PAU2ZN1D,SKU-0113,DriveGuard Car Organizer — Heavy Duty & Easy Install,2,24.69,0.0,49.38,USD
114-9667024-7173977,1,B0M2UGJMKQ,SKU-0074,CloudNest RC Car — STEM Learning & Interactive,2,12.84,0.0,25.68,USD
114-9667024-7173977,2,B0ANDXF98K,SKU-0004,AuroraTech WiFi Range Extender — Bluetooth 5.3 & Fast Charging,1,109.5,0.0,109.5,USD
114-6195171-4553319,1,B02T104M25,SKU-0111,DriveGuard Jump Starter — Long Cord & Universal Fit,1,55.67,0.0,55.67,USD
114-7001447-8382749,1,B0Q85PD1G6,SKU-0018,EverPeak Power Bank — 30H Battery Life & Noise Cancelling,1,17.84,0.0,17.84,USD
114-7001447-8382749,2,B0HE56LV1G,SKU-0071,KiddoCraft Play Kitchen Set — Interactive & Ages 3+,1,22.81,0.0,22.81,USD
114-7001447-8382749,3,B02LTJA2NA,SKU-0078,CloudNest Dollhouse — Ages 3+ & Interactive,1,41.1,0.0,41.1,USD
114-6400239-5964636,1,B0TXQ65ZFV,SKU-0087,WriteWell Desk Organizer — Ergonomic & Multipurpose,1,21.66,2.43,19.23,USD
114-6400239-5964636,2,B0NL5Q5CZM,SKU-0003,EverPeak USB-C Hub — Water Resistant & HD 1080p,1,103.75,0.0,103.75,USD
114-6400239-5964636,3,B0FTQRA6A1,SKU-0109,DriveGuard Dash Cam — Heavy Duty & Easy Install,1,30.93,0.0,30.93,USD
114-5679678-7657118,1,B08H6XVAML,SKU-0006,EverPeak Gaming Mouse — RGB Backlit & Compact Design,1,81.06,0.0,81.06,USD
114-5679678-7657118,2,B00JXDXVG6,SKU-0095,PawPals Dog Treat Pouch — Easy to Clean & Non-Toxic,1,20.29,0.0,20.29,USD
114-1564896-3390594,1,B0ZWX7WPK9,SKU-0114,DriveGuard Seat Covers — Universal Fit & Heavy Duty,1,19.42,0.0,19.42,USD
114-1564896-3390594,2,B0U0VF1HMG,SKU-0040,ZenLife Nail Clipper Set — Gentle Formula & Cruelty-Free,1,24.82,2.3,22.52,USD
114-1564896-3390594,3,B0MVKP1792,SKU-0002,BrightBeam HDMI Cable — Bluetooth 5.3 & HD 1080p,2,63.85,0.0,127.7,USD
114-3623644-9336158,1,B0MVKP1792,SKU-0002,BrightBeam HDMI Cable — Bluetooth 5.3 & HD 1080p,1,63.85,0.0,63.85,USD
114-3623644-9336158,2,B08H6XVAML,SKU-0006,EverPeak Gaming Mouse — RGB Backlit & Compact Design,1,81.06,0.0,81.06,USD
114-3623644-9336158,3,B0CWALEK2Y,SKU-0036,ZenLife Air Fryer — Dishwasher Safe & Non-Stick Coating,1,19.47,0.0,19.47,USD
114-1484388-8657036,1,B0JH68DJ8G,SKU-0032,UrbanKitchen Blender — Non-Stick Coating & Space Saving,1,25.59,0.0,25.59,USD
114-1484388-8657036,2,B0ZWX7WPK9,SKU-0114,DriveGuard Seat Covers — Universal Fit & Heavy Duty,1,19.42,0.0,19.42,USD
114-1484388-8657036,3,B0279XVVC5,SKU-0014,BrightBeam Desk Lamp — RGB Backlit & Noise Cancelling,2,51.35,0.0,102.7,USD
114-6455722-4431039,1,B08UGTRB3Y,SKU-0050,ZenLife Vitamin C Serum — Dermatologist Tested & Long Lasting,3,40.54,0.0,121.62,USD
114-8990239-5794514,1,B0FPMT2SF9,SKU-0076,CloudNest Science Kit — Educational & Non-Toxic,1,12.73,0.0,12.73,USD
114-8990239-5794514,2,B0P5FBKME8,SKU-0047,PureGlo Bath Bomb Set — Dermatologist Tested & Gentle Formula,1,29.77,0.0,29.77,USD
114-3138084-7093603,1,B0ZWX7WPK9,SKU-0114,DriveGuard Seat Covers — Universal Fit & Heavy Duty,1,19.42,0.0,19.42,USD
114-2140173-5592592,1,B03QFWA54M,SKU-0056,EverPeak Running Belt — Anti-Slip & Waterproof,1,43.14,0.0,43.14,USD
114-8362559-4004050,1,B0EGZYNSAE,SKU-0106,LittleNest Baby Bath Tub — Hypoallergenic & Safety Certified,1,25.43,0.0,25.43,USD
114-8362559-4004050,2,B0TXQ65ZFV,SKU-0087,WriteWell Desk Organizer — Ergonomic & Multipurpose,1,21.66,0.0,21.66,USD
114-8362559-4004050,3,B0HE56LV1G,SKU-0071,KiddoCraft Play Kitchen Set — Interactive & Ages 3+,1,22.81,2.71,20.1,USD
114-8362559-4004050,4,B03WTWXEDC,SKU-0072,CloudNest Magnetic Tiles — STEM Learning & Educational,1,19.25,0.0,19.25,USD
114-2168916-7798969,1,B043M1S1C4,SKU-0049,PureGlo Sunscreen Lotion — Ionic Technology & Dermatologist Tested,1,31.54,0.0,31.54,USD
114-4916504-9745409,1,B0NL5Q5CZM,SKU-0003,EverPeak USB-C Hub — Water Resistant & HD 1080p,1,103.75,0.0,103.75,USD
114-5252431-8326619,1,B0F635F86R,SKU-0097,PawPals Dog Chew Toys — Durable & Easy to Clean,1,21.36,0.0,21.36,USD
114-7200724-3767557,1,B0P5FBKME8,SKU-0047,PureGlo Bath Bomb Set — Dermatologist Tested & Gentle Formula,2,29.77,0.0,59.54,USD
114-8588965-4282567,1,B0671R2A1G,SKU-0012,EverPeak Laptop Stand — Water Resistant & 30H Battery Life,1,63.64,0.0,63.64,USD
114-8588965-4282567,2,B0HTFHF1FT,SKU-0101,LittleNest Silicone Bibs — Hypoallergenic & Safety Certified,1,61.11,0.0,61.11,USD
114-8588965-4282567,3,B0FKKPVMZA,SKU-0065,TrailBlaze Foam Roller — Heavy Duty & Anti-Slip,1,52.95,0.0,52.95,USD
114-8588965-4282567,4,B088K2QTZJ,SKU-0007,AuroraTech Car Mount — Bluetooth 5.3 & RGB Backlit,1,52.27,0.0,52.27,USD
114-6584570-7038276,1,B0H9GJQWK8,SKU-0009,EverPeak Phone Case — Noise Cancelling & Bluetooth 5.3,2,23.15,2.9,43.4,USD
114-6584570-7038276,2,B0671R2A1G,SKU-0012,EverPeak Laptop Stand — Water Resistant & 30H Battery Life,1,55.16,0.0,55.16,USD
114-5406284-9682722,1,B0P5FBKME8,SKU-0047,PureGlo Bath Bomb Set — Dermatologist Tested & Gentle Formula,1,29.77,0.0,29.77,USD
114-5578113-6618742,1,B0NL5Q5CZM,SKU-0003,EverPeak USB-C Hub — Water Resistant & HD 1080p,1,103.75,0.0,103.75,USD
114-1488297-2028182,1,B03WTWXEDC,SKU-0072,CloudNest Magnetic Tiles — STEM Learning & Educational,3,19.25,0.0,57.75,USD
114-9422774-9924096,1,B0ERBP9846,SKU-0033,ZenLife Throw Blanket — BPA-Free & Non-Stick Coating,2,42.34,0.0,84.68,USD
114-1719389-3898378,1,B0NQJ9A5QP,SKU-0081,WriteWell Paper Shredder — Ergonomic & Space Saving,1,15.31,0.0,15.31,USD
114-1719389-3898378,2,B055PLDLF8,SKU-0005,BrightBeam Webcam — Compact Design & 30H Battery Life,1,40.21,0.0,40.21,USD
114-1719389-3898378,3,B0ANDXF98K,SKU-0004,AuroraTech WiFi Range Extender — Bluetooth 5.3 & Fast Charging,1,109.5,0.0,109.5,USD
114-1537687-6447660,1,B0A30AC946,SKU-0117,ProGrip Stud Finder — Ergonomic Grip & Rust Resistant,1,19.86,2.06,17.8,USD
114-1775794-4450101,1,B0JH68DJ8G,SKU-0032,UrbanKitchen Blender — Non-Stick Coating & Space Saving,2,26.96,0.0,53.92,USD
114-9924429-6193838,1,B02X1DSSZM,SKU-0102,LittleNest Diaper Bag — Hypoallergenic & Easy to Clean,1,13.44,0.0,13.44,USD
114-9924429-6193838,2,B0A30AC946,SKU-0117,ProGrip Stud Finder — Ergonomic Grip & Rust Resistant,1,19.86,0.0,19.86,USD
114-9071594-4961440,1,B0M6YEW145,SKU-0083,WriteWell Standing Desk Converter — Durable & Multipurpose,2,10.68,0.0,21.36,USD
114-4456664-2563204,1,B0GJL7P973,SKU-0045,PureGlo Hair Straightener — Cruelty-Free & Ionic Technology,1,39.53,0.0,39.53,USD
114-4456664-2563204,2,B0HE56LV1G,SKU-0071,KiddoCraft Play Kitchen Set — Interactive & Ages 3+,1,22.81,0.0,22.81,USD
114-4456664-2563204,3,B0TJL2AZQH,SKU-0082,ProGrip File Folders — Ergonomic & Multipurpose,1,48.76,0.0,48.76,USD
114-4456664-2563204,4,B0279XVVC5,SKU-0014,BrightBeam Desk Lamp — RGB Backlit & Noise Cancelling,1,51.35,0.0,51.35,USD
114-4128270-6035338,1,B0J9HPEX6X,SKU-0112,DriveGuard Tire Pressure Gauge — Long Cord & Heavy Duty,1,36.82,0.0,36.82,USD
114-4128270-6035338,2,B0KMG3BBNV,SKU-0039,PureGlo Hair Oil — Ionic Technology & Cruelty-Free,1,38.85,0.0,38.85,USD
114-4538150-2964885,1,B0CWALEK2Y,SKU-0036,ZenLife Air Fryer — Dishwasher Safe & Non-Stick Coating,1,19.47,0.0,19.47,USD
114-4538150-2964885,2,B0CYFJJNVP,SKU-0092,PawPals Pet Grooming Brush — Vet Recommended & Non-Toxic,3,42.18,0.0,126.54,USD
114-4538150-2964885,3,B08UGTRB3Y,SKU-0050,ZenLife Vitamin C Serum — Dermatologist Tested & Long Lasting,1,40.54,0.0,40.54,USD
114-6808201-6787480,1,B0N90348CD,SKU-0088,ProGrip Desk Chair Cushion — Multipurpose & Ergonomic,1,17.61,0.0,17.61,USD
114-6808201-6787480,2,B0DLXACSTN,SKU-0068,CloudNest Plush Toy — Non-Toxic & Ages 3+,1,21.32,0.0,21.32,USD
114-8362911-3724162,1,B0ZWX7WPK9,SKU-0114,DriveGuard Seat Covers — Universal Fit & Heavy Duty,2,19.42,0.0,38.84,USD
114-6249530-1044315,1,B0TXQ65ZFV,SKU-0087,WriteWell Desk Organizer — Ergonomic & Multipurpose,1,21.66,0.0,21.66,USD
114-6249530-1044315,2,B02X1DSSZM,SKU-0102,LittleNest Diaper Bag — Hypoallergenic & Easy to Clean,1,13.44,0.0,13.44,USD
114-6249530-1044315,3,B08RJE02WW,SKU-0016,AuroraTech Headphones — Bluetooth 5.3 & Water Resistant,1,87.93,0.0,87.93,USD
114-8911974-1090089,1,B0671R2A1G,SKU-0012,EverPeak Laptop Stand — Water Resistant & 30H Battery Life,1,63.64,0.0,63.64,USD
114-8911974-1090089,2,B0A30AC946,SKU-0117,ProGrip Stud Finder — Ergonomic Grip & Rust Resistant,1,19.86,0.0,19.86,USD
114-8911974-1090089,3,B0FA6PK7S1,SKU-0043,PureGlo Body Scrub — Ionic Technology & Gentle Formula,1,40.0,0.0,40.0,USD
114-7425209-2189237,1,B04Z7XKKST,SKU-0105,LittleNest Swaddle Blankets — BPA-Free & Safety Certified,1,54.16,0.0,54.16,USD
114-9172000-4212063,1,B0P5FBKME8,SKU-0047,PureGlo Bath Bomb Set — Dermatologist Tested & Gentle Formula,1,31.59,0.0,31.59,USD
114-4302659-3032043,1,B0N90348CD,SKU-0088,ProGrip Desk Chair Cushion — Multipurpose & Ergonomic,2,17.61,0.0,35.22,USD
114-2020050-6863157,1,B0J9HPEX6X,SKU-0112,DriveGuard Tire Pressure Gauge — Long Cord & Heavy Duty,1,34.7,0.0,34.7,USD
114-2020050-6863157,2,B0NQJ9A5QP,SKU-0081,WriteWell Paper Shredder — Ergonomic & Space Saving,1,15.31,0.0,15.31,USD
114-5267139-7907767,1,B0936760J9,SKU-0034,Nordic Home Shower Caddy — Easy Clean & Non-Stick Coating,2,25.31,0.0,50.62,USD
114-5267139-7907767,2,B0R5E97R3C,SKU-0001,AuroraTech Smart Plug — Noise Cancelling & HD 1080p,2,89.73,0.0,179.46,USD
114-9205804-2637806,1,B0ZWX7WPK9,SKU-0114,DriveGuard Seat Covers — Universal Fit & Heavy Duty,1,19.42,0.0,19.42,USD
114-8172234-3758751,1,B00EGECWF5,SKU-0030,ZenLife Laundry Hamper — Dishwasher Safe & Premium Finish,1,68.26,0.0,68.26,USD
114-8172234-3758751,2,B0NL5Q5CZM,SKU-0003,EverPeak USB-C Hub — Water Resistant & HD 1080p,1,110.91,0.0,110.91,USD
114-1846631-1599611,1,B0M2UGJMKQ,SKU-0074,CloudNest RC Car — STEM Learning & Interactive,1,11.77,0.0,11.77,USD
114-1846631-1599611,2,B0GJL7P973,SKU-0045,PureGlo Hair Straightener — Cruelty-Free & Ionic Technology,3,39.53,0.0,118.59,USD
114-1846631-1599611,3,B0AZBDRH38,SKU-0086,ProGrip Sticky Notes Pack — Ergonomic & Multipurpose,1,29.73,0.0,29.73,USD
114-1846631-1599611,4,B00EGECWF5,SKU-0030,ZenLife Laundry Hamper — Dishwasher Safe & Premium Finish,1,72.6,0.0,72.6,USD
114-1846631-1599611,5,B0NQJ9A5QP,SKU-0081,WriteWell Paper Shredder — Ergonomic & Space Saving,3,15.31,0.0,45.93,USD
114-6888511-9819756,1,B0U0VF1HMG,SKU-0040,ZenLife Nail Clipper Set — Gentle Formula & Cruelty-Free,1,28.36,0.0,28.36,USD
114-3278556-4230963,1,B0P5FBKME8,SKU-0047,PureGlo Bath Bomb Set — Dermatologist Tested & Gentle Formula,2,31.59,0.0,63.18,USD
114-7155043-6005242,1,B0P5FBKME8,SKU-0047,PureGlo Bath Bomb Set — Dermatologist Tested & Gentle Formula,1,31.59,0.0,31.59,USD
114-5187655-4834248,1,B0P5FBKME8,SKU-0047,PureGlo Bath Bomb Set — Dermatologist Tested & Gentle Formula,1,29.77,0.0,29.77,USD
114-2325635-1638631,1,B01U2VVLHF,SKU-0066,EverPeak Water Bottle — Portable & Waterproof,1,66.14,0.0,66.14,USD
114-2325635-1638631,2,B08UGTRB3Y,SKU-0050,ZenLife Vitamin C Serum — Dermatologist Tested & Long Lasting,1,40.54,0.0,40.54,USD
114-7513054-1179268,1,B055PLDLF8,SKU-0005,BrightBeam Webcam — Compact Design & 30H Battery Life,1,40.21,0.0,40.21,USD
114-7513054-1179268,2,B0PGGKXQ9K,SKU-0093,PawPals Pet Water Fountain — Easy to Clean & Vet Recommended,1,34.22,3.36,30.86,USD
114-7513054-1179268,3,B09V1N9TED,SKU-0077,KiddoCraft Puzzle Set — Non-Toxic & STEM Learning,1,29.15,0.0,29.15,USD
114-4325224-7332082,1,B088K2QTZJ,SKU-0007,AuroraTech Car Mount — Bluetooth 5.3 & RGB Backlit,1,52.27,0.0,52.27,USD
114-4325224-7332082,2,B0J4AJH5Y5,SKU-0084,ProGrip Monitor Stand — Space Saving & Multipurpose,1,57.15,0.0,57.15,USD
114-4325224-7332082,3,B043M1S1C4,SKU-0049,PureGlo Sunscreen Lotion — Ionic Technology & Dermatologist Tested,1,31.54,0.0,31.54,USD
114-4325224-7332082,4,B0E48MCY15,SKU-0079,WriteWell Label Maker — Durable & Multipurpose,1,37.17,0.0,37.17,USD
114-4325224-7332082,5,B03WTWXEDC,SKU-0072,CloudNest Magnetic Tiles — STEM Learning & Educational,1,19.25,0.0,19.25,USD
114-3569789-6676257,1,B02X1DSSZM,SKU-0102,LittleNest Diaper Bag — Hypoallergenic & Easy to Clean,1,13.44,1.62,11.82,USD
114-5120700-5260747,1,B0HE56LV1G,SKU-0071,KiddoCraft Play Kitchen Set — Interactive & Ages 3+,4,22.81,0.0,91.24,USD
114-5120700-5260747,2,B085JJ3ZXF,SKU-0041,PureGlo Electric Toothbrush — Long Lasting & Dermatologist Tested,1,45.38,0.0,45.38,USD
114-5120700-5260747,3,B0Q85PD1G6,SKU-0018,EverPeak Power Bank — 30H Battery Life & Noise Cancelling,1,17.84,0.0,17.84,USD
114-8423695-9490514,1,B0279XVVC5,SKU-0014,BrightBeam Desk Lamp — RGB Backlit & Noise Cancelling,1,51.35,0.0,51.35,USD
114-8423695-9490514,2,B02T104M25,SKU-0111,DriveGuard Jump Starter — Long Cord & Universal Fit,1,55.67,0.0,55.67,USD
114-4790098-5772954,1,B0NKTX370W,SKU-0051,PureGlo Shampoo & Conditioner — Gentle Formula & Ionic Technology,1,11.33,0.0,11.33,USD
114-4790098-5772954,2,B0HE56LV1G,SKU-0071,KiddoCraft Play Kitchen Set — Interactive & Ages 3+,1,22.81,0.0,22.81,USD
114-4790098-5772954,3,B0CWALEK2Y,SKU-0036,ZenLife Air Fryer — Dishwasher Safe & Non-Stick Coating,1,19.47,0.0,19.47,USD
114-2513753-4819524,1,B08H6XVAML,SKU-0006,EverPeak Gaming Mouse — RGB Backlit & Compact Design,2,88.7,0.0,177.4,USD
114-5147923-3712287,1,B0ANDXF98K,SKU-0004,AuroraTech WiFi Range Extender — Bluetooth 5.3 & Fast Charging,1,109.5,0.0,109.5,USD
114-5147923-3712287,2,B0H9GJQWK8,SKU-0009,EverPeak Phone Case — Noise Cancelling & Bluetooth 5.3,1,23.15,0.0,23.15,USD
114-6205141-8151772,1,B0FPMT2SF9,SKU-0076,CloudNest Science Kit — Educational & Non-Toxic,1,12.73,0.0,12.73,USD
114-6205141-8151772,2,B04ZD4ZURZ,SKU-0103,LittleNest Baby Monitor — Safety Certified & Hypoallergenic,1,31.9,0.0,31.9,USD
114-5890577-9646023,1,B0TXQ65ZFV,SKU-0087,WriteWell Desk Organizer — Ergonomic & Multipurpose,1,21.66,0.0,21.66,USD
114-7306118-6830800,1,B0E48MCY15,SKU-0079,WriteWell Label Maker — Durable & Multipurpose,1,49.25,0.0,49.25,USD
114-7306118-6830800,2,B0FPMT2SF9,SKU-0076,CloudNest Science Kit — Educational & Non-Toxic,1,12.73,0.0,12.73,USD
114-7306118-6830800,3,B0ANDXF98K,SKU-0004,AuroraTech WiFi Range Extender — Bluetooth 5.3 & Fast Charging,1,109.5,0.0,109.5,USD
114-8600295-1449848,1,B0GJL7P973,SKU-0045,PureGlo Hair Straightener — Cruelty-Free & Ionic Technology,2,39.53,0.0,79.06,USD
114-8600295-1449848,2,B0NGF9R3E9,SKU-0061,TrailBlaze Cooler Bag — Waterproof & Lightweight,1,82.22,0.0,82.22,USD
114-8784269-9228269,1,B0HE56LV1G,SKU-0071,KiddoCraft Play Kitchen Set — Interactive & Ages 3+,1,22.81,0.0,22.81,USD
114-8784269-9228269,2,B0NL5Q5CZM,SKU-0003,EverPeak USB-C Hub — Water Resistant & HD 1080p,1,103.75,0.0,103.75,USD
114-8784269-9228269,3,B0FKKPVMZA,SKU-0065,TrailBlaze Foam Roller — Heavy Duty & Anti-Slip,1,52.95,0.0,52.95,USD
114-5740020-2565912,1,B0U0VF1HMG,SKU-0040,ZenLife Nail Clipper Set — Gentle Formula & Cruelty-Free,1,24.82,0.0,24.82,USD
114-7029753-3607348,1,B0ANDXF98K,SKU-0004,AuroraTech WiFi Range Extender — Bluetooth 5.3 & Fast Charging,1,109.5,0.0,109.5,USD
114-9521443-9812858,1,B0NQJ9A5QP,SKU-0081,WriteWell Paper Shredder — Ergonomic & Space Saving,1,11.7,0.0,11.7,USD
114-9521443-9812858,2,B02X1DSSZM,SKU-0102,LittleNest Diaper Bag — Hypoallergenic & Easy to Clean,1,13.44,1.37,12.07,USD
114-9521443-9812858,3,B0U0VF1HMG,SKU-0040,ZenLife Nail Clipper Set — Gentle Formula & Cruelty-Free,1,28.36,0.0,28.36,USD
114-9521443-9812858,4,B00JXDXVG6,SKU-0095,PawPals Dog Treat Pouch — Easy to Clean & Non-Toxic,1,18.93,0.0,18.93,USD
114-1170355-8003344,1,B0JH68DJ8G,SKU-0032,UrbanKitchen Blender — Non-Stick Coating & Space Saving,1,25.59,0.0,25.59,USD
114-5786008-7660559,1,B0JH68DJ8G,SKU-0032,UrbanKitchen Blender — Non-Stick Coating & Space Saving,1,25.59,0.0,25.59,USD
114-5786008-7660559,2,B0M2UGJMKQ,SKU-0074,CloudNest RC Car — STEM Learning & Interactive,1,12.84,0.0,12.84,USD
114-2751027-8005329,1,B0671R2A1G,SKU-0012,EverPeak Laptop Stand — Water Resistant & 30H Battery Life,1,63.64,8.85,54.79,USD
114-2751027-8005329,2,B0R5E97R3C,SKU-0001,AuroraTech Smart Plug — Noise Cancelling & HD 1080p,1,89.73,0.0,89.73,USD
114-2751027-8005329,3,B0NQJ9A5QP,SKU-0081,WriteWell Paper Shredder — Ergonomic & Space Saving,1,13.62,0.0,13.62,USD
114-2751027-8005329,4,B0YXU5G7D1,SKU-0011,BrightBeam Bluetooth Speaker — Fast Charging & Noise Cancelling,1,107.91,12.7,95.21,USD
114-5492325-6597078,1,B0NL5Q5CZM,SKU-0003,EverPeak USB-C Hub — Water Resistant & HD 1080p,2,110.91,0.0,221.82,USD
114-5492325-6597078,2,B02X1DSSZM,SKU-0102,LittleNest Diaper Bag — Hypoallergenic & Easy to Clean,1,13.44,0.0,13.44,USD
114-7670460-1542835,1,B02T104M25,SKU-0111,DriveGuard Jump Starter — Long Cord & Universal Fit,1,55.67,0.0,55.67,USD
114-5677917-7840159,1,B0ZWX7WPK9,SKU-0114,DriveGuard Seat Covers — Universal Fit & Heavy Duty,1,19.42,0.0,19.42,USD
114-5677917-7840159,2,B04Z7XKKST,SKU-0105,LittleNest Swaddle Blankets — BPA-Free & Safety Certified,1,54.16,0.0,54.16,USD
114-5677917-7840159,3,B02T104M25,SKU-0111,DriveGuard Jump Starter — Long Cord & Universal Fit,1,55.67,0.0,55.67,USD
114-5677917-7840159,4,B0U0VF1HMG,SKU-0040,ZenLife Nail Clipper Set — Gentle Formula & Cruelty-Free,1,24.82,0.0,24.82,USD
114-5677917-7840159,5,B0NQJ9A5QP,SKU-0081,WriteWell Paper Shredder — Ergonomic & Space Saving,1,15.31,0.0,15.31,USD
114-8490272-5941880,1,B0AZBDRH38,SKU-0086,ProGrip Sticky Notes Pack — Ergonomic & Multipurpose,1,27.71,0.0,27.71,USD
114-7590653-8300787,1,B01CQYLRS7,SKU-0070,CloudNest Art Supplies Kit — STEM Learning & Interactive,2,13.62,0.0,27.24,USD
114-7590653-8300787,2,B0M6YEW145,SKU-0083,WriteWell Standing Desk Converter — Durable & Multipurpose,1,9.99,0.0,9.99,USD
114-2087632-6307428,1,B0279XVVC5,SKU-0014,BrightBeam Desk Lamp — RGB Backlit & Noise Cancelling,1,51.35,0.0,51.35,USD
114-2087632-6307428,2,B085JJ3ZXF,SKU-0041,PureGlo Electric Toothbrush — Long Lasting & Dermatologist Tested,1,45.38,0.0,45.38,USD
114-7778469-7106741,1,B0NL5Q5CZM,SKU-0003,EverPeak USB-C Hub — Water Resistant & HD 1080p,1,110.91,0.0,110.91,USD
114-5702082-4951444,1,B055PLDLF8,SKU-0005,BrightBeam Webcam — Compact Design & 30H Battery Life,1,40.21,0.0,40.21,USD
114-5702082-4951444,2,B02X1DSSZM,SKU-0102,LittleNest Diaper Bag — Hypoallergenic & Easy to Clean,2,13.44,0.0,26.88,USD
114-3540061-5091546,1,B0EGZYNSAE,SKU-0106,LittleNest Baby Bath Tub — Hypoallergenic & Safety Certified,1,25.43,0.0,25.43,USD
114-5917035-2814314,1,B0QKGVBY0X,SKU-0108,LittleNest Baby Bottle Set — BPA-Free & Hypoallergenic,1,32.0,0.0,32.0,USD
114-3851484-5500547,1,B0P5FBKME8,SKU-0047,PureGlo Bath Bomb Set — Dermatologist Tested & Gentle Formula,1,29.77,0.0,29.77,USD
114-3505468-4978632,1,B0PGGKXQ9K,SKU-0093,PawPals Pet Water Fountain — Easy to Clean & Vet Recommended,1,34.22,0.0,34.22,USD
114-8724331-3303276,1,B0F635F86R,SKU-0097,PawPals Dog Chew Toys — Durable & Easy to Clean,4,21.36,0.0,85.44,USD
114-8724331-3303276,2,B05P1Y30A5,SKU-0091,PawPals Slow Feeder Bowl — Easy to Clean & Non-Toxic,1,11.7,0.0,11.7,USD
114-3781529-9923107,1,B0JH68DJ8G,SKU-0032,UrbanKitchen Blender — Non-Stick Coating & Space Saving,1,25.59,0.0,25.59,USD
114-3781529-9923107,2,B0P5FBKME8,SKU-0047,PureGlo Bath Bomb Set — Dermatologist Tested & Gentle Formula,1,29.77,0.0,29.77,USD
114-5778850-8368703,1,B06AZNEH47,SKU-0008,BrightBeam Mechanical Keyboard — 30H Battery Life & Water Resistant,1,75.67,0.0,75.67,USD
114-2318644-3660212,1,B03WTWXEDC,SKU-0072,CloudNest Magnetic Tiles — STEM Learning & Educational,1,19.25,0.0,19.25,USD
114-5748505-2514619,1,B0U0VF1HMG,SKU-0040,ZenLife Nail Clipper Set — Gentle Formula & Cruelty-Free,1,24.82,0.0,24.82,USD
114-3962746-5139326,1,B00JXDXVG6,SKU-0095,PawPals Dog Treat Pouch — Easy to Clean & Non-Toxic,1,20.29,0.0,20.29,USD
114-3962746-5139326,2,B0A8X9FRKN,SKU-0031,Nordic Home Coffee Grinder — BPA-Free & Premium Finish,1,82.74,0.0,82.74,USD
114-6337409-5426451,1,B0TXQ65ZFV,SKU-0087,WriteWell Desk Organizer — Ergonomic & Multipurpose,1,21.66,0.0,21.66,USD
114-6337409-5426451,2,B0MVKP1792,SKU-0002,BrightBeam HDMI Cable — Bluetooth 5.3 & HD 1080p,1,63.85,7.7,56.15,USD
114-8526197-8441428,1,B0JH68DJ8G,SKU-0032,UrbanKitchen Blender — Non-Stick Coating & Space Saving,1,26.96,0.0,26.96,USD
114-4987459-1097409,1,B0KKUPJDRS,SKU-0115,ProGrip LED Work Light — Cordless & High Torque,2,57.78,0.0,115.56,USD
114-9414386-9630520,1,B0M6YEW145,SKU-0083,WriteWell Standing Desk Converter — Durable & Multipurpose,1,10.68,0.0,10.68,USD
114-9239528-2375726,1,B088K2QTZJ,SKU-0007,AuroraTech Car Mount — Bluetooth 5.3 & RGB Backlit,1,52.27,0.0,52.27,USD
114-9239528-2375726,2,B01NLXW82L,SKU-0104,LittleNest Bassinet — Safety Certified & BPA-Free,1,24.09,2.82,21.27,USD
114-7058540-8778136,1,B0M9299AJ4,SKU-0024,ZenLife Electric Kettle — Non-Stick Coating & Space Saving,1,46.0,0.0,46.0,USD
114-7058540-8778136,2,B0TURPLSHH,SKU-0100,PawPals Automatic Pet Feeder — Easy to Clean & Vet Recommended,1,43.13,0.0,43.13,USD
114-7058540-8778136,3,B0N90348CD,SKU-0088,ProGrip Desk Chair Cushion — Multipurpose & Ergonomic,1,19.37,0.0,19.37,USD
114-8945804-1538702,1,B0TURPLSHH,SKU-0100,PawPals Automatic Pet Feeder — Easy to Clean & Vet Recommended,1,43.13,0.0,43.13,USD
114-7193786-3712051,1,B0K12NKA8N,SKU-0013,AuroraTech Smart Watch — 30H Battery Life & Bluetooth 5.3,1,83.42,0.0,83.42,USD
114-8662433-5861273,1,B0GJL7P973,SKU-0045,PureGlo Hair Straightener — Cruelty-Free & Ionic Technology,1,39.53,3.58,35.95,USD
114-6769927-1358872,1,B0JH68DJ8G,SKU-0032,UrbanKitchen Blender — Non-Stick Coating & Space Saving,1,26.96,0.0,26.96,USD
114-8153608-9224835,1,B0K12NKA8N,SKU-0013,AuroraTech Smart Watch — 30H Battery Life & Bluetooth 5.3,2,83.42,0.0,166.84,USD
114-8153608-9224835,2,B02X1DSSZM,SKU-0102,LittleNest Diaper Bag — Hypoallergenic & Easy to Clean,2,13.44,0.0,26.88,USD
114-2371053-6067049,1,B0A30AC946,SKU-0117,ProGrip Stud Finder — Ergonomic Grip & Rust Resistant,1,19.86,0.0,19.86,USD
114-4673313-7737944,1,B0671R2A1G,SKU-0012,EverPeak Laptop Stand — Water Resistant & 30H Battery Life,1,63.64,0.0,63.64,USD
114-4673313-7737944,2,B00EGECWF5,SKU-0030,ZenLife Laundry Hamper — Dishwasher Safe & Premium Finish,3,68.26,0.0,204.78,USD
114-4673313-7737944,3,B0ZWX7WPK9,SKU-0114,DriveGuard Seat Covers — Universal Fit & Heavy Duty,1,19.42,0.0,19.42,USD
114-4673313-7737944,4,B00JXDXVG6,SKU-0095,PawPals Dog Treat Pouch — Easy to Clean & Non-Toxic,1,18.93,0.0,18.93,USD
114-1947427-7297881,1,B08H6XVAML,SKU-0006,EverPeak Gaming Mouse — RGB Backlit & Compact Design,1,88.7,0.0,88.7,USD
114-1947427-7297881,2,B01NLXW82L,SKU-0104,LittleNest Bassinet — Safety Certified & BPA-Free,1,24.09,0.0,24.09,USD
114-1947427-7297881,3,B0N90348CD,SKU-0088,ProGrip Desk Chair Cushion — Multipurpose & Ergonomic,1,17.61,0.0,17.61,USD
114-2972873-8983634,1,B08H6XVAML,SKU-0006,EverPeak Gaming Mouse — RGB Backlit & Compact Design,1,88.7,0.0,88.7,USD
114-2557710-1974641,1,B0K12NKA8N,SKU-0013,AuroraTech Smart Watch — 30H Battery Life & Bluetooth 5.3,1,83.42,0.0,83.42,USD
114-2557710-1974641,2,B04ZD4ZURZ,SKU-0103,LittleNest Baby Monitor — Safety Certified & Hypoallergenic,1,31.9,0.0,31.9,USD
114-9406943-3021852,1,B0KMG3BBNV,SKU-0039,PureGlo Hair Oil — Ionic Technology & Cruelty-Free,4,38.85,0.0,155.4,USD
114-1684538-4582206,1,B0279XVVC5,SKU-0014,BrightBeam Desk Lamp — RGB Backlit & Noise Cancelling,1,51.35,0.0,51.35,USD
114-1684538-4582206,2,B0ZWX7WPK9,SKU-0114,DriveGuard Seat Covers — Universal Fit & Heavy Duty,1,19.42,0.0,19.42,USD
114-1684538-4582206,3,B0JH68DJ8G,SKU-0032,UrbanKitchen Blender — Non-Stick Coating & Space Saving,1,25.59,0.0,25.59,USD
114-1684538-4582206,4,B0A8X9FRKN,SKU-0031,Nordic Home Coffee Grinder — BPA-Free & Premium Finish,1,82.74,0.0,82.74,USD
114-4198855-2438808,1,B0P5FBKME8,SKU-0047,PureGlo Bath Bomb Set — Dermatologist Tested & Gentle Formula,1,29.77,0.0,29.77,USD
114-1454318-8224860,1,B0NL5Q5CZM,SKU-0003,EverPeak USB-C Hub — Water Resistant & HD 1080p,1,110.91,0.0,110.91,USD
114-3721550-1427447,1,B00EGECWF5,SKU-0030,ZenLife Laundry Hamper — Dishwasher Safe & Premium Finish,1,68.26,0.0,68.26,USD
114-8291756-7462851,1,B07BRCRU82,SKU-0027,ZenLife Kitchen Scale — Easy Clean & Dishwasher Safe,1,16.71,0.0,16.71,USD
114-8291756-7462851,2,B0FKKPVMZA,SKU-0065,TrailBlaze Foam Roller — Heavy Duty & Anti-Slip,1,52.95,0.0,52.95,USD
114-8291756-7462851,3,B03WTWXEDC,SKU-0072,CloudNest Magnetic Tiles — STEM Learning & Educational,1,19.25,0.0,19.25,USD
114-8291756-7462851,4,B0TURPLSHH,SKU-0100,PawPals Automatic Pet Feeder — Easy to Clean & Vet Recommended,1,43.13,0.0,43.13,USD
114-2357692-8790518,1,B03WTWXEDC,SKU-0072,CloudNest Magnetic Tiles — STEM Learning & Educational,1,19.25,0.0,19.25,USD
114-2357692-8790518,2,B0FKKPVMZA,SKU-0065,TrailBlaze Foam Roller — Heavy Duty & Anti-Slip,1,52.95,0.0,52.95,USD
114-2951693-3775197,1,B055PLDLF8,SKU-0005,BrightBeam Webcam — Compact Design & 30H Battery Life,1,40.21,0.0,40.21,USD
114-1326040-2025061,1,B0NQJ9A5QP,SKU-0081,WriteWell Paper Shredder — Ergonomic & Space Saving,1,15.31,0.0,15.31,USD
114-1326040-2025061,2,B0YJ486MXU,SKU-0107,LittleNest Baby Safety Gate — Safety Certified & BPA-Free,1,60.8,0.0,60.8,USD
114-1326040-2025061,3,B0CWALEK2Y,SKU-0036,ZenLife Air Fryer — Dishwasher Safe & Non-Stick Coating,1,19.47,0.0,19.47,USD
114-1326040-2025061,4,B055PLDLF8,SKU-0005,BrightBeam Webcam — Compact Design & 30H Battery Life,1,40.21,0.0,40.21,USD
114-1326040-2025061,5,B0U0VF1HMG,SKU-0040,ZenLife Nail Clipper Set — Gentle Formula & Cruelty-Free,1,28.36,0.0,28.36,USD
114-5439814-1470626,1,B0AZBDRH38,SKU-0086,ProGrip Sticky Notes Pack — Ergonomic & Multipurpose,1,27.71,0.0,27.71,USD
114-8063272-6861357,1,B0J9HPEX6X,SKU-0112,DriveGuard Tire Pressure Gauge — Long Cord & Heavy Duty,3,36.82,0.0,110.46,USD
114-8063272-6861357,2,B0R7U9K93R,SKU-0094,PawPals Pet Carrier — Non-Toxic & Durable,1,21.64,0.0,21.64,USD
114-8063272-6861357,3,B0TURPLSHH,SKU-0100,PawPals Automatic Pet Feeder — Easy to Clean & Vet Recommended,1,43.13,0.0,43.13,USD
114-4049023-1236655,1,B0NQJ9A5QP,SKU-0081,WriteWell Paper Shredder — Ergonomic & Space Saving,1,15.31,0.0,15.31,USD
114-7186918-1979613,1,B0TURPLSHH,SKU-0100,PawPals Automatic Pet Feeder — Easy to Clean & Vet Recommended,1,43.13,0.0,43.13,USD
114-8020412-7964682,1,B0671R2A1G,SKU-0012,EverPeak Laptop Stand — Water Resistant & 30H Battery Life,1,63.64,0.0,63.64,USD
114-9471402-2129705,1,B0AZBDRH38,SKU-0086,ProGrip Sticky Notes Pack — Ergonomic & Multipurpose,1,27.71,0.0,27.71,USD
114-3147673-4587514,1,B0NL5Q5CZM,SKU-0003,EverPeak USB-C Hub — Water Resistant & HD 1080p,2,103.75,0.0,207.5,USD
114-3147673-4587514,2,B0YXU5G7D1,SKU-0011,BrightBeam Bluetooth Speaker — Fast Charging & Noise Cancelling,1,107.91,0.0,107.91,USD
114-8602836-2575236,1,B0Q85PD1G6,SKU-0018,EverPeak Power Bank — 30H Battery Life & Noise Cancelling,1,17.84,0.0,17.84,USD
114-8729987-6695606,1,B02T104M25,SKU-0111,DriveGuard Jump Starter — Long Cord & Universal Fit,1,55.67,0.0,55.67,USD
114-7961835-5251557,1,B0279XVVC5,SKU-0014,BrightBeam Desk Lamp — RGB Backlit & Noise Cancelling,1,51.35,0.0,51.35,USD
114-9615046-1777548,1,B04ZD4ZURZ,SKU-0103,LittleNest Baby Monitor — Safety Certified & Hypoallergenic,2,31.9,0.0,63.8,USD
114-9615046-1777548,2,B0YJ486MXU,SKU-0107,LittleNest Baby Safety Gate — Safety Certified & BPA-Free,1,60.8,0.0,60.8,USD
114-9615046-1777548,3,B0U0VF1HMG,SKU-0040,ZenLife Nail Clipper Set — Gentle Formula & Cruelty-Free,1,28.36,0.0,28.36,USD
114-9615046-1777548,4,B01CQYLRS7,SKU-0070,CloudNest Art Supplies Kit — STEM Learning & Interactive,1,13.62,0.0,13.62,USD
114-9615046-1777548,5,B0ZWX7WPK9,SKU-0114,DriveGuard Seat Covers — Universal Fit & Heavy Duty,2,19.42,0.0,38.84,USD
114-6102169-5465305,1,B0PGGKXQ9K,SKU-0093,PawPals Pet Water Fountain — Easy to Clean & Vet Recommended,1,34.22,0.0,34.22,USD
114-6102169-5465305,2,B02T104M25,SKU-0111,DriveGuard Jump Starter — Long Cord & Universal Fit,1,55.67,0.0,55.67,USD
114-6102169-5465305,3,B00JXDXVG6,SKU-0095,PawPals Dog Treat Pouch — Easy to Clean & Non-Toxic,1,18.93,0.0,18.93,USD
114-5502839-3049189,1,B04Z7XKKST,SKU-0105,LittleNest Swaddle Blankets — BPA-Free & Safety Certified,1,54.16,0.0,54.16,USD
114-3990767-3165349,1,B0CWALEK2Y,SKU-0036,ZenLife Air Fryer — Dishwasher Safe & Non-Stick Coating,1,19.47,0.0,19.47,USD
114-3990767-3165349,2,B0A30AC946,SKU-0117,ProGrip Stud Finder — Ergonomic Grip & Rust Resistant,1,19.86,0.0,19.86,USD
114-3990767-3165349,3,B0TXQ65ZFV,SKU-0087,WriteWell Desk Organizer — Ergonomic & Multipurpose,1,21.66,0.0,21.66,USD
114-3990767-3165349,4,B0279XVVC5,SKU-0014,BrightBeam Desk Lamp — RGB Backlit & Noise Cancelling,1,51.35,3.25,48.1,USD
114-3990767-3165349,5,B02X1DSSZM,SKU-0102,LittleNest Diaper Bag — Hypoallergenic & Easy to Clean,4,13.44,0.0,53.76,USD
114-3990767-3165349,6,B0ZWX7WPK9,SKU-0114,DriveGuard Seat Covers — Universal Fit & Heavy Duty,1,19.42,2.51,16.91,USD
114-8904748-8196818,1,B0TURPLSHH,SKU-0100,PawPals Automatic Pet Feeder — Easy to Clean & Vet Recommended,1,43.13,0.0,43.13,USD
114-8904748-8196818,2,B0CYFJJNVP,SKU-0092,PawPals Pet Grooming Brush — Vet Recommended & Non-Toxic,2,30.81,0.0,61.62,USD
114-1518129-5402509,1,B0NL5Q5CZM,SKU-0003,EverPeak USB-C Hub — Water Resistant & HD 1080p,2,110.91,0.0,221.82,USD
114-1518129-5402509,2,B0NQJ9A5QP,SKU-0081,WriteWell Paper Shredder — Ergonomic & Space Saving,1,11.7,0.0,11.7,USD
114-4532603-8921810,1,B0M2UGJMKQ,SKU-0074,CloudNest RC Car — STEM Learning & Interactive,2,12.84,0.0,25.68,USD
114-4532603-8921810,2,B04ZD4ZURZ,SKU-0103,LittleNest Baby Monitor — Safety Certified & Hypoallergenic,1,31.9,0.0,31.9,USD
114-1372804-9249629,1,B0FA6PK7S1,SKU-0043,PureGlo Body Scrub — Ionic Technology & Gentle Formula,1,40.0,0.0,40.0,USD
114-1372804-9249629,2,B0DLXACSTN,SKU-0068,CloudNest Plush Toy — Non-Toxic & Ages 3+,1,21.32,0.0,21.32,USD
114-2223458-3788216,1,B0E48MCY15,SKU-0079,WriteWell Label Maker — Durable & Multipurpose,1,49.25,0.0,49.25,USD
114-8809645-3022387,1,B0TXQ65ZFV,SKU-0087,WriteWell Desk Organizer — Ergonomic & Multipurpose,1,21.66,0.0,21.66,USD
114-8809645-3022387,2,B0J4AJH5Y5,SKU-0084,ProGrip Monitor Stand — Space Saving & Multipurpose,1,57.15,0.0,57.15,USD
114-6207468-6053520,1,B06AZNEH47,SKU-0008,BrightBeam Mechanical Keyboard — 30H Battery Life & Water Resistant,1,75.67,0.0,75.67,USD
114-2431404-5526802,1,B0TXQ65ZFV,SKU-0087,WriteWell Desk Organizer — Ergonomic & Multipurpose,1,21.66,0.0,21.66,USD
114-2431404-5526802,2,B08H6XVAML,SKU-0006,EverPeak Gaming Mouse — RGB Backlit & Compact Design,1,88.7,0.0,88.7,USD
114-2875461-4489643,1,B01U2VVLHF,SKU-0066,EverPeak Water Bottle — Portable & Waterproof,1,66.14,0.0,66.14,USD
114-4587926-5283675,1,B0ZWX7WPK9,SKU-0114,DriveGuard Seat Covers — Universal Fit & Heavy Duty,3,19.42,0.0,58.26,USD
114-4192759-3654177,1,B05P1Y30A5,SKU-0091,PawPals Slow Feeder Bowl — Easy to Clean & Non-Toxic,2,11.7,0.0,23.4,USD
114-6399648-6699648,1,B0N90348CD,SKU-0088,ProGrip Desk Chair Cushion — Multipurpose & Ergonomic,1,17.61,0.0,17.61,USD
114-3701800-2197870,1,B0TXQ65ZFV,SKU-0087,WriteWell Desk Organizer — Ergonomic & Multipurpose,1,21.66,0.0,21.66,USD
114-3701800-2197870,2,B0EGZYNSAE,SKU-0106,LittleNest Baby Bath Tub — Hypoallergenic & Safety Certified,2,25.43,0.0,50.86,USD
114-3701800-2197870,3,B0YXU5G7D1,SKU-0011,BrightBeam Bluetooth Speaker — Fast Charging & Noise Cancelling,1,107.91,0.0,107.91,USD
114-3701800-2197870,4,B0Q85PD1G6,SKU-0018,EverPeak Power Bank — 30H Battery Life & Noise Cancelling,4,17.84,0.0,71.36,USD
114-1586757-2169197,1,B0CWALEK2Y,SKU-0036,ZenLife Air Fryer — Dishwasher Safe & Non-Stick Coating,1,19.47,0.0,19.47,USD
114-9744886-9435345,1,B0ZWX7WPK9,SKU-0114,DriveGuard Seat Covers — Universal Fit & Heavy Duty,1,19.42,2.07,17.35,USD
114-9744886-9435345,2,B0EGZYNSAE,SKU-0106,LittleNest Baby Bath Tub — Hypoallergenic & Safety Certified,1,25.43,0.0,25.43,USD
114-9744886-9435345,3,B0SFWKQDD5,SKU-0022,Nordic Home Plant Pots — Non-Stick Coating & BPA-Free,1,27.96,3.4,24.56,USD
114-9744886-9435345,4,B09V1N9TED,SKU-0077,KiddoCraft Puzzle Set — Non-Toxic & STEM Learning,2,29.15,0.0,58.3,USD
114-9744886-9435345,5,B03WTWXEDC,SKU-0072,CloudNest Magnetic Tiles — STEM Learning & Educational,1,19.25,0.0,19.25,USD
114-7775604-9900275,1,B043M1S1C4,SKU-0049,PureGlo Sunscreen Lotion — Ionic Technology & Dermatologist Tested,1,31.54,0.0,31.54,USD
114-6498604-5926379,1,B085JJ3ZXF,SKU-0041,PureGlo Electric Toothbrush — Long Lasting & Dermatologist Tested,1,45.38,0.0,45.38,USD
114-6498604-5926379,2,B0R5E97R3C,SKU-0001,AuroraTech Smart Plug — Noise Cancelling & HD 1080p,2,89.73,11.88,167.58,USD
114-6498604-5926379,3,B08H6XVAML,SKU-0006,EverPeak Gaming Mouse — RGB Backlit & Compact Design,1,88.7,0.0,88.7,USD
114-8801561-2032396,1,B0MVKP1792,SKU-0002,BrightBeam HDMI Cable — Bluetooth 5.3 & HD 1080p,1,63.85,0.0,63.85,USD
114-6544571-9284288,1,B0Q85PD1G6,SKU-0018,EverPeak Power Bank — 30H Battery Life & Noise Cancelling,1,17.84,0.0,17.84,USD
114-6442067-6902088,1,B02X1DSSZM,SKU-0102,LittleNest Diaper Bag — Hypoallergenic & Easy to Clean,3,13.44,0.0,40.32,USD
114-6442067-6902088,2,B0R5E97R3C,SKU-0001,AuroraTech Smart Plug — Noise Cancelling & HD 1080p,1,89.73,5.91,83.82,USD
114-3512904-9926748,1,B0P5FBKME8,SKU-0047,PureGlo Bath Bomb Set — Dermatologist Tested & Gentle Formula,1,29.77,1.58,28.19,USD
114-9895876-6779479,1,B0AZBDRH38,SKU-0086,ProGrip Sticky Notes Pack — Ergonomic & Multipurpose,1,27.71,0.0,27.71,USD
114-8468670-1299664,1,B0QKGVBY0X,SKU-0108,LittleNest Baby Bottle Set — BPA-Free & Hypoallergenic,3,24.13,0.0,72.39,USD
114-8468670-1299664,2,B0NL5Q5CZM,SKU-0003,EverPeak USB-C Hub — Water Resistant & HD 1080p,1,73.81,0.0,73.81,USD
114-4804948-8429684,1,B0WCY6LU8P,SKU-0029,UrbanKitchen Wall Clock — Easy Clean & Dishwasher Safe,1,72.21,0.0,72.21,USD
114-3863170-5964603,1,B08H6XVAML,SKU-0006,EverPeak Gaming Mouse — RGB Backlit & Compact Design,1,88.7,0.0,88.7,USD
114-9693792-8766989,1,B0PF199V27,SKU-0037,Nordic Home Utensil Set — Non-Stick Coating & BPA-Free,1,62.82,0.0,62.82,USD
114-9693792-8766989,2,B0J9HPEX6X,SKU-0112,DriveGuard Tire Pressure Gauge — Long Cord & Heavy Duty,1,34.7,0.0,34.7,USD
114-2058074-7676741,1,B01NLXW82L,SKU-0104,LittleNest Bassinet — Safety Certified & BPA-Free,1,24.09,0.0,24.09,USD
114-2058074-7676741,2,B0N90348CD,SKU-0088,ProGrip Desk Chair Cushion — Multipurpose & Ergonomic,1,17.61,0.0,17.61,USD
114-6275507-4120097,1,B0J9HPEX6X,SKU-0112,DriveGuard Tire Pressure Gauge — Long Cord & Heavy Duty,1,36.82,0.0,36.82,USD
114-5696356-7847168,1,B08UGTRB3Y,SKU-0050,ZenLife Vitamin C Serum — Dermatologist Tested & Long Lasting,1,40.54,0.0,40.54,USD
114-2583632-7791789,1,B0ANDXF98K,SKU-0004,AuroraTech WiFi Range Extender — Bluetooth 5.3 & Fast Charging,1,109.5,0.0,109.5,USD
114-5161086-5578178,1,B01NLXW82L,SKU-0104,LittleNest Bassinet — Safety Certified & BPA-Free,1,24.09,0.0,24.09,USD
114-5495195-2134464,1,B02X1DSSZM,SKU-0102,LittleNest Diaper Bag — Hypoallergenic & Easy to Clean,1,13.44,0.0,13.44,USD
114-8970430-8318098,1,B0279XVVC5,SKU-0014,BrightBeam Desk Lamp — RGB Backlit & Noise Cancelling,1,51.35,0.0,51.35,USD
114-8970430-8318098,2,B0HE56LV1G,SKU-0071,KiddoCraft Play Kitchen Set — Interactive & Ages 3+,1,22.81,0.0,22.81,USD
114-8970430-8318098,3,B0K12NKA8N,SKU-0013,AuroraTech Smart Watch — 30H Battery Life & Bluetooth 5.3,1,83.42,0.0,83.42,USD
114-4027306-8740047,1,B043M1S1C4,SKU-0049,PureGlo Sunscreen Lotion — Ionic Technology & Dermatologist Tested,1,31.54,0.0,31.54,USD
114-4027306-8740047,2,B0JH68DJ8G,SKU-0032,UrbanKitchen Blender — Non-Stick Coating & Space Saving,1,25.59,0.0,25.59,USD
114-5902673-7685461,1,B01CQYLRS7,SKU-0070,CloudNest Art Supplies Kit — STEM Learning & Interactive,1,13.62,0.0,13.62,USD
114-5902673-7685461,2,B0N90348CD,SKU-0088,ProGrip Desk Chair Cushion — Multipurpose & Ergonomic,1,17.61,0.0,17.61,USD
114-5902673-7685461,3,B02LTJA2NA,SKU-0078,CloudNest Dollhouse — Ages 3+ & Interactive,1,41.1,0.0,41.1,USD
114-5040459-4491103,1,B0J9HPEX6X,SKU-0112,DriveGuard Tire Pressure Gauge — Long Cord & Heavy Duty,1,34.7,0.0,34.7,USD
114-5040459-4491103,2,B0EGZYNSAE,SKU-0106,LittleNest Baby Bath Tub — Hypoallergenic & Safety Certified,2,25.43,3.57,47.29,USD
114-1770309-3322252,1,B03WTWXEDC,SKU-0072,CloudNest Magnetic Tiles — STEM Learning & Educational,1,19.25,0.0,19.25,USD
114-2825233-5921118,1,B085JJ3ZXF,SKU-0041,PureGlo Electric Toothbrush — Long Lasting & Dermatologist Tested,2,45.38,0.0,90.76,USD
114-3167069-5179658,1,B0TXQ65ZFV,SKU-0087,WriteWell Desk Organizer — Ergonomic & Multipurpose,1,21.66,0.0,21.66,USD
114-5497912-8078871,1,B0671R2A1G,SKU-0012,EverPeak Laptop Stand — Water Resistant & 30H Battery Life,1,63.64,0.0,63.64,USD
114-6372872-4641570,1,B0YXU5G7D1,SKU-0011,BrightBeam Bluetooth Speaker — Fast Charging & Noise Cancelling,1,107.91,0.0,107.91,USD
114-1971410-9652861,1,B00JXDXVG6,SKU-0095,PawPals Dog Treat Pouch — Easy to Clean & Non-Toxic,1,20.29,0.0,20.29,USD
114-4213743-3129095,1,B0A30AC946,SKU-0117,ProGrip Stud Finder — Ergonomic Grip & Rust Resistant,1,19.86,0.0,19.86,USD
114-4213743-3129095,2,B08H6XVAML,SKU-0006,EverPeak Gaming Mouse — RGB Backlit & Compact Design,1,88.7,0.0,88.7,USD
114-2861042-5024641,1,B0J9HPEX6X,SKU-0112,DriveGuard Tire Pressure Gauge — Long Cord & Heavy Duty,2,34.7,0.0,69.4,USD
114-3201617-3589277,1,B0FTQRA6A1,SKU-0109,DriveGuard Dash Cam — Heavy Duty & Easy Install,1,30.93,0.0,30.93,USD
114-3201617-3589277,2,B0YBRGQRFQ,SKU-0110,DriveGuard Car Vacuum — Long Cord & Easy Install,1,18.37,0.0,18.37,USD
114-3201617-3589277,3,B0M1WJMA8T,SKU-0085,WriteWell Planner Notebook — Ergonomic & Multipurpose,1,8.44,0.84,7.6,USD
114-3201617-3589277,4,B0A30AC946,SKU-0117,ProGrip Stud Finder — Ergonomic Grip & Rust Resistant,1,19.86,0.0,19.86,USD
114-3201617-3589277,5,B02X1DSSZM,SKU-0102,LittleNest Diaper Bag — Hypoallergenic & Easy to Clean,1,13.44,0.0,13.44,USD
114-3201617-3589277,6,B0F635F86R,SKU-0097,PawPals Dog Chew Toys — Durable & Easy to Clean,1,21.36,0.0,21.36,USD
114-1875987-7713531,1,B0M1WJMA8T,SKU-0085,WriteWell Planner Notebook — Ergonomic & Multipurpose,1,8.44,0.0,8.44,USD
114-6968141-9704181,1,B0PGGKXQ9K,SKU-0093,PawPals Pet Water Fountain — Easy to Clean & Vet Recommended,1,34.22,0.0,34.22,USD
114-6968141-9704181,2,B01U2VVLHF,SKU-0066,EverPeak Water Bottle — Portable & Waterproof,4,66.14,0.0,264.56,USD
114-5882538-1939836,1,B0GJL7P973,SKU-0045,PureGlo Hair Straightener — Cruelty-Free & Ionic Technology,1,39.53,0.0,39.53,USD
114-5882538-1939836,2,B08H6XVAML,SKU-0006,EverPeak Gaming Mouse — RGB Backlit & Compact Design,1,88.7,0.0,88.7,USD
114-5882538-1939836,3,B0NQJ9A5QP,SKU-0081,WriteWell Paper Shredder — Ergonomic & Space Saving,1,15.31,1.69,13.62,USD
114-6925277-3655374,1,B08H6XVAML,SKU-0006,EverPeak Gaming Mouse — RGB Backlit & Compact Design,1,81.06,0.0,81.06,USD
114-1381592-2067733,1,B03RTJKKB4,SKU-0058,EverPeak Hiking Backpack — Waterproof & Anti-Slip,1,76.83,0.0,76.83,USD
114-1381592-2067733,2,B0EGZYNSAE,SKU-0106,LittleNest Baby Bath Tub — Hypoallergenic & Safety Certified,1,25.43,0.0,25.43,USD
114-9524370-1712300,1,B03WTWXEDC,SKU-0072,CloudNest Magnetic Tiles — STEM Learning & Educational,1,19.25,1.0,18.25,USD
114-9524370-1712300,2,B01NLXW82L,SKU-0104,LittleNest Bassinet — Safety Certified & BPA-Free,1,24.09,0.0,24.09,USD
114-1162860-4597093,1,B08H6XVAML,SKU-0006,EverPeak Gaming Mouse — RGB Backlit & Compact Design,1,88.7,0.0,88.7,USD
114-1162860-4597093,2,B0CWALEK2Y,SKU-0036,ZenLife Air Fryer — Dishwasher Safe & Non-Stick Coating,1,19.47,0.0,19.47,USD
114-7193765-5521004,1,B08H6XVAML,SKU-0006,EverPeak Gaming Mouse — RGB Backlit & Compact Design,1,81.06,0.0,81.06,USD
114-7193765-5521004,2,B02T104M25,SKU-0111,DriveGuard Jump Starter — Long Cord & Universal Fit,1,55.67,0.0,55.67,USD
114-2817434-9365788,1,B06AZNEH47,SKU-0008,BrightBeam Mechanical Keyboard — 30H Battery Life & Water Resistant,1,75.67,0.0,75.67,USD
114-9756690-4947444,1,B0E48MCY15,SKU-0079,WriteWell Label Maker — Durable & Multipurpose,1,49.25,0.0,49.25,USD
114-4297081-1676298,1,B0FTQRA6A1,SKU-0109,DriveGuard Dash Cam — Heavy Duty & Easy Install,1,30.93,0.0,30.93,USD
114-4297081-1676298,2,B00JXDXVG6,SKU-0095,PawPals Dog Treat Pouch — Easy to Clean & Non-Toxic,1,18.93,0.0,18.93,USD
114-5301693-5572893,1,B0U0VF1HMG,SKU-0040,ZenLife Nail Clipper Set — Gentle Formula & Cruelty-Free,1,28.36,0.0,28.36,USD
114-2719287-9457448,1,B0YXU5G7D1,SKU-0011,BrightBeam Bluetooth Speaker — Fast Charging & Noise Cancelling,1,107.91,0.0,107.91,USD
114-7246692-3654688,1,B0ZWX7WPK9,SKU-0114,DriveGuard Seat Covers — Universal Fit & Heavy Duty,3,20.72,0.0,62.16,USD
114-5818172-2137299,1,B08UGTRB3Y,SKU-0050,ZenLife Vitamin C Serum — Dermatologist Tested & Long Lasting,1,40.54,0.0,40.54,USD
114-9538403-5615589,1,B0P5FBKME8,SKU-0047,PureGlo Bath Bomb Set — Dermatologist Tested & Gentle Formula,1,29.77,0.0,29.77,USD
114-5354752-9958536,1,B0JH68DJ8G,SKU-0032,UrbanKitchen Blender — Non-Stick Coating & Space Saving,3,25.59,0.0,76.77,USD
114-4238575-7536220,1,B0FTQRA6A1,SKU-0109,DriveGuard Dash Cam — Heavy Duty & Easy Install,2,30.93,0.0,61.86,USD
114-4238575-7536220,2,B0A30AC946,SKU-0117,ProGrip Stud Finder — Ergonomic Grip & Rust Resistant,1,19.86,2.68,17.18,USD
114-3625266-7855522,1,B0TXQ65ZFV,SKU-0087,WriteWell Desk Organizer — Ergonomic & Multipurpose,1,21.66,0.0,21.66,USD
114-4873573-3518067,1,B0GJL7P973,SKU-0045,PureGlo Hair Straightener — Cruelty-Free & Ionic Technology,1,39.53,0.0,39.53,USD
114-9702247-9292785,1,B02X1DSSZM,SKU-0102,LittleNest Diaper Bag — Hypoallergenic & Easy to Clean,1,13.44,0.0,13.44,USD
114-9702247-9292785,2,B0PGGKXQ9K,SKU-0093,PawPals Pet Water Fountain — Easy to Clean & Vet Recommended,1,34.22,4.88,29.34,USD
114-3108352-1096323,1,B0ZWX7WPK9,SKU-0114,DriveGuard Seat Covers — Universal Fit & Heavy Duty,2,19.42,0.0,38.84,USD
114-4427662-1498678,1,B0NQJ9A5QP,SKU-0081,WriteWell Paper Shredder — Ergonomic & Space Saving,4,13.62,0.0,54.48,USD
114-4427662-1498678,2,B0YXU5G7D1,SKU-0011,BrightBeam Bluetooth Speaker — Fast Charging & Noise Cancelling,1,107.91,0.0,107.91,USD
114-2873198-7129392,1,B0YXU5G7D1,SKU-0011,BrightBeam Bluetooth Speaker — Fast Charging & Noise Cancelling,1,107.91,0.0,107.91,USD
114-2873198-7129392,2,B05P1Y30A5,SKU-0091,PawPals Slow Feeder Bowl — Easy to Clean & Non-Toxic,1,11.7,0.0,11.7,USD
114-2873198-7129392,3,B00JXDXVG6,SKU-0095,PawPals Dog Treat Pouch — Easy to Clean & Non-Toxic,1,20.29,0.0,20.29,USD
114-4080253-9389382,1,B0QKGVBY0X,SKU-0108,LittleNest Baby Bottle Set — BPA-Free & Hypoallergenic,1,32.0,2.39,29.61,USD
114-2974711-3574997,1,B0FTQRA6A1,SKU-0109,DriveGuard Dash Cam — Heavy Duty & Easy Install,1,30.93,0.0,30.93,USD
114-1842268-4624716,1,B0TXQ65ZFV,SKU-0087,WriteWell Desk Organizer — Ergonomic & Multipurpose,1,21.66,0.0,21.66,USD
114-1842268-4624716,2,B0J9HPEX6X,SKU-0112,DriveGuard Tire Pressure Gauge — Long Cord & Heavy Duty,1,34.7,0.0,34.7,USD
114-1842268-4624716,3,B0WCY6LU8P,SKU-0029,UrbanKitchen Wall Clock — Easy Clean & Dishwasher Safe,1,72.21,0.0,72.21,USD
114-3573020-1048054,1,B085JJ3ZXF,SKU-0041,PureGlo Electric Toothbrush — Long Lasting & Dermatologist Tested,1,45.38,0.0,45.38,USD
114-3573020-1048054,2,B0TURPLSHH,SKU-0100,PawPals Automatic Pet Feeder — Easy to Clean & Vet Recommended,1,43.13,0.0,43.13,USD
114-4592093-5230909,1,B04Z7XKKST,SKU-0105,LittleNest Swaddle Blankets — BPA-Free & Safety Certified,1,54.16,0.0,54.16,USD
114-6698851-8928853,1,B0M6YEW145,SKU-0083,WriteWell Standing Desk Converter — Durable & Multipurpose,2,9.99,0.0,19.98,USD
114-5788962-7135890,1,B0FPMT2SF9,SKU-0076,CloudNest Science Kit — Educational & Non-Toxic,1,12.73,0.0,12.73,USD
114-5788962-7135890,2,B0U0VF1HMG,SKU-0040,ZenLife Nail Clipper Set — Gentle Formula & Cruelty-Free,1,28.36,0.0,28.36,USD
114-8445840-6357653,1,B00JXDXVG6,SKU-0095,PawPals Dog Treat Pouch — Easy to Clean & Non-Toxic,1,18.93,0.0,18.93,USD
114-4500144-8830681,1,B0P5FBKME8,SKU-0047,PureGlo Bath Bomb Set — Dermatologist Tested & Gentle Formula,1,29.77,0.0,29.77,USD
114-1425783-4058597,1,B0R5E97R3C,SKU-0001,AuroraTech Smart Plug — Noise Cancelling & HD 1080p,2,89.73,0.0,179.46,USD
114-3127039-4756768,1,B0Q85PD1G6,SKU-0018,EverPeak Power Bank — 30H Battery Life & Noise Cancelling,1,17.84,0.0,17.84,USD
114-3127039-4756768,2,B0FA6PK7S1,SKU-0043,PureGlo Body Scrub — Ionic Technology & Gentle Formula,2,40.0,0.0,80.0,USD
114-3127039-4756768,3,B0ANDXF98K,SKU-0004,AuroraTech WiFi Range Extender — Bluetooth 5.3 & Fast Charging,1,109.5,0.0,109.5,USD
114-7571030-1558172,1,B0U0VF1HMG,SKU-0040,ZenLife Nail Clipper Set — Gentle Formula & Cruelty-Free,1,24.82,0.0,24.82,USD
114-2097739-1559795,1,B0AZBDRH38,SKU-0086,ProGrip Sticky Notes Pack — Ergonomic & Multipurpose,1,27.71,0.0,27.71,USD
114-1841265-9851124,1,B0HE56LV1G,SKU-0071,KiddoCraft Play Kitchen Set — Interactive & Ages 3+,2,22.81,0.0,45.62,USD
114-1841265-9851124,2,B0CWALEK2Y,SKU-0036,ZenLife Air Fryer — Dishwasher Safe & Non-Stick Coating,1,19.47,0.0,19.47,USD
114-1841265-9851124,3,B0QKGVBY0X,SKU-0108,LittleNest Baby Bottle Set — BPA-Free & Hypoallergenic,1,32.0,0.0,32.0,USD
114-1841265-9851124,4,B0NQJ9A5QP,SKU-0081,WriteWell Paper Shredder — Ergonomic & Space Saving,1,15.31,0.0,15.31,USD
114-1841265-9851124,5,B0TXQ65ZFV,SKU-0087,WriteWell Desk Organizer — Ergonomic & Multipurpose,1,21.66,0.0,21.66,USD
114-1841265-9851124,6,B0A30AC946,SKU-0117,ProGrip Stud Finder — Ergonomic Grip & Rust Resistant,1,19.86,0.0,19.86,USD
114-8964397-8593207,1,B02T104M25,SKU-0111,DriveGuard Jump Starter — Long Cord & Universal Fit,1,55.67,0.0,55.67,USD
114-8964397-8593207,2,B0FKKPVMZA,SKU-0065,TrailBlaze Foam Roller — Heavy Duty & Anti-Slip,1,42.47,0.0,42.47,USD
114-8964397-8593207,3,B0P5FBKME8,SKU-0047,PureGlo Bath Bomb Set — Dermatologist Tested & Gentle Formula,1,29.77,0.0,29.77,USD
114-4886308-3795624,1,B04ZD4ZURZ,SKU-0103,LittleNest Baby Monitor — Safety Certified & Hypoallergenic,1,31.9,0.0,31.9,USD
114-7422554-3715486,1,B0FPMT2SF9,SKU-0076,CloudNest Science Kit — Educational & Non-Toxic,2,12.73,0.0,25.46,USD
114-5275540-7678099,1,B02T104M25,SKU-0111,DriveGuard Jump Starter — Long Cord & Universal Fit,1,55.67,0.0,55.67,USD
114-5005627-9134482,1,B0279XVVC5,SKU-0014,BrightBeam Desk Lamp — RGB Backlit & Noise Cancelling,1,51.35,0.0,51.35,USD
114-5792011-9576779,1,B0ZWX7WPK9,SKU-0114,DriveGuard Seat Covers — Universal Fit & Heavy Duty,2,19.42,0.0,38.84,USD
114-5792011-9576779,2,B0YXU5G7D1,SKU-0011,BrightBeam Bluetooth Speaker — Fast Charging & Noise Cancelling,1,84.3,0.0,84.3,USD
114-5792011-9576779,3,B0R5E97R3C,SKU-0001,AuroraTech Smart Plug — Noise Cancelling & HD 1080p,1,89.73,0.0,89.73,USD
114-2382855-1002018,1,B043M1S1C4,SKU-0049,PureGlo Sunscreen Lotion — Ionic Technology & Dermatologist Tested,1,31.54,0.0,31.54,USD
114-2166015-7567940,1,B0R5E97R3C,SKU-0001,AuroraTech Smart Plug — Noise Cancelling & HD 1080p,2,89.73,0.0,179.46,USD
114-3233245-2953385,1,B0NQJ9A5QP,SKU-0081,WriteWell Paper Shredder — Ergonomic & Space Saving,2,13.62,0.0,27.24,USD
114-2950343-7307615,1,B0M2UGJMKQ,SKU-0074,CloudNest RC Car — STEM Learning & Interactive,1,11.77,0.0,11.77,USD
114-8733733-5927218,1,B0FTQRA6A1,SKU-0109,DriveGuard Dash Cam — Heavy Duty & Easy Install,2,30.93,0.0,61.86,USD
114-8733733-5927218,2,B00EGECWF5,SKU-0030,ZenLife Laundry Hamper — Dishwasher Safe & Premium Finish,2,72.6,0.0,145.2,USD
114-8733733-5927218,3,B08H6XVAML,SKU-0006,EverPeak Gaming Mouse — RGB Backlit & Compact Design,1,88.7,0.0,88.7,USD
114-8733733-5927218,4,B0R7U9K93R,SKU-0094,PawPals Pet Carrier — Non-Toxic & Durable,2,21.64,0.0,43.28,USD
114-8733733-5927218,5,B0R5E97R3C,SKU-0001,AuroraTech Smart Plug — Noise Cancelling & HD 1080p,1,89.73,0.0,89.73,USD
114-8733733-5927218,6,B0FPMT2SF9,SKU-0076,CloudNest Science Kit — Educational & Non-Toxic,1,12.73,0.0,12.73,USD
114-8592231-6845789,1,B043M1S1C4,SKU-0049,PureGlo Sunscreen Lotion — Ionic Technology & Dermatologist Tested,1,31.54,0.0,31.54,USD
114-8592231-6845789,2,B0P5FBKME8,SKU-0047,PureGlo Bath Bomb Set — Dermatologist Tested & Gentle Formula,2,29.77,0.0,59.54,USD
114-3192171-8470094,1,B0M6YEW145,SKU-0083,WriteWell Standing Desk Converter — Durable & Multipurpose,2,9.99,0.0,19.98,USD
114-1281774-2141277,1,B0ANDXF98K,SKU-0004,AuroraTech WiFi Range Extender — Bluetooth 5.3 & Fast Charging,1,109.5,0.0,109.5,USD
114-1281774-2141277,2,B02T104M25,SKU-0111,DriveGuard Jump Starter — Long Cord & Universal Fit,1,55.67,0.0,55.67,USD
114-7503458-7120279,1,B0M6YEW145,SKU-0083,WriteWell Standing Desk Converter — Durable & Multipurpose,1,10.68,0.0,10.68,USD
114-7503458-7120279,2,B0JH68DJ8G,SKU-0032,UrbanKitchen Blender — Non-Stick Coating & Space Saving,1,25.59,0.0,25.59,USD
114-4436533-9462161,1,B04ZD4ZURZ,SKU-0103,LittleNest Baby Monitor — Safety Certified & Hypoallergenic,1,31.9,2.51,29.39,USD
114-1568596-5803337,1,B0NL5Q5CZM,SKU-0003,EverPeak USB-C Hub — Water Resistant & HD 1080p,1,73.81,0.0,73.81,USD
114-8272185-9677444,1,B0R7U9K93R,SKU-0094,PawPals Pet Carrier — Non-Toxic & Durable,1,23.08,0.0,23.08,USD
114-7421516-9353000,1,B02X1DSSZM,SKU-0102,LittleNest Diaper Bag — Hypoallergenic & Easy to Clean,1,13.44,2.0,11.44,USD
114-7421516-9353000,2,B043M1S1C4,SKU-0049,PureGlo Sunscreen Lotion — Ionic Technology & Dermatologist Tested,2,31.54,0.0,63.08,USD
114-9798981-4152619,1,B055PLDLF8,SKU-0005,BrightBeam Webcam — Compact Design & 30H Battery Life,1,40.21,0.0,40.21,USD
114-9798981-4152619,2,B0EGZYNSAE,SKU-0106,LittleNest Baby Bath Tub — Hypoallergenic & Safety Certified,1,25.43,0.0,25.43,USD
114-9798981-4152619,3,B0J4AJH5Y5,SKU-0084,ProGrip Monitor Stand — Space Saving & Multipurpose,1,57.15,8.28,48.87,USD
114-6752251-4578179,1,B0Q85PD1G6,SKU-0018,EverPeak Power Bank — 30H Battery Life & Noise Cancelling,1,17.84,0.0,17.84,USD
114-4493852-6101604,1,B088K2QTZJ,SKU-0007,AuroraTech Car Mount — Bluetooth 5.3 & RGB Backlit,2,52.27,14.59,89.95,USD
114-4493852-6101604,2,B0J9HPEX6X,SKU-0112,DriveGuard Tire Pressure Gauge — Long Cord & Heavy Duty,1,34.7,0.0,34.7,USD
114-6481567-5951639,1,B0HE56LV1G,SKU-0071,KiddoCraft Play Kitchen Set — Interactive & Ages 3+,2,22.81,0.0,45.62,USD
114-1601533-7099658,1,B0QKGVBY0X,SKU-0108,LittleNest Baby Bottle Set — BPA-Free & Hypoallergenic,1,32.0,0.0,32.0,USD
114-1601533-7099658,2,B0SFWKQDD5,SKU-0022,Nordic Home Plant Pots — Non-Stick Coating & BPA-Free,2,27.96,0.0,55.92,USD
114-9452781-5894409,1,B0M2QT36J4,SKU-0010,AuroraTech Portable Charger — Fast Charging & HD 1080p,2,64.56,0.0,129.12,USD
114-9452781-5894409,2,B085JJ3ZXF,SKU-0041,PureGlo Electric Toothbrush — Long Lasting & Dermatologist Tested,1,45.38,0.0,45.38,USD
114-3374718-3942835,1,B02X1DSSZM,SKU-0102,LittleNest Diaper Bag — Hypoallergenic & Easy to Clean,1,13.44,0.0,13.44,USD
114-3903916-2512855,1,B0279XVVC5,SKU-0014,BrightBeam Desk Lamp — RGB Backlit & Noise Cancelling,1,51.35,0.0,51.35,USD
114-1365020-4731316,1,B08H6XVAML,SKU-0006,EverPeak Gaming Mouse — RGB Backlit & Compact Design,1,88.7,0.0,88.7,USD
114-1365020-4731316,2,B0WKPVSC0B,SKU-0025,Nordic Home Tea Infuser — Non-Stick Coating & Dishwasher Safe,1,43.18,0.0,43.18,USD
114-6892384-4423948,1,B0S19ZGCXE,SKU-0116,EverPeak Screwdriver Set — Cordless & High Torque,2,46.08,0.0,92.16,USD
114-6892384-4423948,2,B0AZBDRH38,SKU-0086,ProGrip Sticky Notes Pack — Ergonomic & Multipurpose,1,27.71,0.0,27.71,USD
114-6892384-4423948,3,B08RJE02WW,SKU-0016,AuroraTech Headphones — Bluetooth 5.3 & Water Resistant,1,87.93,0.0,87.93,USD
114-7515937-2138038,1,B0J4AJH5Y5,SKU-0084,ProGrip Monitor Stand — Space Saving & Multipurpose,1,57.15,0.0,57.15,USD
114-6233885-3128762,1,B08H6XVAML,SKU-0006,EverPeak Gaming Mouse — RGB Backlit & Compact Design,1,88.7,0.0,88.7,USD
114-6923259-7103770,1,B088K2QTZJ,SKU-0007,AuroraTech Car Mount — Bluetooth 5.3 & RGB Backlit,1,52.27,0.0,52.27,USD
114-6923259-7103770,2,B03WTWXEDC,SKU-0072,CloudNest Magnetic Tiles — STEM Learning & Educational,1,19.25,0.0,19.25,USD
114-9435523-8354796,1,B0YJ486MXU,SKU-0107,LittleNest Baby Safety Gate — Safety Certified & BPA-Free,1,60.8,0.0,60.8,USD
114-9435523-8354796,2,B0HE56LV1G,SKU-0071,KiddoCraft Play Kitchen Set — Interactive & Ages 3+,1,22.81,0.0,22.81,USD
114-2160287-2619386,1,B0U0VF1HMG,SKU-0040,ZenLife Nail Clipper Set — Gentle Formula & Cruelty-Free,1,28.36,0.0,28.36,USD
114-2160287-2619386,2,B0UFTNZLYW,SKU-0023,UrbanKitchen Non-Stick Pan Set — Dishwasher Safe & Space Saving,2,27.5,0.0,55.0,USD
114-8507869-2401931,1,B0HE56LV1G,SKU-0071,KiddoCraft Play Kitchen Set — Interactive & Ages 3+,1,22.81,0.0,22.81,USD
114-3350328-3020448,1,B03WTWXEDC,SKU-0072,CloudNest Magnetic Tiles — STEM Learning & Educational,1,19.25,0.0,19.25,USD
114-3350328-3020448,2,B02LTJA2NA,SKU-0078,CloudNest Dollhouse — Ages 3+ & Interactive,1,41.1,0.0,41.1,USD
114-3350328-3020448,3,B04ZD4ZURZ,SKU-0103,LittleNest Baby Monitor — Safety Certified & Hypoallergenic,4,31.9,0.0,127.6,USD
114-7628708-4515357,1,B0UX1US6RV,SKU-0096,PawPals Cat Scratching Post — Durable & Non-Toxic,2,34.97,0.0,69.94,USD
114-7628708-4515357,2,B0PGGKXQ9K,SKU-0093,PawPals Pet Water Fountain — Easy to Clean & Vet Recommended,1,34.22,0.0,34.22,USD
114-5952250-7067055,1,B06AZNEH47,SKU-0008,BrightBeam Mechanical Keyboard — 30H Battery Life & Water Resistant,1,75.67,0.0,75.67,USD
114-5952250-7067055,2,B0JH68DJ8G,SKU-0032,UrbanKitchen Blender — Non-Stick Coating & Space Saving,1,25.59,0.0,25.59,USD
114-5952250-7067055,3,B0E32FCLF7,SKU-0055,TrailBlaze Camping Tent — Lightweight & Waterproof,2,73.73,12.42,135.04,USD
114-5952250-7067055,4,B0ZWX7WPK9,SKU-0114,DriveGuard Seat Covers — Universal Fit & Heavy Duty,1,19.42,0.0,19.42,USD
114-5952250-7067055,5,B0E48MCY15,SKU-0079,WriteWell Label Maker — Durable & Multipurpose,2,49.25,0.0,98.5,USD
114-3179290-5530167,1,B0EGZYNSAE,SKU-0106,LittleNest Baby Bath Tub — Hypoallergenic & Safety Certified,2,25.43,0.0,50.86,USD
114-3244017-1378173,1,B0TXQ65ZFV,SKU-0087,WriteWell Desk Organizer — Ergonomic & Multipurpose,1,21.66,0.0,21.66,USD
114-3244017-1378173,2,B03WTWXEDC,SKU-0072,CloudNest Magnetic Tiles — STEM Learning & Educational,1,19.25,0.0,19.25,USD
114-3244017-1378173,3,B0U0VF1HMG,SKU-0040,ZenLife Nail Clipper Set — Gentle Formula & Cruelty-Free,3,24.82,0.0,74.46,USD
114-9135262-3122246,1,B02X1DSSZM,SKU-0102,LittleNest Diaper Bag — Hypoallergenic & Easy to Clean,1,13.44,0.0,13.44,USD
114-9135262-3122246,2,B0GDNTQUXZ,SKU-0026,UrbanKitchen Toaster — Space Saving & Premium Finish,1,69.79,0.0,69.79,USD
114-1130320-4225721,1,B0CYFJJNVP,SKU-0092,PawPals Pet Grooming Brush — Vet Recommended & Non-Toxic,1,42.18,0.0,42.18,USD
114-5522703-4108792,1,B01NLXW82L,SKU-0104,LittleNest Bassinet — Safety Certified & BPA-Free,1,24.09,0.0,24.09,USD
114-4252017-3782807,1,B0U0VF1HMG,SKU-0040,ZenLife Nail Clipper Set — Gentle Formula & Cruelty-Free,3,28.36,0.0,85.08,USD
114-4252017-3782807,2,B0K12NKA8N,SKU-0013,AuroraTech Smart Watch — 30H Battery Life & Bluetooth 5.3,1,83.42,0.0,83.42,USD
114-2856961-4686394,1,B05P1Y30A5,SKU-0091,PawPals Slow Feeder Bowl — Easy to Clean & Non-Toxic,1,10.4,0.0,10.4,USD
114-2856961-4686394,2,B0PGGKXQ9K,SKU-0093,PawPals Pet Water Fountain — Easy to Clean & Vet Recommended,1,34.22,0.0,34.22,USD
114-2856961-4686394,3,B06AZNEH47,SKU-0008,BrightBeam Mechanical Keyboard — 30H Battery Life & Water Resistant,1,75.67,0.0,75.67,USD
114-5718238-3229028,1,B0M1WJMA8T,SKU-0085,WriteWell Planner Notebook — Ergonomic & Multipurpose,1,8.44,0.0,8.44,USD
114-3101735-2626995,1,B0GJL7P973,SKU-0045,PureGlo Hair Straightener — Cruelty-Free & Ionic Technology,1,39.53,0.0,39.53,USD
114-6103567-2189550,1,B0N90348CD,SKU-0088,ProGrip Desk Chair Cushion — Multipurpose & Ergonomic,2,19.37,0.0,38.74,USD
114-3711379-7541014,1,B0EGZYNSAE,SKU-0106,LittleNest Baby Bath Tub — Hypoallergenic & Safety Certified,1,25.43,0.0,25.43,USD
114-3711379-7541014,2,B0M2QT36J4,SKU-0010,AuroraTech Portable Charger — Fast Charging & HD 1080p,1,64.56,0.0,64.56,USD
114-4099954-9592429,1,B03WTWXEDC,SKU-0072,CloudNest Magnetic Tiles — STEM Learning & Educational,1,19.25,0.0,19.25,USD
114-2185411-5373061,1,B0P5FBKME8,SKU-0047,PureGlo Bath Bomb Set — Dermatologist Tested & Gentle Formula,1,29.77,0.0,29.77,USD
114-2185411-5373061,2,B055PLDLF8,SKU-0005,BrightBeam Webcam — Compact Design & 30H Battery Life,1,40.21,0.0,40.21,USD
114-2185411-5373061,3,B0K12NKA8N,SKU-0013,AuroraTech Smart Watch — 30H Battery Life & Bluetooth 5.3,1,83.42,0.0,83.42,USD
114-2185411-5373061,4,B09D2WWZK5,SKU-0118,EverPeak Cordless Drill — Cordless & High Torque,1,18.98,0.0,18.98,USD
114-2185411-5373061,5,B01CQYLRS7,SKU-0070,CloudNest Art Supplies Kit — STEM Learning & Interactive,1,13.62,0.0,13.62,USD
114-6456051-8079274,1,B0QKGVBY0X,SKU-0108,LittleNest Baby Bottle Set — BPA-Free & Hypoallergenic,1,32.0,0.0,32.0,USD
114-6456051-8079274,2,B01NLXW82L,SKU-0104,LittleNest Bassinet — Safety Certified & BPA-Free,1,24.09,2.57,21.52,USD
114-2405180-3814761,1,B0YBRGQRFQ,SKU-0110,DriveGuard Car Vacuum — Long Cord & Easy Install,1,18.37,0.0,18.37,USD
114-4434115-9543792,1,B02X1DSSZM,SKU-0102,LittleNest Diaper Bag — Hypoallergenic & Easy to Clean,1,13.44,0.0,13.44,USD
114-4434115-9543792,2,B0AZBDRH38,SKU-0086,ProGrip Sticky Notes Pack — Ergonomic & Multipurpose,1,27.71,0.0,27.71,USD
114-2410042-2346651,1,B00EGECWF5,SKU-0030,ZenLife Laundry Hamper — Dishwasher Safe & Premium Finish,2,68.26,0.0,136.52,USD
114-3200421-1054490,1,B0WKPVSC0B,SKU-0025,Nordic Home Tea Infuser — Non-Stick Coating & Dishwasher Safe,2,43.18,0.0,86.36,USD
114-2377645-9461557,1,B0Q85PD1G6,SKU-0018,EverPeak Power Bank — 30H Battery Life & Noise Cancelling,1,17.84,0.0,17.84,USD
114-2083587-6020258,1,B0TURPLSHH,SKU-0100,PawPals Automatic Pet Feeder — Easy to Clean & Vet Recommended,2,43.13,0.0,86.26,USD
114-8447214-6205899,1,B03WTWXEDC,SKU-0072,CloudNest Magnetic Tiles — STEM Learning & Educational,1,19.25,0.0,19.25,USD
114-8447214-6205899,2,B0U0VF1HMG,SKU-0040,ZenLife Nail Clipper Set — Gentle Formula & Cruelty-Free,1,24.82,0.0,24.82,USD
114-8447214-6205899,3,B01NLXW82L,SKU-0104,LittleNest Bassinet — Safety Certified & BPA-Free,1,24.09,0.0,24.09,USD
114-2465046-2955879,1,B07BRCRU82,SKU-0027,ZenLife Kitchen Scale — Easy Clean & Dishwasher Safe,3,16.71,0.0,50.13,USD
114-2465046-2955879,2,B0MVKP1792,SKU-0002,BrightBeam HDMI Cable — Bluetooth 5.3 & HD 1080p,1,63.85,0.0,63.85,USD
114-2465046-2955879,3,B00JXDXVG6,SKU-0095,PawPals Dog Treat Pouch — Easy to Clean & Non-Toxic,1,18.93,0.0,18.93,USD
114-2465046-2955879,4,B0QKGVBY0X,SKU-0108,LittleNest Baby Bottle Set — BPA-Free & Hypoallergenic,3,32.0,0.0,96.0,USD
114-2196138-1132204,1,B0TXQ65ZFV,SKU-0087,WriteWell Desk Organizer — Ergonomic & Multipurpose,1,21.66,0.0,21.66,USD
114-5675798-1772922,1,B01NLXW82L,SKU-0104,LittleNest Bassinet — Safety Certified & BPA-Free,1,24.09,0.0,24.09,USD
114-2320311-8024192,1,B0ANDXF98K,SKU-0004,AuroraTech WiFi Range Extender — Bluetooth 5.3 & Fast Charging,1,109.5,0.0,109.5,USD
114-2320311-8024192,2,B0YXU5G7D1,SKU-0011,BrightBeam Bluetooth Speaker — Fast Charging & Noise Cancelling,2,107.91,0.0,215.82,USD
114-2320311-8024192,3,B06AZNEH47,SKU-0008,BrightBeam Mechanical Keyboard — 30H Battery Life & Water Resistant,1,75.67,0.0,75.67,USD
114-2320311-8024192,4,B0JH68DJ8G,SKU-0032,UrbanKitchen Blender — Non-Stick Coating & Space Saving,1,26.96,0.0,26.96,USD
114-7401407-2495932,1,B0SH0V1DCR,SKU-0075,KiddoCraft Nerf-Style Blaster — Ages 3+ & Interactive,1,17.07,0.0,17.07,USD
114-7401407-2495932,2,B0NL5Q5CZM,SKU-0003,EverPeak USB-C Hub — Water Resistant & HD 1080p,2,103.75,0.0,207.5,USD
114-9451894-9269258,1,B00EGECWF5,SKU-0030,ZenLife Laundry Hamper — Dishwasher Safe & Premium Finish,1,68.26,0.0,68.26,USD
114-1740603-3053231,1,B043M1S1C4,SKU-0049,PureGlo Sunscreen Lotion — Ionic Technology & Dermatologist Tested,1,31.54,0.0,31.54,USD
114-1740603-3053231,2,B0ZWX7WPK9,SKU-0114,DriveGuard Seat Covers — Universal Fit & Heavy Duty,1,19.42,0.0,19.42,USD
114-1740603-3053231,3,B0NKTX370W,SKU-0051,PureGlo Shampoo & Conditioner — Gentle Formula & Ionic Technology,1,12.23,0.0,12.23,USD
114-4498805-3112051,1,B0N90348CD,SKU-0088,ProGrip Desk Chair Cushion — Multipurpose & Ergonomic,1,17.61,0.0,17.61,USD
114-4498805-3112051,2,B0P5FBKME8,SKU-0047,PureGlo Bath Bomb Set — Dermatologist Tested & Gentle Formula,4,31.59,0.0,126.36,USD
114-4498805-3112051,3,B08H6XVAML,SKU-0006,EverPeak Gaming Mouse — RGB Backlit & Compact Design,2,88.7,0.0,177.4,USD
114-4498805-3112051,4,B0GJL7P973,SKU-0045,PureGlo Hair Straightener — Cruelty-Free & Ionic Technology,1,39.53,0.0,39.53,USD
114-8585217-2334773,1,B0MVKP1792,SKU-0002,BrightBeam HDMI Cable — Bluetooth 5.3 & HD 1080p,1,67.82,0.0,67.82,USD
114-8585217-2334773,2,B0JH68DJ8G,SKU-0032,UrbanKitchen Blender — Non-Stick Coating & Space Saving,1,26.96,0.0,26.96,USD
114-8585217-2334773,3,B0P5FBKME8,SKU-0047,PureGlo Bath Bomb Set — Dermatologist Tested & Gentle Formula,1,31.59,0.0,31.59,USD
114-7555625-4272030,1,B0TURPLSHH,SKU-0100,PawPals Automatic Pet Feeder — Easy to Clean & Vet Recommended,2,43.13,0.0,86.26,USD
114-7555625-4272030,2,B02X1DSSZM,SKU-0102,LittleNest Diaper Bag — Hypoallergenic & Easy to Clean,1,13.44,0.0,13.44,USD
114-4120277-1514486,1,B0279XVVC5,SKU-0014,BrightBeam Desk Lamp — RGB Backlit & Noise Cancelling,2,51.35,0.0,102.7,USD
114-4120277-1514486,2,B05P1Y30A5,SKU-0091,PawPals Slow Feeder Bowl — Easy to Clean & Non-Toxic,1,10.4,0.0,10.4,USD
114-9293338-8904597,1,B088K2QTZJ,SKU-0007,AuroraTech Car Mount — Bluetooth 5.3 & RGB Backlit,2,52.27,0.0,104.54,USD
114-5795040-6387138,1,B0NL5Q5CZM,SKU-0003,EverPeak USB-C Hub — Water Resistant & HD 1080p,1,110.91,0.0,110.91,USD
114-5795040-6387138,2,B05P1Y30A5,SKU-0091,PawPals Slow Feeder Bowl — Easy to Clean & Non-Toxic,2,10.4,0.0,20.8,USD
114-5795040-6387138,3,B0DLXACSTN,SKU-0068,CloudNest Plush Toy — Non-Toxic & Ages 3+,1,21.32,0.0,21.32,USD
114-5018838-3479259,1,B0N90348CD,SKU-0088,ProGrip Desk Chair Cushion — Multipurpose & Ergonomic,1,19.37,0.0,19.37,USD
114-8650185-4334079,1,B0TXQ65ZFV,SKU-0087,WriteWell Desk Organizer — Ergonomic & Multipurpose,1,21.66,0.0,21.66,USD
114-9991524-2806709,1,B0NQJ9A5QP,SKU-0081,WriteWell Paper Shredder — Ergonomic & Space Saving,2,11.7,0.0,23.4,USD
114-9991524-2806709,2,B0JH68DJ8G,SKU-0032,UrbanKitchen Blender — Non-Stick Coating & Space Saving,2,25.59,0.0,51.18,USD
114-9465634-6753714,1,B06AZNEH47,SKU-0008,BrightBeam Mechanical Keyboard — 30H Battery Life & Water Resistant,1,75.67,0.0,75.67,USD
114-9465634-6753714,2,B0ANDXF98K,SKU-0004,AuroraTech WiFi Range Extender — Bluetooth 5.3 & Fast Charging,1,109.5,0.0,109.5,USD
114-3376832-9350305,1,B055PLDLF8,SKU-0005,BrightBeam Webcam — Compact Design & 30H Battery Life,1,40.21,0.0,40.21,USD
114-3376832-9350305,2,B0QKGVBY0X,SKU-0108,LittleNest Baby Bottle Set — BPA-Free & Hypoallergenic,1,32.0,0.0,32.0,USD
114-3376832-9350305,3,B0CWALEK2Y,SKU-0036,ZenLife Air Fryer — Dishwasher Safe & Non-Stick Coating,3,19.47,0.0,58.41,USD
114-6034623-2545326,1,B0M2QT36J4,SKU-0010,AuroraTech Portable Charger — Fast Charging & HD 1080p,1,64.56,0.0,64.56,USD
114-2149517-2572322,1,B0E48MCY15,SKU-0079,WriteWell Label Maker — Durable & Multipurpose,1,49.25,0.0,49.25,USD
114-3559036-6046799,1,B08H6XVAML,SKU-0006,EverPeak Gaming Mouse — RGB Backlit & Compact Design,2,88.7,0.0,177.4,USD
114-8860923-8852125,1,B01U2VVLHF,SKU-0066,EverPeak Water Bottle — Portable & Waterproof,1,66.14,0.0,66.14,USD
114-6056432-3854505,1,B055PLDLF8,SKU-0005,BrightBeam Webcam — Compact Design & 30H Battery Life,3,40.21,0.0,120.63,USD
114-3517354-6772800,1,B0DLXACSTN,SKU-0068,CloudNest Plush Toy — Non-Toxic & Ages 3+,1,21.32,0.0,21.32,USD
114-9472758-9620221,1,B0MVKP1792,SKU-0002,BrightBeam HDMI Cable — Bluetooth 5.3 & HD 1080p,1,63.85,0.0,63.85,USD
114-6607333-2461618,1,B0NL5Q5CZM,SKU-0003,EverPeak USB-C Hub — Water Resistant & HD 1080p,1,110.91,0.0,110.91,USD
114-8402675-6561028,1,B0GDNTQUXZ,SKU-0026,UrbanKitchen Toaster — Space Saving & Premium Finish,1,69.79,0.0,69.79,USD
114-2239931-2000082,1,B04ZD4ZURZ,SKU-0103,LittleNest Baby Monitor — Safety Certified & Hypoallergenic,1,31.9,0.0,31.9,USD
114-2387142-7207788,1,B02X1DSSZM,SKU-0102,LittleNest Diaper Bag — Hypoallergenic & Easy to Clean,1,13.44,0.8,12.64,USD
114-2387142-7207788,2,B0279XVVC5,SKU-0014,BrightBeam Desk Lamp — RGB Backlit & Noise Cancelling,1,51.35,0.0,51.35,USD
114-2387142-7207788,3,B0HE56LV1G,SKU-0071,KiddoCraft Play Kitchen Set — Interactive & Ages 3+,2,22.81,0.0,45.62,USD
114-9438922-3537243,1,B08UGTRB3Y,SKU-0050,ZenLife Vitamin C Serum — Dermatologist Tested & Long Lasting,1,40.54,0.0,40.54,USD
114-1739811-6686039,1,B0A30AC946,SKU-0117,ProGrip Stud Finder — Ergonomic Grip & Rust Resistant,1,19.86,0.0,19.86,USD
114-1739811-6686039,2,B0DDA4EXPW,SKU-0020,UrbanKitchen Knife Set — Easy Clean & BPA-Free,1,59.84,0.0,59.84,USD
114-5630385-2057140,1,B0279XVVC5,SKU-0014,BrightBeam Desk Lamp — RGB Backlit & Noise Cancelling,1,51.35,0.0,51.35,USD
114-6919817-6641554,1,B0M2QT36J4,SKU-0010,AuroraTech Portable Charger — Fast Charging & HD 1080p,1,64.56,0.0,64.56,USD
114-3566569-8548251,1,B0R7U9K93R,SKU-0094,PawPals Pet Carrier — Non-Toxic & Durable,1,21.64,0.0,21.64,USD
114-3566569-8548251,2,B0P5FBKME8,SKU-0047,PureGlo Bath Bomb Set — Dermatologist Tested & Gentle Formula,1,31.59,0.0,31.59,USD
114-3566569-8548251,3,B0ANDXF98K,SKU-0004,AuroraTech WiFi Range Extender — Bluetooth 5.3 & Fast Charging,1,109.5,13.47,96.03,USD
114-3566569-8548251,4,B0279XVVC5,SKU-0014,BrightBeam Desk Lamp — RGB Backlit & Noise Cancelling,1,51.35,0.0,51.35,USD
114-8462889-2266075,1,B0CYFJJNVP,SKU-0092,PawPals Pet Grooming Brush — Vet Recommended & Non-Toxic,1,42.18,0.0,42.18,USD
114-8221154-4404305,1,B01NLXW82L,SKU-0104,LittleNest Bassinet — Safety Certified & BPA-Free,2,24.09,0.0,48.18,USD
114-8221154-4404305,2,B0TURPLSHH,SKU-0100,PawPals Automatic Pet Feeder — Easy to Clean & Vet Recommended,1,43.13,0.0,43.13,USD
114-3660245-5284463,1,B0E48MCY15,SKU-0079,WriteWell Label Maker — Durable & Multipurpose,1,49.25,0.0,49.25,USD
114-1756866-4104484,1,B0TXQ65ZFV,SKU-0087,WriteWell Desk Organizer — Ergonomic & Multipurpose,1,21.66,0.0,21.66,USD
114-4840564-6811821,1,B0YXU5G7D1,SKU-0011,BrightBeam Bluetooth Speaker — Fast Charging & Noise Cancelling,1,107.91,0.0,107.91,USD
114-4840564-6811821,2,B0NKTX370W,SKU-0051,PureGlo Shampoo & Conditioner — Gentle Formula & Ionic Technology,1,11.33,0.0,11.33,USD
114-5671382-5789180,1,B0M6YEW145,SKU-0083,WriteWell Standing Desk Converter — Durable & Multipurpose,1,10.68,0.0,10.68,USD
114-1096042-6803924,1,B0AZBDRH38,SKU-0086,ProGrip Sticky Notes Pack — Ergonomic & Multipurpose,1,27.71,0.0,27.71,USD
114-5856173-4676189,1,B02LTJA2NA,SKU-0078,CloudNest Dollhouse — Ages 3+ & Interactive,1,41.1,0.0,41.1,USD
114-5856173-4676189,2,B03WTWXEDC,SKU-0072,CloudNest Magnetic Tiles — STEM Learning & Educational,1,19.25,0.0,19.25,USD
114-5856173-4676189,3,B06AZNEH47,SKU-0008,BrightBeam Mechanical Keyboard — 30H Battery Life & Water Resistant,1,75.67,0.0,75.67,USD
114-1353880-4813396,1,B0NQJ9A5QP,SKU-0081,WriteWell Paper Shredder — Ergonomic & Space Saving,1,15.31,0.0,15.31,USD
114-8330694-3822219,1,B0R7U9K93R,SKU-0094,PawPals Pet Carrier — Non-Toxic & Durable,3,23.08,0.0,69.24,USD
114-9032352-6648123,1,B0M2UGJMKQ,SKU-0074,CloudNest RC Car — STEM Learning & Interactive,1,11.77,0.0,11.77,USD
114-9646994-9982196,1,B01CQYLRS7,SKU-0070,CloudNest Art Supplies Kit — STEM Learning & Interactive,1,13.62,0.0,13.62,USD
114-7947528-4602190,1,B03QFWA54M,SKU-0056,EverPeak Running Belt — Anti-Slip & Waterproof,1,43.14,0.0,43.14,USD
114-7947528-4602190,2,B0NL5Q5CZM,SKU-0003,EverPeak USB-C Hub — Water Resistant & HD 1080p,1,110.91,0.0,110.91,USD
114-7947528-4602190,3,B0ZWX7WPK9,SKU-0114,DriveGuard Seat Covers — Universal Fit & Heavy Duty,1,19.42,0.0,19.42,USD
114-7371211-6915111,1,B02T104M25,SKU-0111,DriveGuard Jump Starter — Long Cord & Universal Fit,1,55.67,0.0,55.67,USD
114-5687581-9998431,1,B0WKPVSC0B,SKU-0025,Nordic Home Tea Infuser — Non-Stick Coating & Dishwasher Safe,1,43.18,0.0,43.18,USD
114-5687581-9998431,2,B0AZBDRH38,SKU-0086,ProGrip Sticky Notes Pack — Ergonomic & Multipurpose,1,27.71,0.0,27.71,USD
114-5698885-9344199,1,B04Z7XKKST,SKU-0105,LittleNest Swaddle Blankets — BPA-Free & Safety Certified,1,54.16,0.0,54.16,USD
114-5698885-9344199,2,B05P1Y30A5,SKU-0091,PawPals Slow Feeder Bowl — Easy to Clean & Non-Toxic,1,10.4,0.0,10.4,USD
114-5698885-9344199,3,B04ZD4ZURZ,SKU-0103,LittleNest Baby Monitor — Safety Certified & Hypoallergenic,1,31.9,0.0,31.9,USD
114-5148110-8920339,1,B02X1DSSZM,SKU-0102,LittleNest Diaper Bag — Hypoallergenic & Easy to Clean,1,13.44,0.0,13.44,USD
114-6930723-8773747,1,B0WKPVSC0B,SKU-0025,Nordic Home Tea Infuser — Non-Stick Coating & Dishwasher Safe,1,43.18,0.0,43.18,USD
114-3292128-9933036,1,B0R5E97R3C,SKU-0001,AuroraTech Smart Plug — Noise Cancelling & HD 1080p,1,89.73,0.0,89.73,USD
114-7260226-7903641,1,B0A30AC946,SKU-0117,ProGrip Stud Finder — Ergonomic Grip & Rust Resistant,1,19.86,0.0,19.86,USD
114-7260226-7903641,2,B0R5E97R3C,SKU-0001,AuroraTech Smart Plug — Noise Cancelling & HD 1080p,1,89.73,0.0,89.73,USD
114-4868835-9312337,1,B0NL5Q5CZM,SKU-0003,EverPeak USB-C Hub — Water Resistant & HD 1080p,2,73.81,0.0,147.62,USD
114-7585847-4639898,1,B0CWALEK2Y,SKU-0036,ZenLife Air Fryer — Dishwasher Safe & Non-Stick Coating,4,19.47,0.0,77.88,USD
114-4822670-6464970,1,B0FTQRA6A1,SKU-0109,DriveGuard Dash Cam — Heavy Duty & Easy Install,1,30.93,0.0,30.93,USD
114-4414674-5471496,1,B0TURPLSHH,SKU-0100,PawPals Automatic Pet Feeder — Easy to Clean & Vet Recommended,2,43.13,0.0,86.26,USD
114-6446890-5883111,1,B01NLXW82L,SKU-0104,LittleNest Bassinet — Safety Certified & BPA-Free,3,24.09,0.0,72.27,USD
114-2506890-4498457,1,B0K12NKA8N,SKU-0013,AuroraTech Smart Watch — 30H Battery Life & Bluetooth 5.3,1,83.42,0.0,83.42,USD
114-5646615-2124104,1,B0JH68DJ8G,SKU-0032,UrbanKitchen Blender — Non-Stick Coating & Space Saving,1,25.59,0.0,25.59,USD
114-2698268-8301355,1,B0E48MCY15,SKU-0079,WriteWell Label Maker — Durable & Multipurpose,1,49.25,4.44,44.81,USD
114-4486212-4626282,1,B0DLXACSTN,SKU-0068,CloudNest Plush Toy — Non-Toxic & Ages 3+,1,21.32,0.0,21.32,USD
114-4486212-4626282,2,B01CQYLRS7,SKU-0070,CloudNest Art Supplies Kit — STEM Learning & Interactive,1,13.62,0.0,13.62,USD
114-4486212-4626282,3,B0279XVVC5,SKU-0014,BrightBeam Desk Lamp — RGB Backlit & Noise Cancelling,1,51.35,0.0,51.35,USD
114-9823976-9008410,1,B0XHVV9SEX,SKU-0042,ZenLife Makeup Brush Set — Ionic Technology & Long Lasting,1,23.36,0.0,23.36,USD
114-9823976-9008410,2,B0N90348CD,SKU-0088,ProGrip Desk Chair Cushion — Multipurpose & Ergonomic,2,17.61,0.0,35.22,USD
114-9823976-9008410,3,B02X1DSSZM,SKU-0102,LittleNest Diaper Bag — Hypoallergenic & Easy to Clean,1,13.44,1.51,11.93,USD
114-9823976-9008410,4,B0M6YEW145,SKU-0083,WriteWell Standing Desk Converter — Durable & Multipurpose,1,9.99,0.0,9.99,USD
114-4927365-7688663,1,B043M1S1C4,SKU-0049,PureGlo Sunscreen Lotion — Ionic Technology & Dermatologist Tested,1,31.54,0.0,31.54,USD
114-3227060-7604903,1,B08UGTRB3Y,SKU-0050,ZenLife Vitamin C Serum — Dermatologist Tested & Long Lasting,1,40.54,0.0,40.54,USD
114-3227060-7604903,2,B0R7U9K93R,SKU-0094,PawPals Pet Carrier — Non-Toxic & Durable,1,23.08,0.0,23.08,USD
114-3227060-7604903,3,B0SQ7F7BFE,SKU-0057,TrailBlaze Dumbbell Set — Waterproof & Portable,1,46.37,0.0,46.37,USD
114-5625498-2916650,1,B0NL5Q5CZM,SKU-0003,EverPeak USB-C Hub — Water Resistant & HD 1080p,1,110.91,0.0,110.91,USD
114-8870858-1201686,1,B0CYFJJNVP,SKU-0092,PawPals Pet Grooming Brush — Vet Recommended & Non-Toxic,1,42.18,0.0,42.18,USD
114-5378377-1673337,1,B06AZNEH47,SKU-0008,BrightBeam Mechanical Keyboard — 30H Battery Life & Water Resistant,1,75.67,0.0,75.67,USD
114-5378377-1673337,2,B0FTQRA6A1,SKU-0109,DriveGuard Dash Cam — Heavy Duty & Easy Install,2,30.93,0.0,61.86,USD
114-7029800-8262829,1,B0HE56LV1G,SKU-0071,KiddoCraft Play Kitchen Set — Interactive & Ages 3+,1,22.81,0.0,22.81,USD
114-4317113-9758437,1,B0P5FBKME8,SKU-0047,PureGlo Bath Bomb Set — Dermatologist Tested & Gentle Formula,1,29.77,0.0,29.77,USD
114-5974281-3809884,1,B0J9HPEX6X,SKU-0112,DriveGuard Tire Pressure Gauge — Long Cord & Heavy Duty,1,34.7,0.0,34.7,USD
114-5974281-3809884,2,B0TXQ65ZFV,SKU-0087,WriteWell Desk Organizer — Ergonomic & Multipurpose,1,21.66,0.0,21.66,USD
114-5974281-3809884,3,B0YJ486MXU,SKU-0107,LittleNest Baby Safety Gate — Safety Certified & BPA-Free,1,60.8,0.0,60.8,USD
114-7926488-8705972,1,B0NQJ9A5QP,SKU-0081,WriteWell Paper Shredder — Ergonomic & Space Saving,2,13.62,0.0,27.24,USD
114-1772068-1482101,1,B0TXQ65ZFV,SKU-0087,WriteWell Desk Organizer — Ergonomic & Multipurpose,1,21.66,0.0,21.66,USD
114-3193452-4643636,1,B0MVKP1792,SKU-0002,BrightBeam HDMI Cable — Bluetooth 5.3 & HD 1080p,1,63.85,0.0,63.85,USD
114-2822168-3480833,1,B02X1DSSZM,SKU-0102,LittleNest Diaper Bag — Hypoallergenic & Easy to Clean,2,13.44,0.0,26.88,USD
114-6840880-3672219,1,B08UGTRB3Y,SKU-0050,ZenLife Vitamin C Serum — Dermatologist Tested & Long Lasting,1,40.54,0.0,40.54,USD
114-3965448-7838570,1,B0ZWX7WPK9,SKU-0114,DriveGuard Seat Covers — Universal Fit & Heavy Duty,1,20.72,0.0,20.72,USD
114-4296453-1168086,1,B0J9HPEX6X,SKU-0112,DriveGuard Tire Pressure Gauge — Long Cord & Heavy Duty,3,36.82,0.0,110.46,USD
114-7954859-2906849,1,B0NL5Q5CZM,SKU-0003,EverPeak USB-C Hub — Water Resistant & HD 1080p,1,110.91,6.61,104.3,USD
114-1905377-7459138,1,B02T104M25,SKU-0111,DriveGuard Jump Starter — Long Cord & Universal Fit,1,55.67,0.0,55.67,USD
114-1623816-6642939,1,B05P1Y30A5,SKU-0091,PawPals Slow Feeder Bowl — Easy to Clean & Non-Toxic,1,10.4,0.0,10.4,USD
114-8575349-1903147,1,B0HE56LV1G,SKU-0071,KiddoCraft Play Kitchen Set — Interactive & Ages 3+,1,22.81,0.0,22.81,USD
114-8575349-1903147,2,B0Q85PD1G6,SKU-0018,EverPeak Power Bank — 30H Battery Life & Noise Cancelling,1,17.84,0.0,17.84,USD
114-8010183-6241542,1,B088K2QTZJ,SKU-0007,AuroraTech Car Mount — Bluetooth 5.3 & RGB Backlit,1,52.27,0.0,52.27,USD
114-7111452-7293912,1,B02LTJA2NA,SKU-0078,CloudNest Dollhouse — Ages 3+ & Interactive,1,41.1,0.0,41.1,USD
114-8347741-5742281,1,B0LD11QTH5,SKU-0089,PawPals Dog Bed — Easy to Clean & Durable,1,26.5,0.0,26.5,USD
114-2446110-3978392,1,B0ZWX7WPK9,SKU-0114,DriveGuard Seat Covers — Universal Fit & Heavy Duty,1,20.72,0.0,20.72,USD
114-6494717-4427554,1,B0A30AC946,SKU-0117,ProGrip Stud Finder — Ergonomic Grip & Rust Resistant,1,19.86,0.0,19.86,USD
114-9227413-6531710,1,B05P1Y30A5,SKU-0091,PawPals Slow Feeder Bowl — Easy to Clean & Non-Toxic,1,10.4,0.0,10.4,USD
114-1919585-3211701,1,B0ANDXF98K,SKU-0004,AuroraTech WiFi Range Extender — Bluetooth 5.3 & Fast Charging,1,109.5,0.0,109.5,USD
114-9627892-7872944,1,B0HE56LV1G,SKU-0071,KiddoCraft Play Kitchen Set — Interactive & Ages 3+,1,22.81,0.0,22.81,USD
114-3447725-6635504,1,B0GJL7P973,SKU-0045,PureGlo Hair Straightener — Cruelty-Free & Ionic Technology,2,39.53,0.0,79.06,USD
114-5964929-9972350,1,B0FTQRA6A1,SKU-0109,DriveGuard Dash Cam — Heavy Duty & Easy Install,1,30.93,0.0,30.93,USD
114-6334268-3649671,1,B0ANDXF98K,SKU-0004,AuroraTech WiFi Range Extender — Bluetooth 5.3 & Fast Charging,2,109.5,0.0,219.0,USD
114-8442935-2754121,1,B0NQJ9A5QP,SKU-0081,WriteWell Paper Shredder — Ergonomic & Space Saving,1,11.7,0.78,10.92,USD
114-8442935-2754121,2,B0J4AJH5Y5,SKU-0084,ProGrip Monitor Stand — Space Saving & Multipurpose,1,57.15,0.0,57.15,USD
114-8442935-2754121,3,B0N90348CD,SKU-0088,ProGrip Desk Chair Cushion — Multipurpose & Ergonomic,1,17.61,0.0,17.61,USD
114-6963591-1722689,1,B03WTWXEDC,SKU-0072,CloudNest Magnetic Tiles — STEM Learning & Educational,2,19.25,0.0,38.5,USD
114-6132586-5031696,1,B0NQJ9A5QP,SKU-0081,WriteWell Paper Shredder — Ergonomic & Space Saving,1,15.31,0.0,15.31,USD
114-1650551-3450509,1,B0936760J9,SKU-0034,Nordic Home Shower Caddy — Easy Clean & Non-Stick Coating,1,25.31,0.0,25.31,USD
114-1014942-9339038,1,B0YJ486MXU,SKU-0107,LittleNest Baby Safety Gate — Safety Certified & BPA-Free,3,60.8,0.0,182.4,USD
114-1014942-9339038,2,B0U0VF1HMG,SKU-0040,ZenLife Nail Clipper Set — Gentle Formula & Cruelty-Free,1,28.36,0.0,28.36,USD
114-1014942-9339038,3,B0MVKP1792,SKU-0002,BrightBeam HDMI Cable — Bluetooth 5.3 & HD 1080p,2,63.85,0.0,127.7,USD
114-6160334-2696630,1,B0J4AJH5Y5,SKU-0084,ProGrip Monitor Stand — Space Saving & Multipurpose,1,57.15,0.0,57.15,USD
114-9544092-5362897,1,B0ANDXF98K,SKU-0004,AuroraTech WiFi Range Extender — Bluetooth 5.3 & Fast Charging,1,109.5,0.0,109.5,USD
114-6470261-6051327,1,B0R5E97R3C,SKU-0001,AuroraTech Smart Plug — Noise Cancelling & HD 1080p,1,89.73,0.0,89.73,USD
114-6470261-6051327,2,B0TXQ65ZFV,SKU-0087,WriteWell Desk Organizer — Ergonomic & Multipurpose,1,21.66,0.0,21.66,USD
114-5140640-9087054,1,B02T104M25,SKU-0111,DriveGuard Jump Starter — Long Cord & Universal Fit,1,55.67,0.0,55.67,USD
114-4192687-9278147,1,B0TXQ65ZFV,SKU-0087,WriteWell Desk Organizer — Ergonomic & Multipurpose,1,21.66,0.0,21.66,USD
114-8126042-4443319,1,B04ZD4ZURZ,SKU-0103,LittleNest Baby Monitor — Safety Certified & Hypoallergenic,1,31.9,0.0,31.9,USD
114-9994992-8127697,1,B0NQJ9A5QP,SKU-0081,WriteWell Paper Shredder — Ergonomic & Space Saving,1,15.31,0.0,15.31,USD
114-1583544-5735019,1,B055PLDLF8,SKU-0005,BrightBeam Webcam — Compact Design & 30H Battery Life,1,40.21,0.0,40.21,USD
114-1557509-2128128,1,B0ZWX7WPK9,SKU-0114,DriveGuard Seat Covers — Universal Fit & Heavy Duty,1,20.72,0.0,20.72,USD
114-7541975-8743686,1,B0P5FBKME8,SKU-0047,PureGlo Bath Bomb Set — Dermatologist Tested & Gentle Formula,1,31.59,0.0,31.59,USD
114-7541975-8743686,2,B0M2QT36J4,SKU-0010,AuroraTech Portable Charger — Fast Charging & HD 1080p,1,64.56,0.0,64.56,USD
114-8245345-6119689,1,B0M9299AJ4,SKU-0024,ZenLife Electric Kettle — Non-Stick Coating & Space Saving,1,46.0,0.0,46.0,USD
114-8245345-6119689,2,B0M2QT36J4,SKU-0010,AuroraTech Portable Charger — Fast Charging & HD 1080p,1,64.56,0.0,64.56,USD
114-8245345-6119689,3,B04Z7XKKST,SKU-0105,LittleNest Swaddle Blankets — BPA-Free & Safety Certified,1,54.16,0.0,54.16,USD
114-8245345-6119689,4,B0NQJ9A5QP,SKU-0081,WriteWell Paper Shredder — Ergonomic & Space Saving,2,11.7,2.11,21.29,USD
114-3508613-8512901,1,B043M1S1C4,SKU-0049,PureGlo Sunscreen Lotion — Ionic Technology & Dermatologist Tested,1,31.54,0.0,31.54,USD
114-3508613-8512901,2,B0FA6PK7S1,SKU-0043,PureGlo Body Scrub — Ionic Technology & Gentle Formula,2,29.48,0.0,58.96,USD
114-9763336-2184696,1,B04Z7XKKST,SKU-0105,LittleNest Swaddle Blankets — BPA-Free & Safety Certified,1,54.16,0.0,54.16,USD
114-5988191-3468560,1,B0GJL7P973,SKU-0045,PureGlo Hair Straightener — Cruelty-Free & Ionic Technology,1,39.53,0.0,39.53,USD
114-1454152-8359875,1,B0N90348CD,SKU-0088,ProGrip Desk Chair Cushion — Multipurpose & Ergonomic,3,17.61,0.0,52.83,USD
114-9873881-4519366,1,B0F635F86R,SKU-0097,PawPals Dog Chew Toys — Durable & Easy to Clean,1,21.36,0.0,21.36,USD
114-9873881-4519366,2,B01CQYLRS7,SKU-0070,CloudNest Art Supplies Kit — STEM Learning & Interactive,1,13.62,0.0,13.62,USD
114-2210028-3955533,1,B08H6XVAML,SKU-0006,EverPeak Gaming Mouse — RGB Backlit & Compact Design,1,88.7,0.0,88.7,USD
114-2210028-3955533,2,B00JXDXVG6,SKU-0095,PawPals Dog Treat Pouch — Easy to Clean & Non-Toxic,1,18.93,0.0,18.93,USD
114-2210028-3955533,3,B0HE56LV1G,SKU-0071,KiddoCraft Play Kitchen Set — Interactive & Ages 3+,2,22.81,0.0,45.62,USD
114-2210028-3955533,4,B08UGTRB3Y,SKU-0050,ZenLife Vitamin C Serum — Dermatologist Tested & Long Lasting,1,40.54,0.0,40.54,USD
114-1623846-7829220,1,B0ZWX7WPK9,SKU-0114,DriveGuard Seat Covers — Universal Fit & Heavy Duty,1,19.42,0.0,19.42,USD
114-6429495-9744435,1,B0YXU5G7D1,SKU-0011,BrightBeam Bluetooth Speaker — Fast Charging & Noise Cancelling,1,107.91,0.0,107.91,USD
114-9983616-8035682,1,B0TURPLSHH,SKU-0100,PawPals Automatic Pet Feeder — Easy to Clean & Vet Recommended,1,43.13,0.0,43.13,USD
114-8051963-7296953,1,B0GJL7P973,SKU-0045,PureGlo Hair Straightener — Cruelty-Free & Ionic Technology,1,39.53,3.44,36.09,USD
114-6554130-7494787,1,B0GJL7P973,SKU-0045,PureGlo Hair Straightener — Cruelty-Free & Ionic Technology,4,39.53,0.0,158.12,USD
114-6554130-7494787,2,B02T104M25,SKU-0111,DriveGuard Jump Starter — Long Cord & Universal Fit,1,55.67,0.0,55.67,USD
114-6554130-7494787,3,B0YXU5G7D1,SKU-0011,BrightBeam Bluetooth Speaker — Fast Charging & Noise Cancelling,1,107.91,0.0,107.91,USD
114-1805731-6696574,1,B0J9HPEX6X,SKU-0112,DriveGuard Tire Pressure Gauge — Long Cord & Heavy Duty,1,36.82,0.0,36.82,USD
114-1805731-6696574,2,B0PGGKXQ9K,SKU-0093,PawPals Pet Water Fountain — Easy to Clean & Vet Recommended,1,34.22,0.0,34.22,USD
114-9454062-2429792,1,B0J9HPEX6X,SKU-0112,DriveGuard Tire Pressure Gauge — Long Cord & Heavy Duty,2,34.7,4.24,65.16,USD
114-1727027-3696228,1,B055PLDLF8,SKU-0005,BrightBeam Webcam — Compact Design & 30H Battery Life,2,40.21,0.0,80.42,USD
114-1727027-3696228,2,B0M6YEW145,SKU-0083,WriteWell Standing Desk Converter — Durable & Multipurpose,2,10.68,0.0,21.36,USD
114-1727027-3696228,3,B0NQJ9A5QP,SKU-0081,WriteWell Paper Shredder — Ergonomic & Space Saving,2,13.62,0.0,27.24,USD
114-5331176-4154776,1,B08RJE02WW,SKU-0016,AuroraTech Headphones — Bluetooth 5.3 & Water Resistant,3,87.93,0.0,263.79,USD
114-5730805-4837098,1,B0FKKPVMZA,SKU-0065,TrailBlaze Foam Roller — Heavy Duty & Anti-Slip,1,52.95,0.0,52.95,USD
114-5730805-4837098,2,B0R7U9K93R,SKU-0094,PawPals Pet Carrier — Non-Toxic & Durable,2,21.64,0.0,43.28,USD
114-5730805-4837098,3,B00EGECWF5,SKU-0030,ZenLife Laundry Hamper — Dishwasher Safe & Premium Finish,1,68.26,0.0,68.26,USD
114-5730805-4837098,4,B0U0VF1HMG,SKU-0040,ZenLife Nail Clipper Set — Gentle Formula & Cruelty-Free,1,24.82,2.26,22.56,USD
114-9579726-9277714,1,B02T104M25,SKU-0111,DriveGuard Jump Starter — Long Cord & Universal Fit,1,55.67,0.0,55.67,USD
114-8903263-4817169,1,B0NGF9R3E9,SKU-0061,TrailBlaze Cooler Bag — Waterproof & Lightweight,1,82.22,0.0,82.22,USD
114-8169650-6113383,1,B0DLXACSTN,SKU-0068,CloudNest Plush Toy — Non-Toxic & Ages 3+,2,21.32,0.0,42.64,USD
114-4277096-8108762,1,B0MVKP1792,SKU-0002,BrightBeam HDMI Cable — Bluetooth 5.3 & HD 1080p,1,63.85,0.0,63.85,USD
114-4277096-8108762,2,B0P5FBKME8,SKU-0047,PureGlo Bath Bomb Set — Dermatologist Tested & Gentle Formula,1,29.77,0.0,29.77,USD
114-8625045-4305201,1,B0E48MCY15,SKU-0079,WriteWell Label Maker — Durable & Multipurpose,1,49.25,0.0,49.25,USD
114-8625045-4305201,2,B0NQJ9A5QP,SKU-0081,WriteWell Paper Shredder — Ergonomic & Space Saving,1,13.62,0.0,13.62,USD
114-4802892-3703481,1,B05P1Y30A5,SKU-0091,PawPals Slow Feeder Bowl — Easy to Clean & Non-Toxic,1,11.7,0.0,11.7,USD
114-9781620-8781718,1,B0A30AC946,SKU-0117,ProGrip Stud Finder — Ergonomic Grip & Rust Resistant,1,19.86,0.0,19.86,USD
114-5466216-1653656,1,B0M6YEW145,SKU-0083,WriteWell Standing Desk Converter — Durable & Multipurpose,1,9.99,0.0,9.99,USD
114-5466216-1653656,2,B0F635F86R,SKU-0097,PawPals Dog Chew Toys — Durable & Easy to Clean,1,21.36,0.0,21.36,USD
114-5466216-1653656,3,B04ZD4ZURZ,SKU-0103,LittleNest Baby Monitor — Safety Certified & Hypoallergenic,2,31.9,0.0,63.8,USD
114-2699570-7423250,1,B02T104M25,SKU-0111,DriveGuard Jump Starter — Long Cord & Universal Fit,1,55.67,0.0,55.67,USD
114-2699570-7423250,2,B0YXU5G7D1,SKU-0011,BrightBeam Bluetooth Speaker — Fast Charging & Noise Cancelling,4,84.3,0.0,337.2,USD
114-2699570-7423250,3,B0F635F86R,SKU-0097,PawPals Dog Chew Toys — Durable & Easy to Clean,1,21.36,0.0,21.36,USD
114-2699570-7423250,4,B0TURPLSHH,SKU-0100,PawPals Automatic Pet Feeder — Easy to Clean & Vet Recommended,2,43.13,0.0,86.26,USD
114-4245735-8053366,1,B0NL5Q5CZM,SKU-0003,EverPeak USB-C Hub — Water Resistant & HD 1080p,1,110.91,0.0,110.91,USD
114-4245735-8053366,2,B0DLXACSTN,SKU-0068,CloudNest Plush Toy — Non-Toxic & Ages 3+,1,21.32,0.0,21.32,USD
114-4245735-8053366,3,B0N90348CD,SKU-0088,ProGrip Desk Chair Cushion — Multipurpose & Ergonomic,1,17.61,0.0,17.61,USD
114-3645444-4546586,1,B0ANDXF98K,SKU-0004,AuroraTech WiFi Range Extender — Bluetooth 5.3 & Fast Charging,1,109.5,0.0,109.5,USD
114-7598881-6826000,1,B0GJL7P973,SKU-0045,PureGlo Hair Straightener — Cruelty-Free & Ionic Technology,1,39.53,0.0,39.53,USD
114-3113847-1876627,1,B0M6YEW145,SKU-0083,WriteWell Standing Desk Converter — Durable & Multipurpose,1,9.99,0.0,9.99,USD
114-3113847-1876627,2,B0DLXACSTN,SKU-0068,CloudNest Plush Toy — Non-Toxic & Ages 3+,1,21.32,0.0,21.32,USD
114-3414645-1021398,1,B0YBRGQRFQ,SKU-0110,DriveGuard Car Vacuum — Long Cord & Easy Install,1,18.37,0.0,18.37,USD
114-1461792-3027565,1,B08H6XVAML,SKU-0006,EverPeak Gaming Mouse — RGB Backlit & Compact Design,1,88.7,0.0,88.7,USD
114-1037905-2611475,1,B04ZD4ZURZ,SKU-0103,LittleNest Baby Monitor — Safety Certified & Hypoallergenic,1,31.9,0.0,31.9,USD
114-1037905-2611475,2,B08UGTRB3Y,SKU-0050,ZenLife Vitamin C Serum — Dermatologist Tested & Long Lasting,1,40.54,0.0,40.54,USD
114-1462630-3338312,1,B0EGZYNSAE,SKU-0106,LittleNest Baby Bath Tub — Hypoallergenic & Safety Certified,2,25.43,0.0,50.86,USD
114-9886335-2204950,1,B09V1N9TED,SKU-0077,KiddoCraft Puzzle Set — Non-Toxic & STEM Learning,1,29.15,0.0,29.15,USD
114-9886335-2204950,2,B0WCY6LU8P,SKU-0029,UrbanKitchen Wall Clock — Easy Clean & Dishwasher Safe,2,72.21,0.0,144.42,USD
114-9886335-2204950,3,B03QFWA54M,SKU-0056,EverPeak Running Belt — Anti-Slip & Waterproof,1,43.14,0.0,43.14,USD
114-9886335-2204950,4,B0R5E97R3C,SKU-0001,AuroraTech Smart Plug — Noise Cancelling & HD 1080p,3,89.73,0.0,269.19,USD
114-9886335-2204950,5,B0R7U9K93R,SKU-0094,PawPals Pet Carrier — Non-Toxic & Durable,1,21.64,0.0,21.64,USD
114-4956542-4029545,1,B0NQJ9A5QP,SKU-0081,WriteWell Paper Shredder — Ergonomic & Space Saving,1,15.31,0.0,15.31,USD
114-4956542-4029545,2,B02X1DSSZM,SKU-0102,LittleNest Diaper Bag — Hypoallergenic & Easy to Clean,1,13.44,0.0,13.44,USD
114-4956542-4029545,3,B0ANDXF98K,SKU-0004,AuroraTech WiFi Range Extender — Bluetooth 5.3 & Fast Charging,1,109.5,0.0,109.5,USD
114-4956542-4029545,4,B0F635F86R,SKU-0097,PawPals Dog Chew Toys — Durable & Easy to Clean,1,21.36,0.0,21.36,USD
114-2920773-4764411,1,B0U0VF1HMG,SKU-0040,ZenLife Nail Clipper Set — Gentle Formula & Cruelty-Free,1,24.82,0.0,24.82,USD
114-1164605-5547791,1,B0NQJ9A5QP,SKU-0081,WriteWell Paper Shredder — Ergonomic & Space Saving,1,15.31,0.0,15.31,USD
114-1164605-5547791,2,B0F635F86R,SKU-0097,PawPals Dog Chew Toys — Durable & Easy to Clean,1,21.36,0.0,21.36,USD
114-4116654-5607228,1,B0N90348CD,SKU-0088,ProGrip Desk Chair Cushion — Multipurpose & Ergonomic,1,17.61,0.0,17.61,USD
114-4116654-5607228,2,B0ZWX7WPK9,SKU-0114,DriveGuard Seat Covers — Universal Fit & Heavy Duty,1,19.42,0.0,19.42,USD
114-4041827-5439090,1,B00EGECWF5,SKU-0030,ZenLife Laundry Hamper — Dishwasher Safe & Premium Finish,1,68.26,0.0,68.26,USD
114-4041827-5439090,2,B05P1Y30A5,SKU-0091,PawPals Slow Feeder Bowl — Easy to Clean & Non-Toxic,2,11.7,0.0,23.4,USD
114-9232445-7458432,1,B0279XVVC5,SKU-0014,BrightBeam Desk Lamp — RGB Backlit & Noise Cancelling,2,51.35,0.0,102.7,USD
114-3961635-2247698,1,B0F635F86R,SKU-0097,PawPals Dog Chew Toys — Durable & Easy to Clean,1,21.36,0.0,21.36,USD
114-3961635-2247698,2,B0ANDXF98K,SKU-0004,AuroraTech WiFi Range Extender — Bluetooth 5.3 & Fast Charging,1,109.5,0.0,109.5,USD
114-2861892-4350838,1,B0279XVVC5,SKU-0014,BrightBeam Desk Lamp — RGB Backlit & Noise Cancelling,4,51.35,0.0,205.4,USD
114-8227715-7103897,1,B01CQYLRS7,SKU-0070,CloudNest Art Supplies Kit — STEM Learning & Interactive,1,13.62,0.0,13.62,USD
114-5391977-8221964,1,B02X1DSSZM,SKU-0102,LittleNest Diaper Bag — Hypoallergenic & Easy to Clean,2,13.44,0.0,26.88,USD
114-5391977-8221964,2,B0ANDXF98K,SKU-0004,AuroraTech WiFi Range Extender — Bluetooth 5.3 & Fast Charging,1,109.5,0.0,109.5,USD
114-2196690-7424230,1,B0HE56LV1G,SKU-0071,KiddoCraft Play Kitchen Set — Interactive & Ages 3+,1,22.81,0.0,22.81,USD
114-4464127-1222519,1,B0YBRGQRFQ,SKU-0110,DriveGuard Car Vacuum — Long Cord & Easy Install,1,18.37,0.0,18.37,USD
114-4464127-1222519,2,B055PLDLF8,SKU-0005,BrightBeam Webcam — Compact Design & 30H Battery Life,2,40.21,0.0,80.42,USD
114-5159284-2516488,1,B0NL5Q5CZM,SKU-0003,EverPeak USB-C Hub — Water Resistant & HD 1080p,2,73.81,16.06,131.56,USD
114-8556865-8739560,1,B06AZNEH47,SKU-0008,BrightBeam Mechanical Keyboard — 30H Battery Life & Water Resistant,1,75.67,0.0,75.67,USD
114-9122495-8699037,1,B0PGGKXQ9K,SKU-0093,PawPals Pet Water Fountain — Easy to Clean & Vet Recommended,1,34.22,0.0,34.22,USD
114-9122495-8699037,2,B0NQJ9A5QP,SKU-0081,WriteWell Paper Shredder — Ergonomic & Space Saving,1,15.31,0.0,15.31,USD
114-9122495-8699037,3,B0FKKPVMZA,SKU-0065,TrailBlaze Foam Roller — Heavy Duty & Anti-Slip,1,52.95,0.0,52.95,USD
114-4788034-3055871,1,B0U0VF1HMG,SKU-0040,ZenLife Nail Clipper Set — Gentle Formula & Cruelty-Free,1,24.82,0.0,24.82,USD
114-4788034-3055871,2,B0N90348CD,SKU-0088,ProGrip Desk Chair Cushion — Multipurpose & Ergonomic,1,17.61,0.0,17.61,USD
114-9493741-7082832,1,B02X1DSSZM,SKU-0102,LittleNest Diaper Bag — Hypoallergenic & Easy to Clean,1,13.44,0.0,13.44,USD
114-2345424-6696694,1,B0NKTX370W,SKU-0051,PureGlo Shampoo & Conditioner — Gentle Formula & Ionic Technology,1,12.23,1.52,10.71,USD
114-2345424-6696694,2,B0TXQ65ZFV,SKU-0087,WriteWell Desk Organizer — Ergonomic & Multipurpose,1,21.66,0.0,21.66,USD
114-4962441-9580264,1,B0SH0V1DCR,SKU-0075,KiddoCraft Nerf-Style Blaster — Ages 3+ & Interactive,1,17.07,0.0,17.07,USD
114-4962441-9580264,2,B0GJL7P973,SKU-0045,PureGlo Hair Straightener — Cruelty-Free & Ionic Technology,1,39.53,0.0,39.53,USD
114-2915668-9727717,1,B08UGTRB3Y,SKU-0050,ZenLife Vitamin C Serum — Dermatologist Tested & Long Lasting,2,40.54,0.0,81.08,USD
114-2915668-9727717,2,B0F635F86R,SKU-0097,PawPals Dog Chew Toys — Durable & Easy to Clean,1,21.36,0.0,21.36,USD
114-2915668-9727717,3,B0279XVVC5,SKU-0014,BrightBeam Desk Lamp — RGB Backlit & Noise Cancelling,1,51.35,0.0,51.35,USD
114-2915668-9727717,4,B0N90348CD,SKU-0088,ProGrip Desk Chair Cushion — Multipurpose & Ergonomic,1,19.37,1.06,18.31,USD
114-2915668-9727717,5,B02X1DSSZM,SKU-0102,LittleNest Diaper Bag — Hypoallergenic & Easy to Clean,1,13.44,0.0,13.44,USD
114-4033433-5005493,1,B02X1DSSZM,SKU-0102,LittleNest Diaper Bag — Hypoallergenic & Easy to Clean,1,13.44,0.0,13.44,USD
114-3708034-5508903,1,B0P5FBKME8,SKU-0047,PureGlo Bath Bomb Set — Dermatologist Tested & Gentle Formula,2,31.59,0.0,63.18,USD
114-9875949-9041253,1,B0YXU5G7D1,SKU-0011,BrightBeam Bluetooth Speaker — Fast Charging & Noise Cancelling,1,107.91,0.0,107.91,USD
114-9875949-9041253,2,B0A8X9FRKN,SKU-0031,Nordic Home Coffee Grinder — BPA-Free & Premium Finish,2,82.74,0.0,165.48,USD
114-7853022-7253059,1,B085JJ3ZXF,SKU-0041,PureGlo Electric Toothbrush — Long Lasting & Dermatologist Tested,1,42.31,0.0,42.31,USD
114-7853022-7253059,2,B088K2QTZJ,SKU-0007,AuroraTech Car Mount — Bluetooth 5.3 & RGB Backlit,1,52.27,0.0,52.27,USD
114-6167692-4858531,1,B0A8X9FRKN,SKU-0031,Nordic Home Coffee Grinder — BPA-Free & Premium Finish,1,74.65,0.0,74.65,USD
114-6959962-7029324,1,B0WCY6LU8P,SKU-0029,UrbanKitchen Wall Clock — Easy Clean & Dishwasher Safe,2,72.21,0.0,144.42,USD
114-5468992-6137510,1,B0ERBP9846,SKU-0033,ZenLife Throw Blanket — BPA-Free & Non-Stick Coating,1,42.34,0.0,42.34,USD
114-5468992-6137510,2,B0U0VF1HMG,SKU-0040,ZenLife Nail Clipper Set — Gentle Formula & Cruelty-Free,1,28.36,3.19,25.17,USD
114-9209972-3933600,1,B0R5E97R3C,SKU-0001,AuroraTech Smart Plug — Noise Cancelling & HD 1080p,1,89.73,0.0,89.73,USD
114-3757814-4404838,1,B0FPMT2SF9,SKU-0076,CloudNest Science Kit — Educational & Non-Toxic,1,12.73,0.0,12.73,USD
114-8234120-5541617,1,B0ZWX7WPK9,SKU-0114,DriveGuard Seat Covers — Universal Fit & Heavy Duty,1,20.72,2.73,17.99,USD
114-1600952-4951960,1,B0ANDXF98K,SKU-0004,AuroraTech WiFi Range Extender — Bluetooth 5.3 & Fast Charging,1,109.5,0.0,109.5,USD
114-1600952-4951960,2,B08RJE02WW,SKU-0016,AuroraTech Headphones — Bluetooth 5.3 & Water Resistant,2,87.93,0.0,175.86,USD
114-1600952-4951960,3,B0YXU5G7D1,SKU-0011,BrightBeam Bluetooth Speaker — Fast Charging & Noise Cancelling,2,107.91,0.0,215.82,USD
114-6630539-3463038,1,B0LPG6DAQM,SKU-0120,EverPeak Tool Bag — Rust Resistant & Ergonomic Grip,2,38.1,0.0,76.2,USD
114-6630539-3463038,2,B08H6XVAML,SKU-0006,EverPeak Gaming Mouse — RGB Backlit & Compact Design,1,81.06,4.27,76.79,USD
114-1295982-6899272,1,B08UGTRB3Y,SKU-0050,ZenLife Vitamin C Serum — Dermatologist Tested & Long Lasting,1,40.54,0.0,40.54,USD
114-1295982-6899272,2,B0NL5Q5CZM,SKU-0003,EverPeak USB-C Hub — Water Resistant & HD 1080p,3,110.91,0.0,332.73,USD
114-8555310-7777591,1,B0P5FBKME8,SKU-0047,PureGlo Bath Bomb Set — Dermatologist Tested & Gentle Formula,1,29.77,0.0,29.77,USD
114-8555310-7777591,2,B04Z7XKKST,SKU-0105,LittleNest Swaddle Blankets — BPA-Free & Safety Certified,1,54.16,0.0,54.16,USD
114-1701872-4736736,1,B02X1DSSZM,SKU-0102,LittleNest Diaper Bag — Hypoallergenic & Easy to Clean,1,13.44,0.0,13.44,USD
114-1701872-4736736,2,B0M2QT36J4,SKU-0010,AuroraTech Portable Charger — Fast Charging & HD 1080p,1,64.56,0.0,64.56,USD
114-2495826-5833943,1,B088K2QTZJ,SKU-0007,AuroraTech Car Mount — Bluetooth 5.3 & RGB Backlit,1,52.27,0.0,52.27,USD
114-2495826-5833943,2,B01CQYLRS7,SKU-0070,CloudNest Art Supplies Kit — STEM Learning & Interactive,1,13.62,0.0,13.62,USD
114-4966235-8559538,1,B0M1WJMA8T,SKU-0085,WriteWell Planner Notebook — Ergonomic & Multipurpose,1,8.44,0.0,8.44,USD
114-4966235-8559538,2,B0DLXACSTN,SKU-0068,CloudNest Plush Toy — Non-Toxic & Ages 3+,1,21.32,0.0,21.32,USD
114-8180898-3774182,1,B0UX1US6RV,SKU-0096,PawPals Cat Scratching Post — Durable & Non-Toxic,1,34.97,3.89,31.08,USD
114-2530564-3585930,1,B055PLDLF8,SKU-0005,BrightBeam Webcam — Compact Design & 30H Battery Life,1,40.21,0.0,40.21,USD
114-7737955-6622956,1,B0TXQ65ZFV,SKU-0087,WriteWell Desk Organizer — Ergonomic & Multipurpose,1,21.66,0.0,21.66,USD
114-8757507-7049142,1,B0JH68DJ8G,SKU-0032,UrbanKitchen Blender — Non-Stick Coating & Space Saving,1,25.59,0.0,25.59,USD
114-1425394-2501727,1,B00EGECWF5,SKU-0030,ZenLife Laundry Hamper — Dishwasher Safe & Premium Finish,1,72.6,0.0,72.6,USD
114-1425394-2501727,2,B0MVKP1792,SKU-0002,BrightBeam HDMI Cable — Bluetooth 5.3 & HD 1080p,1,67.82,0.0,67.82,USD
114-3305689-5984788,1,B04N2RZ3JC,SKU-0060,EverPeak Sleeping Bag — Waterproof & Lightweight,1,24.26,0.0,24.26,USD
114-8666531-4789896,1,B0HE56LV1G,SKU-0071,KiddoCraft Play Kitchen Set — Interactive & Ages 3+,1,22.81,0.0,22.81,USD
114-8666531-4789896,2,B0FKKPVMZA,SKU-0065,TrailBlaze Foam Roller — Heavy Duty & Anti-Slip,2,52.95,0.0,105.9,USD
114-9950854-6348335,1,B08H6XVAML,SKU-0006,EverPeak Gaming Mouse — RGB Backlit & Compact Design,3,81.06,0.0,243.18,USD
114-9950854-6348335,2,B00EGECWF5,SKU-0030,ZenLife Laundry Hamper — Dishwasher Safe & Premium Finish,2,68.26,0.0,136.52,USD
114-9601069-5935322,1,B0AZBDRH38,SKU-0086,ProGrip Sticky Notes Pack — Ergonomic & Multipurpose,1,27.71,0.0,27.71,USD
114-9601069-5935322,2,B02T104M25,SKU-0111,DriveGuard Jump Starter — Long Cord & Universal Fit,1,55.67,0.0,55.67,USD
114-9601069-5935322,3,B0JH68DJ8G,SKU-0032,UrbanKitchen Blender — Non-Stick Coating & Space Saving,1,26.96,0.0,26.96,USD
114-1818034-2693035,1,B04Z7XKKST,SKU-0105,LittleNest Swaddle Blankets — BPA-Free & Safety Certified,1,54.16,0.0,54.16,USD
114-4034862-7525831,1,B0DLXACSTN,SKU-0068,CloudNest Plush Toy — Non-Toxic & Ages 3+,1,21.32,0.0,21.32,USD
114-4034862-7525831,2,B0CYFJJNVP,SKU-0092,PawPals Pet Grooming Brush — Vet Recommended & Non-Toxic,1,30.81,0.0,30.81,USD
114-4034862-7525831,3,B0QKGVBY0X,SKU-0108,LittleNest Baby Bottle Set — BPA-Free & Hypoallergenic,1,32.0,0.0,32.0,USD
114-4034862-7525831,4,B0NQJ9A5QP,SKU-0081,WriteWell Paper Shredder — Ergonomic & Space Saving,1,11.7,0.0,11.7,USD
114-9227143-1887311,1,B0MVKP1792,SKU-0002,BrightBeam HDMI Cable — Bluetooth 5.3 & HD 1080p,1,63.85,0.0,63.85,USD
114-9227143-1887311,2,B0J4AJH5Y5,SKU-0084,ProGrip Monitor Stand — Space Saving & Multipurpose,1,57.15,0.0,57.15,USD
114-9716644-1690978,1,B0MVKP1792,SKU-0002,BrightBeam HDMI Cable — Bluetooth 5.3 & HD 1080p,1,63.85,0.0,63.85,USD
114-8332013-4310929,1,B0R7U9K93R,SKU-0094,PawPals Pet Carrier — Non-Toxic & Durable,1,23.08,0.0,23.08,USD
114-5962273-4222243,1,B0A30AC946,SKU-0117,ProGrip Stud Finder — Ergonomic Grip & Rust Resistant,4,19.86,0.0,79.44,USD
114-2972032-1682701,1,B0ZWX7WPK9,SKU-0114,DriveGuard Seat Covers — Universal Fit & Heavy Duty,2,19.42,0.0,38.84,USD
114-2972032-1682701,2,B0FPMT2SF9,SKU-0076,CloudNest Science Kit — Educational & Non-Toxic,1,12.73,0.0,12.73,USD
114-8598149-1182174,1,B0AZBDRH38,SKU-0086,ProGrip Sticky Notes Pack — Ergonomic & Multipurpose,1,27.71,0.0,27.71,USD
114-4587039-4777499,1,B0R7U9K93R,SKU-0094,PawPals Pet Carrier — Non-Toxic & Durable,1,21.64,0.0,21.64,USD
114-9668174-9743709,1,B0NQJ9A5QP,SKU-0081,WriteWell Paper Shredder — Ergonomic & Space Saving,1,15.31,0.0,15.31,USD
114-6641380-4895221,1,B04Z7XKKST,SKU-0105,LittleNest Swaddle Blankets — BPA-Free & Safety Certified,1,54.16,0.0,54.16,USD
114-3276586-7369059,1,B08H6XVAML,SKU-0006,EverPeak Gaming Mouse — RGB Backlit & Compact Design,1,81.06,0.0,81.06,USD
114-2543109-8826136,1,B0TURPLSHH,SKU-0100,PawPals Automatic Pet Feeder — Easy to Clean & Vet Recommended,1,43.13,0.0,43.13,USD
114-2506474-2456631,1,B04Z7XKKST,SKU-0105,LittleNest Swaddle Blankets — BPA-Free & Safety Certified,2,54.16,0.0,108.32,USD
114-9826044-7025082,1,B055PLDLF8,SKU-0005,BrightBeam Webcam — Compact Design & 30H Battery Life,1,40.21,3.47,36.74,USD
114-9826044-7025082,2,B01CQYLRS7,SKU-0070,CloudNest Art Supplies Kit — STEM Learning & Interactive,1,13.62,0.0,13.62,USD
114-4320375-5317522,1,B0NL5Q5CZM,SKU-0003,EverPeak USB-C Hub — Water Resistant & HD 1080p,1,103.75,0.0,103.75,USD
114-2212374-3223747,1,B0A30AC946,SKU-0117,ProGrip Stud Finder — Ergonomic Grip & Rust Resistant,1,19.86,0.0,19.86,USD
114-2212374-3223747,2,B088K2QTZJ,SKU-0007,AuroraTech Car Mount — Bluetooth 5.3 & RGB Backlit,1,52.27,0.0,52.27,USD
114-2212374-3223747,3,B0TXQ65ZFV,SKU-0087,WriteWell Desk Organizer — Ergonomic & Multipurpose,1,21.66,0.0,21.66,USD
114-2212374-3223747,4,B0GJL7P973,SKU-0045,PureGlo Hair Straightener — Cruelty-Free & Ionic Technology,1,39.53,0.0,39.53,USD
114-3492388-2305072,1,B04Z7XKKST,SKU-0105,LittleNest Swaddle Blankets — BPA-Free & Safety Certified,1,54.16,0.0,54.16,USD
114-2175979-8005284,1,B0J4AJH5Y5,SKU-0084,ProGrip Monitor Stand — Space Saving & Multipurpose,1,57.15,0.0,57.15,USD
114-2175979-8005284,2,B0FTQRA6A1,SKU-0109,DriveGuard Dash Cam — Heavy Duty & Easy Install,2,30.93,0.0,61.86,USD
114-2175979-8005284,3,B0NQJ9A5QP,SKU-0081,WriteWell Paper Shredder — Ergonomic & Space Saving,1,15.31,0.0,15.31,USD
114-6774032-1053482,1,B0NL5Q5CZM,SKU-0003,EverPeak USB-C Hub — Water Resistant & HD 1080p,2,110.91,0.0,221.82,USD
114-7044525-3614845,1,B0A8X9FRKN,SKU-0031,Nordic Home Coffee Grinder — BPA-Free & Premium Finish,3,74.65,0.0,223.95,USD
114-7044525-3614845,2,B0FTQRA6A1,SKU-0109,DriveGuard Dash Cam — Heavy Duty & Easy Install,1,30.93,0.0,30.93,USD
114-3033943-5184283,1,B04ZD4ZURZ,SKU-0103,LittleNest Baby Monitor — Safety Certified & Hypoallergenic,1,31.9,0.0,31.9,USD
114-9934588-2212391,1,B043M1S1C4,SKU-0049,PureGlo Sunscreen Lotion — Ionic Technology & Dermatologist Tested,1,31.54,0.0,31.54,USD
114-9934588-2212391,2,B0MVKP1792,SKU-0002,BrightBeam HDMI Cable — Bluetooth 5.3 & HD 1080p,1,63.85,0.0,63.85,USD
114-3769025-3896697,1,B0SQ7F7BFE,SKU-0057,TrailBlaze Dumbbell Set — Waterproof & Portable,1,46.37,0.0,46.37,USD
114-4600268-3656630,1,B055PLDLF8,SKU-0005,BrightBeam Webcam — Compact Design & 30H Battery Life,1,40.21,0.0,40.21,USD
114-5594995-7276341,1,B0M1WJMA8T,SKU-0085,WriteWell Planner Notebook — Ergonomic & Multipurpose,1,8.44,0.0,8.44,USD
114-8528175-9903454,1,B0P5FBKME8,SKU-0047,PureGlo Bath Bomb Set — Dermatologist Tested & Gentle Formula,3,29.77,0.0,89.31,USD
114-3433514-7490950,1,B08H6XVAML,SKU-0006,EverPeak Gaming Mouse — RGB Backlit & Compact Design,2,88.7,0.0,177.4,USD
114-5765153-6547161,1,B0ANDXF98K,SKU-0004,AuroraTech WiFi Range Extender — Bluetooth 5.3 & Fast Charging,2,109.5,0.0,219.0,USD
114-5765153-6547161,2,B0JH68DJ8G,SKU-0032,UrbanKitchen Blender — Non-Stick Coating & Space Saving,1,25.59,0.0,25.59,USD
114-1227408-5583707,1,B0M6YEW145,SKU-0083,WriteWell Standing Desk Converter — Durable & Multipurpose,1,10.68,0.0,10.68,USD
114-8146329-6522081,1,B0QKGVBY0X,SKU-0108,LittleNest Baby Bottle Set — BPA-Free & Hypoallergenic,1,32.0,0.0,32.0,USD
114-5377586-3019769,1,B0DLXACSTN,SKU-0068,CloudNest Plush Toy — Non-Toxic & Ages 3+,1,21.32,0.0,21.32,USD
114-2983863-8138039,1,B04ZD4ZURZ,SKU-0103,LittleNest Baby Monitor — Safety Certified & Hypoallergenic,2,31.9,0.0,63.8,USD
114-2983863-8138039,2,B06AZNEH47,SKU-0008,BrightBeam Mechanical Keyboard — 30H Battery Life & Water Resistant,2,75.67,0.0,151.34,USD
114-2983863-8138039,3,B03WTWXEDC,SKU-0072,CloudNest Magnetic Tiles — STEM Learning & Educational,1,19.25,0.0,19.25,USD
114-2983863-8138039,4,B01U2VVLHF,SKU-0066,EverPeak Water Bottle — Portable & Waterproof,1,66.14,0.0,66.14,USD
114-2983863-8138039,5,B0JH68DJ8G,SKU-0032,UrbanKitchen Blender — Non-Stick Coating & Space Saving,1,25.59,0.0,25.59,USD
114-2983863-8138039,6,B0NL5Q5CZM,SKU-0003,EverPeak USB-C Hub — Water Resistant & HD 1080p,1,110.91,0.0,110.91,USD
114-9977294-9219617,1,B08H6XVAML,SKU-0006,EverPeak Gaming Mouse — RGB Backlit & Compact Design,2,81.06,0.0,162.12,USD
114-9977294-9219617,2,B0WKPVSC0B,SKU-0025,Nordic Home Tea Infuser — Non-Stick Coating & Dishwasher Safe,1,30.83,0.0,30.83,USD
114-4221482-2574702,1,B0P5FBKME8,SKU-0047,PureGlo Bath Bomb Set — Dermatologist Tested & Gentle Formula,1,31.59,0.0,31.59,USD
114-6925744-8784315,1,B0ANDXF98K,SKU-0004,AuroraTech WiFi Range Extender — Bluetooth 5.3 & Fast Charging,1,109.5,0.0,109.5,USD
114-9993251-4172570,1,B0P5FBKME8,SKU-0047,PureGlo Bath Bomb Set — Dermatologist Tested & Gentle Formula,1,29.77,0.0,29.77,USD
114-9993251-4172570,2,B04ZD4ZURZ,SKU-0103,LittleNest Baby Monitor — Safety Certified & Hypoallergenic,2,31.9,0.0,63.8,USD
114-3527006-6864355,1,B0YXU5G7D1,SKU-0011,BrightBeam Bluetooth Speaker — Fast Charging & Noise Cancelling,2,107.91,0.0,215.82,USD
114-8371931-3278433,1,B0E48MCY15,SKU-0079,WriteWell Label Maker — Durable & Multipurpose,1,49.25,0.0,49.25,USD
114-8929638-5285297,1,B0HE56LV1G,SKU-0071,KiddoCraft Play Kitchen Set — Interactive & Ages 3+,1,22.81,0.0,22.81,USD
114-3063877-8417780,1,B0NQJ9A5QP,SKU-0081,WriteWell Paper Shredder — Ergonomic & Space Saving,1,11.7,0.0,11.7,USD
114-4560472-8582977,1,B00JXDXVG6,SKU-0095,PawPals Dog Treat Pouch — Easy to Clean & Non-Toxic,1,18.93,2.26,16.67,USD
114-8427204-9190792,1,B04Z7XKKST,SKU-0105,LittleNest Swaddle Blankets — BPA-Free & Safety Certified,1,54.16,0.0,54.16,USD
114-1745402-3119488,1,B0279XVVC5,SKU-0014,BrightBeam Desk Lamp — RGB Backlit & Noise Cancelling,1,51.35,0.0,51.35,USD
114-6715585-5421053,1,B0N90348CD,SKU-0088,ProGrip Desk Chair Cushion — Multipurpose & Ergonomic,1,17.61,0.0,17.61,USD
114-8665949-2755534,1,B0NL5Q5CZM,SKU-0003,EverPeak USB-C Hub — Water Resistant & HD 1080p,1,110.91,0.0,110.91,USD
114-7653694-9698049,1,B0HE56LV1G,SKU-0071,KiddoCraft Play Kitchen Set — Interactive & Ages 3+,1,22.81,0.0,22.81,USD
114-4186968-3868702,1,B0ERBP9846,SKU-0033,ZenLife Throw Blanket — BPA-Free & Non-Stick Coating,1,42.34,0.0,42.34,USD
114-7490167-7070328,1,B0A30AC946,SKU-0117,ProGrip Stud Finder — Ergonomic Grip & Rust Resistant,1,19.86,0.0,19.86,USD
114-1634124-2686460,1,B04ZD4ZURZ,SKU-0103,LittleNest Baby Monitor — Safety Certified & Hypoallergenic,1,31.9,0.0,31.9,USD
114-1634124-2686460,2,B08H6XVAML,SKU-0006,EverPeak Gaming Mouse — RGB Backlit & Compact Design,1,88.7,0.0,88.7,USD
114-1634124-2686460,3,B0N90348CD,SKU-0088,ProGrip Desk Chair Cushion — Multipurpose & Ergonomic,1,17.61,0.0,17.61,USD
114-1634124-2686460,4,B0NL5Q5CZM,SKU-0003,EverPeak USB-C Hub — Water Resistant & HD 1080p,1,110.91,0.0,110.91,USD
114-1634124-2686460,5,B0P5FBKME8,SKU-0047,PureGlo Bath Bomb Set — Dermatologist Tested & Gentle Formula,1,31.59,0.0,31.59,USD
114-1634124-2686460,6,B0R7U9K93R,SKU-0094,PawPals Pet Carrier — Non-Toxic & Durable,1,21.64,1.5,20.14,USD
114-5718376-5309477,1,B0R5E97R3C,SKU-0001,AuroraTech Smart Plug — Noise Cancelling & HD 1080p,1,89.73,0.0,89.73,USD
114-5718376-5309477,2,B0U0VF1HMG,SKU-0040,ZenLife Nail Clipper Set — Gentle Formula & Cruelty-Free,1,28.36,0.0,28.36,USD
114-5718376-5309477,3,B0NKTX370W,SKU-0051,PureGlo Shampoo & Conditioner — Gentle Formula & Ionic Technology,1,12.23,0.0,12.23,USD
114-5718376-5309477,4,B0M2UGJMKQ,SKU-0074,CloudNest RC Car — STEM Learning & Interactive,4,12.84,0.0,51.36,USD
114-5718376-5309477,5,B0P5FBKME8,SKU-0047,PureGlo Bath Bomb Set — Dermatologist Tested & Gentle Formula,1,29.77,0.0,29.77,USD
114-5718376-5309477,6,B06AZNEH47,SKU-0008,BrightBeam Mechanical Keyboard — 30H Battery Life & Water Resistant,1,75.67,10.3,65.37,USD
114-7531416-3384358,1,B0DLXACSTN,SKU-0068,CloudNest Plush Toy — Non-Toxic & Ages 3+,1,21.32,0.0,21.32,USD
114-7531416-3384358,2,B0E48MCY15,SKU-0079,WriteWell Label Maker — Durable & Multipurpose,1,49.25,0.0,49.25,USD
114-2665331-5671330,1,B0ZWX7WPK9,SKU-0114,DriveGuard Seat Covers — Universal Fit & Heavy Duty,1,19.42,0.0,19.42,USD
114-2665331-5671330,2,B0TXQ65ZFV,SKU-0087,WriteWell Desk Organizer — Ergonomic & Multipurpose,1,21.66,2.2,19.46,USD
114-2665331-5671330,3,B02X1DSSZM,SKU-0102,LittleNest Diaper Bag — Hypoallergenic & Easy to Clean,1,13.44,0.0,13.44,USD
114-3398723-5993606,1,B02LTJA2NA,SKU-0078,CloudNest Dollhouse — Ages 3+ & Interactive,1,41.1,0.0,41.1,USD
114-3398723-5993606,2,B088K2QTZJ,SKU-0007,AuroraTech Car Mount — Bluetooth 5.3 & RGB Backlit,1,52.27,0.0,52.27,USD
114-9405210-7040607,1,B0QKGVBY0X,SKU-0108,LittleNest Baby Bottle Set — BPA-Free & Hypoallergenic,1,32.0,0.0,32.0,USD
114-9405210-7040607,2,B05P1Y30A5,SKU-0091,PawPals Slow Feeder Bowl — Easy to Clean & Non-Toxic,2,10.4,0.0,20.8,USD
114-1749285-7470354,1,B0E48MCY15,SKU-0079,WriteWell Label Maker — Durable & Multipurpose,1,49.25,0.0,49.25,USD
114-5702943-7353303,1,B07BRCRU82,SKU-0027,ZenLife Kitchen Scale — Easy Clean & Dishwasher Safe,1,16.71,0.0,16.71,USD
114-5669647-1202997,1,B0A30AC946,SKU-0117,ProGrip Stud Finder — Ergonomic Grip & Rust Resistant,1,19.86,0.0,19.86,USD
114-3234824-3013181,1,B0279XVVC5,SKU-0014,BrightBeam Desk Lamp — RGB Backlit & Noise Cancelling,1,51.35,6.9,44.45,USD
114-3234824-3013181,2,B0J9HPEX6X,SKU-0112,DriveGuard Tire Pressure Gauge — Long Cord & Heavy Duty,1,34.7,0.0,34.7,USD
114-1961549-6413720,1,B0XHVV9SEX,SKU-0042,ZenLife Makeup Brush Set — Ionic Technology & Long Lasting,1,23.36,0.0,23.36,USD
114-2530721-1285659,1,B0U0VF1HMG,SKU-0040,ZenLife Nail Clipper Set — Gentle Formula & Cruelty-Free,4,24.82,0.0,99.28,USD
114-2530721-1285659,2,B0AZBDRH38,SKU-0086,ProGrip Sticky Notes Pack — Ergonomic & Multipurpose,3,27.71,0.0,83.13,USD
114-2530721-1285659,3,B0ZWX7WPK9,SKU-0114,DriveGuard Seat Covers — Universal Fit & Heavy Duty,2,19.42,0.0,38.84,USD
114-3504388-1731253,1,B0279XVVC5,SKU-0014,BrightBeam Desk Lamp — RGB Backlit & Noise Cancelling,1,51.35,0.0,51.35,USD
114-7180332-3900066,1,B0CWALEK2Y,SKU-0036,ZenLife Air Fryer — Dishwasher Safe & Non-Stick Coating,1,19.47,0.0,19.47,USD
114-1004833-4433037,1,B0279XVVC5,SKU-0014,BrightBeam Desk Lamp — RGB Backlit & Noise Cancelling,1,51.35,0.0,51.35,USD
114-3618261-2184412,1,B0FPMT2SF9,SKU-0076,CloudNest Science Kit — Educational & Non-Toxic,3,12.73,0.0,38.19,USD
114-3618261-2184412,2,B0EGZYNSAE,SKU-0106,LittleNest Baby Bath Tub — Hypoallergenic & Safety Certified,4,25.43,0.0,101.72,USD
114-3618261-2184412,3,B055PLDLF8,SKU-0005,BrightBeam Webcam — Compact Design & 30H Battery Life,3,40.21,0.0,120.63,USD
114-4506080-5318856,1,B0NQJ9A5QP,SKU-0081,WriteWell Paper Shredder — Ergonomic & Space Saving,1,15.31,0.0,15.31,USD
114-4506080-5318856,2,B02T104M25,SKU-0111,DriveGuard Jump Starter — Long Cord & Universal Fit,1,55.67,0.0,55.67,USD
114-4319766-5280659,1,B0NQJ9A5QP,SKU-0081,WriteWell Paper Shredder — Ergonomic & Space Saving,3,13.62,0.0,40.86,USD
114-5326328-1242716,1,B0PGGKXQ9K,SKU-0093,PawPals Pet Water Fountain — Easy to Clean & Vet Recommended,1,34.22,4.17,30.05,USD
114-7245743-4688718,1,B03WTWXEDC,SKU-0072,CloudNest Magnetic Tiles — STEM Learning & Educational,2,19.25,0.0,38.5,USD
114-5619072-2057139,1,B085JJ3ZXF,SKU-0041,PureGlo Electric Toothbrush — Long Lasting & Dermatologist Tested,1,42.31,0.0,42.31,USD
114-7303337-2480079,1,B01CQYLRS7,SKU-0070,CloudNest Art Supplies Kit — STEM Learning & Interactive,1,13.62,0.0,13.62,USD
114-7303337-2480079,2,B0R5E97R3C,SKU-0001,AuroraTech Smart Plug — Noise Cancelling & HD 1080p,1,89.73,0.0,89.73,USD
114-9872495-6264000,1,B0279XVVC5,SKU-0014,BrightBeam Desk Lamp — RGB Backlit & Noise Cancelling,2,51.35,0.0,102.7,USD
114-5144669-4426857,1,B0TXQ65ZFV,SKU-0087,WriteWell Desk Organizer — Ergonomic & Multipurpose,1,21.66,0.0,21.66,USD
114-4814129-5354867,1,B0F635F86R,SKU-0097,PawPals Dog Chew Toys — Durable & Easy to Clean,1,21.36,0.0,21.36,USD
114-4814129-5354867,2,B0FTQRA6A1,SKU-0109,DriveGuard Dash Cam — Heavy Duty & Easy Install,2,30.93,0.0,61.86,USD
114-4814129-5354867,3,B0M2UGJMKQ,SKU-0074,CloudNest RC Car — STEM Learning & Interactive,1,12.84,0.0,12.84,USD
114-6117538-8722580,1,B0SFWKQDD5,SKU-0022,Nordic Home Plant Pots — Non-Stick Coating & BPA-Free,1,27.96,0.0,27.96,USD
114-5764276-3192634,1,B0CWALEK2Y,SKU-0036,ZenLife Air Fryer — Dishwasher Safe & Non-Stick Coating,1,19.47,0.0,19.47,USD
114-7532672-1444760,1,B06AZNEH47,SKU-0008,BrightBeam Mechanical Keyboard — 30H Battery Life & Water Resistant,1,75.67,0.0,75.67,USD
114-8897756-5674305,1,B05P1Y30A5,SKU-0091,PawPals Slow Feeder Bowl — Easy to Clean & Non-Toxic,1,11.7,0.0,11.7,USD
114-8897756-5674305,2,B0R5E97R3C,SKU-0001,AuroraTech Smart Plug — Noise Cancelling & HD 1080p,1,89.73,0.0,89.73,USD
114-6210505-9660904,1,B0CWALEK2Y,SKU-0036,ZenLife Air Fryer — Dishwasher Safe & Non-Stick Coating,2,19.47,0.0,38.94,USD
114-6832076-2353223,1,B0Q85PD1G6,SKU-0018,EverPeak Power Bank — 30H Battery Life & Noise Cancelling,1,17.84,0.0,17.84,USD
114-6832076-2353223,2,B0JH68DJ8G,SKU-0032,UrbanKitchen Blender — Non-Stick Coating & Space Saving,1,26.96,0.0,26.96,USD
114-6832076-2353223,3,B0TXQ65ZFV,SKU-0087,WriteWell Desk Organizer — Ergonomic & Multipurpose,1,21.66,0.0,21.66,USD
114-1032382-3966959,1,B06AZNEH47,SKU-0008,BrightBeam Mechanical Keyboard — 30H Battery Life & Water Resistant,1,75.67,0.0,75.67,USD
114-3862345-8418392,1,B0NQJ9A5QP,SKU-0081,WriteWell Paper Shredder — Ergonomic & Space Saving,1,15.31,0.0,15.31,USD
114-9009453-6130509,1,B0GJL7P973,SKU-0045,PureGlo Hair Straightener — Cruelty-Free & Ionic Technology,1,39.53,0.0,39.53,USD
114-8873534-1395920,1,B0F635F86R,SKU-0097,PawPals Dog Chew Toys — Durable & Easy to Clean,1,21.36,0.0,21.36,USD
114-8873534-1395920,2,B0AZBDRH38,SKU-0086,ProGrip Sticky Notes Pack — Ergonomic & Multipurpose,1,27.71,0.0,27.71,USD
114-8873534-1395920,3,B0YXU5G7D1,SKU-0011,BrightBeam Bluetooth Speaker — Fast Charging & Noise Cancelling,1,107.91,0.0,107.91,USD
114-8457880-6554087,1,B0NKTX370W,SKU-0051,PureGlo Shampoo & Conditioner — Gentle Formula & Ionic Technology,1,12.23,0.0,12.23,USD
114-8457880-6554087,2,B0K12NKA8N,SKU-0013,AuroraTech Smart Watch — 30H Battery Life & Bluetooth 5.3,1,83.42,0.0,83.42,USD
114-2063628-9603843,1,B0NQJ9A5QP,SKU-0081,WriteWell Paper Shredder — Ergonomic & Space Saving,1,13.62,0.0,13.62,USD
114-2063628-9603843,2,B01CQYLRS7,SKU-0070,CloudNest Art Supplies Kit — STEM Learning & Interactive,1,13.62,0.0,13.62,USD
114-3646551-1638201,1,B02T104M25,SKU-0111,DriveGuard Jump Starter — Long Cord & Universal Fit,1,55.67,0.0,55.67,USD
114-3646551-1638201,2,B04ZD4ZURZ,SKU-0103,LittleNest Baby Monitor — Safety Certified & Hypoallergenic,1,31.9,0.0,31.9,USD
114-3646551-1638201,3,B04Z7XKKST,SKU-0105,LittleNest Swaddle Blankets — BPA-Free & Safety Certified,1,54.16,0.0,54.16,USD
114-8649557-1479843,1,B0ANDXF98K,SKU-0004,AuroraTech WiFi Range Extender — Bluetooth 5.3 & Fast Charging,1,109.5,0.0,109.5,USD
114-4169589-3224150,1,B043M1S1C4,SKU-0049,PureGlo Sunscreen Lotion — Ionic Technology & Dermatologist Tested,1,31.54,0.0,31.54,USD
114-4441673-9335292,1,B043M1S1C4,SKU-0049,PureGlo Sunscreen Lotion — Ionic Technology & Dermatologist Tested,1,31.54,0.0,31.54,USD
114-8633504-2955624,1,B0MVKP1792,SKU-0002,BrightBeam HDMI Cable — Bluetooth 5.3 & HD 1080p,1,63.85,0.0,63.85,USD
114-8633504-2955624,2,B0Q85PD1G6,SKU-0018,EverPeak Power Bank — 30H Battery Life & Noise Cancelling,1,17.84,0.0,17.84,USD
114-8633504-2955624,3,B0F635F86R,SKU-0097,PawPals Dog Chew Toys — Durable & Easy to Clean,1,21.36,0.0,21.36,USD
114-8001320-1972247,1,B04Z7XKKST,SKU-0105,LittleNest Swaddle Blankets — BPA-Free & Safety Certified,1,54.16,0.0,54.16,USD
114-8001320-1972247,2,B0J9HPEX6X,SKU-0112,DriveGuard Tire Pressure Gauge — Long Cord & Heavy Duty,1,36.82,0.0,36.82,USD
114-8464194-5328525,1,B0NL5Q5CZM,SKU-0003,EverPeak USB-C Hub — Water Resistant & HD 1080p,1,110.91,0.0,110.91,USD
114-8464194-5328525,2,B00EGECWF5,SKU-0030,ZenLife Laundry Hamper — Dishwasher Safe & Premium Finish,1,68.26,0.0,68.26,USD
114-5829884-8013146,1,B0K12NKA8N,SKU-0013,AuroraTech Smart Watch — 30H Battery Life & Bluetooth 5.3,1,83.42,0.0,83.42,USD
114-5829884-8013146,2,B0YJ486MXU,SKU-0107,LittleNest Baby Safety Gate — Safety Certified & BPA-Free,3,60.8,0.0,182.4,USD
114-2921352-4843704,1,B0279XVVC5,SKU-0014,BrightBeam Desk Lamp — RGB Backlit & Noise Cancelling,1,51.35,0.0,51.35,USD
114-2921352-4843704,2,B0ANDXF98K,SKU-0004,AuroraTech WiFi Range Extender — Bluetooth 5.3 & Fast Charging,1,109.5,0.0,109.5,USD
114-4441027-5410643,1,B08UGTRB3Y,SKU-0050,ZenLife Vitamin C Serum — Dermatologist Tested & Long Lasting,2,40.54,0.0,81.08,USD
114-4441027-5410643,2,B0N90348CD,SKU-0088,ProGrip Desk Chair Cushion — Multipurpose & Ergonomic,2,19.37,0.0,38.74,USD
114-2032394-7443160,1,B0NL5Q5CZM,SKU-0003,EverPeak USB-C Hub — Water Resistant & HD 1080p,1,110.91,0.0,110.91,USD
114-2032394-7443160,2,B08UGTRB3Y,SKU-0050,ZenLife Vitamin C Serum — Dermatologist Tested & Long Lasting,1,40.54,0.0,40.54,USD
114-5931124-5705191,1,B0A30AC946,SKU-0117,ProGrip Stud Finder — Ergonomic Grip & Rust Resistant,1,19.86,0.0,19.86,USD
114-5931124-5705191,2,B0QKGVBY0X,SKU-0108,LittleNest Baby Bottle Set — BPA-Free & Hypoallergenic,1,24.13,0.0,24.13,USD
114-5931124-5705191,3,B02X1DSSZM,SKU-0102,LittleNest Diaper Bag — Hypoallergenic & Easy to Clean,1,13.44,0.0,13.44,USD
114-2346369-2119403,1,B02T104M25,SKU-0111,DriveGuard Jump Starter — Long Cord & Universal Fit,1,55.67,0.0,55.67,USD
114-2346369-2119403,2,B06AZNEH47,SKU-0008,BrightBeam Mechanical Keyboard — 30H Battery Life & Water Resistant,2,75.67,0.0,151.34,USD
114-4433479-7878296,1,B0FTQRA6A1,SKU-0109,DriveGuard Dash Cam — Heavy Duty & Easy Install,1,30.93,0.0,30.93,USD
114-4610859-2352637,1,B02LTJA2NA,SKU-0078,CloudNest Dollhouse — Ages 3+ & Interactive,1,41.1,0.0,41.1,USD
114-5278214-4651835,1,B04Z7XKKST,SKU-0105,LittleNest Swaddle Blankets — BPA-Free & Safety Certified,1,54.16,0.0,54.16,USD
114-4923546-1978974,1,B0CWALEK2Y,SKU-0036,ZenLife Air Fryer — Dishwasher Safe & Non-Stick Coating,1,19.47,0.0,19.47,USD
114-4923546-1978974,2,B0P5FBKME8,SKU-0047,PureGlo Bath Bomb Set — Dermatologist Tested & Gentle Formula,2,31.59,0.0,63.18,USD
114-4923546-1978974,3,B0U0VF1HMG,SKU-0040,ZenLife Nail Clipper Set — Gentle Formula & Cruelty-Free,1,24.82,0.0,24.82,USD
114-4923546-1978974,4,B0N90348CD,SKU-0088,ProGrip Desk Chair Cushion — Multipurpose & Ergonomic,2,17.61,0.0,35.22,USD
114-4923546-1978974,5,B0AZBDRH38,SKU-0086,ProGrip Sticky Notes Pack — Ergonomic & Multipurpose,1,27.71,3.88,23.83,USD
114-4923546-1978974,6,B0TXQ65ZFV,SKU-0087,WriteWell Desk Organizer — Ergonomic & Multipurpose,1,21.66,0.0,21.66,USD
114-2888084-2859107,1,B0A8X9FRKN,SKU-0031,Nordic Home Coffee Grinder — BPA-Free & Premium Finish,1,74.65,0.0,74.65,USD
114-2888084-2859107,2,B0TURPLSHH,SKU-0100,PawPals Automatic Pet Feeder — Easy to Clean & Vet Recommended,1,43.13,0.0,43.13,USD
114-2078775-6566969,1,B0CYFJJNVP,SKU-0092,PawPals Pet Grooming Brush — Vet Recommended & Non-Toxic,1,42.18,0.0,42.18,USD
114-6728280-6984457,1,B0R5E97R3C,SKU-0001,AuroraTech Smart Plug — Noise Cancelling & HD 1080p,1,89.73,0.0,89.73,USD
114-6728280-6984457,2,B0M2UGJMKQ,SKU-0074,CloudNest RC Car — STEM Learning & Interactive,1,11.77,0.0,11.77,USD
114-8681474-8470869,1,B08UGTRB3Y,SKU-0050,ZenLife Vitamin C Serum — Dermatologist Tested & Long Lasting,2,40.54,0.0,81.08,USD
114-8681474-8470869,2,B0E48MCY15,SKU-0079,WriteWell Label Maker — Durable & Multipurpose,1,49.25,0.0,49.25,USD
114-8681474-8470869,3,B0CYFJJNVP,SKU-0092,PawPals Pet Grooming Brush — Vet Recommended & Non-Toxic,1,42.18,0.0,42.18,USD
114-8681474-8470869,4,B0279XVVC5,SKU-0014,BrightBeam Desk Lamp — RGB Backlit & Noise Cancelling,1,51.35,0.0,51.35,USD
114-2210269-1684129,1,B0R5E97R3C,SKU-0001,AuroraTech Smart Plug — Noise Cancelling & HD 1080p,1,89.73,0.0,89.73,USD
114-4678992-4496745,1,B0TXQ65ZFV,SKU-0087,WriteWell Desk Organizer — Ergonomic & Multipurpose,2,21.66,0.0,43.32,USD
114-4678992-4496745,2,B0M6YEW145,SKU-0083,WriteWell Standing Desk Converter — Durable & Multipurpose,1,10.68,0.0,10.68,USD
114-4678992-4496745,3,B0E48MCY15,SKU-0079,WriteWell Label Maker — Durable & Multipurpose,1,49.25,0.0,49.25,USD
114-4678992-4496745,4,B0NL5Q5CZM,SKU-0003,EverPeak USB-C Hub — Water Resistant & HD 1080p,2,103.75,0.0,207.5,USD
114-4678992-4496745,5,B0MVKP1792,SKU-0002,BrightBeam HDMI Cable — Bluetooth 5.3 & HD 1080p,1,63.85,0.0,63.85,USD
114-4678992-4496745,6,B00EGECWF5,SKU-0030,ZenLife Laundry Hamper — Dishwasher Safe & Premium Finish,1,68.26,0.0,68.26,USD
114-1538882-6438528,1,B0SH0V1DCR,SKU-0075,KiddoCraft Nerf-Style Blaster — Ages 3+ & Interactive,4,17.07,4.4,63.88,USD
114-1538882-6438528,2,B0J4AJH5Y5,SKU-0084,ProGrip Monitor Stand — Space Saving & Multipurpose,1,57.15,0.0,57.15,USD
114-1538882-6438528,3,B0N90348CD,SKU-0088,ProGrip Desk Chair Cushion — Multipurpose & Ergonomic,1,17.61,0.0,17.61,USD
114-5550331-7582395,1,B0YXU5G7D1,SKU-0011,BrightBeam Bluetooth Speaker — Fast Charging & Noise Cancelling,1,84.3,0.0,84.3,USD
114-5550331-7582395,2,B0J4AJH5Y5,SKU-0084,ProGrip Monitor Stand — Space Saving & Multipurpose,1,57.15,0.0,57.15,USD
114-7762108-8312627,1,B0F635F86R,SKU-0097,PawPals Dog Chew Toys — Durable & Easy to Clean,1,21.36,0.0,21.36,USD
114-3854350-7660850,1,B0R5E97R3C,SKU-0001,AuroraTech Smart Plug — Noise Cancelling & HD 1080p,1,89.73,0.0,89.73,USD
114-5013424-3441994,1,B0279XVVC5,SKU-0014,BrightBeam Desk Lamp — RGB Backlit & Noise Cancelling,1,51.35,0.0,51.35,USD
114-5013424-3441994,2,B0MVKP1792,SKU-0002,BrightBeam HDMI Cable — Bluetooth 5.3 & HD 1080p,1,63.85,0.0,63.85,USD
114-6872899-1237264,1,B0CWALEK2Y,SKU-0036,ZenLife Air Fryer — Dishwasher Safe & Non-Stick Coating,1,19.47,0.0,19.47,USD
114-6872899-1237264,2,B0F635F86R,SKU-0097,PawPals Dog Chew Toys — Durable & Easy to Clean,1,21.36,0.0,21.36,USD
114-6872899-1237264,3,B0J9HPEX6X,SKU-0112,DriveGuard Tire Pressure Gauge — Long Cord & Heavy Duty,1,36.82,0.0,36.82,USD
114-9169004-1922240,1,B0ZWX7WPK9,SKU-0114,DriveGuard Seat Covers — Universal Fit & Heavy Duty,2,19.42,0.0,38.84,USD
114-7621224-1360346,1,B0SH0V1DCR,SKU-0075,KiddoCraft Nerf-Style Blaster — Ages 3+ & Interactive,1,15.04,0.95,14.09,USD
114-7621224-1360346,2,B0KMG3BBNV,SKU-0039,PureGlo Hair Oil — Ionic Technology & Cruelty-Free,1,38.85,0.0,38.85,USD
114-8364154-3361040,1,B0ZWX7WPK9,SKU-0114,DriveGuard Seat Covers — Universal Fit & Heavy Duty,1,19.42,0.0,19.42,USD
114-7568709-8465751,1,B0ZWX7WPK9,SKU-0114,DriveGuard Seat Covers — Universal Fit & Heavy Duty,1,20.72,2.56,18.16,USD
114-5547185-2130907,1,B0HE56LV1G,SKU-0071,KiddoCraft Play Kitchen Set — Interactive & Ages 3+,2,22.81,0.0,45.62,USD
114-6370980-3378369,1,B0TXQ65ZFV,SKU-0087,WriteWell Desk Organizer — Ergonomic & Multipurpose,1,21.66,0.0,21.66,USD
114-2135789-8332121,1,B0ANDXF98K,SKU-0004,AuroraTech WiFi Range Extender — Bluetooth 5.3 & Fast Charging,1,109.5,0.0,109.5,USD
114-2510930-4827193,1,B0QKGVBY0X,SKU-0108,LittleNest Baby Bottle Set — BPA-Free & Hypoallergenic,1,32.0,0.0,32.0,USD
114-2510930-4827193,2,B0YJ486MXU,SKU-0107,LittleNest Baby Safety Gate — Safety Certified & BPA-Free,1,60.8,0.0,60.8,USD
114-2510930-4827193,3,B0ZWX7WPK9,SKU-0114,DriveGuard Seat Covers — Universal Fit & Heavy Duty,1,19.42,0.0,19.42,USD
114-2510930-4827193,4,B0M1WJMA8T,SKU-0085,WriteWell Planner Notebook — Ergonomic & Multipurpose,1,8.44,0.89,7.55,USD
114-5733314-1055548,1,B0MVKP1792,SKU-0002,BrightBeam HDMI Cable — Bluetooth 5.3 & HD 1080p,1,63.85,0.0,63.85,USD
114-5733314-1055548,2,B0ZWX7WPK9,SKU-0114,DriveGuard Seat Covers — Universal Fit & Heavy Duty,1,19.42,0.0,19.42,USD
114-5733314-1055548,3,B0FTQRA6A1,SKU-0109,DriveGuard Dash Cam — Heavy Duty & Easy Install,1,30.93,0.0,30.93,USD
114-6439664-4237620,1,B0ANDXF98K,SKU-0004,AuroraTech WiFi Range Extender — Bluetooth 5.3 & Fast Charging,1,109.5,0.0,109.5,USD
114-4402432-7455564,1,B0AZBDRH38,SKU-0086,ProGrip Sticky Notes Pack — Ergonomic & Multipurpose,2,27.71,0.0,55.42,USD
114-2063269-6500752,1,B0M6YEW145,SKU-0083,WriteWell Standing Desk Converter — Durable & Multipurpose,1,9.99,0.0,9.99,USD
114-2063269-6500752,2,B0TURPLSHH,SKU-0100,PawPals Automatic Pet Feeder — Easy to Clean & Vet Recommended,1,43.13,0.0,43.13,USD
114-9482997-8447225,1,B01U2VVLHF,SKU-0066,EverPeak Water Bottle — Portable & Waterproof,3,66.14,0.0,198.42,USD
114-2725757-1362988,1,B088K2QTZJ,SKU-0007,AuroraTech Car Mount — Bluetooth 5.3 & RGB Backlit,1,52.27,0.0,52.27,USD
114-6014876-2335689,1,B04Z7XKKST,SKU-0105,LittleNest Swaddle Blankets — BPA-Free & Safety Certified,1,54.16,0.0,54.16,USD
114-6014876-2335689,2,B0ZWX7WPK9,SKU-0114,DriveGuard Seat Covers — Universal Fit & Heavy Duty,1,19.42,0.0,19.42,USD
114-3101658-3836512,1,B0QKGVBY0X,SKU-0108,LittleNest Baby Bottle Set — BPA-Free & Hypoallergenic,1,32.0,0.0,32.0,USD
114-4945906-4541350,1,B055PLDLF8,SKU-0005,BrightBeam Webcam — Compact Design & 30H Battery Life,2,40.21,0.0,80.42,USD
114-3343430-4466761,1,B0M6YEW145,SKU-0083,WriteWell Standing Desk Converter — Durable & Multipurpose,1,10.68,0.0,10.68,USD
114-3343430-4466761,2,B03WTWXEDC,SKU-0072,CloudNest Magnetic Tiles — STEM Learning & Educational,1,19.25,0.0,19.25,USD
114-2966166-2285087,1,B0TXQ65ZFV,SKU-0087,WriteWell Desk Organizer — Ergonomic & Multipurpose,1,21.66,0.0,21.66,USD
114-2060677-4158199,1,B02LTJA2NA,SKU-0078,CloudNest Dollhouse — Ages 3+ & Interactive,1,41.1,0.0,41.1,USD
114-2060677-4158199,2,B0A30AC946,SKU-0117,ProGrip Stud Finder — Ergonomic Grip & Rust Resistant,1,19.86,0.0,19.86,USD
114-9497062-2983613,1,B09D2WWZK5,SKU-0118,EverPeak Cordless Drill — Cordless & High Torque,1,18.98,0.0,18.98,USD
114-1140408-7079087,1,B0NQJ9A5QP,SKU-0081,WriteWell Paper Shredder — Ergonomic & Space Saving,1,13.62,0.0,13.62,USD
114-1140408-7079087,2,B0HE56LV1G,SKU-0071,KiddoCraft Play Kitchen Set — Interactive & Ages 3+,1,22.81,0.0,22.81,USD
114-1140408-7079087,3,B0M9DY5YFP,SKU-0063,TrailBlaze Bike Helmet — Lightweight & Portable,1,13.26,0.0,13.26,USD
114-1140408-7079087,4,B09V1N9TED,SKU-0077,KiddoCraft Puzzle Set — Non-Toxic & STEM Learning,1,29.15,0.0,29.15,USD
114-1474035-4116596,1,B02X1DSSZM,SKU-0102,LittleNest Diaper Bag — Hypoallergenic & Easy to Clean,1,13.44,0.0,13.44,USD
114-1474035-4116596,2,B0FTQRA6A1,SKU-0109,DriveGuard Dash Cam — Heavy Duty & Easy Install,2,30.93,0.0,61.86,USD
114-6052852-8778526,1,B04ZD4ZURZ,SKU-0103,LittleNest Baby Monitor — Safety Certified & Hypoallergenic,1,31.9,0.0,31.9,USD
114-6052852-8778526,2,B0279XVVC5,SKU-0014,BrightBeam Desk Lamp — RGB Backlit & Noise Cancelling,1,51.35,0.0,51.35,USD
114-6052852-8778526,3,B0TXQ65ZFV,SKU-0087,WriteWell Desk Organizer — Ergonomic & Multipurpose,1,21.66,0.0,21.66,USD
114-5549606-5230329,1,B0QKGVBY0X,SKU-0108,LittleNest Baby Bottle Set — BPA-Free & Hypoallergenic,1,24.13,0.0,24.13,USD
114-5549606-5230329,2,B0279XVVC5,SKU-0014,BrightBeam Desk Lamp — RGB Backlit & Noise Cancelling,1,51.35,0.0,51.35,USD
114-7029116-7338467,1,B08UGTRB3Y,SKU-0050,ZenLife Vitamin C Serum — Dermatologist Tested & Long Lasting,1,40.54,0.0,40.54,USD
114-6878395-8895262,1,B04Z7XKKST,SKU-0105,LittleNest Swaddle Blankets — BPA-Free & Safety Certified,2,54.16,0.0,108.32,USD
114-8009424-1192997,1,B0671R2A1G,SKU-0012,EverPeak Laptop Stand — Water Resistant & 30H Battery Life,1,63.64,0.0,63.64,USD
114-8296545-1311727,1,B0GKG0B3EA,SKU-0090,PawPals Dog Leash — Easy to Clean & Vet Recommended,1,54.55,0.0,54.55,USD
114-6305294-8401926,1,B0NKTX370W,SKU-0051,PureGlo Shampoo & Conditioner — Gentle Formula & Ionic Technology,1,11.33,0.61,10.72,USD
114-4703595-8113194,1,B01U2VVLHF,SKU-0066,EverPeak Water Bottle — Portable & Waterproof,1,66.14,0.0,66.14,USD
114-8658638-1900696,1,B0TXQ65ZFV,SKU-0087,WriteWell Desk Organizer — Ergonomic & Multipurpose,1,21.66,0.0,21.66,USD
114-8658638-1900696,2,B0279XVVC5,SKU-0014,BrightBeam Desk Lamp — RGB Backlit & Noise Cancelling,1,51.35,0.0,51.35,USD
114-9167558-5844001,1,B0HE56LV1G,SKU-0071,KiddoCraft Play Kitchen Set — Interactive & Ages 3+,1,22.81,0.0,22.81,USD
114-3052662-6564790,1,B0279XVVC5,SKU-0014,BrightBeam Desk Lamp — RGB Backlit & Noise Cancelling,1,51.35,0.0,51.35,USD
114-6644374-8880042,1,B0MVKP1792,SKU-0002,BrightBeam HDMI Cable — Bluetooth 5.3 & HD 1080p,2,63.85,0.0,127.7,USD
114-9568507-3902146,1,B0F635F86R,SKU-0097,PawPals Dog Chew Toys — Durable & Easy to Clean,1,21.36,0.0,21.36,USD
114-2251198-9440339,1,B0FTQRA6A1,SKU-0109,DriveGuard Dash Cam — Heavy Duty & Easy Install,1,30.93,0.0,30.93,USD
114-3352197-8833048,1,B0NKTX370W,SKU-0051,PureGlo Shampoo & Conditioner — Gentle Formula & Ionic Technology,1,12.23,0.0,12.23,USD
114-3352197-8833048,2,B0GJL7P973,SKU-0045,PureGlo Hair Straightener — Cruelty-Free & Ionic Technology,1,39.53,0.0,39.53,USD
114-8828891-5790833,1,B0SQ7F7BFE,SKU-0057,TrailBlaze Dumbbell Set — Waterproof & Portable,1,46.37,0.0,46.37,USD
114-8828891-5790833,2,B02T104M25,SKU-0111,DriveGuard Jump Starter — Long Cord & Universal Fit,1,55.67,0.0,55.67,USD
114-8828891-5790833,3,B0R7U9K93R,SKU-0094,PawPals Pet Carrier — Non-Toxic & Durable,1,23.08,1.73,21.35,USD
114-8828891-5790833,4,B0NQJ9A5QP,SKU-0081,WriteWell Paper Shredder — Ergonomic & Space Saving,1,15.31,0.0,15.31,USD
114-3678970-4681354,1,B0N90348CD,SKU-0088,ProGrip Desk Chair Cushion — Multipurpose & Ergonomic,1,17.61,0.0,17.61,USD
114-7940178-2405817,1,B00JXDXVG6,SKU-0095,PawPals Dog Treat Pouch — Easy to Clean & Non-Toxic,2,20.29,3.01,37.57,USD
114-9405347-5798292,1,B0ZWX7WPK9,SKU-0114,DriveGuard Seat Covers — Universal Fit & Heavy Duty,1,20.72,0.0,20.72,USD
114-9405347-5798292,2,B03ZGX0DF9,SKU-0098,PawPals Catnip Toys — Easy to Clean & Non-Toxic,1,48.23,0.0,48.23,USD
114-9405347-5798292,3,B0NQJ9A5QP,SKU-0081,WriteWell Paper Shredder — Ergonomic & Space Saving,1,13.62,1.46,12.16,USD
114-4142256-9278139,1,B0F635F86R,SKU-0097,PawPals Dog Chew Toys — Durable & Easy to Clean,2,21.36,0.0,42.72,USD
114-9951272-4069223,1,B0J9HPEX6X,SKU-0112,DriveGuard Tire Pressure Gauge — Long Cord & Heavy Duty,1,34.7,0.0,34.7,USD
114-9951272-4069223,2,B0N90348CD,SKU-0088,ProGrip Desk Chair Cushion — Multipurpose & Ergonomic,1,17.61,2.19,15.42,USD
114-9951272-4069223,3,B03WTWXEDC,SKU-0072,CloudNest Magnetic Tiles — STEM Learning & Educational,1,19.25,0.0,19.25,USD
114-9951272-4069223,4,B0YJ486MXU,SKU-0107,LittleNest Baby Safety Gate — Safety Certified & BPA-Free,1,60.8,0.0,60.8,USD
114-9951272-4069223,5,B08H6XVAML,SKU-0006,EverPeak Gaming Mouse — RGB Backlit & Compact Design,1,88.7,0.0,88.7,USD
114-4242543-3987058,1,B0936760J9,SKU-0034,Nordic Home Shower Caddy — Easy Clean & Non-Stick Coating,1,25.31,0.0,25.31,USD
114-1193127-7280212,1,B088K2QTZJ,SKU-0007,AuroraTech Car Mount — Bluetooth 5.3 & RGB Backlit,4,52.27,0.0,209.08,USD
114-5969012-3945607,1,B088K2QTZJ,SKU-0007,AuroraTech Car Mount — Bluetooth 5.3 & RGB Backlit,2,52.27,0.0,104.54,USD
114-5970532-1534227,1,B08RJE02WW,SKU-0016,AuroraTech Headphones — Bluetooth 5.3 & Water Resistant,1,87.93,0.0,87.93,USD
114-1199856-9133203,1,B0FPMT2SF9,SKU-0076,CloudNest Science Kit — Educational & Non-Toxic,1,12.73,1.8,10.93,USD
114-1199856-9133203,2,B02T104M25,SKU-0111,DriveGuard Jump Starter — Long Cord & Universal Fit,1,55.67,0.0,55.67,USD
114-4972999-4200284,1,B01XGTD2M1,SKU-0035,UrbanKitchen Scented Candle Set — Non-Stick Coating & Space Saving,1,18.2,0.0,18.2,USD
114-7074501-6479726,1,B09D2WWZK5,SKU-0118,EverPeak Cordless Drill — Cordless & High Torque,1,18.98,2.29,16.69,USD
114-3032688-4689936,1,B0CWALEK2Y,SKU-0036,ZenLife Air Fryer — Dishwasher Safe & Non-Stick Coating,1,19.47,1.21,18.26,USD
114-5599239-2654136,1,B0K12NKA8N,SKU-0013,AuroraTech Smart Watch — 30H Battery Life & Bluetooth 5.3,1,83.42,0.0,83.42,USD
114-2307160-1427977,1,B0ZWX7WPK9,SKU-0114,DriveGuard Seat Covers — Universal Fit & Heavy Duty,1,19.42,0.0,19.42,USD
114-9510750-3019619,1,B088K2QTZJ,SKU-0007,AuroraTech Car Mount — Bluetooth 5.3 & RGB Backlit,1,52.27,0.0,52.27,USD
114-2415819-6695216,1,B0DLXACSTN,SKU-0068,CloudNest Plush Toy — Non-Toxic & Ages 3+,1,21.32,0.0,21.32,USD
114-5140826-6430275,1,B0M6YEW145,SKU-0083,WriteWell Standing Desk Converter — Durable & Multipurpose,3,10.68,0.0,32.04,USD
114-5140826-6430275,2,B02LTJA2NA,SKU-0078,CloudNest Dollhouse — Ages 3+ & Interactive,2,41.1,0.0,82.2,USD
114-2720320-2812359,1,B0NKTX370W,SKU-0051,PureGlo Shampoo & Conditioner — Gentle Formula & Ionic Technology,1,12.23,1.43,10.8,USD
114-9754653-3301434,1,B0M6YEW145,SKU-0083,WriteWell Standing Desk Converter — Durable & Multipurpose,1,10.68,0.0,10.68,USD
114-7175393-3434160,1,B088K2QTZJ,SKU-0007,AuroraTech Car Mount — Bluetooth 5.3 & RGB Backlit,1,52.27,0.0,52.27,USD
114-7175393-3434160,2,B0A30AC946,SKU-0117,ProGrip Stud Finder — Ergonomic Grip & Rust Resistant,1,19.86,0.0,19.86,USD
114-2586848-8141025,1,B02X1DSSZM,SKU-0102,LittleNest Diaper Bag — Hypoallergenic & Easy to Clean,3,13.44,0.0,40.32,USD
114-8558810-3191111,1,B0F635F86R,SKU-0097,PawPals Dog Chew Toys — Durable & Easy to Clean,1,21.36,0.0,21.36,USD
114-9549183-8929160,1,B04ZD4ZURZ,SKU-0103,LittleNest Baby Monitor — Safety Certified & Hypoallergenic,1,31.9,0.0,31.9,USD
114-9549183-8929160,2,B05P1Y30A5,SKU-0091,PawPals Slow Feeder Bowl — Easy to Clean & Non-Toxic,1,10.4,0.53,9.87,USD
114-9549183-8929160,3,B0ZWX7WPK9,SKU-0114,DriveGuard Seat Covers — Universal Fit & Heavy Duty,1,19.42,0.0,19.42,USD
114-9549183-8929160,4,B088K2QTZJ,SKU-0007,AuroraTech Car Mount — Bluetooth 5.3 & RGB Backlit,2,52.27,0.0,104.54,USD
114-8244288-3181033,1,B00JXDXVG6,SKU-0095,PawPals Dog Treat Pouch — Easy to Clean & Non-Toxic,1,18.93,0.0,18.93,USD
114-2090215-5751340,1,B0F635F86R,SKU-0097,PawPals Dog Chew Toys — Durable & Easy to Clean,1,21.36,0.0,21.36,USD
114-6261616-5090726,1,B0JH68DJ8G,SKU-0032,UrbanKitchen Blender — Non-Stick Coating & Space Saving,1,25.59,0.0,25.59,USD
114-4512465-2977718,1,B0HE56LV1G,SKU-0071,KiddoCraft Play Kitchen Set — Interactive & Ages 3+,1,22.81,0.0,22.81,USD
114-4512465-2977718,2,B0N90348CD,SKU-0088,ProGrip Desk Chair Cushion — Multipurpose & Ergonomic,1,17.61,0.0,17.61,USD
114-4512465-2977718,3,B0NL5Q5CZM,SKU-0003,EverPeak USB-C Hub — Water Resistant & HD 1080p,1,110.91,0.0,110.91,USD
114-4512465-2977718,4,B0GJL7P973,SKU-0045,PureGlo Hair Straightener — Cruelty-Free & Ionic Technology,1,39.53,0.0,39.53,USD
114-5312811-5088533,1,B0EGZYNSAE,SKU-0106,LittleNest Baby Bath Tub — Hypoallergenic & Safety Certified,1,25.43,0.0,25.43,USD
114-3350701-1293499,1,B055PLDLF8,SKU-0005,BrightBeam Webcam — Compact Design & 30H Battery Life,1,40.21,0.0,40.21,USD
114-3350701-1293499,2,B00JXDXVG6,SKU-0095,PawPals Dog Treat Pouch — Easy to Clean & Non-Toxic,1,20.29,0.0,20.29,USD
114-3350701-1293499,3,B0279XVVC5,SKU-0014,BrightBeam Desk Lamp — RGB Backlit & Noise Cancelling,2,51.35,0.0,102.7,USD
114-3350701-1293499,4,B04ZD4ZURZ,SKU-0103,LittleNest Baby Monitor — Safety Certified & Hypoallergenic,1,31.9,0.0,31.9,USD
114-9404313-8701555,1,B0NQJ9A5QP,SKU-0081,WriteWell Paper Shredder — Ergonomic & Space Saving,1,11.7,0.0,11.7,USD
114-9404313-8701555,2,B0FTQRA6A1,SKU-0109,DriveGuard Dash Cam — Heavy Duty & Easy Install,2,30.93,0.0,61.86,USD
114-9404313-8701555,3,B0R7U9K93R,SKU-0094,PawPals Pet Carrier — Non-Toxic & Durable,1,23.08,0.0,23.08,USD
114-5782489-2126577,1,B0ANDXF98K,SKU-0004,AuroraTech WiFi Range Extender — Bluetooth 5.3 & Fast Charging,4,109.5,0.0,438.0,USD
114-5782489-2126577,2,B09D2WWZK5,SKU-0118,EverPeak Cordless Drill — Cordless & High Torque,1,18.98,0.0,18.98,USD
114-5736888-7394513,1,B0QKGVBY0X,SKU-0108,LittleNest Baby Bottle Set — BPA-Free & Hypoallergenic,1,32.0,0.0,32.0,USD
114-1007682-1811391,1,B01NLXW82L,SKU-0104,LittleNest Bassinet — Safety Certified & BPA-Free,1,24.09,0.0,24.09,USD
114-6528371-7766698,1,B0PGGKXQ9K,SKU-0093,PawPals Pet Water Fountain — Easy to Clean & Vet Recommended,1,34.22,0.0,34.22,USD
114-7427265-3494146,1,B0AZBDRH38,SKU-0086,ProGrip Sticky Notes Pack — Ergonomic & Multipurpose,1,27.71,0.0,27.71,USD
114-7427265-3494146,2,B088K2QTZJ,SKU-0007,AuroraTech Car Mount — Bluetooth 5.3 & RGB Backlit,1,52.27,0.0,52.27,USD
114-7668192-4567285,1,B08H6XVAML,SKU-0006,EverPeak Gaming Mouse — RGB Backlit & Compact Design,1,88.7,0.0,88.7,USD
114-4081560-5709373,1,B08UGTRB3Y,SKU-0050,ZenLife Vitamin C Serum — Dermatologist Tested & Long Lasting,2,40.54,0.0,81.08,USD
114-9332170-5771981,1,B08RJE02WW,SKU-0016,AuroraTech Headphones — Bluetooth 5.3 & Water Resistant,1,87.93,4.86,83.07,USD
114-9332170-5771981,2,B0M9299AJ4,SKU-0024,ZenLife Electric Kettle — Non-Stick Coating & Space Saving,1,46.0,0.0,46.0,USD
114-5743859-6616777,1,B0ZWX7WPK9,SKU-0114,DriveGuard Seat Covers — Universal Fit & Heavy Duty,1,19.42,0.0,19.42,USD
114-5743859-6616777,2,B08UGTRB3Y,SKU-0050,ZenLife Vitamin C Serum — Dermatologist Tested & Long Lasting,1,37.09,0.0,37.09,USD
114-7589461-2830357,1,B0HE56LV1G,SKU-0071,KiddoCraft Play Kitchen Set — Interactive & Ages 3+,1,22.81,0.0,22.81,USD
114-7589461-2830357,2,B0R5E97R3C,SKU-0001,AuroraTech Smart Plug — Noise Cancelling & HD 1080p,2,89.73,0.0,179.46,USD
114-4400765-3834436,1,B055PLDLF8,SKU-0005,BrightBeam Webcam — Compact Design & 30H Battery Life,1,40.21,0.0,40.21,USD
114-8302196-8025902,1,B0F635F86R,SKU-0097,PawPals Dog Chew Toys — Durable & Easy to Clean,1,21.36,0.0,21.36,USD
114-8302196-8025902,2,B0NL5Q5CZM,SKU-0003,EverPeak USB-C Hub — Water Resistant & HD 1080p,1,73.81,0.0,73.81,USD
114-8302196-8025902,3,B01CQYLRS7,SKU-0070,CloudNest Art Supplies Kit — STEM Learning & Interactive,1,13.62,0.0,13.62,USD
114-7899490-6916216,1,B08UGTRB3Y,SKU-0050,ZenLife Vitamin C Serum — Dermatologist Tested & Long Lasting,1,40.54,0.0,40.54,USD
114-7899490-6916216,2,B0MVKP1792,SKU-0002,BrightBeam HDMI Cable — Bluetooth 5.3 & HD 1080p,3,63.85,0.0,191.55,USD
114-5281142-6693407,1,B055PLDLF8,SKU-0005,BrightBeam Webcam — Compact Design & 30H Battery Life,1,40.21,0.0,40.21,USD
114-5281142-6693407,2,B08UGTRB3Y,SKU-0050,ZenLife Vitamin C Serum — Dermatologist Tested & Long Lasting,1,40.54,0.0,40.54,USD
114-6707556-9024903,1,B0M1WJMA8T,SKU-0085,WriteWell Planner Notebook — Ergonomic & Multipurpose,1,8.44,0.0,8.44,USD
114-8008336-9108453,1,B0TXQ65ZFV,SKU-0087,WriteWell Desk Organizer — Ergonomic & Multipurpose,1,21.66,2.31,19.35,USD
114-8008336-9108453,2,B0M2UGJMKQ,SKU-0074,CloudNest RC Car — STEM Learning & Interactive,1,11.77,0.0,11.77,USD
114-8008336-9108453,3,B0U0VF1HMG,SKU-0040,ZenLife Nail Clipper Set — Gentle Formula & Cruelty-Free,1,24.82,0.0,24.82,USD
114-8008336-9108453,4,B0NQJ9A5QP,SKU-0081,WriteWell Paper Shredder — Ergonomic & Space Saving,1,15.31,0.0,15.31,USD
114-8008336-9108453,5,B0279XVVC5,SKU-0014,BrightBeam Desk Lamp — RGB Backlit & Noise Cancelling,1,51.35,3.57,47.78,USD
114-4572034-1474171,1,B0ANDXF98K,SKU-0004,AuroraTech WiFi Range Extender — Bluetooth 5.3 & Fast Charging,1,109.5,7.68,101.82,USD
114-4572034-1474171,2,B043M1S1C4,SKU-0049,PureGlo Sunscreen Lotion — Ionic Technology & Dermatologist Tested,1,31.54,0.0,31.54,USD
114-4572034-1474171,3,B0AZBDRH38,SKU-0086,ProGrip Sticky Notes Pack — Ergonomic & Multipurpose,1,27.71,0.0,27.71,USD
114-4572034-1474171,4,B0TXQ65ZFV,SKU-0087,WriteWell Desk Organizer — Ergonomic & Multipurpose,1,21.66,0.0,21.66,USD
114-9640071-1102177,1,B0TXQ65ZFV,SKU-0087,WriteWell Desk Organizer — Ergonomic & Multipurpose,1,21.66,1.73,19.93,USD
114-9640071-1102177,2,B03WTWXEDC,SKU-0072,CloudNest Magnetic Tiles — STEM Learning & Educational,1,19.25,0.0,19.25,USD
114-9640071-1102177,3,B05P1Y30A5,SKU-0091,PawPals Slow Feeder Bowl — Easy to Clean & Non-Toxic,1,10.4,0.0,10.4,USD
114-9640071-1102177,4,B0GJL7P973,SKU-0045,PureGlo Hair Straightener — Cruelty-Free & Ionic Technology,1,39.53,0.0,39.53,USD
114-9640071-1102177,5,B0WKPVSC0B,SKU-0025,Nordic Home Tea Infuser — Non-Stick Coating & Dishwasher Safe,1,43.18,0.0,43.18,USD
114-5508658-6648091,1,B04Z7XKKST,SKU-0105,LittleNest Swaddle Blankets — BPA-Free & Safety Certified,1,54.16,0.0,54.16,USD
114-7640636-2257320,1,B03WTWXEDC,SKU-0072,CloudNest Magnetic Tiles — STEM Learning & Educational,2,19.25,0.0,38.5,USD
114-2854048-3319852,1,B0NQJ9A5QP,SKU-0081,WriteWell Paper Shredder — Ergonomic & Space Saving,1,15.31,0.0,15.31,USD
114-6906708-7643689,1,B0SQ7F7BFE,SKU-0057,TrailBlaze Dumbbell Set — Waterproof & Portable,1,46.37,2.85,43.52,USD
114-6906708-7643689,2,B0PGGKXQ9K,SKU-0093,PawPals Pet Water Fountain — Easy to Clean & Vet Recommended,1,34.22,0.0,34.22,USD
114-3973019-4374894,1,B02X1DSSZM,SKU-0102,LittleNest Diaper Bag — Hypoallergenic & Easy to Clean,1,13.44,0.0,13.44,USD
114-6202542-3160473,1,B0M2UGJMKQ,SKU-0074,CloudNest RC Car — STEM Learning & Interactive,1,12.84,0.0,12.84,USD
114-7208359-7734040,1,B08H6XVAML,SKU-0006,EverPeak Gaming Mouse — RGB Backlit & Compact Design,2,88.7,0.0,177.4,USD
114-7469859-1682526,1,B0FTQRA6A1,SKU-0109,DriveGuard Dash Cam — Heavy Duty & Easy Install,4,30.93,0.0,123.72,USD
114-7819810-2895795,1,B0P5FBKME8,SKU-0047,PureGlo Bath Bomb Set — Dermatologist Tested & Gentle Formula,1,29.77,0.0,29.77,USD
114-3745284-4574422,1,B0M2QT36J4,SKU-0010,AuroraTech Portable Charger — Fast Charging & HD 1080p,1,64.56,0.0,64.56,USD
114-4317299-6748605,1,B0P5FBKME8,SKU-0047,PureGlo Bath Bomb Set — Dermatologist Tested & Gentle Formula,1,31.59,0.0,31.59,USD
114-6538054-2672667,1,B08RJE02WW,SKU-0016,AuroraTech Headphones — Bluetooth 5.3 & Water Resistant,1,87.93,0.0,87.93,USD
114-6538054-2672667,2,B0YXU5G7D1,SKU-0011,BrightBeam Bluetooth Speaker — Fast Charging & Noise Cancelling,1,84.3,0.0,84.3,USD
114-5435616-7488035,1,B0P5FBKME8,SKU-0047,PureGlo Bath Bomb Set — Dermatologist Tested & Gentle Formula,1,31.59,0.0,31.59,USD
114-5435616-7488035,2,B088K2QTZJ,SKU-0007,AuroraTech Car Mount — Bluetooth 5.3 & RGB Backlit,1,52.27,0.0,52.27,USD
114-5435616-7488035,3,B0279XVVC5,SKU-0014,BrightBeam Desk Lamp — RGB Backlit & Noise Cancelling,3,51.35,0.0,154.05,USD
114-5435616-7488035,4,B0A30AC946,SKU-0117,ProGrip Stud Finder — Ergonomic Grip & Rust Resistant,1,19.86,0.0,19.86,USD
114-9694184-3803056,1,B00JXDXVG6,SKU-0095,PawPals Dog Treat Pouch — Easy to Clean & Non-Toxic,1,18.93,0.0,18.93,USD
114-9694184-3803056,2,B0F635F86R,SKU-0097,PawPals Dog Chew Toys — Durable & Easy to Clean,1,21.36,0.0,21.36,USD
114-9694184-3803056,3,B0WKPVSC0B,SKU-0025,Nordic Home Tea Infuser — Non-Stick Coating & Dishwasher Safe,1,43.18,0.0,43.18,USD
114-5722742-8637727,1,B0Q85PD1G6,SKU-0018,EverPeak Power Bank — 30H Battery Life & Noise Cancelling,1,17.84,0.0,17.84,USD
114-5722742-8637727,2,B0EGZYNSAE,SKU-0106,LittleNest Baby Bath Tub — Hypoallergenic & Safety Certified,2,25.43,0.0,50.86,USD
114-4692546-4847632,1,B0GJL7P973,SKU-0045,PureGlo Hair Straightener — Cruelty-Free & Ionic Technology,1,39.53,0.0,39.53,USD
114-9037659-1668135,1,B0U0VF1HMG,SKU-0040,ZenLife Nail Clipper Set — Gentle Formula & Cruelty-Free,2,28.36,0.0,56.72,USD
114-9037659-1668135,2,B0PGGKXQ9K,SKU-0093,PawPals Pet Water Fountain — Easy to Clean & Vet Recommended,1,34.22,0.0,34.22,USD
114-1139027-7159872,1,B0FTQRA6A1,SKU-0109,DriveGuard Dash Cam — Heavy Duty & Easy Install,1,30.93,0.0,30.93,USD
114-8450060-2037197,1,B0TURPLSHH,SKU-0100,PawPals Automatic Pet Feeder — Easy to Clean & Vet Recommended,1,43.13,0.0,43.13,USD
114-8518469-5343566,1,B055PLDLF8,SKU-0005,BrightBeam Webcam — Compact Design & 30H Battery Life,1,40.21,0.0,40.21,USD
114-8518469-5343566,2,B05P1Y30A5,SKU-0091,PawPals Slow Feeder Bowl — Easy to Clean & Non-Toxic,1,10.4,0.0,10.4,USD
114-5690852-2388581,1,B0HE56LV1G,SKU-0071,KiddoCraft Play Kitchen Set — Interactive & Ages 3+,1,22.81,0.0,22.81,USD
114-7901714-4255174,1,B02T104M25,SKU-0111,DriveGuard Jump Starter — Long Cord & Universal Fit,1,55.67,0.0,55.67,USD
114-7954879-6653954,1,B0279XVVC5,SKU-0014,BrightBeam Desk Lamp — RGB Backlit & Noise Cancelling,2,51.35,14.59,88.11,USD
114-6394569-8205785,1,B0HE56LV1G,SKU-0071,KiddoCraft Play Kitchen Set — Interactive & Ages 3+,2,22.81,0.0,45.62,USD
114-6394569-8205785,2,B0QKGVBY0X,SKU-0108,LittleNest Baby Bottle Set — BPA-Free & Hypoallergenic,1,32.0,0.0,32.0,USD
114-9067436-8029189,1,B0NL5Q5CZM,SKU-0003,EverPeak USB-C Hub — Water Resistant & HD 1080p,1,110.91,0.0,110.91,USD
114-9067436-8029189,2,B06AZNEH47,SKU-0008,BrightBeam Mechanical Keyboard — 30H Battery Life & Water Resistant,1,75.67,0.0,75.67,USD
114-5637788-8477665,1,B0K12NKA8N,SKU-0013,AuroraTech Smart Watch — 30H Battery Life & Bluetooth 5.3,1,83.42,0.0,83.42,USD
114-5637788-8477665,2,B0A8X9FRKN,SKU-0031,Nordic Home Coffee Grinder — BPA-Free & Premium Finish,2,82.74,0.0,165.48,USD
114-7552360-8486449,1,B0G3W4FNRY,SKU-0052,ZenLife Beard Trimmer — Cruelty-Free & Gentle Formula,1,41.64,0.0,41.64,USD
114-7552360-8486449,2,B0FKKPVMZA,SKU-0065,TrailBlaze Foam Roller — Heavy Duty & Anti-Slip,1,52.95,0.0,52.95,USD
114-7552360-8486449,3,B08H6XVAML,SKU-0006,EverPeak Gaming Mouse — RGB Backlit & Compact Design,1,88.7,0.0,88.7,USD
114-2867149-2567420,1,B0N90348CD,SKU-0088,ProGrip Desk Chair Cushion — Multipurpose & Ergonomic,1,17.61,0.0,17.61,USD
114-2867149-2567420,2,B0JH68DJ8G,SKU-0032,UrbanKitchen Blender — Non-Stick Coating & Space Saving,1,25.59,0.0,25.59,USD
114-4769831-6584798,1,B0JH68DJ8G,SKU-0032,UrbanKitchen Blender — Non-Stick Coating & Space Saving,1,25.59,0.0,25.59,USD
114-4769831-6584798,2,B0M1WJMA8T,SKU-0085,WriteWell Planner Notebook — Ergonomic & Multipurpose,2,8.44,0.0,16.88,USD
114-1023891-6025522,1,B0HE56LV1G,SKU-0071,KiddoCraft Play Kitchen Set — Interactive & Ages 3+,1,22.81,0.0,22.81,USD
114-1023891-6025522,2,B0P5FBKME8,SKU-0047,PureGlo Bath Bomb Set — Dermatologist Tested & Gentle Formula,1,29.77,0.0,29.77,USD
114-4565762-3182864,1,B0279XVVC5,SKU-0014,BrightBeam Desk Lamp — RGB Backlit & Noise Cancelling,1,51.35,3.06,48.29,USD
114-4565762-3182864,2,B0QKGVBY0X,SKU-0108,LittleNest Baby Bottle Set — BPA-Free & Hypoallergenic,1,32.0,0.0,32.0,USD
114-4565762-3182864,3,B01CQYLRS7,SKU-0070,CloudNest Art Supplies Kit — STEM Learning & Interactive,1,13.62,0.0,13.62,USD
114-4565762-3182864,4,B0YXU5G7D1,SKU-0011,BrightBeam Bluetooth Speaker — Fast Charging & Noise Cancelling,1,107.91,0.0,107.91,USD
114-4565762-3182864,5,B0P5FBKME8,SKU-0047,PureGlo Bath Bomb Set — Dermatologist Tested & Gentle Formula,1,31.59,0.0,31.59,USD
114-3144013-2561478,1,B0054NK7PS,SKU-0028,Nordic Home Food Storage Containers — BPA-Free & Non-Stick Coating,1,62.0,0.0,62.0,USD
114-3144013-2561478,2,B0A8X9FRKN,SKU-0031,Nordic Home Coffee Grinder — BPA-Free & Premium Finish,1,74.65,0.0,74.65,USD
114-3144013-2561478,3,B0M2UGJMKQ,SKU-0074,CloudNest RC Car — STEM Learning & Interactive,1,11.77,0.0,11.77,USD
114-1799682-7319483,1,B0FTQRA6A1,SKU-0109,DriveGuard Dash Cam — Heavy Duty & Easy Install,1,30.93,0.0,30.93,USD
114-4672490-8736146,1,B0A30AC946,SKU-0117,ProGrip Stud Finder — Ergonomic Grip & Rust Resistant,1,19.86,0.0,19.86,USD
114-8055575-9311162,1,B0ANDXF98K,SKU-0004,AuroraTech WiFi Range Extender — Bluetooth 5.3 & Fast Charging,1,109.5,0.0,109.5,USD
114-6927330-4919857,1,B0N90348CD,SKU-0088,ProGrip Desk Chair Cushion — Multipurpose & Ergonomic,1,17.61,0.0,17.61,USD
114-6879519-7769150,1,B02X1DSSZM,SKU-0102,LittleNest Diaper Bag — Hypoallergenic & Easy to Clean,1,13.44,0.0,13.44,USD
114-3006090-9866475,1,B03WTWXEDC,SKU-0072,CloudNest Magnetic Tiles — STEM Learning & Educational,1,19.25,0.0,19.25,USD
114-3966646-2780896,1,B05P1Y30A5,SKU-0091,PawPals Slow Feeder Bowl — Easy to Clean & Non-Toxic,1,8.78,0.0,8.78,USD
114-3966646-2780896,2,B0ANDXF98K,SKU-0004,AuroraTech WiFi Range Extender — Bluetooth 5.3 & Fast Charging,1,109.5,0.0,109.5,USD
114-3966646-2780896,3,B02LTJA2NA,SKU-0078,CloudNest Dollhouse — Ages 3+ & Interactive,1,41.1,0.0,41.1,USD
114-7995438-2061204,1,B0TURPLSHH,SKU-0100,PawPals Automatic Pet Feeder — Easy to Clean & Vet Recommended,1,43.13,0.0,43.13,USD
114-3313072-4976239,1,B055PLDLF8,SKU-0005,BrightBeam Webcam — Compact Design & 30H Battery Life,1,40.21,0.0,40.21,USD
114-3161123-7760303,1,B0A30AC946,SKU-0117,ProGrip Stud Finder — Ergonomic Grip & Rust Resistant,4,19.86,0.0,79.44,USD
114-8333995-4845372,1,B0A30AC946,SKU-0117,ProGrip Stud Finder — Ergonomic Grip & Rust Resistant,1,19.86,0.0,19.86,USD
114-8333995-4845372,2,B08H6XVAML,SKU-0006,EverPeak Gaming Mouse — RGB Backlit & Compact Design,1,88.7,0.0,88.7,USD
114-8333995-4845372,3,B0FPMT2SF9,SKU-0076,CloudNest Science Kit — Educational & Non-Toxic,1,12.73,0.0,12.73,USD
114-8333995-4845372,4,B0279XVVC5,SKU-0014,BrightBeam Desk Lamp — RGB Backlit & Noise Cancelling,1,51.35,0.0,51.35,USD
114-8333995-4845372,5,B0NQJ9A5QP,SKU-0081,WriteWell Paper Shredder — Ergonomic & Space Saving,2,15.31,0.0,30.62,USD
114-8333995-4845372,6,B0N90348CD,SKU-0088,ProGrip Desk Chair Cushion — Multipurpose & Ergonomic,1,17.61,0.0,17.61,USD
114-3089862-9736208,1,B0TURPLSHH,SKU-0100,PawPals Automatic Pet Feeder — Easy to Clean & Vet Recommended,1,43.13,0.0,43.13,USD
114-3089862-9736208,2,B06AZNEH47,SKU-0008,BrightBeam Mechanical Keyboard — 30H Battery Life & Water Resistant,1,75.67,0.0,75.67,USD
114-2554833-4412989,1,B0MVKP1792,SKU-0002,BrightBeam HDMI Cable — Bluetooth 5.3 & HD 1080p,1,63.85,0.0,63.85,USD
114-2554833-4412989,2,B02T104M25,SKU-0111,DriveGuard Jump Starter — Long Cord & Universal Fit,1,55.67,0.0,55.67,USD
114-2554833-4412989,3,B0N90348CD,SKU-0088,ProGrip Desk Chair Cushion — Multipurpose & Ergonomic,2,17.61,0.0,35.22,USD
114-3653244-6022620,1,B0N90348CD,SKU-0088,ProGrip Desk Chair Cushion — Multipurpose & Ergonomic,2,17.61,0.0,35.22,USD
114-4417878-7420561,1,B0936760J9,SKU-0034,Nordic Home Shower Caddy — Easy Clean & Non-Stick Coating,1,25.31,0.0,25.31,USD
114-4417878-7420561,2,B0HE56LV1G,SKU-0071,KiddoCraft Play Kitchen Set — Interactive & Ages 3+,1,22.81,0.0,22.81,USD
114-6792919-4374218,1,B05P1Y30A5,SKU-0091,PawPals Slow Feeder Bowl — Easy to Clean & Non-Toxic,1,11.7,0.0,11.7,USD
114-6792919-4374218,2,B08H6XVAML,SKU-0006,EverPeak Gaming Mouse — RGB Backlit & Compact Design,1,81.06,0.0,81.06,USD
114-6792919-4374218,3,B0FTQRA6A1,SKU-0109,DriveGuard Dash Cam — Heavy Duty & Easy Install,2,30.93,0.0,61.86,USD
114-6792919-4374218,4,B0GJL7P973,SKU-0045,PureGlo Hair Straightener — Cruelty-Free & Ionic Technology,1,39.53,0.0,39.53,USD
114-9572276-7270343,1,B01CQYLRS7,SKU-0070,CloudNest Art Supplies Kit — STEM Learning & Interactive,1,13.62,0.0,13.62,USD
114-8302818-5361690,1,B0E48MCY15,SKU-0079,WriteWell Label Maker — Durable & Multipurpose,2,49.25,0.0,98.5,USD
114-5410755-7672198,1,B0AZBDRH38,SKU-0086,ProGrip Sticky Notes Pack — Ergonomic & Multipurpose,2,27.71,0.0,55.42,USD
114-5410755-7672198,2,B08H6XVAML,SKU-0006,EverPeak Gaming Mouse — RGB Backlit & Compact Design,1,88.7,0.0,88.7,USD
114-6504670-2734882,1,B0SFWKQDD5,SKU-0022,Nordic Home Plant Pots — Non-Stick Coating & BPA-Free,1,27.96,0.0,27.96,USD
114-6504670-2734882,2,B0U0VF1HMG,SKU-0040,ZenLife Nail Clipper Set — Gentle Formula & Cruelty-Free,1,28.36,2.51,25.85,USD
114-2661929-9144644,1,B09V1N9TED,SKU-0077,KiddoCraft Puzzle Set — Non-Toxic & STEM Learning,1,29.15,0.0,29.15,USD
114-8942987-8405736,1,B0GJL7P973,SKU-0045,PureGlo Hair Straightener — Cruelty-Free & Ionic Technology,1,39.53,0.0,39.53,USD
114-8942987-8405736,2,B04Z7XKKST,SKU-0105,LittleNest Swaddle Blankets — BPA-Free & Safety Certified,1,54.16,0.0,54.16,USD
114-9968320-4940961,1,B0NQJ9A5QP,SKU-0081,WriteWell Paper Shredder — Ergonomic & Space Saving,1,15.31,0.0,15.31,USD
114-9240861-6915225,1,B0S2MJ6SBY,SKU-0064,EverPeak Resistance Band Set — Heavy Duty & Portable,1,52.03,0.0,52.03,USD
114-8941725-7825855,1,B02X1DSSZM,SKU-0102,LittleNest Diaper Bag — Hypoallergenic & Easy to Clean,2,13.44,3.62,23.26,USD
114-3984801-1361007,1,B0SFWKQDD5,SKU-0022,Nordic Home Plant Pots — Non-Stick Coating & BPA-Free,2,27.96,0.0,55.92,USD
114-3984801-1361007,2,B0F635F86R,SKU-0097,PawPals Dog Chew Toys — Durable & Easy to Clean,1,21.36,0.0,21.36,USD
114-3984801-1361007,3,B0NQJ9A5QP,SKU-0081,WriteWell Paper Shredder — Ergonomic & Space Saving,2,15.31,0.0,30.62,USD
114-3984801-1361007,4,B0936760J9,SKU-0034,Nordic Home Shower Caddy — Easy Clean & Non-Stick Coating,1,25.31,0.0,25.31,USD
114-3984801-1361007,5,B055PLDLF8,SKU-0005,BrightBeam Webcam — Compact Design & 30H Battery Life,1,40.21,0.0,40.21,USD
114-1915045-4874059,1,B08UGTRB3Y,SKU-0050,ZenLife Vitamin C Serum — Dermatologist Tested & Long Lasting,1,40.54,0.0,40.54,USD
114-4095888-6787298,1,B08H6XVAML,SKU-0006,EverPeak Gaming Mouse — RGB Backlit & Compact Design,1,88.7,0.0,88.7,USD
114-2487572-2794884,1,B0M2UGJMKQ,SKU-0074,CloudNest RC Car — STEM Learning & Interactive,2,11.77,0.0,23.54,USD
114-5427729-4335575,1,B0J9HPEX6X,SKU-0112,DriveGuard Tire Pressure Gauge — Long Cord & Heavy Duty,3,36.82,0.0,110.46,USD
114-1790257-6838757,1,B0NQJ9A5QP,SKU-0081,WriteWell Paper Shredder — Ergonomic & Space Saving,1,15.31,0.0,15.31,USD
114-2060560-6416279,1,B0CYFJJNVP,SKU-0092,PawPals Pet Grooming Brush — Vet Recommended & Non-Toxic,1,42.18,0.0,42.18,USD
114-2060560-6416279,2,B0U0VF1HMG,SKU-0040,ZenLife Nail Clipper Set — Gentle Formula & Cruelty-Free,1,28.36,0.0,28.36,USD
114-2060560-6416279,3,B04ZD4ZURZ,SKU-0103,LittleNest Baby Monitor — Safety Certified & Hypoallergenic,2,31.9,6.52,57.28,USD
114-5131966-1138883,1,B01CQYLRS7,SKU-0070,CloudNest Art Supplies Kit — STEM Learning & Interactive,1,13.62,0.0,13.62,USD
114-5131966-1138883,2,B0QKGVBY0X,SKU-0108,LittleNest Baby Bottle Set — BPA-Free & Hypoallergenic,1,32.0,0.0,32.0,USD
114-5131966-1138883,3,B08H6XVAML,SKU-0006,EverPeak Gaming Mouse — RGB Backlit & Compact Design,1,88.7,0.0,88.7,USD
114-5131966-1138883,4,B055PLDLF8,SKU-0005,BrightBeam Webcam — Compact Design & 30H Battery Life,1,40.21,0.0,40.21,USD
114-5963481-5016828,1,B0EGZYNSAE,SKU-0106,LittleNest Baby Bath Tub — Hypoallergenic & Safety Certified,3,25.43,0.0,76.29,USD
114-4073568-4851280,1,B0U0VF1HMG,SKU-0040,ZenLife Nail Clipper Set — Gentle Formula & Cruelty-Free,1,28.36,0.0,28.36,USD
114-8075179-4211939,1,B02T104M25,SKU-0111,DriveGuard Jump Starter — Long Cord & Universal Fit,1,55.67,0.0,55.67,USD
114-8075179-4211939,2,B0TXQ65ZFV,SKU-0087,WriteWell Desk Organizer — Ergonomic & Multipurpose,1,21.66,0.0,21.66,USD
114-8075179-4211939,3,B0M2UGJMKQ,SKU-0074,CloudNest RC Car — STEM Learning & Interactive,4,11.77,0.0,47.08,USD
114-8075179-4211939,4,B0U0VF1HMG,SKU-0040,ZenLife Nail Clipper Set — Gentle Formula & Cruelty-Free,1,28.36,0.0,28.36,USD
114-8075179-4211939,5,B0FPMT2SF9,SKU-0076,CloudNest Science Kit — Educational & Non-Toxic,4,12.73,0.0,50.92,USD
114-7542143-2734987,1,B0279XVVC5,SKU-0014,BrightBeam Desk Lamp — RGB Backlit & Noise Cancelling,1,51.35,0.0,51.35,USD
114-8833403-9998667,1,B09V1N9TED,SKU-0077,KiddoCraft Puzzle Set — Non-Toxic & STEM Learning,2,29.15,0.0,58.3,USD
114-8833403-9998667,2,B0QKGVBY0X,SKU-0108,LittleNest Baby Bottle Set — BPA-Free & Hypoallergenic,1,32.0,0.0,32.0,USD
114-8361457-5992100,1,B0WCY6LU8P,SKU-0029,UrbanKitchen Wall Clock — Easy Clean & Dishwasher Safe,1,72.21,0.0,72.21,USD
114-8361457-5992100,2,B043M1S1C4,SKU-0049,PureGlo Sunscreen Lotion — Ionic Technology & Dermatologist Tested,1,31.54,0.0,31.54,USD
114-2804213-4829289,1,B0EGZYNSAE,SKU-0106,LittleNest Baby Bath Tub — Hypoallergenic & Safety Certified,1,25.43,0.0,25.43,USD
114-2804213-4829289,2,B0AZBDRH38,SKU-0086,ProGrip Sticky Notes Pack — Ergonomic & Multipurpose,1,27.71,0.0,27.71,USD
114-2804213-4829289,3,B0J9HPEX6X,SKU-0112,DriveGuard Tire Pressure Gauge — Long Cord & Heavy Duty,2,34.7,0.0,69.4,USD
114-7905365-2969282,1,B02X1DSSZM,SKU-0102,LittleNest Diaper Bag — Hypoallergenic & Easy to Clean,4,13.44,0.0,53.76,USD
114-8911221-8737917,1,B01NLXW82L,SKU-0104,LittleNest Bassinet — Safety Certified & BPA-Free,1,24.09,3.08,21.01,USD
114-1869207-1089689,1,B00EGECWF5,SKU-0030,ZenLife Laundry Hamper — Dishwasher Safe & Premium Finish,1,68.26,0.0,68.26,USD
114-1869207-1089689,2,B0GKG0B3EA,SKU-0090,PawPals Dog Leash — Easy to Clean & Vet Recommended,2,54.55,0.0,109.1,USD
114-1869207-1089689,3,B0TXQ65ZFV,SKU-0087,WriteWell Desk Organizer — Ergonomic & Multipurpose,1,21.66,0.0,21.66,USD
114-1869207-1089689,4,B0R5E97R3C,SKU-0001,AuroraTech Smart Plug — Noise Cancelling & HD 1080p,1,89.73,0.0,89.73,USD
114-1869207-1089689,5,B0QKGVBY0X,SKU-0108,LittleNest Baby Bottle Set — BPA-Free & Hypoallergenic,1,32.0,0.0,32.0,USD
114-1869207-1089689,6,B04Z7XKKST,SKU-0105,LittleNest Swaddle Blankets — BPA-Free & Safety Certified,1,54.16,0.0,54.16,USD
114-2930092-1449972,1,B0F635F86R,SKU-0097,PawPals Dog Chew Toys — Durable & Easy to Clean,3,21.36,0.0,64.08,USD
114-2930092-1449972,2,B08H6XVAML,SKU-0006,EverPeak Gaming Mouse — RGB Backlit & Compact Design,1,88.7,0.0,88.7,USD
114-2930092-1449972,3,B0SQ7F7BFE,SKU-0057,TrailBlaze Dumbbell Set — Waterproof & Portable,1,46.37,6.49,39.88,USD
114-2930092-1449972,4,B088K2QTZJ,SKU-0007,AuroraTech Car Mount — Bluetooth 5.3 & RGB Backlit,1,52.27,0.0,52.27,USD
114-9839217-8172725,1,B0CWALEK2Y,SKU-0036,ZenLife Air Fryer — Dishwasher Safe & Non-Stick Coating,1,19.47,0.0,19.47,USD
114-9839217-8172725,2,B0YXU5G7D1,SKU-0011,BrightBeam Bluetooth Speaker — Fast Charging & Noise Cancelling,3,107.91,0.0,323.73,USD
114-6779930-7347458,1,B0PGGKXQ9K,SKU-0093,PawPals Pet Water Fountain — Easy to Clean & Vet Recommended,2,34.22,5.18,63.26,USD
114-1926499-2373778,1,B0FTQRA6A1,SKU-0109,DriveGuard Dash Cam — Heavy Duty & Easy Install,2,30.93,7.17,54.69,USD
114-1926499-2373778,2,B02X1DSSZM,SKU-0102,LittleNest Diaper Bag — Hypoallergenic & Easy to Clean,1,13.44,0.0,13.44,USD
114-1926499-2373778,3,B0UD0VSZWR,SKU-0048,ZenLife Facial Cleanser — Gentle Formula & Cruelty-Free,1,16.77,0.0,16.77,USD
114-9481883-8269081,1,B0NKTX370W,SKU-0051,PureGlo Shampoo & Conditioner — Gentle Formula & Ionic Technology,1,11.33,0.0,11.33,USD
114-9481883-8269081,2,B0NQJ9A5QP,SKU-0081,WriteWell Paper Shredder — Ergonomic & Space Saving,1,15.31,0.0,15.31,USD
114-9481883-8269081,3,B0SFWKQDD5,SKU-0022,Nordic Home Plant Pots — Non-Stick Coating & BPA-Free,1,27.96,0.0,27.96,USD
114-2847083-1134024,1,B0ANDXF98K,SKU-0004,AuroraTech WiFi Range Extender — Bluetooth 5.3 & Fast Charging,1,109.5,0.0,109.5,USD
114-7876130-8135215,1,B0HE56LV1G,SKU-0071,KiddoCraft Play Kitchen Set — Interactive & Ages 3+,1,22.81,0.0,22.81,USD
114-8062439-2135762,1,B0N90348CD,SKU-0088,ProGrip Desk Chair Cushion — Multipurpose & Ergonomic,2,19.37,0.0,38.74,USD
114-9985978-3677087,1,B0279XVVC5,SKU-0014,BrightBeam Desk Lamp — RGB Backlit & Noise Cancelling,2,51.35,0.0,102.7,USD
114-6247713-2424447,1,B0NKTX370W,SKU-0051,PureGlo Shampoo & Conditioner — Gentle Formula & Ionic Technology,1,12.23,0.0,12.23,USD
114-2149738-8115297,1,B0PGGKXQ9K,SKU-0093,PawPals Pet Water Fountain — Easy to Clean & Vet Recommended,1,34.22,0.0,34.22,USD
114-3217788-7604391,1,B0WCY6LU8P,SKU-0029,UrbanKitchen Wall Clock — Easy Clean & Dishwasher Safe,2,72.21,0.0,144.42,USD
114-8956695-7401735,1,B0YBRGQRFQ,SKU-0110,DriveGuard Car Vacuum — Long Cord & Easy Install,1,18.37,1.14,17.23,USD
114-8956695-7401735,2,B088K2QTZJ,SKU-0007,AuroraTech Car Mount — Bluetooth 5.3 & RGB Backlit,1,52.27,0.0,52.27,USD
114-8650199-2961905,1,B04Z7XKKST,SKU-0105,LittleNest Swaddle Blankets — BPA-Free & Safety Certified,1,54.16,0.0,54.16,USD
114-2407193-2042987,1,B08UGTRB3Y,SKU-0050,ZenLife Vitamin C Serum — Dermatologist Tested & Long Lasting,1,40.54,0.0,40.54,USD
114-8478399-8257604,1,B04Z7XKKST,SKU-0105,LittleNest Swaddle Blankets — BPA-Free & Safety Certified,1,54.16,0.0,54.16,USD
114-2392808-5153273,1,B0EGZYNSAE,SKU-0106,LittleNest Baby Bath Tub — Hypoallergenic & Safety Certified,1,25.43,0.0,25.43,USD
114-2392808-5153273,2,B0QKGVBY0X,SKU-0108,LittleNest Baby Bottle Set — BPA-Free & Hypoallergenic,1,32.0,0.0,32.0,USD
114-2392808-5153273,3,B0YXU5G7D1,SKU-0011,BrightBeam Bluetooth Speaker — Fast Charging & Noise Cancelling,1,107.91,0.0,107.91,USD
114-7139576-1464940,1,B0NQJ9A5QP,SKU-0081,WriteWell Paper Shredder — Ergonomic & Space Saving,1,11.7,0.0,11.7,USD
114-7139576-1464940,2,B02X1DSSZM,SKU-0102,LittleNest Diaper Bag — Hypoallergenic & Easy to Clean,1,13.44,0.0,13.44,USD
114-6565835-8575740,1,B0GJL7P973,SKU-0045,PureGlo Hair Straightener — Cruelty-Free & Ionic Technology,1,39.53,0.0,39.53,USD
114-6565835-8575740,2,B02LTJA2NA,SKU-0078,CloudNest Dollhouse — Ages 3+ & Interactive,1,41.1,2.34,38.76,USD
114-6565835-8575740,3,B02T104M25,SKU-0111,DriveGuard Jump Starter — Long Cord & Universal Fit,1,55.67,0.0,55.67,USD
114-6565835-8575740,4,B0FPMT2SF9,SKU-0076,CloudNest Science Kit — Educational & Non-Toxic,1,12.73,0.0,12.73,USD
114-5808970-5558160,1,B0279XVVC5,SKU-0014,BrightBeam Desk Lamp — RGB Backlit & Noise Cancelling,1,51.35,2.62,48.73,USD
114-5808970-5558160,2,B04ZD4ZURZ,SKU-0103,LittleNest Baby Monitor — Safety Certified & Hypoallergenic,1,31.9,0.0,31.9,USD
114-2935851-3771969,1,B09V1N9TED,SKU-0077,KiddoCraft Puzzle Set — Non-Toxic & STEM Learning,1,29.15,0.0,29.15,USD
114-8952220-8345974,1,B0M6YEW145,SKU-0083,WriteWell Standing Desk Converter — Durable & Multipurpose,1,9.99,0.0,9.99,USD
114-7082623-9423783,1,B05P1Y30A5,SKU-0091,PawPals Slow Feeder Bowl — Easy to Clean & Non-Toxic,1,10.4,0.0,10.4,USD
114-7082623-9423783,2,B03WTWXEDC,SKU-0072,CloudNest Magnetic Tiles — STEM Learning & Educational,1,19.25,0.0,19.25,USD
114-5523262-7733562,1,B0NQJ9A5QP,SKU-0081,WriteWell Paper Shredder — Ergonomic & Space Saving,1,13.62,0.0,13.62,USD
114-5523262-7733562,2,B0FPMT2SF9,SKU-0076,CloudNest Science Kit — Educational & Non-Toxic,1,14.63,0.0,14.63,USD
114-3819640-2182712,1,B0P5FBKME8,SKU-0047,PureGlo Bath Bomb Set — Dermatologist Tested & Gentle Formula,1,29.77,0.0,29.77,USD
114-1340286-2877173,1,B0S19ZGCXE,SKU-0116,EverPeak Screwdriver Set — Cordless & High Torque,1,46.08,0.0,46.08,USD
114-2931463-5840565,1,B04ZD4ZURZ,SKU-0103,LittleNest Baby Monitor — Safety Certified & Hypoallergenic,1,31.9,0.0,31.9,USD
114-5005083-3825669,1,B088K2QTZJ,SKU-0007,AuroraTech Car Mount — Bluetooth 5.3 & RGB Backlit,2,52.27,0.0,104.54,USD
114-9317175-5228295,1,B0J4AJH5Y5,SKU-0084,ProGrip Monitor Stand — Space Saving & Multipurpose,1,57.15,0.0,57.15,USD
114-9317175-5228295,2,B0279XVVC5,SKU-0014,BrightBeam Desk Lamp — RGB Backlit & Noise Cancelling,3,51.35,0.0,154.05,USD
114-9317175-5228295,3,B0ZWX7WPK9,SKU-0114,DriveGuard Seat Covers — Universal Fit & Heavy Duty,1,20.72,0.0,20.72,USD
114-9073715-3889643,1,B04Z7XKKST,SKU-0105,LittleNest Swaddle Blankets — BPA-Free & Safety Certified,1,54.16,0.0,54.16,USD
114-4638089-4023661,1,B0AZBDRH38,SKU-0086,ProGrip Sticky Notes Pack — Ergonomic & Multipurpose,2,29.73,0.0,59.46,USD
114-8656707-4673644,1,B055PLDLF8,SKU-0005,BrightBeam Webcam — Compact Design & 30H Battery Life,1,40.21,0.0,40.21,USD
114-8656707-4673644,2,B0TURPLSHH,SKU-0100,PawPals Automatic Pet Feeder — Easy to Clean & Vet Recommended,4,43.13,0.0,172.52,USD
114-8656707-4673644,3,B00JXDXVG6,SKU-0095,PawPals Dog Treat Pouch — Easy to Clean & Non-Toxic,1,18.93,0.0,18.93,USD
114-9999901-0000001,1,B0W61EHTPX,SKU-0019,Nordic Home Serving Bowls — Dishwasher Safe & Easy Clean,1,57.72,0.0,57.72,USD
114-9999902-0000002,1,B0E32FCLF7,SKU-0055,TrailBlaze Camping Tent — Lightweight & Waterproof,1,65.71,0.0,65.71,USD
114-9999903-0000003,1,B03WTWXEDC,SKU-0072,CloudNest Magnetic Tiles — STEM Learning & Educational,1,19.25,0.0,19.25,USD
