review_id,asin,product_title,customer_id,marketplace,star_rating,review_headline,review_body,review_date,verified_purchase,vine_program,helpful_votes
RRX3HUD8G6D,B0R5E97R3C,AuroraTech Smart Plug — Noise Cancelling & HD 1080p,CUST-00723,US,5,Exactly as described,"Really impressed with the build quality of this smart plug. It arrived quickly, was packaged well, and does exactly what it promises. Excellent value.",2026-07-10,Y,N,20
RZWRMRND5DX,B0R5E97R3C,AuroraTech Smart Plug — Noise Cancelling & HD 1080p,CUST-00517,US,3,It's okay,Average smart plug. It does the job but there's nothing special about it. If you're on a budget it's acceptable.,2025-05-07,Y,N,8
RFX3MEMUD20,B0R5E97R3C,AuroraTech Smart Plug — Noise Cancelling & HD 1080p,CUST-00464,US,5,Exceeded my expectations,I've been using the smart plug for a few weeks now and it works great. Setup was easy and the quality feels solid. Would definitely recommend it to a friend.,2025-08-27,N,N,0
R7XEB9R8UFE,B0R5E97R3C,AuroraTech Smart Plug — Noise Cancelling & HD 1080p,CUST-00395,US,5,Exactly as described,This is my second smart plug from AuroraTech and they never disappoint. The materials feel premium and it performs flawlessly so far.,2025-04-06,Y,N,0
R9ZXQASX93U,B0R5E97R3C,AuroraTech Smart Plug — Noise Cancelling & HD 1080p,CUST-00807,US,5,"Five stars, would buy again",This is my second smart plug from AuroraTech and they never disappoint. The materials feel premium and it performs flawlessly so far.,2025-02-20,N,N,20
RQ8VX1V8CAX,B0R5E97R3C,AuroraTech Smart Plug — Noise Cancelling & HD 1080p,CUST-01044,US,4,"Good, with minor nitpicks",Happy with this smart plug. Good quality for the money and it arrived on time. Taking one star off because the color is slightly different from the photos.,2025-09-01,N,N,0
R7NE0W41GZE,B0R5E97R3C,AuroraTech Smart Plug — Noise Cancelling & HD 1080p,CUST-00030,US,3,It's okay,"Mixed feelings about this smart plug. It works fine so far, but I'm not confident it will last long. Time will tell.",2025-08-11,Y,N,0
RJZP4W4YNLZ,B0R5E97R3C,AuroraTech Smart Plug — Noise Cancelling & HD 1080p,CUST-01599,US,5,Love it!,I've been using the smart plug for a few weeks now and it works great. Setup was easy and the quality feels solid. Would definitely recommend it to a friend.,2025-01-24,Y,N,0
R373WFX27WV,B0R5E97R3C,AuroraTech Smart Plug — Noise Cancelling & HD 1080p,CUST-00601,US,5,Exactly as described,This is my second smart plug from AuroraTech and they never disappoint. The materials feel premium and it performs flawlessly so far.,2025-12-24,Y,N,3
RFBAT2U5Y7C,B0R5E97R3C,AuroraTech Smart Plug — Noise Cancelling & HD 1080p,GUEST-69680,US,4,Solid quality,The smart plug is quite good overall. It works as expected and the price is fair. Only small thing is the instructions could be clearer.,2025-03-05,Y,N,0
RTXWDFZL5KT,B0R5E97R3C,AuroraTech Smart Plug — Noise Cancelling & HD 1080p,CUST-00044,US,5,Exceeded my expectations,"Really impressed with the build quality of this smart plug. It arrived quickly, was packaged well, and does exactly what it promises. Excellent value.",2025-09-19,Y,N,0
RXS14X80FE1,B0R5E97R3C,AuroraTech Smart Plug — Noise Cancelling & HD 1080p,GUEST-21199,US,2,Disappointed,Not thrilled with this smart plug. It feels flimsy and the performance is inconsistent. I probably wouldn't buy from AuroraTech again.,2026-03-18,Y,N,1
RW3LSA7XZVY,B0R5E97R3C,AuroraTech Smart Plug — Noise Cancelling & HD 1080p,GUEST-64391,US,1,Arrived damaged,This smart plug is a complete waste of money. It broke within days and the seller was unhelpful. Stay away from AuroraTech.,2026-01-16,Y,N,5
RBWLGW56XE7,B0R5E97R3C,AuroraTech Smart Plug — Noise Cancelling & HD 1080p,CUST-01688,US,5,Exactly as described,I've been using the smart plug for a few weeks now and it works great. Setup was easy and the quality feels solid. Would definitely recommend it to a friend.,2026-03-02,Y,N,0
RZA83G39R8B,B0R5E97R3C,AuroraTech Smart Plug — Noise Cancelling & HD 1080p,GUEST-73123,US,3,Average product,"Mixed feelings about this smart plug. It works fine so far, but I'm not confident it will last long. Time will tell.",2025-09-12,Y,N,0
R5HQ3CC0S14,B0R5E97R3C,AuroraTech Smart Plug — Noise Cancelling & HD 1080p,GUEST-97286,US,5,Exactly as described,"Really impressed with the build quality of this smart plug. It arrived quickly, was packaged well, and does exactly what it promises. Excellent value.",2025-10-03,Y,N,2
RYSUUPWRB32,B0R5E97R3C,AuroraTech Smart Plug — Noise Cancelling & HD 1080p,CUST-00334,US,2,Would not recommend,Not thrilled with this smart plug. It feels flimsy and the performance is inconsistent. I probably wouldn't buy from AuroraTech again.,2025-02-11,N,N,3
RE9H9Z559UE,B0R5E97R3C,AuroraTech Smart Plug — Noise Cancelling & HD 1080p,CUST-01687,US,4,Solid quality,Happy with this smart plug. Good quality for the money and it arrived on time. Taking one star off because the color is slightly different from the photos.,2025-04-25,Y,N,1
RLAJK3GANPM,B0R5E97R3C,AuroraTech Smart Plug — Noise Cancelling & HD 1080p,CUST-00598,US,5,Exactly as described,I've been using the smart plug for a few weeks now and it works great. Setup was easy and the quality feels solid. Would definitely recommend it to a friend.,2025-06-05,Y,N,0
R9SJFAL9UTV,B0R5E97R3C,AuroraTech Smart Plug — Noise Cancelling & HD 1080p,CUST-01295,US,4,Great value for the price,"Solid product from AuroraTech. It does what it's supposed to do. Not perfect, but for this price point it's a great buy.",2025-01-23,Y,N,0
RA84P5UKVDX,B0MVKP1792,BrightBeam HDMI Cable — Bluetooth 5.3 & HD 1080p,CUST-00799,US,4,Happy with this purchase,Happy with this hdmi cable. Good quality for the money and it arrived on time. Taking one star off because the color is slightly different from the photos.,2025-04-17,Y,N,12
RK83NXU2VNL,B0MVKP1792,BrightBeam HDMI Cable — Bluetooth 5.3 & HD 1080p,CUST-01436,US,5,Exactly as described,"Really impressed with the build quality of this hdmi cable. It arrived quickly, was packaged well, and does exactly what it promises. Excellent value.",2026-03-15,Y,N,0
R8S7ZP9K0G0,B0MVKP1792,BrightBeam HDMI Cable — Bluetooth 5.3 & HD 1080p,CUST-01308,US,5,Best purchase this year,I've been using the hdmi cable for a few weeks now and it works great. Setup was easy and the quality feels solid. Would definitely recommend it to a friend.,2026-03-24,Y,N,0
RBDSPJ7591T,B0MVKP1792,BrightBeam HDMI Cable — Bluetooth 5.3 & HD 1080p,CUST-01369,US,4,Great value for the price,"Solid product from BrightBeam. It does what it's supposed to do. Not perfect, but for this price point it's a great buy.",2025-09-11,Y,N,60
RH5FYX934E3,B0MVKP1792,BrightBeam HDMI Cable — Bluetooth 5.3 & HD 1080p,CUST-00590,US,5,Exactly as described,"Really impressed with the build quality of this hdmi cable. It arrived quickly, was packaged well, and does exactly what it promises. Excellent value.",2025-10-02,Y,N,2
RBBGB2R40XE,B0MVKP1792,BrightBeam HDMI Cable — Bluetooth 5.3 & HD 1080p,CUST-00098,US,5,Love it!,I've been using the hdmi cable for a few weeks now and it works great. Setup was easy and the quality feels solid. Would definitely recommend it to a friend.,2025-07-21,N,N,2
RWNA34SUBGW,B0MVKP1792,BrightBeam HDMI Cable — Bluetooth 5.3 & HD 1080p,CUST-00633,US,5,Best purchase this year,I've been using the hdmi cable for a few weeks now and it works great. Setup was easy and the quality feels solid. Would definitely recommend it to a friend.,2025-07-23,Y,N,5
R8EWZB52QCM,B0MVKP1792,BrightBeam HDMI Cable — Bluetooth 5.3 & HD 1080p,CUST-01496,US,4,Great value for the price,Happy with this hdmi cable. Good quality for the money and it arrived on time. Taking one star off because the color is slightly different from the photos.,2026-07-15,Y,N,0
RK2CLNJR81S,B0MVKP1792,BrightBeam HDMI Cable — Bluetooth 5.3 & HD 1080p,CUST-00976,US,5,Love it!,I've been using the hdmi cable for a few weeks now and it works great. Setup was easy and the quality feels solid. Would definitely recommend it to a friend.,2025-11-27,N,N,0
RW3XPYTYG64,B0MVKP1792,BrightBeam HDMI Cable — Bluetooth 5.3 & HD 1080p,CUST-00709,US,5,Exceeded my expectations,I've been using the hdmi cable for a few weeks now and it works great. Setup was easy and the quality feels solid. Would definitely recommend it to a friend.,2025-01-11,Y,N,0
R9BXBSRR6QU,B0MVKP1792,BrightBeam HDMI Cable — Bluetooth 5.3 & HD 1080p,CUST-00317,US,5,Exceeded my expectations,I've been using the hdmi cable for a few weeks now and it works great. Setup was easy and the quality feels solid. Would definitely recommend it to a friend.,2025-08-12,Y,N,0
RPQBM11VK99,B0MVKP1792,BrightBeam HDMI Cable — Bluetooth 5.3 & HD 1080p,CUST-01242,US,2,Quality could be better,Not thrilled with this hdmi cable. It feels flimsy and the performance is inconsistent. I probably wouldn't buy from BrightBeam again.,2026-04-02,Y,N,0
R2QZ5QF8MM6,B0MVKP1792,BrightBeam HDMI Cable — Bluetooth 5.3 & HD 1080p,CUST-00746,US,5,Love it!,This is my second hdmi cable from BrightBeam and they never disappoint. The materials feel premium and it performs flawlessly so far.,2025-03-15,Y,N,0
R8BPHHAX0N9,B0MVKP1792,BrightBeam HDMI Cable — Bluetooth 5.3 & HD 1080p,CUST-01738,US,5,Exactly as described,I've been using the hdmi cable for a few weeks now and it works great. Setup was easy and the quality feels solid. Would definitely recommend it to a friend.,2025-09-29,Y,N,0
RK2FBYG1PK3,B0MVKP1792,BrightBeam HDMI Cable — Bluetooth 5.3 & HD 1080p,CUST-00405,US,5,"Five stars, would buy again",I've been using the hdmi cable for a few weeks now and it works great. Setup was easy and the quality feels solid. Would definitely recommend it to a friend.,2025-05-11,Y,N,0
RXPD9WNRYAS,B0MVKP1792,BrightBeam HDMI Cable — Bluetooth 5.3 & HD 1080p,CUST-00197,US,2,Would not recommend,Disappointed in this hdmi cable. It arrived with minor damage and the quality is below what I expected for the price. Returning it.,2025-11-10,Y,N,5
RQCBZUFF7VZ,B0NL5Q5CZM,EverPeak USB-C Hub — Water Resistant & HD 1080p,CUST-01112,US,5,Love it!,I've been using the usb-c hub for a few weeks now and it works great. Setup was easy and the quality feels solid. Would definitely recommend it to a friend.,2025-02-01,Y,N,0
RB2AYA4Z1X7,B0NL5Q5CZM,EverPeak USB-C Hub — Water Resistant & HD 1080p,CUST-01247,US,3,Does the job,Average usb-c hub. It does the job but there's nothing special about it. If you're on a budget it's acceptable.,2025-02-24,N,N,3
RCMCLPM9MEN,B0NL5Q5CZM,EverPeak USB-C Hub — Water Resistant & HD 1080p,CUST-01141,US,3,Does the job,Average usb-c hub. It does the job but there's nothing special about it. If you're on a budget it's acceptable.,2026-04-03,Y,N,1
R23K737YSPS,B0NL5Q5CZM,EverPeak USB-C Hub — Water Resistant & HD 1080p,CUST-00359,US,5,Best purchase this year,"Really impressed with the build quality of this usb-c hub. It arrived quickly, was packaged well, and does exactly what it promises. Excellent value.",2025-05-21,Y,N,8
RUXKN6Z831Y,B0NL5Q5CZM,EverPeak USB-C Hub — Water Resistant & HD 1080p,CUST-01244,US,5,Exactly as described,"Really impressed with the build quality of this usb-c hub. It arrived quickly, was packaged well, and does exactly what it promises. Excellent value.",2025-08-06,Y,N,5
RDGB9T7TC98,B0NL5Q5CZM,EverPeak USB-C Hub — Water Resistant & HD 1080p,CUST-00547,US,5,Exceeded my expectations,I've been using the usb-c hub for a few weeks now and it works great. Setup was easy and the quality feels solid. Would definitely recommend it to a friend.,2025-05-23,Y,N,0
RQRCTX87DWJ,B0NL5Q5CZM,EverPeak USB-C Hub — Water Resistant & HD 1080p,CUST-01409,US,3,Average product,Average usb-c hub. It does the job but there's nothing special about it. If you're on a budget it's acceptable.,2025-08-06,Y,N,1
R4CN9S6ZX5A,B0NL5Q5CZM,EverPeak USB-C Hub — Water Resistant & HD 1080p,CUST-00135,US,2,Would not recommend,Disappointed in this usb-c hub. It arrived with minor damage and the quality is below what I expected for the price. Returning it.,2025-06-22,N,N,8
R0FNB4V5L1F,B0NL5Q5CZM,EverPeak USB-C Hub — Water Resistant & HD 1080p,CUST-00467,US,5,"Five stars, would buy again",I've been using the usb-c hub for a few weeks now and it works great. Setup was easy and the quality feels solid. Would definitely recommend it to a friend.,2026-07-03,Y,N,3
RRTTGAK6J9R,B0NL5Q5CZM,EverPeak USB-C Hub — Water Resistant & HD 1080p,CUST-01362,US,2,Quality could be better,This usb-c hub stopped working properly after two weeks. Customer service was slow to respond. Not a great experience.,2025-03-22,N,N,0
RDVS5Q41UFV,B0NL5Q5CZM,EverPeak USB-C Hub — Water Resistant & HD 1080p,GUEST-31870,US,2,Quality could be better,Not thrilled with this usb-c hub. It feels flimsy and the performance is inconsistent. I probably wouldn't buy from EverPeak again.,2025-08-13,Y,N,3
RUB5JFT3RNX,B0NL5Q5CZM,EverPeak USB-C Hub — Water Resistant & HD 1080p,CUST-00042,US,1,Terrible product,This usb-c hub is a complete waste of money. It broke within days and the seller was unhelpful. Stay away from EverPeak.,2025-04-30,Y,N,3
RQ6MBMNNK6A,B0NL5Q5CZM,EverPeak USB-C Hub — Water Resistant & HD 1080p,CUST-01140,US,4,Great value for the price,"Solid product from EverPeak. It does what it's supposed to do. Not perfect, but for this price point it's a great buy.",2025-06-05,Y,N,20
RHWVM5ZZXQ4,B0NL5Q5CZM,EverPeak USB-C Hub — Water Resistant & HD 1080p,GUEST-27669,US,3,Mixed feelings,Average usb-c hub. It does the job but there's nothing special about it. If you're on a budget it's acceptable.,2026-05-22,Y,N,0
RDNG7BAL8WF,B0NL5Q5CZM,EverPeak USB-C Hub — Water Resistant & HD 1080p,CUST-01464,US,3,Mixed feelings,"The usb-c hub is okay but I expected a bit more. It works, though the materials feel cheaper than the photos suggest. Probably fine for light use.",2026-06-16,Y,N,1
R2DNBB44F73,B0NL5Q5CZM,EverPeak USB-C Hub — Water Resistant & HD 1080p,CUST-00209,US,2,Not what I expected,Disappointed in this usb-c hub. It arrived with minor damage and the quality is below what I expected for the price. Returning it.,2026-07-21,Y,N,3
R9MFBKYU3CP,B0ANDXF98K,AuroraTech WiFi Range Extender — Bluetooth 5.3 & Fast Charging,CUST-00970,US,5,Exactly as described,I've been using the wifi range extender for a few weeks now and it works great. Setup was easy and the quality feels solid. Would definitely recommend it to a friend.,2025-12-29,Y,N,1
RW0PGWHFDNY,B0ANDXF98K,AuroraTech WiFi Range Extender — Bluetooth 5.3 & Fast Charging,CUST-00994,US,5,Love it!,I've been using the wifi range extender for a few weeks now and it works great. Setup was easy and the quality feels solid. Would definitely recommend it to a friend.,2025-09-26,Y,N,0
R3T8DZDGMTR,B0ANDXF98K,AuroraTech WiFi Range Extender — Bluetooth 5.3 & Fast Charging,CUST-01080,US,2,Disappointed,Not thrilled with this wifi range extender. It feels flimsy and the performance is inconsistent. I probably wouldn't buy from AuroraTech again.,2025-05-24,Y,N,20
RYHSN7NTLJ0,B0ANDXF98K,AuroraTech WiFi Range Extender — Bluetooth 5.3 & Fast Charging,CUST-00520,US,3,Does the job,"Mixed feelings about this wifi range extender. It works fine so far, but I'm not confident it will last long. Time will tell.",2025-05-08,Y,N,0
R0BGRPR59M7,B0ANDXF98K,AuroraTech WiFi Range Extender — Bluetooth 5.3 & Fast Charging,CUST-01694,US,5,Love it!,I've been using the wifi range extender for a few weeks now and it works great. Setup was easy and the quality feels solid. Would definitely recommend it to a friend.,2025-05-30,Y,N,5
R2S5H2TPK4L,B0ANDXF98K,AuroraTech WiFi Range Extender — Bluetooth 5.3 & Fast Charging,CUST-01454,US,5,Best purchase this year,I've been using the wifi range extender for a few weeks now and it works great. Setup was easy and the quality feels solid. Would definitely recommend it to a friend.,2026-01-08,Y,N,12
RBEPQUZL7SR,B0ANDXF98K,AuroraTech WiFi Range Extender — Bluetooth 5.3 & Fast Charging,CUST-00455,US,5,Love it!,I've been using the wifi range extender for a few weeks now and it works great. Setup was easy and the quality feels solid. Would definitely recommend it to a friend.,2026-02-01,N,N,0
RPGWSJRAY0M,B0ANDXF98K,AuroraTech WiFi Range Extender — Bluetooth 5.3 & Fast Charging,CUST-00270,US,4,Happy with this purchase,"Solid product from AuroraTech. It does what it's supposed to do. Not perfect, but for this price point it's a great buy.",2025-04-08,Y,N,0
RFJ4FU403K3,B0ANDXF98K,AuroraTech WiFi Range Extender — Bluetooth 5.3 & Fast Charging,CUST-01184,US,5,Exceeded my expectations,I've been using the wifi range extender for a few weeks now and it works great. Setup was easy and the quality feels solid. Would definitely recommend it to a friend.,2026-04-06,Y,N,0
R51KWD1LBB4,B0ANDXF98K,AuroraTech WiFi Range Extender — Bluetooth 5.3 & Fast Charging,CUST-01477,US,4,Great value for the price,The wifi range extender is quite good overall. It works as expected and the price is fair. Only small thing is the instructions could be clearer.,2026-07-21,Y,N,0
R5LE44JXDFT,B0ANDXF98K,AuroraTech WiFi Range Extender — Bluetooth 5.3 & Fast Charging,CUST-01414,US,5,Exceeded my expectations,This is my second wifi range extender from AuroraTech and they never disappoint. The materials feel premium and it performs flawlessly so far.,2025-06-01,Y,N,0
RZ0B36XCQ5H,B0ANDXF98K,AuroraTech WiFi Range Extender — Bluetooth 5.3 & Fast Charging,CUST-01210,US,4,Solid quality,"Solid product from AuroraTech. It does what it's supposed to do. Not perfect, but for this price point it's a great buy.",2026-02-16,Y,N,0
RPW7ZRE264F,B0ANDXF98K,AuroraTech WiFi Range Extender — Bluetooth 5.3 & Fast Charging,CUST-00967,US,5,"Five stars, would buy again","Really impressed with the build quality of this wifi range extender. It arrived quickly, was packaged well, and does exactly what it promises. Excellent value.",2026-05-12,Y,N,2
RTJ4KU8LY7G,B0ANDXF98K,AuroraTech WiFi Range Extender — Bluetooth 5.3 & Fast Charging,CUST-01463,US,5,Best purchase this year,I've been using the wifi range extender for a few weeks now and it works great. Setup was easy and the quality feels solid. Would definitely recommend it to a friend.,2025-06-22,Y,N,0
RWLPKP8K9EF,B0ANDXF98K,AuroraTech WiFi Range Extender — Bluetooth 5.3 & Fast Charging,GUEST-38192,US,5,"Five stars, would buy again","Really impressed with the build quality of this wifi range extender. It arrived quickly, was packaged well, and does exactly what it promises. Excellent value.",2026-05-19,Y,N,0
R590XBKQ59P,B0ANDXF98K,AuroraTech WiFi Range Extender — Bluetooth 5.3 & Fast Charging,GUEST-65042,US,4,Happy with this purchase,"Solid product from AuroraTech. It does what it's supposed to do. Not perfect, but for this price point it's a great buy.",2026-02-20,N,N,0
R31DSXS2SWA,B0ANDXF98K,AuroraTech WiFi Range Extender — Bluetooth 5.3 & Fast Charging,CUST-01591,US,5,Best purchase this year,This is my second wifi range extender from AuroraTech and they never disappoint. The materials feel premium and it performs flawlessly so far.,2025-03-09,Y,N,8
RFLAX88Q44G,B055PLDLF8,BrightBeam Webcam — Compact Design & 30H Battery Life,CUST-00149,US,5,Best purchase this year,"Really impressed with the build quality of this webcam. It arrived quickly, was packaged well, and does exactly what it promises. Excellent value.",2025-06-16,Y,N,2
RFTD41V3V7C,B055PLDLF8,BrightBeam Webcam — Compact Design & 30H Battery Life,CUST-01720,US,1,Terrible product,This webcam is a complete waste of money. It broke within days and the seller was unhelpful. Stay away from BrightBeam.,2026-02-15,Y,N,0
R1WP6VW82WT,B055PLDLF8,BrightBeam Webcam — Compact Design & 30H Battery Life,CUST-00862,US,5,Exactly as described,"Really impressed with the build quality of this webcam. It arrived quickly, was packaged well, and does exactly what it promises. Excellent value.",2025-08-09,Y,N,0
RFYNSBHF9D3,B055PLDLF8,BrightBeam Webcam — Compact Design & 30H Battery Life,CUST-00132,US,2,Broke quickly,Disappointed in this webcam. It arrived with minor damage and the quality is below what I expected for the price. Returning it.,2026-01-27,Y,N,3
R68WPFH3S48,B055PLDLF8,BrightBeam Webcam — Compact Design & 30H Battery Life,CUST-01584,US,1,Do not buy,Terrible quality. The webcam stopped working after a week and getting a refund was a hassle. Would give zero stars if I could.,2025-05-27,Y,N,3
RR4ALM9DAD1,B055PLDLF8,BrightBeam Webcam — Compact Design & 30H Battery Life,CUST-00849,US,2,Would not recommend,This webcam stopped working properly after two weeks. Customer service was slow to respond. Not a great experience.,2025-09-26,Y,N,0
R9TS6ZT5W41,B055PLDLF8,BrightBeam Webcam — Compact Design & 30H Battery Life,CUST-00546,US,5,Exactly as described,This is my second webcam from BrightBeam and they never disappoint. The materials feel premium and it performs flawlessly so far.,2025-09-15,Y,N,2
RH9ZCS0VQQ3,B055PLDLF8,BrightBeam Webcam — Compact Design & 30H Battery Life,CUST-00733,US,5,Exceeded my expectations,This is my second webcam from BrightBeam and they never disappoint. The materials feel premium and it performs flawlessly so far.,2025-04-14,N,N,0
RA00TFSN6GV,B055PLDLF8,BrightBeam Webcam — Compact Design & 30H Battery Life,CUST-01449,US,2,Would not recommend,Disappointed in this webcam. It arrived with minor damage and the quality is below what I expected for the price. Returning it.,2025-03-14,Y,N,0
RF139FY2RAJ,B055PLDLF8,BrightBeam Webcam — Compact Design & 30H Battery Life,CUST-00957,US,5,Exceeded my expectations,I've been using the webcam for a few weeks now and it works great. Setup was easy and the quality feels solid. Would definitely recommend it to a friend.,2026-05-21,Y,N,8
RK9RZ6P2SQS,B055PLDLF8,BrightBeam Webcam — Compact Design & 30H Battery Life,CUST-01257,US,5,Best purchase this year,This is my second webcam from BrightBeam and they never disappoint. The materials feel premium and it performs flawlessly so far.,2025-12-18,Y,N,0
RAP6BFZSWMG,B055PLDLF8,BrightBeam Webcam — Compact Design & 30H Battery Life,CUST-00242,US,4,Solid quality,The webcam is quite good overall. It works as expected and the price is fair. Only small thing is the instructions could be clearer.,2025-02-01,Y,N,0
RAUBQMW1Z8X,B055PLDLF8,BrightBeam Webcam — Compact Design & 30H Battery Life,GUEST-96142,US,5,Exceeded my expectations,"Really impressed with the build quality of this webcam. It arrived quickly, was packaged well, and does exactly what it promises. Excellent value.",2025-01-10,Y,N,3
R94KFGQ9SKP,B055PLDLF8,BrightBeam Webcam — Compact Design & 30H Battery Life,CUST-00973,US,5,Exceeded my expectations,"Really impressed with the build quality of this webcam. It arrived quickly, was packaged well, and does exactly what it promises. Excellent value.",2025-06-03,Y,N,0
RW90T4BE1S2,B055PLDLF8,BrightBeam Webcam — Compact Design & 30H Battery Life,CUST-00420,US,3,It's okay,Average webcam. It does the job but there's nothing special about it. If you're on a budget it's acceptable.,2025-03-01,Y,N,3
RDTSLE0XSKD,B055PLDLF8,BrightBeam Webcam — Compact Design & 30H Battery Life,CUST-00846,US,5,Best purchase this year,"Really impressed with the build quality of this webcam. It arrived quickly, was packaged well, and does exactly what it promises. Excellent value.",2026-01-24,Y,N,12
RNJ2GL3VL40,B055PLDLF8,BrightBeam Webcam — Compact Design & 30H Battery Life,CUST-00850,US,5,Love it!,"Really impressed with the build quality of this webcam. It arrived quickly, was packaged well, and does exactly what it promises. Excellent value.",2025-01-21,Y,N,0
RC8QBGEQ9M0,B055PLDLF8,BrightBeam Webcam — Compact Design & 30H Battery Life,CUST-00663,US,5,Exactly as described,I've been using the webcam for a few weeks now and it works great. Setup was easy and the quality feels solid. Would definitely recommend it to a friend.,2025-07-23,Y,N,1
R629CLZBW8N,B08H6XVAML,EverPeak Gaming Mouse — RGB Backlit & Compact Design,CUST-01470,US,4,"Good, with minor nitpicks","Solid product from EverPeak. It does what it's supposed to do. Not perfect, but for this price point it's a great buy.",2025-05-23,Y,N,2
R4HZU1S9FFT,B08H6XVAML,EverPeak Gaming Mouse — RGB Backlit & Compact Design,CUST-01689,US,4,Happy with this purchase,The gaming mouse is quite good overall. It works as expected and the price is fair. Only small thing is the instructions could be clearer.,2025-11-07,Y,N,2
RVYHWJUTP0T,B08H6XVAML,EverPeak Gaming Mouse — RGB Backlit & Compact Design,CUST-01645,US,5,Exceeded my expectations,I've been using the gaming mouse for a few weeks now and it works great. Setup was easy and the quality feels solid. Would definitely recommend it to a friend.,2025-09-19,Y,N,0
RHCCGZF2VM8,B08H6XVAML,EverPeak Gaming Mouse — RGB Backlit & Compact Design,CUST-00377,US,4,Great value for the price,Happy with this gaming mouse. Good quality for the money and it arrived on time. Taking one star off because the color is slightly different from the photos.,2025-12-07,Y,N,0
R8BVMQ1141A,B08H6XVAML,EverPeak Gaming Mouse — RGB Backlit & Compact Design,CUST-00849,US,5,Exceeded my expectations,"Really impressed with the build quality of this gaming mouse. It arrived quickly, was packaged well, and does exactly what it promises. Excellent value.",2025-10-28,Y,N,2
REDB255M5JF,B08H6XVAML,EverPeak Gaming Mouse — RGB Backlit & Compact Design,GUEST-20111,US,5,Exactly as described,This is my second gaming mouse from EverPeak and they never disappoint. The materials feel premium and it performs flawlessly so far.,2025-12-11,Y,N,0
RETSKQ8A8X0,B08H6XVAML,EverPeak Gaming Mouse — RGB Backlit & Compact Design,GUEST-16788,US,5,Best purchase this year,"Really impressed with the build quality of this gaming mouse. It arrived quickly, was packaged well, and does exactly what it promises. Excellent value.",2025-04-09,Y,N,8
R840P95S3VD,B08H6XVAML,EverPeak Gaming Mouse — RGB Backlit & Compact Design,GUEST-24323,US,5,Exceeded my expectations,This is my second gaming mouse from EverPeak and they never disappoint. The materials feel premium and it performs flawlessly so far.,2025-11-30,Y,N,2
RBWN7M9V69X,B08H6XVAML,EverPeak Gaming Mouse — RGB Backlit & Compact Design,CUST-00469,US,4,"Good, with minor nitpicks",Happy with this gaming mouse. Good quality for the money and it arrived on time. Taking one star off because the color is slightly different from the photos.,2025-11-12,Y,N,0
RBPTK5G2EX0,B08H6XVAML,EverPeak Gaming Mouse — RGB Backlit & Compact Design,CUST-01651,US,4,"Good, with minor nitpicks",Happy with this gaming mouse. Good quality for the money and it arrived on time. Taking one star off because the color is slightly different from the photos.,2025-07-13,N,N,0
RZVM21QGD2A,B08H6XVAML,EverPeak Gaming Mouse — RGB Backlit & Compact Design,CUST-01220,US,2,Disappointed,Disappointed in this gaming mouse. It arrived with minor damage and the quality is below what I expected for the price. Returning it.,2025-04-11,Y,N,0
RFAQWTPB0RZ,B08H6XVAML,EverPeak Gaming Mouse — RGB Backlit & Compact Design,CUST-01405,US,4,Happy with this purchase,The gaming mouse is quite good overall. It works as expected and the price is fair. Only small thing is the instructions could be clearer.,2025-09-27,Y,N,0
RGZSLP9W14R,B08H6XVAML,EverPeak Gaming Mouse — RGB Backlit & Compact Design,CUST-00790,US,5,Best purchase this year,I've been using the gaming mouse for a few weeks now and it works great. Setup was easy and the quality feels solid. Would definitely recommend it to a friend.,2026-01-11,Y,N,35
RALX9NAHE44,B08H6XVAML,EverPeak Gaming Mouse — RGB Backlit & Compact Design,CUST-01488,US,5,Exceeded my expectations,This is my second gaming mouse from EverPeak and they never disappoint. The materials feel premium and it performs flawlessly so far.,2025-01-13,Y,N,8
RARBH4FP7QX,B08H6XVAML,EverPeak Gaming Mouse — RGB Backlit & Compact Design,GUEST-22714,US,5,Exactly as described,"Really impressed with the build quality of this gaming mouse. It arrived quickly, was packaged well, and does exactly what it promises. Excellent value.",2025-12-20,Y,N,5
RDT9X8AY6WQ,B08H6XVAML,EverPeak Gaming Mouse — RGB Backlit & Compact Design,CUST-00011,US,5,Exceeded my expectations,"Really impressed with the build quality of this gaming mouse. It arrived quickly, was packaged well, and does exactly what it promises. Excellent value.",2026-07-28,N,N,8
R7J92D3CBHX,B08H6XVAML,EverPeak Gaming Mouse — RGB Backlit & Compact Design,CUST-01729,US,3,Average product,"Mixed feelings about this gaming mouse. It works fine so far, but I'm not confident it will last long. Time will tell.",2026-06-29,Y,N,0
RYLWKXKNQPU,B08H6XVAML,EverPeak Gaming Mouse — RGB Backlit & Compact Design,CUST-01337,US,5,Best purchase this year,I've been using the gaming mouse for a few weeks now and it works great. Setup was easy and the quality feels solid. Would definitely recommend it to a friend.,2025-02-16,Y,N,12
R7H9CCNNKDP,B08H6XVAML,EverPeak Gaming Mouse — RGB Backlit & Compact Design,CUST-00770,US,4,Very good product,"Solid product from EverPeak. It does what it's supposed to do. Not perfect, but for this price point it's a great buy.",2025-07-13,Y,N,1
R1PQDTP5FEP,B08H6XVAML,EverPeak Gaming Mouse — RGB Backlit & Compact Design,CUST-00053,US,4,Great value for the price,Happy with this gaming mouse. Good quality for the money and it arrived on time. Taking one star off because the color is slightly different from the photos.,2025-11-05,Y,N,0
RF5CSEMG7J0,B08H6XVAML,EverPeak Gaming Mouse — RGB Backlit & Compact Design,CUST-01299,US,5,Best purchase this year,I've been using the gaming mouse for a few weeks now and it works great. Setup was easy and the quality feels solid. Would definitely recommend it to a friend.,2025-09-16,Y,N,5
RVX316QVSR5,B08H6XVAML,EverPeak Gaming Mouse — RGB Backlit & Compact Design,CUST-01569,US,5,"Five stars, would buy again",This is my second gaming mouse from EverPeak and they never disappoint. The materials feel premium and it performs flawlessly so far.,2025-03-14,Y,N,3
R2GWDHYSN1L,B088K2QTZJ,AuroraTech Car Mount — Bluetooth 5.3 & RGB Backlit,CUST-00878,US,1,Stopped working after a week,Terrible quality. The car mount stopped working after a week and getting a refund was a hassle. Would give zero stars if I could.,2025-09-07,Y,N,0
RH2CAGF29LE,B088K2QTZJ,AuroraTech Car Mount — Bluetooth 5.3 & RGB Backlit,CUST-00319,US,4,Great value for the price,The car mount is quite good overall. It works as expected and the price is fair. Only small thing is the instructions could be clearer.,2026-05-20,Y,N,0
R0DJJFNEECX,B088K2QTZJ,AuroraTech Car Mount — Bluetooth 5.3 & RGB Backlit,CUST-00117,US,4,Very good product,The car mount is quite good overall. It works as expected and the price is fair. Only small thing is the instructions could be clearer.,2025-03-25,Y,N,0
RWYS49X6LT1,B088K2QTZJ,AuroraTech Car Mount — Bluetooth 5.3 & RGB Backlit,CUST-01381,US,4,"Good, with minor nitpicks","Solid product from AuroraTech. It does what it's supposed to do. Not perfect, but for this price point it's a great buy.",2025-10-12,Y,N,0
RZ211U60URC,B088K2QTZJ,AuroraTech Car Mount — Bluetooth 5.3 & RGB Backlit,GUEST-45325,US,5,Exceeded my expectations,This is my second car mount from AuroraTech and they never disappoint. The materials feel premium and it performs flawlessly so far.,2026-03-24,Y,N,0
R6R1JBCJ9X9,B088K2QTZJ,AuroraTech Car Mount — Bluetooth 5.3 & RGB Backlit,CUST-00542,US,1,Stopped working after a week,Terrible quality. The car mount stopped working after a week and getting a refund was a hassle. Would give zero stars if I could.,2026-01-15,Y,N,3
RLLZY55HVHS,B088K2QTZJ,AuroraTech Car Mount — Bluetooth 5.3 & RGB Backlit,CUST-00454,US,1,Waste of money,This car mount is a complete waste of money. It broke within days and the seller was unhelpful. Stay away from AuroraTech.,2026-03-07,Y,N,0
RSX2FPRNUJM,B088K2QTZJ,AuroraTech Car Mount — Bluetooth 5.3 & RGB Backlit,CUST-00310,US,5,Best purchase this year,"Really impressed with the build quality of this car mount. It arrived quickly, was packaged well, and does exactly what it promises. Excellent value.",2025-11-28,Y,N,0
RH86MT9W04T,B088K2QTZJ,AuroraTech Car Mount — Bluetooth 5.3 & RGB Backlit,CUST-00799,US,3,It's okay,"The car mount is okay but I expected a bit more. It works, though the materials feel cheaper than the photos suggest. Probably fine for light use.",2025-10-24,Y,N,0
RV28MZ13E54,B088K2QTZJ,AuroraTech Car Mount — Bluetooth 5.3 & RGB Backlit,CUST-00517,US,2,Not what I expected,Disappointed in this car mount. It arrived with minor damage and the quality is below what I expected for the price. Returning it.,2025-10-05,Y,N,2
RD4Q662YRE8,B088K2QTZJ,AuroraTech Car Mount — Bluetooth 5.3 & RGB Backlit,CUST-01713,US,5,"Five stars, would buy again",I've been using the car mount for a few weeks now and it works great. Setup was easy and the quality feels solid. Would definitely recommend it to a friend.,2026-07-03,Y,N,5
RXJ9EM3YD96,B088K2QTZJ,AuroraTech Car Mount — Bluetooth 5.3 & RGB Backlit,CUST-01307,US,4,Solid quality,"Solid product from AuroraTech. It does what it's supposed to do. Not perfect, but for this price point it's a great buy.",2025-04-16,Y,N,1
RNTB2535B7P,B088K2QTZJ,AuroraTech Car Mount — Bluetooth 5.3 & RGB Backlit,CUST-00982,US,5,Best purchase this year,I've been using the car mount for a few weeks now and it works great. Setup was easy and the quality feels solid. Would definitely recommend it to a friend.,2026-07-17,Y,N,5
R5JJWHKQMVL,B088K2QTZJ,AuroraTech Car Mount — Bluetooth 5.3 & RGB Backlit,CUST-00509,US,4,Solid quality,Happy with this car mount. Good quality for the money and it arrived on time. Taking one star off because the color is slightly different from the photos.,2025-03-24,Y,N,0
RRHNWPYXBSS,B06AZNEH47,BrightBeam Mechanical Keyboard — 30H Battery Life & Water Resistant,CUST-01142,US,5,Exactly as described,This is my second mechanical keyboard from BrightBeam and they never disappoint. The materials feel premium and it performs flawlessly so far.,2025-06-05,Y,N,0
RPE96MBAEB5,B06AZNEH47,BrightBeam Mechanical Keyboard — 30H Battery Life & Water Resistant,CUST-00082,US,5,Best purchase this year,This is my second mechanical keyboard from BrightBeam and they never disappoint. The materials feel premium and it performs flawlessly so far.,2026-01-18,Y,N,1
RELLW5S5TTY,B06AZNEH47,BrightBeam Mechanical Keyboard — 30H Battery Life & Water Resistant,CUST-00330,US,3,Does the job,"The mechanical keyboard is okay but I expected a bit more. It works, though the materials feel cheaper than the photos suggest. Probably fine for light use.",2026-01-19,N,N,0
RPRAGSXGVPS,B06AZNEH47,BrightBeam Mechanical Keyboard — 30H Battery Life & Water Resistant,CUST-00811,US,4,Great value for the price,Happy with this mechanical keyboard. Good quality for the money and it arrived on time. Taking one star off because the color is slightly different from the photos.,2025-03-05,N,N,35
R7VZ14CGMT8,B06AZNEH47,BrightBeam Mechanical Keyboard — 30H Battery Life & Water Resistant,CUST-00251,US,0,Exceeded my expectations,This is my second mechanical keyboard from BrightBeam and they never disappoint. The materials feel premium and it performs flawlessly so far.,2025-02-19,Y,N,8
RHBFENHLCUS,B06AZNEH47,BrightBeam Mechanical Keyboard — 30H Battery Life & Water Resistant,CUST-00945,US,5,Exactly as described,I've been using the mechanical keyboard for a few weeks now and it works great. Setup was easy and the quality feels solid. Would definitely recommend it to a friend.,2025-10-15,N,N,8
RHT0U37TZC1,B06AZNEH47,BrightBeam Mechanical Keyboard — 30H Battery Life & Water Resistant,CUST-00565,US,5,Exceeded my expectations,I've been using the mechanical keyboard for a few weeks now and it works great. Setup was easy and the quality feels solid. Would definitely recommend it to a friend.,2025-11-06,Y,N,0
RN4834H8X18,B06AZNEH47,BrightBeam Mechanical Keyboard — 30H Battery Life & Water Resistant,CUST-01568,US,2,Quality could be better,Not thrilled with this mechanical keyboard. It feels flimsy and the performance is inconsistent. I probably wouldn't buy from BrightBeam again.,2026-02-13,Y,N,0
RZRG05BF8S8,B06AZNEH47,BrightBeam Mechanical Keyboard — 30H Battery Life & Water Resistant,GUEST-35225,US,4,Great value for the price,The mechanical keyboard is quite good overall. It works as expected and the price is fair. Only small thing is the instructions could be clearer.,2025-12-04,Y,N,0
RHG5E4T5RK8,B06AZNEH47,BrightBeam Mechanical Keyboard — 30H Battery Life & Water Resistant,CUST-01026,US,4,Happy with this purchase,The mechanical keyboard is quite good overall. It works as expected and the price is fair. Only small thing is the instructions could be clearer.,2025-05-06,Y,N,1
R1ZD90LQ5ZK,B06AZNEH47,BrightBeam Mechanical Keyboard — 30H Battery Life & Water Resistant,CUST-00481,US,2,Broke quickly,Not thrilled with this mechanical keyboard. It feels flimsy and the performance is inconsistent. I probably wouldn't buy from BrightBeam again.,2026-06-09,Y,N,0
RYXM4HV6KVR,B06AZNEH47,BrightBeam Mechanical Keyboard — 30H Battery Life & Water Resistant,CUST-00027,US,5,Exceeded my expectations,This is my second mechanical keyboard from BrightBeam and they never disappoint. The materials feel premium and it performs flawlessly so far.,2025-03-17,Y,N,1
R4C8RZDR4JE,B0H9GJQWK8,EverPeak Phone Case — Noise Cancelling & Bluetooth 5.3,CUST-01104,US,4,Happy with this purchase,Happy with this phone case. Good quality for the money and it arrived on time. Taking one star off because the color is slightly different from the photos.,2026-07-26,Y,N,0
R6C0SKD8E73,B0H9GJQWK8,EverPeak Phone Case — Noise Cancelling & Bluetooth 5.3,CUST-01132,US,4,Happy with this purchase,"Solid product from EverPeak. It does what it's supposed to do. Not perfect, but for this price point it's a great buy.",2025-12-04,N,N,0
RPGBHE3LSCY,B0H9GJQWK8,EverPeak Phone Case — Noise Cancelling & Bluetooth 5.3,CUST-01724,US,5,Best purchase this year,This is my second phone case from EverPeak and they never disappoint. The materials feel premium and it performs flawlessly so far.,2025-09-11,Y,N,0
RFWXGWFANS5,B0H9GJQWK8,EverPeak Phone Case — Noise Cancelling & Bluetooth 5.3,CUST-01001,US,2,Disappointed,Disappointed in this phone case. It arrived with minor damage and the quality is below what I expected for the price. Returning it.,2026-01-12,N,N,0
R3A8BT1XCX2,B0H9GJQWK8,EverPeak Phone Case — Noise Cancelling & Bluetooth 5.3,CUST-01349,US,5,Exceeded my expectations,I've been using the phone case for a few weeks now and it works great. Setup was easy and the quality feels solid. Would definitely recommend it to a friend.,2025-07-31,Y,N,0
RXS5YEZG2DQ,B0H9GJQWK8,EverPeak Phone Case — Noise Cancelling & Bluetooth 5.3,CUST-00301,US,5,Love it!,This is my second phone case from EverPeak and they never disappoint. The materials feel premium and it performs flawlessly so far.,2025-10-20,Y,N,8
RNJY9KAFDHB,B0H9GJQWK8,EverPeak Phone Case — Noise Cancelling & Bluetooth 5.3,CUST-00379,US,5,"Five stars, would buy again",This is my second phone case from EverPeak and they never disappoint. The materials feel premium and it performs flawlessly so far.,2025-03-04,Y,N,2
RFZTJEKNEE0,B0M2QT36J4,AuroraTech Portable Charger — Fast Charging & HD 1080p,GUEST-74070,US,2,Disappointed,This portable charger stopped working properly after two weeks. Customer service was slow to respond. Not a great experience.,2026-05-04,Y,N,12
R8SNQQAQCJE,B0M2QT36J4,AuroraTech Portable Charger — Fast Charging & HD 1080p,CUST-00364,US,5,Exceeded my expectations,I've been using the portable charger for a few weeks now and it works great. Setup was easy and the quality feels solid. Would definitely recommend it to a friend.,2026-06-14,Y,N,2
RNE4591PKMT,B0M2QT36J4,AuroraTech Portable Charger — Fast Charging & HD 1080p,GUEST-34544,US,5,Love it!,I've been using the portable charger for a few weeks now and it works great. Setup was easy and the quality feels solid. Would definitely recommend it to a friend.,2025-03-16,Y,N,8
REDW3M2AF1Y,B0M2QT36J4,AuroraTech Portable Charger — Fast Charging & HD 1080p,CUST-01612,US,1,Do not buy,Arrived damaged and non-functional. The portable charger feels like cheap plastic. Very disappointed with this purchase.,2025-10-06,Y,N,0
R409QAU3GLE,B0M2QT36J4,AuroraTech Portable Charger — Fast Charging & HD 1080p,CUST-00457,US,5,Love it!,I've been using the portable charger for a few weeks now and it works great. Setup was easy and the quality feels solid. Would definitely recommend it to a friend.,2025-09-16,Y,N,2
RZEN1MEVX55,B0M2QT36J4,AuroraTech Portable Charger — Fast Charging & HD 1080p,CUST-01026,US,5,"Five stars, would buy again",This is my second portable charger from AuroraTech and they never disappoint. The materials feel premium and it performs flawlessly so far.,2025-05-23,Y,N,5
RA21CZG5YPB,B0M2QT36J4,AuroraTech Portable Charger — Fast Charging & HD 1080p,CUST-00188,US,5,Love it!,This is my second portable charger from AuroraTech and they never disappoint. The materials feel premium and it performs flawlessly so far.,2025-08-15,Y,N,0
RPKQZRTGVGQ,B0M2QT36J4,AuroraTech Portable Charger — Fast Charging & HD 1080p,CUST-01486,US,5,Exceeded my expectations,This is my second portable charger from AuroraTech and they never disappoint. The materials feel premium and it performs flawlessly so far.,2025-05-20,Y,N,3
RLBML6CRLPT,B0M2QT36J4,AuroraTech Portable Charger — Fast Charging & HD 1080p,CUST-00483,US,5,Exactly as described,"Really impressed with the build quality of this portable charger. It arrived quickly, was packaged well, and does exactly what it promises. Excellent value.",2025-08-27,Y,N,0
RDUXMUWAWZX,B0M2QT36J4,AuroraTech Portable Charger — Fast Charging & HD 1080p,CUST-00804,US,4,Great value for the price,"Solid product from AuroraTech. It does what it's supposed to do. Not perfect, but for this price point it's a great buy.",2025-06-24,Y,N,0
RKEA3MC2UBY,B0M2QT36J4,AuroraTech Portable Charger — Fast Charging & HD 1080p,CUST-00883,US,4,"Good, with minor nitpicks",The portable charger is quite good overall. It works as expected and the price is fair. Only small thing is the instructions could be clearer.,2025-10-03,Y,N,0
RDYM89V9WZ2,B0M2QT36J4,AuroraTech Portable Charger — Fast Charging & HD 1080p,CUST-00375,US,5,Exceeded my expectations,"Really impressed with the build quality of this portable charger. It arrived quickly, was packaged well, and does exactly what it promises. Excellent value.",2025-09-20,Y,N,3
RTXUBJ5HV62,B0YXU5G7D1,BrightBeam Bluetooth Speaker — Fast Charging & Noise Cancelling,CUST-00210,US,5,"Five stars, would buy again",This is my second bluetooth speaker from BrightBeam and they never disappoint. The materials feel premium and it performs flawlessly so far.,2026-04-15,Y,N,3
RQRZ3SDMZKF,B0YXU5G7D1,BrightBeam Bluetooth Speaker — Fast Charging & Noise Cancelling,CUST-01268,US,3,Decent but not amazing,"Mixed feelings about this bluetooth speaker. It works fine so far, but I'm not confident it will last long. Time will tell.",2026-04-17,Y,N,5
RRY3B5BLH23,B0YXU5G7D1,BrightBeam Bluetooth Speaker — Fast Charging & Noise Cancelling,CUST-01480,US,5,"Five stars, would buy again","Really impressed with the build quality of this bluetooth speaker. It arrived quickly, was packaged well, and does exactly what it promises. Excellent value.",2026-06-02,Y,N,0
RFDRQZF2KYJ,B0YXU5G7D1,BrightBeam Bluetooth Speaker — Fast Charging & Noise Cancelling,CUST-01464,US,1,Terrible product,This bluetooth speaker is a complete waste of money. It broke within days and the seller was unhelpful. Stay away from BrightBeam.,2026-04-01,Y,N,3
RSBR6PB8X2F,B0YXU5G7D1,BrightBeam Bluetooth Speaker — Fast Charging & Noise Cancelling,GUEST-90692,US,5,Exceeded my expectations,I've been using the bluetooth speaker for a few weeks now and it works great. Setup was easy and the quality feels solid. Would definitely recommend it to a friend.,2026-01-28,Y,N,0
R8RNRQHF6EY,B0YXU5G7D1,BrightBeam Bluetooth Speaker — Fast Charging & Noise Cancelling,GUEST-84280,US,2,Quality could be better,This bluetooth speaker stopped working properly after two weeks. Customer service was slow to respond. Not a great experience.,2025-10-26,Y,N,12
RD44BN4ZMJ1,B0YXU5G7D1,BrightBeam Bluetooth Speaker — Fast Charging & Noise Cancelling,CUST-00836,US,3,Average product,"Mixed feelings about this bluetooth speaker. It works fine so far, but I'm not confident it will last long. Time will tell.",2026-04-13,N,N,0
R6RAYN0HX3K,B0YXU5G7D1,BrightBeam Bluetooth Speaker — Fast Charging & Noise Cancelling,CUST-00418,US,1,Stopped working after a week,Terrible quality. The bluetooth speaker stopped working after a week and getting a refund was a hassle. Would give zero stars if I could.,2025-10-25,Y,N,0
RWDSBGTC3EQ,B0YXU5G7D1,BrightBeam Bluetooth Speaker — Fast Charging & Noise Cancelling,CUST-00506,US,4,"Good, with minor nitpicks","Solid product from BrightBeam. It does what it's supposed to do. Not perfect, but for this price point it's a great buy.",2025-09-27,Y,N,0
RJKM2ZC4K31,B0YXU5G7D1,BrightBeam Bluetooth Speaker — Fast Charging & Noise Cancelling,CUST-01728,US,5,Best purchase this year,This is my second bluetooth speaker from BrightBeam and they never disappoint. The materials feel premium and it performs flawlessly so far.,2026-07-24,Y,N,0
RW8DGDYHHGD,B0YXU5G7D1,BrightBeam Bluetooth Speaker — Fast Charging & Noise Cancelling,CUST-01604,US,5,Best purchase this year,I've been using the bluetooth speaker for a few weeks now and it works great. Setup was easy and the quality feels solid. Would definitely recommend it to a friend.,2026-01-25,Y,N,0
RY81V10J50U,B0YXU5G7D1,BrightBeam Bluetooth Speaker — Fast Charging & Noise Cancelling,CUST-00505,US,1,Stopped working after a week,Arrived damaged and non-functional. The bluetooth speaker feels like cheap plastic. Very disappointed with this purchase.,2026-03-14,N,N,0
RMTM6FX37WM,B0YXU5G7D1,BrightBeam Bluetooth Speaker — Fast Charging & Noise Cancelling,CUST-00419,US,5,"Five stars, would buy again",This is my second bluetooth speaker from BrightBeam and they never disappoint. The materials feel premium and it performs flawlessly so far.,2025-08-17,Y,N,1
RMSPE9GGBJK,B0YXU5G7D1,BrightBeam Bluetooth Speaker — Fast Charging & Noise Cancelling,CUST-01260,US,1,Terrible product,Arrived damaged and non-functional. The bluetooth speaker feels like cheap plastic. Very disappointed with this purchase.,2026-06-27,Y,N,0
RBKY6WWX6KQ,B0YXU5G7D1,BrightBeam Bluetooth Speaker — Fast Charging & Noise Cancelling,CUST-00288,US,3,Decent but not amazing,,2026-07-04,Y,N,8
RJRBJA9QAKD,B0YXU5G7D1,BrightBeam Bluetooth Speaker — Fast Charging & Noise Cancelling,CUST-00491,US,5,Love it!,,2026-04-25,Y,N,0
RDT0SCHQ3GL,B0YXU5G7D1,BrightBeam Bluetooth Speaker — Fast Charging & Noise Cancelling,CUST-01187,US,5,Exactly as described,This is my second bluetooth speaker from BrightBeam and they never disappoint. The materials feel premium and it performs flawlessly so far.,2026-05-08,Y,N,0
RD4TQX1UQBS,B0YXU5G7D1,BrightBeam Bluetooth Speaker — Fast Charging & Noise Cancelling,GUEST-29482,US,4,"Good, with minor nitpicks",The bluetooth speaker is quite good overall. It works as expected and the price is fair. Only small thing is the instructions could be clearer.,2025-03-28,N,N,0
RPMTYJZHP89,B0671R2A1G,EverPeak Laptop Stand — Water Resistant & 30H Battery Life,CUST-01574,US,5,Love it!,"Really impressed with the build quality of this laptop stand. It arrived quickly, was packaged well, and does exactly what it promises. Excellent value.",2026-01-28,N,N,0
RSKG448BU2S,B0671R2A1G,EverPeak Laptop Stand — Water Resistant & 30H Battery Life,CUST-00020,US,5,"Five stars, would buy again","Really impressed with the build quality of this laptop stand. It arrived quickly, was packaged well, and does exactly what it promises. Excellent value.",2026-02-25,Y,N,0
RARYP45440W,B0671R2A1G,EverPeak Laptop Stand — Water Resistant & 30H Battery Life,CUST-00147,US,4,Great value for the price,The laptop stand is quite good overall. It works as expected and the price is fair. Only small thing is the instructions could be clearer.,2025-10-28,Y,N,1
RGDGEH5Z06G,B0671R2A1G,EverPeak Laptop Stand — Water Resistant & 30H Battery Life,CUST-00061,US,3,Mixed feelings,"Mixed feelings about this laptop stand. It works fine so far, but I'm not confident it will last long. Time will tell.",2025-05-24,Y,N,2
R1UGT2TANL9,B0671R2A1G,EverPeak Laptop Stand — Water Resistant & 30H Battery Life,CUST-00779,US,5,Love it!,This is my second laptop stand from EverPeak and they never disappoint. The materials feel premium and it performs flawlessly so far.,2025-06-27,N,N,0
R1755YXS2D8,B0671R2A1G,EverPeak Laptop Stand — Water Resistant & 30H Battery Life,CUST-00751,US,2,Quality could be better,Disappointed in this laptop stand. It arrived with minor damage and the quality is below what I expected for the price. Returning it.,2026-06-12,N,N,0
RCMF0XDZLM7,B0671R2A1G,EverPeak Laptop Stand — Water Resistant & 30H Battery Life,CUST-01239,US,1,Arrived damaged,Terrible quality. The laptop stand stopped working after a week and getting a refund was a hassle. Would give zero stars if I could.,2026-02-04,Y,N,0
RUPMFFL4XF6,B0671R2A1G,EverPeak Laptop Stand — Water Resistant & 30H Battery Life,CUST-01775,US,3,Does the job,"The laptop stand is okay but I expected a bit more. It works, though the materials feel cheaper than the photos suggest. Probably fine for light use.",2025-11-02,Y,N,0
RBCPEMVJ04T,B0671R2A1G,EverPeak Laptop Stand — Water Resistant & 30H Battery Life,CUST-00607,US,5,"Five stars, would buy again",This is my second laptop stand from EverPeak and they never disappoint. The materials feel premium and it performs flawlessly so far.,2025-03-14,Y,N,20
RWKNHAW17AS,B0671R2A1G,EverPeak Laptop Stand — Water Resistant & 30H Battery Life,GUEST-84644,US,5,Best purchase this year,I've been using the laptop stand for a few weeks now and it works great. Setup was easy and the quality feels solid. Would definitely recommend it to a friend.,2026-06-01,Y,N,0
RETWRVWJHVT,B0K12NKA8N,AuroraTech Smart Watch — 30H Battery Life & Bluetooth 5.3,CUST-00963,US,3,Does the job,"Mixed feelings about this smart watch. It works fine so far, but I'm not confident it will last long. Time will tell.",2025-05-02,Y,N,2
RRMRMHCQXZ1,B0K12NKA8N,AuroraTech Smart Watch — 30H Battery Life & Bluetooth 5.3,GUEST-68638,US,3,It's okay,Average smart watch. It does the job but there's nothing special about it. If you're on a budget it's acceptable.,2026-02-21,Y,N,0
R1VDAHA5YEW,B0K12NKA8N,AuroraTech Smart Watch — 30H Battery Life & Bluetooth 5.3,CUST-00029,US,3,It's okay,"Mixed feelings about this smart watch. It works fine so far, but I'm not confident it will last long. Time will tell.",2025-07-20,Y,N,35
RKBUT6GSC3G,B0K12NKA8N,AuroraTech Smart Watch — 30H Battery Life & Bluetooth 5.3,CUST-00681,US,5,Best purchase this year,"Really impressed with the build quality of this smart watch. It arrived quickly, was packaged well, and does exactly what it promises. Excellent value.",2026-04-04,Y,N,5
R2A0QB2S4LE,B0K12NKA8N,AuroraTech Smart Watch — 30H Battery Life & Bluetooth 5.3,CUST-00612,US,5,Love it!,This is my second smart watch from AuroraTech and they never disappoint. The materials feel premium and it performs flawlessly so far.,2026-07-28,Y,N,0
RS4EM3TMKLH,B0K12NKA8N,AuroraTech Smart Watch — 30H Battery Life & Bluetooth 5.3,CUST-00408,US,3,Decent but not amazing,"Mixed feelings about this smart watch. It works fine so far, but I'm not confident it will last long. Time will tell.",2026-02-10,Y,N,5
R4HB6ZJGVB6,B0K12NKA8N,AuroraTech Smart Watch — 30H Battery Life & Bluetooth 5.3,CUST-00725,US,5,Best purchase this year,"Really impressed with the build quality of this smart watch. It arrived quickly, was packaged well, and does exactly what it promises. Excellent value.",2026-01-05,N,N,0
RG1EG2H16AH,B0K12NKA8N,AuroraTech Smart Watch — 30H Battery Life & Bluetooth 5.3,CUST-00271,US,5,Exceeded my expectations,This is my second smart watch from AuroraTech and they never disappoint. The materials feel premium and it performs flawlessly so far.,2025-09-17,Y,N,3
RYQBMC4D1TD,B0K12NKA8N,AuroraTech Smart Watch — 30H Battery Life & Bluetooth 5.3,CUST-00122,US,4,Very good product,"Solid product from AuroraTech. It does what it's supposed to do. Not perfect, but for this price point it's a great buy.",2026-07-06,Y,N,0
RXM6JPYSGPL,B0K12NKA8N,AuroraTech Smart Watch — 30H Battery Life & Bluetooth 5.3,CUST-01416,US,5,Love it!,"Really impressed with the build quality of this smart watch. It arrived quickly, was packaged well, and does exactly what it promises. Excellent value.",2026-02-05,Y,N,0
RF073KZPD8L,B0K12NKA8N,AuroraTech Smart Watch — 30H Battery Life & Bluetooth 5.3,CUST-01354,US,4,Great value for the price,Happy with this smart watch. Good quality for the money and it arrived on time. Taking one star off because the color is slightly different from the photos.,2025-12-14,Y,N,0
R6VCB5DSLZ0,B0K12NKA8N,AuroraTech Smart Watch — 30H Battery Life & Bluetooth 5.3,CUST-01330,US,5,Best purchase this year,This is my second smart watch from AuroraTech and they never disappoint. The materials feel premium and it performs flawlessly so far.,2026-07-27,N,N,0
RHPFN7C5ESB,B0279XVVC5,BrightBeam Desk Lamp — RGB Backlit & Noise Cancelling,CUST-00070,US,1,Do not buy,This desk lamp is a complete waste of money. It broke within days and the seller was unhelpful. Stay away from BrightBeam.,2025-01-30,Y,N,2
RV3QMCTWFYC,B0279XVVC5,BrightBeam Desk Lamp — RGB Backlit & Noise Cancelling,CUST-01353,US,5,Love it!,"Really impressed with the build quality of this desk lamp. It arrived quickly, was packaged well, and does exactly what it promises. Excellent value.",2025-03-19,Y,N,1
RSJT556C6D3,B0279XVVC5,BrightBeam Desk Lamp — RGB Backlit & Noise Cancelling,CUST-00557,US,2,Broke quickly,Not thrilled with this desk lamp. It feels flimsy and the performance is inconsistent. I probably wouldn't buy from BrightBeam again.,2025-04-01,Y,N,0
RTG6JEAMRF7,B0279XVVC5,BrightBeam Desk Lamp — RGB Backlit & Noise Cancelling,CUST-01255,US,4,Very good product,The desk lamp is quite good overall. It works as expected and the price is fair. Only small thing is the instructions could be clearer.,2025-01-28,Y,N,0
R5032FZDTEH,B0279XVVC5,BrightBeam Desk Lamp — RGB Backlit & Noise Cancelling,CUST-01677,US,5,Best purchase this year,This is my second desk lamp from BrightBeam and they never disappoint. The materials feel premium and it performs flawlessly so far.,2026-04-24,Y,N,0
REGKB453E1V,B0279XVVC5,BrightBeam Desk Lamp — RGB Backlit & Noise Cancelling,CUST-01101,US,5,Exceeded my expectations,"Really impressed with the build quality of this desk lamp. It arrived quickly, was packaged well, and does exactly what it promises. Excellent value.",2025-08-12,Y,N,0
RANLY8UPCHR,B0279XVVC5,BrightBeam Desk Lamp — RGB Backlit & Noise Cancelling,CUST-00014,US,4,Great value for the price,Happy with this desk lamp. Good quality for the money and it arrived on time. Taking one star off because the color is slightly different from the photos.,2025-11-16,Y,N,0
RASLZ1RERRA,B0279XVVC5,BrightBeam Desk Lamp — RGB Backlit & Noise Cancelling,CUST-00828,US,5,Best purchase this year,This is my second desk lamp from BrightBeam and they never disappoint. The materials feel premium and it performs flawlessly so far.,2026-06-01,Y,N,0
RJQKFF7P9V8,B0279XVVC5,BrightBeam Desk Lamp — RGB Backlit & Noise Cancelling,CUST-00275,US,4,Happy with this purchase,The desk lamp is quite good overall. It works as expected and the price is fair. Only small thing is the instructions could be clearer.,2025-02-13,Y,N,0
RR54NFPZPYR,B0279XVVC5,BrightBeam Desk Lamp — RGB Backlit & Noise Cancelling,CUST-01569,US,4,Happy with this purchase,Happy with this desk lamp. Good quality for the money and it arrived on time. Taking one star off because the color is slightly different from the photos.,2025-03-29,Y,N,2
RP4X2BX7B27,B0279XVVC5,BrightBeam Desk Lamp — RGB Backlit & Noise Cancelling,CUST-01275,US,2,Would not recommend,Disappointed in this desk lamp. It arrived with minor damage and the quality is below what I expected for the price. Returning it.,2025-01-11,Y,N,0
RYQ83G5RUXP,B0279XVVC5,BrightBeam Desk Lamp — RGB Backlit & Noise Cancelling,CUST-01365,US,3,Average product,"The desk lamp is okay but I expected a bit more. It works, though the materials feel cheaper than the photos suggest. Probably fine for light use.",2025-04-03,Y,N,0
RHGJM0F8V88,B0279XVVC5,BrightBeam Desk Lamp — RGB Backlit & Noise Cancelling,CUST-00986,US,5,Exactly as described,"Really impressed with the build quality of this desk lamp. It arrived quickly, was packaged well, and does exactly what it promises. Excellent value.",2025-01-17,Y,N,8
RG4R9LLCA6C,B0279XVVC5,BrightBeam Desk Lamp — RGB Backlit & Noise Cancelling,GUEST-51536,US,3,Mixed feelings,"Mixed feelings about this desk lamp. It works fine so far, but I'm not confident it will last long. Time will tell.",2025-04-26,Y,N,12
RZR287REMUK,B0279XVVC5,BrightBeam Desk Lamp — RGB Backlit & Noise Cancelling,CUST-00856,US,1,Arrived damaged,Terrible quality. The desk lamp stopped working after a week and getting a refund was a hassle. Would give zero stars if I could.,2026-05-26,N,N,0
RC4DJYS0SN2,B0279XVVC5,BrightBeam Desk Lamp — RGB Backlit & Noise Cancelling,GUEST-78074,US,5,"Five stars, would buy again",I've been using the desk lamp for a few weeks now and it works great. Setup was easy and the quality feels solid. Would definitely recommend it to a friend.,2026-06-09,N,N,0
RGBQXLP9CRR,B0279XVVC5,BrightBeam Desk Lamp — RGB Backlit & Noise Cancelling,CUST-01059,US,5,Best purchase this year,I've been using the desk lamp for a few weeks now and it works great. Setup was easy and the quality feels solid. Would definitely recommend it to a friend.,2026-01-31,Y,N,0
R2N3VUF1BWZ,B0279XVVC5,BrightBeam Desk Lamp — RGB Backlit & Noise Cancelling,CUST-00633,US,3,Average product,"The desk lamp is okay but I expected a bit more. It works, though the materials feel cheaper than the photos suggest. Probably fine for light use.",2026-03-01,Y,N,0
R4M7P5BKNUB,B0279XVVC5,BrightBeam Desk Lamp — RGB Backlit & Noise Cancelling,GUEST-91023,US,3,It's okay,"Mixed feelings about this desk lamp. It works fine so far, but I'm not confident it will last long. Time will tell.",2026-01-14,Y,N,0
R75PUCDUBNM,B0279XVVC5,BrightBeam Desk Lamp — RGB Backlit & Noise Cancelling,CUST-00067,US,5,Exceeded my expectations,I've been using the desk lamp for a few weeks now and it works great. Setup was easy and the quality feels solid. Would definitely recommend it to a friend.,2026-06-21,Y,N,0
RTP283C8EU3,B0279XVVC5,BrightBeam Desk Lamp — RGB Backlit & Noise Cancelling,GUEST-52838,US,5,"Five stars, would buy again","Really impressed with the build quality of this desk lamp. It arrived quickly, was packaged well, and does exactly what it promises. Excellent value.",2026-04-10,N,N,5
RFF02GLQU6G,B0279XVVC5,BrightBeam Desk Lamp — RGB Backlit & Noise Cancelling,CUST-01481,US,4,"Good, with minor nitpicks",Happy with this desk lamp. Good quality for the money and it arrived on time. Taking one star off because the color is slightly different from the photos.,2026-03-31,Y,N,0
RR2PDY7RN2X,B0279XVVC5,BrightBeam Desk Lamp — RGB Backlit & Noise Cancelling,CUST-00231,US,3,Does the job,"Mixed feelings about this desk lamp. It works fine so far, but I'm not confident it will last long. Time will tell.",2025-12-07,Y,N,0
R0WPTB8LZYP,B0279XVVC5,BrightBeam Desk Lamp — RGB Backlit & Noise Cancelling,CUST-00415,US,5,Best purchase this year,"Really impressed with the build quality of this desk lamp. It arrived quickly, was packaged well, and does exactly what it promises. Excellent value.",2026-02-03,N,N,2
RTU3197TEMD,B0279XVVC5,BrightBeam Desk Lamp — RGB Backlit & Noise Cancelling,CUST-01410,US,2,Disappointed,This desk lamp stopped working properly after two weeks. Customer service was slow to respond. Not a great experience.,2026-01-31,N,N,1
RF3BUL4LSUA,B0279XVVC5,BrightBeam Desk Lamp — RGB Backlit & Noise Cancelling,CUST-00624,US,5,"Five stars, would buy again",I've been using the desk lamp for a few weeks now and it works great. Setup was easy and the quality feels solid. Would definitely recommend it to a friend.,2025-05-28,Y,N,2
RP4QZBE97CY,B0WR597BPU,EverPeak Streaming Stick — Bluetooth 5.3 & HD 1080p,CUST-01361,US,5,"Five stars, would buy again",This is my second streaming stick from EverPeak and they never disappoint. The materials feel premium and it performs flawlessly so far.,2026-07-13,N,N,0
RWMQCNVJGEG,B0WR597BPU,EverPeak Streaming Stick — Bluetooth 5.3 & HD 1080p,GUEST-80609,US,2,Broke quickly,This streaming stick stopped working properly after two weeks. Customer service was slow to respond. Not a great experience.,2026-01-29,N,N,12
RSEDF4ERGP8,B08RJE02WW,AuroraTech Headphones — Bluetooth 5.3 & Water Resistant,CUST-00168,US,5,Exactly as described,This is my second headphones from AuroraTech and they never disappoint. The materials feel premium and it performs flawlessly so far.,2025-10-10,Y,N,35
RRHK3WMPLQG,B08RJE02WW,AuroraTech Headphones — Bluetooth 5.3 & Water Resistant,CUST-01122,US,3,Decent but not amazing,"Mixed feelings about this headphones. It works fine so far, but I'm not confident it will last long. Time will tell.",2025-04-29,Y,N,0
R1993W5REPG,B08RJE02WW,AuroraTech Headphones — Bluetooth 5.3 & Water Resistant,CUST-01490,US,4,"Good, with minor nitpicks","Solid product from AuroraTech. It does what it's supposed to do. Not perfect, but for this price point it's a great buy.",2026-04-06,Y,N,35
RHSX4Z5A392,B08RJE02WW,AuroraTech Headphones — Bluetooth 5.3 & Water Resistant,CUST-00056,US,5,Exceeded my expectations,I've been using the headphones for a few weeks now and it works great. Setup was easy and the quality feels solid. Would definitely recommend it to a friend.,2025-04-18,Y,N,0
RFWGDWMXY67,B08RJE02WW,AuroraTech Headphones — Bluetooth 5.3 & Water Resistant,CUST-01769,US,1,Waste of money,This headphones is a complete waste of money. It broke within days and the seller was unhelpful. Stay away from AuroraTech.,2025-03-30,Y,N,0
RQM82P0HEZH,B08RJE02WW,AuroraTech Headphones — Bluetooth 5.3 & Water Resistant,CUST-01396,US,5,Love it!,"Really impressed with the build quality of this headphones. It arrived quickly, was packaged well, and does exactly what it promises. Excellent value.",2026-01-01,Y,N,1
RHACYHVMH9G,B08RJE02WW,AuroraTech Headphones — Bluetooth 5.3 & Water Resistant,CUST-00802,US,5,Exceeded my expectations,"Really impressed with the build quality of this headphones. It arrived quickly, was packaged well, and does exactly what it promises. Excellent value.",2025-09-22,Y,N,0
RTTYUHPM5C5,B08RJE02WW,AuroraTech Headphones — Bluetooth 5.3 & Water Resistant,CUST-00027,US,5,Love it!,I've been using the headphones for a few weeks now and it works great. Setup was easy and the quality feels solid. Would definitely recommend it to a friend.,2026-03-31,Y,N,0
RY5KVBXAMCD,B08RJE02WW,AuroraTech Headphones — Bluetooth 5.3 & Water Resistant,CUST-01601,US,5,Exactly as described,This is my second headphones from AuroraTech and they never disappoint. The materials feel premium and it performs flawlessly so far.,2026-02-22,Y,N,1
RBQU0SS57XU,B08RJE02WW,AuroraTech Headphones — Bluetooth 5.3 & Water Resistant,CUST-00369,US,5,Exactly as described,I've been using the headphones for a few weeks now and it works great. Setup was easy and the quality feels solid. Would definitely recommend it to a friend.,2026-05-20,Y,N,0
R9D6A1W6D7W,B08RJE02WW,AuroraTech Headphones — Bluetooth 5.3 & Water Resistant,CUST-00427,US,4,Great value for the price,"Solid product from AuroraTech. It does what it's supposed to do. Not perfect, but for this price point it's a great buy.",2026-06-03,Y,N,0
R0EXAPT8HN4,B0CPNCKVZR,BrightBeam Wireless Earbuds — 30H Battery Life & Noise Cancelling,CUST-01522,US,4,Happy with this purchase,Happy with this wireless earbuds. Good quality for the money and it arrived on time. Taking one star off because the color is slightly different from the photos.,2026-06-14,Y,N,0
R7NY73PAAKQ,B0CPNCKVZR,BrightBeam Wireless Earbuds — 30H Battery Life & Noise Cancelling,CUST-01739,US,5,Love it!,This is my second wireless earbuds from BrightBeam and they never disappoint. The materials feel premium and it performs flawlessly so far.,2026-02-21,Y,N,2
RMB3URP5ED6,B0CPNCKVZR,BrightBeam Wireless Earbuds — 30H Battery Life & Noise Cancelling,CUST-00200,US,5,Best purchase this year,This is my second wireless earbuds from BrightBeam and they never disappoint. The materials feel premium and it performs flawlessly so far.,2025-12-26,Y,N,2
RMJNSFVJJRK,B0CPNCKVZR,BrightBeam Wireless Earbuds — 30H Battery Life & Noise Cancelling,CUST-01563,US,5,Best purchase this year,This is my second wireless earbuds from BrightBeam and they never disappoint. The materials feel premium and it performs flawlessly so far.,2025-01-29,Y,N,3
RSL9DUQ4N7D,B0CPNCKVZR,BrightBeam Wireless Earbuds — 30H Battery Life & Noise Cancelling,CUST-00647,US,5,Exactly as described,This is my second wireless earbuds from BrightBeam and they never disappoint. The materials feel premium and it performs flawlessly so far.,2025-04-28,Y,N,5
RJUVU8LZ7E2,B0CPNCKVZR,BrightBeam Wireless Earbuds — 30H Battery Life & Noise Cancelling,CUST-01135,US,2,Quality could be better,This wireless earbuds stopped working properly after two weeks. Customer service was slow to respond. Not a great experience.,2025-08-16,Y,N,1
R5DGY0YFFAE,B0CPNCKVZR,BrightBeam Wireless Earbuds — 30H Battery Life & Noise Cancelling,CUST-01391,US,4,"Good, with minor nitpicks","Solid product from BrightBeam. It does what it's supposed to do. Not perfect, but for this price point it's a great buy.",2025-06-09,N,N,0
RUUU6JNYV85,B0CPNCKVZR,BrightBeam Wireless Earbuds — 30H Battery Life & Noise Cancelling,CUST-01373,US,5,"Five stars, would buy again","Really impressed with the build quality of this wireless earbuds. It arrived quickly, was packaged well, and does exactly what it promises. Excellent value.",2026-07-03,Y,N,1
RRTY30YXQGQ,B0Q85PD1G6,EverPeak Power Bank — 30H Battery Life & Noise Cancelling,CUST-01333,US,5,Exactly as described,I've been using the power bank for a few weeks now and it works great. Setup was easy and the quality feels solid. Would definitely recommend it to a friend.,2025-03-16,Y,N,8
R57U3K9PDV1,B0Q85PD1G6,EverPeak Power Bank — 30H Battery Life & Noise Cancelling,CUST-00329,US,5,Best purchase this year,I've been using the power bank for a few weeks now and it works great. Setup was easy and the quality feels solid. Would definitely recommend it to a friend.,2026-05-05,Y,N,5
RC2L8XLXNG9,B0Q85PD1G6,EverPeak Power Bank — 30H Battery Life & Noise Cancelling,CUST-00138,US,4,Solid quality,"Solid product from EverPeak. It does what it's supposed to do. Not perfect, but for this price point it's a great buy.",2026-01-14,N,N,12
RH7HDZDNSB4,B0Q85PD1G6,EverPeak Power Bank — 30H Battery Life & Noise Cancelling,CUST-01781,US,4,Very good product,"Solid product from EverPeak. It does what it's supposed to do. Not perfect, but for this price point it's a great buy.",2025-03-17,Y,N,5
RC7T5C5K17X,B0Q85PD1G6,EverPeak Power Bank — 30H Battery Life & Noise Cancelling,GUEST-17648,US,5,Exactly as described,"Really impressed with the build quality of this power bank. It arrived quickly, was packaged well, and does exactly what it promises. Excellent value.",2026-02-09,Y,N,0
RLD3TFS9X26,B0Q85PD1G6,EverPeak Power Bank — 30H Battery Life & Noise Cancelling,CUST-01524,US,4,"Good, with minor nitpicks","Solid product from EverPeak. It does what it's supposed to do. Not perfect, but for this price point it's a great buy.",2025-02-24,Y,N,0
RWFK13LWSZN,B0Q85PD1G6,EverPeak Power Bank — 30H Battery Life & Noise Cancelling,CUST-00886,US,5,Love it!,"Really impressed with the build quality of this power bank. It arrived quickly, was packaged well, and does exactly what it promises. Excellent value.",2025-04-25,Y,N,3
RHNU2HUTDWP,B0Q85PD1G6,EverPeak Power Bank — 30H Battery Life & Noise Cancelling,CUST-01190,US,5,Exactly as described,This is my second power bank from EverPeak and they never disappoint. The materials feel premium and it performs flawlessly so far.,2025-08-15,Y,N,3
RXGXRTSMYR4,B0Q85PD1G6,EverPeak Power Bank — 30H Battery Life & Noise Cancelling,CUST-01368,US,5,Love it!,I've been using the power bank for a few weeks now and it works great. Setup was easy and the quality feels solid. Would definitely recommend it to a friend.,2026-03-21,Y,N,2
R8DZ3QW3W7R,B0Q85PD1G6,EverPeak Power Bank — 30H Battery Life & Noise Cancelling,CUST-00867,US,4,Great value for the price,Happy with this power bank. Good quality for the money and it arrived on time. Taking one star off because the color is slightly different from the photos.,2025-11-30,Y,N,1
RV2SCXT5Y0P,B0Q85PD1G6,EverPeak Power Bank — 30H Battery Life & Noise Cancelling,CUST-00997,US,5,Exceeded my expectations,"Really impressed with the build quality of this power bank. It arrived quickly, was packaged well, and does exactly what it promises. Excellent value.",2025-05-21,Y,N,1
RNZVZS4V7KX,B0Q85PD1G6,EverPeak Power Bank — 30H Battery Life & Noise Cancelling,CUST-00639,US,5,"Five stars, would buy again","Really impressed with the build quality of this power bank. It arrived quickly, was packaged well, and does exactly what it promises. Excellent value.",2026-03-20,N,N,0
R4EN3M68EW4,B0W61EHTPX,Nordic Home Serving Bowls — Dishwasher Safe & Easy Clean,CUST-00173,US,5,Exceeded my expectations,This is my second serving bowls from Nordic Home and they never disappoint. The materials feel premium and it performs flawlessly so far.,2026-07-31,Y,N,0
R2GTK36HYDP,B0W61EHTPX,Nordic Home Serving Bowls — Dishwasher Safe & Easy Clean,CUST-01425,US,5,Love it!,This is my second serving bowls from Nordic Home and they never disappoint. The materials feel premium and it performs flawlessly so far.,2026-07-02,Y,N,0
RMFR83TALJS,B0W61EHTPX,Nordic Home Serving Bowls — Dishwasher Safe & Easy Clean,CUST-01310,US,4,Very good product,"Solid product from Nordic Home. It does what it's supposed to do. Not perfect, but for this price point it's a great buy.",2026-07-28,Y,N,1
R3QE31YHPJ2,B0DDA4EXPW,UrbanKitchen Knife Set — Easy Clean & BPA-Free,CUST-01472,US,5,Exactly as described,I've been using the knife set for a few weeks now and it works great. Setup was easy and the quality feels solid. Would definitely recommend it to a friend.,2026-07-26,Y,N,1
RU74PE0PU6N,B0DDA4EXPW,UrbanKitchen Knife Set — Easy Clean & BPA-Free,CUST-00327,US,4,Solid quality,"Solid product from UrbanKitchen. It does what it's supposed to do. Not perfect, but for this price point it's a great buy.",2025-07-14,Y,N,3
R486QT7KFTE,B0DDA4EXPW,UrbanKitchen Knife Set — Easy Clean & BPA-Free,CUST-01739,US,1,Arrived damaged,Terrible quality. The knife set stopped working after a week and getting a refund was a hassle. Would give zero stars if I could.,2026-06-19,Y,N,2
R3FSWXKSZRK,B0DDA4EXPW,UrbanKitchen Knife Set — Easy Clean & BPA-Free,CUST-00607,US,4,Happy with this purchase,"Solid product from UrbanKitchen. It does what it's supposed to do. Not perfect, but for this price point it's a great buy.",2025-05-26,Y,N,5
RU47XHQLBWX,B0DDA4EXPW,UrbanKitchen Knife Set — Easy Clean & BPA-Free,CUST-00672,US,4,"Good, with minor nitpicks",The knife set is quite good overall. It works as expected and the price is fair. Only small thing is the instructions could be clearer.,2025-04-23,Y,N,2
RXHULNUYHE9,B0DDA4EXPW,UrbanKitchen Knife Set — Easy Clean & BPA-Free,CUST-00074,US,5,Love it!,"Really impressed with the build quality of this knife set. It arrived quickly, was packaged well, and does exactly what it promises. Excellent value.",2026-05-23,Y,N,1
RKHJZR9X2JP,B07GWT52HM,ZenLife Cutting Board Set — BPA-Free & Easy Clean,CUST-01700,US,5,"Five stars, would buy again",This is my second cutting board set from ZenLife and they never disappoint. The materials feel premium and it performs flawlessly so far.,2025-07-09,Y,N,0
RUS5DT3EHZ5,B07GWT52HM,ZenLife Cutting Board Set — BPA-Free & Easy Clean,CUST-00561,US,3,It's okay,"Mixed feelings about this cutting board set. It works fine so far, but I'm not confident it will last long. Time will tell.",2026-03-11,Y,N,0
RY196NNTY5F,B07GWT52HM,ZenLife Cutting Board Set — BPA-Free & Easy Clean,CUST-01376,US,5,"Five stars, would buy again","Really impressed with the build quality of this cutting board set. It arrived quickly, was packaged well, and does exactly what it promises. Excellent value.",2026-06-21,Y,N,0
RSRJULG2LC4,B07GWT52HM,ZenLife Cutting Board Set — BPA-Free & Easy Clean,CUST-01390,US,3,It's okay,"Mixed feelings about this cutting board set. It works fine so far, but I'm not confident it will last long. Time will tell.",2026-02-04,Y,N,1
R52PJ1C73NE,B07GWT52HM,ZenLife Cutting Board Set — BPA-Free & Easy Clean,GUEST-17005,US,5,Best purchase this year,This is my second cutting board set from ZenLife and they never disappoint. The materials feel premium and it performs flawlessly so far.,2025-10-07,Y,N,1
RZGYJEXVJVF,B07GWT52HM,ZenLife Cutting Board Set — BPA-Free & Easy Clean,CUST-01099,US,5,Exactly as described,This is my second cutting board set from ZenLife and they never disappoint. The materials feel premium and it performs flawlessly so far.,2025-08-06,Y,N,1
RAYDXXDZXA7,B0SFWKQDD5,Nordic Home Plant Pots — Non-Stick Coating & BPA-Free,CUST-01033,US,5,Love it!,I've been using the plant pots for a few weeks now and it works great. Setup was easy and the quality feels solid. Would definitely recommend it to a friend.,2025-05-30,Y,N,3
RM0SH2TPSSG,B0SFWKQDD5,Nordic Home Plant Pots — Non-Stick Coating & BPA-Free,CUST-01476,US,3,It's okay,Average plant pots. It does the job but there's nothing special about it. If you're on a budget it's acceptable.,2025-07-07,Y,N,2
RJM11HAMT1J,B0SFWKQDD5,Nordic Home Plant Pots — Non-Stick Coating & BPA-Free,CUST-00858,US,3,It's okay,"The plant pots is okay but I expected a bit more. It works, though the materials feel cheaper than the photos suggest. Probably fine for light use.",2026-01-11,Y,N,0
RSXVEFG0K2S,B0SFWKQDD5,Nordic Home Plant Pots — Non-Stick Coating & BPA-Free,CUST-00323,US,5,"Five stars, would buy again",I've been using the plant pots for a few weeks now and it works great. Setup was easy and the quality feels solid. Would definitely recommend it to a friend.,2026-07-17,N,N,0
RAR0XZRYX7D,B0SFWKQDD5,Nordic Home Plant Pots — Non-Stick Coating & BPA-Free,CUST-00288,US,4,"Good, with minor nitpicks",Happy with this plant pots. Good quality for the money and it arrived on time. Taking one star off because the color is slightly different from the photos.,2026-04-01,Y,N,0
RV3NMNRCK74,B0SFWKQDD5,Nordic Home Plant Pots — Non-Stick Coating & BPA-Free,CUST-01326,US,5,"Five stars, would buy again","Really impressed with the build quality of this plant pots. It arrived quickly, was packaged well, and does exactly what it promises. Excellent value.",2025-12-03,Y,N,8
RMFZ1EC99T4,B0SFWKQDD5,Nordic Home Plant Pots — Non-Stick Coating & BPA-Free,CUST-01800,US,5,Best purchase this year,I've been using the plant pots for a few weeks now and it works great. Setup was easy and the quality feels solid. Would definitely recommend it to a friend.,2026-05-31,Y,N,2
RXGCPB80LR2,B0SFWKQDD5,Nordic Home Plant Pots — Non-Stick Coating & BPA-Free,GUEST-47562,US,5,Exactly as described,This is my second plant pots from Nordic Home and they never disappoint. The materials feel premium and it performs flawlessly so far.,2025-10-02,Y,N,5
RS44CVG0CGY,B0SFWKQDD5,Nordic Home Plant Pots — Non-Stick Coating & BPA-Free,GUEST-76378,US,4,Happy with this purchase,The plant pots is quite good overall. It works as expected and the price is fair. Only small thing is the instructions could be clearer.,2025-06-27,Y,N,0
RQUV9L660NF,B0SFWKQDD5,Nordic Home Plant Pots — Non-Stick Coating & BPA-Free,CUST-00870,US,5,Exceeded my expectations,I've been using the plant pots for a few weeks now and it works great. Setup was easy and the quality feels solid. Would definitely recommend it to a friend.,2025-11-04,Y,N,8
RLRG2JBP1B4,B0SFWKQDD5,Nordic Home Plant Pots — Non-Stick Coating & BPA-Free,CUST-00524,US,5,Best purchase this year,This is my second plant pots from Nordic Home and they never disappoint. The materials feel premium and it performs flawlessly so far.,2025-05-25,Y,N,0
R2CE7B6YVFY,B0SFWKQDD5,Nordic Home Plant Pots — Non-Stick Coating & BPA-Free,CUST-01800,US,4,Great value for the price,"Solid product from Nordic Home. It does what it's supposed to do. Not perfect, but for this price point it's a great buy.",2026-04-11,Y,N,0
RT24HLF47Q6,B0UFTNZLYW,UrbanKitchen Non-Stick Pan Set — Dishwasher Safe & Space Saving,CUST-01243,US,2,Would not recommend,Disappointed in this non-stick pan set. It arrived with minor damage and the quality is below what I expected for the price. Returning it.,2025-03-20,N,N,1
RRPRA557SXW,B0UFTNZLYW,UrbanKitchen Non-Stick Pan Set — Dishwasher Safe & Space Saving,CUST-01278,US,5,Best purchase this year,"Really impressed with the build quality of this non-stick pan set. It arrived quickly, was packaged well, and does exactly what it promises. Excellent value.",2026-04-26,Y,N,0
RHUXHN986K9,B0UFTNZLYW,UrbanKitchen Non-Stick Pan Set — Dishwasher Safe & Space Saving,CUST-00654,US,2,Broke quickly,Not thrilled with this non-stick pan set. It feels flimsy and the performance is inconsistent. I probably wouldn't buy from UrbanKitchen again.,2025-10-18,Y,N,0
RU05BF4LTCN,B0UFTNZLYW,UrbanKitchen Non-Stick Pan Set — Dishwasher Safe & Space Saving,CUST-01106,US,5,Best purchase this year,This is my second non-stick pan set from UrbanKitchen and they never disappoint. The materials feel premium and it performs flawlessly so far.,2026-02-11,Y,N,1
RLUVEMT407S,B0M9299AJ4,ZenLife Electric Kettle — Non-Stick Coating & Space Saving,CUST-01486,US,4,Solid quality,The electric kettle is quite good overall. It works as expected and the price is fair. Only small thing is the instructions could be clearer.,2026-05-26,Y,N,1
RB8FYRWSWPJ,B0M9299AJ4,ZenLife Electric Kettle — Non-Stick Coating & Space Saving,CUST-00951,US,5,Love it!,This is my second electric kettle from ZenLife and they never disappoint. The materials feel premium and it performs flawlessly so far.,2026-05-29,Y,N,5
RU6QB3DB39P,B0M9299AJ4,ZenLife Electric Kettle — Non-Stick Coating & Space Saving,CUST-01777,US,5,Exceeded my expectations,"Really impressed with the build quality of this electric kettle. It arrived quickly, was packaged well, and does exactly what it promises. Excellent value.",2025-05-05,Y,N,0
RM30JMFXXEK,B0M9299AJ4,ZenLife Electric Kettle — Non-Stick Coating & Space Saving,CUST-00877,US,4,Happy with this purchase,"Solid product from ZenLife. It does what it's supposed to do. Not perfect, but for this price point it's a great buy.",2025-12-12,Y,N,5
RV1YD6T9WGS,B0M9299AJ4,ZenLife Electric Kettle — Non-Stick Coating & Space Saving,CUST-01136,US,4,Great value for the price,Happy with this electric kettle. Good quality for the money and it arrived on time. Taking one star off because the color is slightly different from the photos.,2025-09-16,Y,N,1
RA5CMT7NC9A,B0M9299AJ4,ZenLife Electric Kettle — Non-Stick Coating & Space Saving,CUST-00659,US,4,Solid quality,The electric kettle is quite good overall. It works as expected and the price is fair. Only small thing is the instructions could be clearer.,2026-03-18,Y,N,0
RYBPBQZ1S3X,B0M9299AJ4,ZenLife Electric Kettle — Non-Stick Coating & Space Saving,CUST-00115,US,4,Great value for the price,"Solid product from ZenLife. It does what it's supposed to do. Not perfect, but for this price point it's a great buy.",2025-06-06,Y,N,12
RU76QJW6SE8,B0M9299AJ4,ZenLife Electric Kettle — Non-Stick Coating & Space Saving,CUST-01502,US,5,Exceeded my expectations,This is my second electric kettle from ZenLife and they never disappoint. The materials feel premium and it performs flawlessly so far.,2025-03-11,Y,N,5
RR4CDPYZ16Q,B0M9299AJ4,ZenLife Electric Kettle — Non-Stick Coating & Space Saving,CUST-01486,US,4,Very good product,Happy with this electric kettle. Good quality for the money and it arrived on time. Taking one star off because the color is slightly different from the photos.,2025-06-17,Y,N,1
RM6BWMRC66A,B0M9299AJ4,ZenLife Electric Kettle — Non-Stick Coating & Space Saving,CUST-00378,US,4,Solid quality,The electric kettle is quite good overall. It works as expected and the price is fair. Only small thing is the instructions could be clearer.,2025-04-04,Y,N,0
RTA9Y7W2EEM,B0M9299AJ4,ZenLife Electric Kettle — Non-Stick Coating & Space Saving,CUST-01536,US,5,Best purchase this year,This is my second electric kettle from ZenLife and they never disappoint. The materials feel premium and it performs flawlessly so far.,2026-03-01,Y,N,0
RZGAMY7JAPC,B0WKPVSC0B,Nordic Home Tea Infuser — Non-Stick Coating & Dishwasher Safe,CUST-01321,US,2,Not what I expected,Not thrilled with this tea infuser. It feels flimsy and the performance is inconsistent. I probably wouldn't buy from Nordic Home again.,2025-07-16,Y,N,8
RYSYL65AXTE,B0WKPVSC0B,Nordic Home Tea Infuser — Non-Stick Coating & Dishwasher Safe,CUST-00031,US,2,Disappointed,Disappointed in this tea infuser. It arrived with minor damage and the quality is below what I expected for the price. Returning it.,2026-06-09,N,N,3
RS4SLH7KY0M,B0WKPVSC0B,Nordic Home Tea Infuser — Non-Stick Coating & Dishwasher Safe,CUST-00028,US,5,Exactly as described,This is my second tea infuser from Nordic Home and they never disappoint. The materials feel premium and it performs flawlessly so far.,2026-04-22,N,N,3
R8BG95GHZMQ,B0WKPVSC0B,Nordic Home Tea Infuser — Non-Stick Coating & Dishwasher Safe,CUST-01391,US,4,Solid quality,The tea infuser is quite good overall. It works as expected and the price is fair. Only small thing is the instructions could be clearer.,2025-09-03,Y,N,0
R302U6K5ZR8,B0WKPVSC0B,Nordic Home Tea Infuser — Non-Stick Coating & Dishwasher Safe,CUST-00200,US,1,Arrived damaged,This tea infuser is a complete waste of money. It broke within days and the seller was unhelpful. Stay away from Nordic Home.,2025-09-28,N,N,0
RY32AQJ7PWE,B0WKPVSC0B,Nordic Home Tea Infuser — Non-Stick Coating & Dishwasher Safe,CUST-00027,US,5,Exactly as described,I've been using the tea infuser for a few weeks now and it works great. Setup was easy and the quality feels solid. Would definitely recommend it to a friend.,2025-07-13,Y,N,0
RA0M4C2VW4J,B0WKPVSC0B,Nordic Home Tea Infuser — Non-Stick Coating & Dishwasher Safe,CUST-01238,US,1,Terrible product,Arrived damaged and non-functional. The tea infuser feels like cheap plastic. Very disappointed with this purchase.,2026-07-05,Y,N,2
RNN6N98Y1RH,B0WKPVSC0B,Nordic Home Tea Infuser — Non-Stick Coating & Dishwasher Safe,CUST-01719,US,4,Very good product,"Solid product from Nordic Home. It does what it's supposed to do. Not perfect, but for this price point it's a great buy.",2026-03-20,Y,N,1
RHKGE25HBCB,B0WKPVSC0B,Nordic Home Tea Infuser — Non-Stick Coating & Dishwasher Safe,CUST-00356,US,2,Not what I expected,This tea infuser stopped working properly after two weeks. Customer service was slow to respond. Not a great experience.,2025-06-19,Y,N,0
RAMTXAARFAZ,B0WKPVSC0B,Nordic Home Tea Infuser — Non-Stick Coating & Dishwasher Safe,GUEST-26913,US,5,Best purchase this year,This is my second tea infuser from Nordic Home and they never disappoint. The materials feel premium and it performs flawlessly so far.,2026-02-10,Y,N,0
RKTKH4AHMQ8,B0GDNTQUXZ,UrbanKitchen Toaster — Space Saving & Premium Finish,CUST-00457,US,2,Broke quickly,This toaster stopped working properly after two weeks. Customer service was slow to respond. Not a great experience.,2026-03-19,Y,N,3
R7XMRJQP9JU,B0GDNTQUXZ,UrbanKitchen Toaster — Space Saving & Premium Finish,CUST-01004,US,4,Great value for the price,Happy with this toaster. Good quality for the money and it arrived on time. Taking one star off because the color is slightly different from the photos.,2025-12-07,Y,N,2
RP8CLCLDWVZ,B0GDNTQUXZ,UrbanKitchen Toaster — Space Saving & Premium Finish,CUST-00474,US,5,Best purchase this year,"Really impressed with the build quality of this toaster. It arrived quickly, was packaged well, and does exactly what it promises. Excellent value.",2025-12-23,Y,N,0
R8G6AUX15TP,B07BRCRU82,ZenLife Kitchen Scale — Easy Clean & Dishwasher Safe,CUST-01054,US,4,Great value for the price,"Solid product from ZenLife. It does what it's supposed to do. Not perfect, but for this price point it's a great buy.",2025-10-18,Y,N,0
RB4XP76Z05N,B07BRCRU82,ZenLife Kitchen Scale — Easy Clean & Dishwasher Safe,CUST-00305,US,5,"Five stars, would buy again",I've been using the kitchen scale for a few weeks now and it works great. Setup was easy and the quality feels solid. Would definitely recommend it to a friend.,2025-10-08,Y,N,0
REERJNBY2UT,B07BRCRU82,ZenLife Kitchen Scale — Easy Clean & Dishwasher Safe,CUST-00065,US,5,Exceeded my expectations,I've been using the kitchen scale for a few weeks now and it works great. Setup was easy and the quality feels solid. Would definitely recommend it to a friend.,2025-11-17,Y,N,5
RZ6UHXG0PEK,B0054NK7PS,Nordic Home Food Storage Containers — BPA-Free & Non-Stick Coating,CUST-00142,US,4,Solid quality,Happy with this food storage containers. Good quality for the money and it arrived on time. Taking one star off because the color is slightly different from the photos.,2025-08-15,Y,N,1
RSR36MMCSR8,B0054NK7PS,Nordic Home Food Storage Containers — BPA-Free & Non-Stick Coating,CUST-00843,US,4,"Good, with minor nitpicks",The food storage containers is quite good overall. It works as expected and the price is fair. Only small thing is the instructions could be clearer.,2025-07-05,N,N,0
RK5KDHHB0KK,B0054NK7PS,Nordic Home Food Storage Containers — BPA-Free & Non-Stick Coating,CUST-00088,US,4,Very good product,Happy with this food storage containers. Good quality for the money and it arrived on time. Taking one star off because the color is slightly different from the photos.,2026-07-21,Y,N,1
RBXRXA9RCA8,B0054NK7PS,Nordic Home Food Storage Containers — BPA-Free & Non-Stick Coating,GUEST-18313,US,4,"Good, with minor nitpicks","Solid product from Nordic Home. It does what it's supposed to do. Not perfect, but for this price point it's a great buy.",2026-03-24,Y,N,0
RPXXTA2U4DT,B0054NK7PS,Nordic Home Food Storage Containers — BPA-Free & Non-Stick Coating,CUST-00731,US,2,Would not recommend,This food storage containers stopped working properly after two weeks. Customer service was slow to respond. Not a great experience.,2026-04-28,Y,N,2
RCK08W9C2C2,B0054NK7PS,Nordic Home Food Storage Containers — BPA-Free & Non-Stick Coating,CUST-00674,US,5,Exceeded my expectations,"Really impressed with the build quality of this food storage containers. It arrived quickly, was packaged well, and does exactly what it promises. Excellent value.",2025-09-08,Y,N,0
RECQR4H6VSQ,B0054NK7PS,Nordic Home Food Storage Containers — BPA-Free & Non-Stick Coating,CUST-01584,US,5,Exactly as described,This is my second food storage containers from Nordic Home and they never disappoint. The materials feel premium and it performs flawlessly so far.,2025-06-02,Y,N,0
RMWRD3CT6ZK,B0WCY6LU8P,UrbanKitchen Wall Clock — Easy Clean & Dishwasher Safe,CUST-00968,US,3,Mixed feelings,"Mixed feelings about this wall clock. It works fine so far, but I'm not confident it will last long. Time will tell.",2026-07-26,Y,N,1
RX4JR02RH41,B0WCY6LU8P,UrbanKitchen Wall Clock — Easy Clean & Dishwasher Safe,GUEST-66815,US,5,Love it!,I've been using the wall clock for a few weeks now and it works great. Setup was easy and the quality feels solid. Would definitely recommend it to a friend.,2026-06-29,Y,N,0
RBZEZXFYF4A,B0WCY6LU8P,UrbanKitchen Wall Clock — Easy Clean & Dishwasher Safe,CUST-01261,US,3,Average product,"The wall clock is okay but I expected a bit more. It works, though the materials feel cheaper than the photos suggest. Probably fine for light use.",2025-03-11,Y,N,0
RJ2KW00J3KZ,B0WCY6LU8P,UrbanKitchen Wall Clock — Easy Clean & Dishwasher Safe,CUST-01518,US,5,Best purchase this year,"Really impressed with the build quality of this wall clock. It arrived quickly, was packaged well, and does exactly what it promises. Excellent value.",2025-11-28,Y,N,0
RM23JLUFCT0,B0WCY6LU8P,UrbanKitchen Wall Clock — Easy Clean & Dishwasher Safe,CUST-01751,US,2,Would not recommend,Disappointed in this wall clock. It arrived with minor damage and the quality is below what I expected for the price. Returning it.,2025-12-28,Y,N,12
R2NL92YE9GV,B0WCY6LU8P,UrbanKitchen Wall Clock — Easy Clean & Dishwasher Safe,CUST-00123,US,5,Exceeded my expectations,I've been using the wall clock for a few weeks now and it works great. Setup was easy and the quality feels solid. Would definitely recommend it to a friend.,2025-05-12,N,N,0
RAS0CWSKH9D,B0WCY6LU8P,UrbanKitchen Wall Clock — Easy Clean & Dishwasher Safe,CUST-00278,US,4,Very good product,Happy with this wall clock. Good quality for the money and it arrived on time. Taking one star off because the color is slightly different from the photos.,2025-12-30,Y,N,0
R89FZCYRBFL,B00EGECWF5,ZenLife Laundry Hamper — Dishwasher Safe & Premium Finish,GUEST-70228,US,4,"Good, with minor nitpicks","Solid product from ZenLife. It does what it's supposed to do. Not perfect, but for this price point it's a great buy.",2025-07-16,Y,N,0
R4VU6F2XVGD,B00EGECWF5,ZenLife Laundry Hamper — Dishwasher Safe & Premium Finish,CUST-01742,US,4,Great value for the price,The laundry hamper is quite good overall. It works as expected and the price is fair. Only small thing is the instructions could be clearer.,2025-02-04,Y,N,0
RMYP4NJU8KY,B00EGECWF5,ZenLife Laundry Hamper — Dishwasher Safe & Premium Finish,CUST-01669,US,4,Solid quality,Happy with this laundry hamper. Good quality for the money and it arrived on time. Taking one star off because the color is slightly different from the photos.,2026-05-27,Y,N,2
RQ8TH91YSLF,B00EGECWF5,ZenLife Laundry Hamper — Dishwasher Safe & Premium Finish,CUST-00793,US,5,Love it!,I've been using the laundry hamper for a few weeks now and it works great. Setup was easy and the quality feels solid. Would definitely recommend it to a friend.,2025-10-29,Y,N,2
R0H2GDJDZZS,B00EGECWF5,ZenLife Laundry Hamper — Dishwasher Safe & Premium Finish,CUST-00151,US,5,Love it!,This is my second laundry hamper from ZenLife and they never disappoint. The materials feel premium and it performs flawlessly so far.,2026-05-07,N,N,0
RVY4KVWDJ0H,B00EGECWF5,ZenLife Laundry Hamper — Dishwasher Safe & Premium Finish,CUST-01083,US,5,Exactly as described,I've been using the laundry hamper for a few weeks now and it works great. Setup was easy and the quality feels solid. Would definitely recommend it to a friend.,2025-10-30,Y,N,5
RWPBQKAHB1S,B00EGECWF5,ZenLife Laundry Hamper — Dishwasher Safe & Premium Finish,CUST-00686,US,5,Exactly as described,This is my second laundry hamper from ZenLife and they never disappoint. The materials feel premium and it performs flawlessly so far.,2025-05-09,Y,N,0
RAMFQMSBU5M,B00EGECWF5,ZenLife Laundry Hamper — Dishwasher Safe & Premium Finish,GUEST-86791,US,5,Exactly as described,This is my second laundry hamper from ZenLife and they never disappoint. The materials feel premium and it performs flawlessly so far.,2025-04-09,Y,N,0
RY02MEHGUC4,B0A8X9FRKN,Nordic Home Coffee Grinder — BPA-Free & Premium Finish,CUST-01118,US,5,Love it!,I've been using the coffee grinder for a few weeks now and it works great. Setup was easy and the quality feels solid. Would definitely recommend it to a friend.,2025-10-11,N,N,0
RCBPDLW12A2,B0A8X9FRKN,Nordic Home Coffee Grinder — BPA-Free & Premium Finish,CUST-01558,US,4,Very good product,The coffee grinder is quite good overall. It works as expected and the price is fair. Only small thing is the instructions could be clearer.,2026-07-13,Y,N,0
RC7J5U3BGBD,B0A8X9FRKN,Nordic Home Coffee Grinder — BPA-Free & Premium Finish,CUST-00232,US,3,Average product,"Mixed feelings about this coffee grinder. It works fine so far, but I'm not confident it will last long. Time will tell.",2025-10-31,Y,N,0
RA88TWRGTXY,B0A8X9FRKN,Nordic Home Coffee Grinder — BPA-Free & Premium Finish,CUST-00783,US,5,Best purchase this year,This is my second coffee grinder from Nordic Home and they never disappoint. The materials feel premium and it performs flawlessly so far.,2026-07-27,Y,N,0
RB6TF2F4U0G,B0A8X9FRKN,Nordic Home Coffee Grinder — BPA-Free & Premium Finish,CUST-00232,US,5,Best purchase this year,I've been using the coffee grinder for a few weeks now and it works great. Setup was easy and the quality feels solid. Would definitely recommend it to a friend.,2025-02-15,Y,N,1
RMEXACU74RB,B0A8X9FRKN,Nordic Home Coffee Grinder — BPA-Free & Premium Finish,CUST-00279,US,2,Would not recommend,Disappointed in this coffee grinder. It arrived with minor damage and the quality is below what I expected for the price. Returning it.,2025-12-25,Y,N,2
R2SGAX3TWE7,B0A8X9FRKN,Nordic Home Coffee Grinder — BPA-Free & Premium Finish,CUST-01491,US,4,Happy with this purchase,Happy with this coffee grinder. Good quality for the money and it arrived on time. Taking one star off because the color is slightly different from the photos.,2026-05-01,Y,N,0
RNQT219P5XQ,B0A8X9FRKN,Nordic Home Coffee Grinder — BPA-Free & Premium Finish,CUST-01041,US,5,Love it!,This is my second coffee grinder from Nordic Home and they never disappoint. The materials feel premium and it performs flawlessly so far.,2025-09-09,Y,N,0
RYJ5UD4C8A1,B0JH68DJ8G,UrbanKitchen Blender — Non-Stick Coating & Space Saving,CUST-00158,US,5,"Five stars, would buy again",This is my second blender from UrbanKitchen and they never disappoint. The materials feel premium and it performs flawlessly so far.,2026-01-10,Y,N,5
RGMC779RTH8,B0JH68DJ8G,UrbanKitchen Blender — Non-Stick Coating & Space Saving,CUST-01337,US,4,Happy with this purchase,"Solid product from UrbanKitchen. It does what it's supposed to do. Not perfect, but for this price point it's a great buy.",2025-07-22,Y,N,0
RSV88PNYH3F,B0JH68DJ8G,UrbanKitchen Blender — Non-Stick Coating & Space Saving,CUST-00406,US,4,Happy with this purchase,The blender is quite good overall. It works as expected and the price is fair. Only small thing is the instructions could be clearer.,2025-04-19,Y,N,3
RVVJ3YAWJVL,B0JH68DJ8G,UrbanKitchen Blender — Non-Stick Coating & Space Saving,CUST-00534,US,5,"Five stars, would buy again",This is my second blender from UrbanKitchen and they never disappoint. The materials feel premium and it performs flawlessly so far.,2025-07-22,Y,N,0
RK96N04LGWX,B0JH68DJ8G,UrbanKitchen Blender — Non-Stick Coating & Space Saving,CUST-00596,US,5,Exceeded my expectations,I've been using the blender for a few weeks now and it works great. Setup was easy and the quality feels solid. Would definitely recommend it to a friend.,2025-03-31,Y,N,2
R16XF9QUUMD,B0JH68DJ8G,UrbanKitchen Blender — Non-Stick Coating & Space Saving,CUST-01197,US,5,Love it!,This is my second blender from UrbanKitchen and they never disappoint. The materials feel premium and it performs flawlessly so far.,2026-02-25,Y,N,0
R3M6A1K53TF,B0JH68DJ8G,UrbanKitchen Blender — Non-Stick Coating & Space Saving,CUST-00157,US,2,Not what I expected,Not thrilled with this blender. It feels flimsy and the performance is inconsistent. I probably wouldn't buy from UrbanKitchen again.,2026-04-22,Y,N,0
RN7MRWHSF9A,B0JH68DJ8G,UrbanKitchen Blender — Non-Stick Coating & Space Saving,CUST-00665,US,5,Best purchase this year,This is my second blender from UrbanKitchen and they never disappoint. The materials feel premium and it performs flawlessly so far.,2025-01-27,Y,N,0
RVD1844L238,B0JH68DJ8G,UrbanKitchen Blender — Non-Stick Coating & Space Saving,CUST-01559,US,4,Solid quality,Happy with this blender. Good quality for the money and it arrived on time. Taking one star off because the color is slightly different from the photos.,2025-05-27,N,N,3
RQSU2WGGH3D,B0JH68DJ8G,UrbanKitchen Blender — Non-Stick Coating & Space Saving,CUST-00030,US,5,Exceeded my expectations,"Really impressed with the build quality of this blender. It arrived quickly, was packaged well, and does exactly what it promises. Excellent value.",2025-05-13,Y,N,0
RDUKSVAFD4K,B0JH68DJ8G,UrbanKitchen Blender — Non-Stick Coating & Space Saving,CUST-01470,US,5,"Five stars, would buy again",This is my second blender from UrbanKitchen and they never disappoint. The materials feel premium and it performs flawlessly so far.,2026-05-18,N,N,3
RMR99AF38R4,B0JH68DJ8G,UrbanKitchen Blender — Non-Stick Coating & Space Saving,CUST-01057,US,1,Waste of money,Arrived damaged and non-functional. The blender feels like cheap plastic. Very disappointed with this purchase.,2025-06-29,Y,N,0
RA9Q94ZUNC0,B0JH68DJ8G,UrbanKitchen Blender — Non-Stick Coating & Space Saving,CUST-01395,US,4,Very good product,Happy with this blender. Good quality for the money and it arrived on time. Taking one star off because the color is slightly different from the photos.,2026-01-18,Y,N,3
R7CE6913KLU,B0JH68DJ8G,UrbanKitchen Blender — Non-Stick Coating & Space Saving,GUEST-80275,US,5,Love it!,"Really impressed with the build quality of this blender. It arrived quickly, was packaged well, and does exactly what it promises. Excellent value.",2025-08-31,Y,N,0
RZ5C3QWTRL4,B0ERBP9846,ZenLife Throw Blanket — BPA-Free & Non-Stick Coating,GUEST-61303,US,4,Solid quality,The throw blanket is quite good overall. It works as expected and the price is fair. Only small thing is the instructions could be clearer.,2025-06-22,N,N,0
R4B73MCZ3XB,B0ERBP9846,ZenLife Throw Blanket — BPA-Free & Non-Stick Coating,CUST-00376,US,5,"Five stars, would buy again",I've been using the throw blanket for a few weeks now and it works great. Setup was easy and the quality feels solid. Would definitely recommend it to a friend.,2025-02-04,Y,N,0
RZXSR0XQBNW,B0ERBP9846,ZenLife Throw Blanket — BPA-Free & Non-Stick Coating,CUST-00453,US,5,Best purchase this year,"Really impressed with the build quality of this throw blanket. It arrived quickly, was packaged well, and does exactly what it promises. Excellent value.",2025-07-25,Y,N,5
RCD0MTF7C0U,B0ERBP9846,ZenLife Throw Blanket — BPA-Free & Non-Stick Coating,CUST-01761,US,3,It's okay,"Mixed feelings about this throw blanket. It works fine so far, but I'm not confident it will last long. Time will tell.",2025-08-01,Y,N,0
RWPHAJ4YWTH,B0ERBP9846,ZenLife Throw Blanket — BPA-Free & Non-Stick Coating,CUST-00551,US,3,Average product,Average throw blanket. It does the job but there's nothing special about it. If you're on a budget it's acceptable.,2025-06-11,Y,N,0
RJW55D1MLKU,B0ERBP9846,ZenLife Throw Blanket — BPA-Free & Non-Stick Coating,CUST-01303,US,5,Exactly as described,"Really impressed with the build quality of this throw blanket. It arrived quickly, was packaged well, and does exactly what it promises. Excellent value.",2025-05-25,N,N,0
R73CFC5WG90,B0ERBP9846,ZenLife Throw Blanket — BPA-Free & Non-Stick Coating,CUST-01014,US,3,It's okay,"Mixed feelings about this throw blanket. It works fine so far, but I'm not confident it will last long. Time will tell.",2025-11-22,Y,N,0
R2UHVT3RLF4,B0936760J9,Nordic Home Shower Caddy — Easy Clean & Non-Stick Coating,GUEST-38136,US,5,Exceeded my expectations,This is my second shower caddy from Nordic Home and they never disappoint. The materials feel premium and it performs flawlessly so far.,2025-07-15,Y,N,0
RTF13BE2LJ5,B0936760J9,Nordic Home Shower Caddy — Easy Clean & Non-Stick Coating,GUEST-82085,US,4,"Good, with minor nitpicks",The shower caddy is quite good overall. It works as expected and the price is fair. Only small thing is the instructions could be clearer.,2026-01-26,Y,N,0
RKW1AAKNCNE,B0936760J9,Nordic Home Shower Caddy — Easy Clean & Non-Stick Coating,CUST-01616,US,5,Best purchase this year,This is my second shower caddy from Nordic Home and they never disappoint. The materials feel premium and it performs flawlessly so far.,2025-07-01,Y,N,35
RNV5DVAL4BL,B0936760J9,Nordic Home Shower Caddy — Easy Clean & Non-Stick Coating,CUST-01197,US,4,Happy with this purchase,Happy with this shower caddy. Good quality for the money and it arrived on time. Taking one star off because the color is slightly different from the photos.,2025-04-28,Y,N,2
RP7Y55RBAK2,B01XGTD2M1,UrbanKitchen Scented Candle Set — Non-Stick Coating & Space Saving,CUST-01072,US,5,"Five stars, would buy again","Really impressed with the build quality of this scented candle set. It arrived quickly, was packaged well, and does exactly what it promises. Excellent value.",2026-03-03,Y,N,3
R7DN6R3G9PN,B01XGTD2M1,UrbanKitchen Scented Candle Set — Non-Stick Coating & Space Saving,GUEST-15169,US,5,Exceeded my expectations,I've been using the scented candle set for a few weeks now and it works great. Setup was easy and the quality feels solid. Would definitely recommend it to a friend.,2025-12-20,Y,N,5
R9LT6V32XXV,B01XGTD2M1,UrbanKitchen Scented Candle Set — Non-Stick Coating & Space Saving,CUST-00728,US,5,Exactly as described,I've been using the scented candle set for a few weeks now and it works great. Setup was easy and the quality feels solid. Would definitely recommend it to a friend.,2026-06-22,Y,N,0
R0A1EDAG9RH,B01XGTD2M1,UrbanKitchen Scented Candle Set — Non-Stick Coating & Space Saving,CUST-00630,US,5,Exactly as described,I've been using the scented candle set for a few weeks now and it works great. Setup was easy and the quality feels solid. Would definitely recommend it to a friend.,2026-06-09,N,N,0
R1DKXB1SHVH,B01XGTD2M1,UrbanKitchen Scented Candle Set — Non-Stick Coating & Space Saving,CUST-00496,US,1,Waste of money,This scented candle set is a complete waste of money. It broke within days and the seller was unhelpful. Stay away from UrbanKitchen.,2026-01-13,Y,N,0
RMYWYHHDV61,B0CWALEK2Y,ZenLife Air Fryer — Dishwasher Safe & Non-Stick Coating,CUST-01243,US,3,Average product,"The air fryer is okay but I expected a bit more. It works, though the materials feel cheaper than the photos suggest. Probably fine for light use.",2026-06-16,Y,N,0
RNY0S8Z7TQU,B0CWALEK2Y,ZenLife Air Fryer — Dishwasher Safe & Non-Stick Coating,GUEST-69071,US,5,Exactly as described,I've been using the air fryer for a few weeks now and it works great. Setup was easy and the quality feels solid. Would definitely recommend it to a friend.,2025-06-10,Y,N,0
RG9YT31KPYK,B0CWALEK2Y,ZenLife Air Fryer — Dishwasher Safe & Non-Stick Coating,CUST-01767,US,4,Solid quality,The air fryer is quite good overall. It works as expected and the price is fair. Only small thing is the instructions could be clearer.,2025-02-05,Y,N,0
RH7G3C36F5A,B0CWALEK2Y,ZenLife Air Fryer — Dishwasher Safe & Non-Stick Coating,GUEST-96794,US,4,Very good product,Happy with this air fryer. Good quality for the money and it arrived on time. Taking one star off because the color is slightly different from the photos.,2026-05-29,Y,N,1
RT4R8DWPT8V,B0CWALEK2Y,ZenLife Air Fryer — Dishwasher Safe & Non-Stick Coating,CUST-00165,US,5,Exactly as described,This is my second air fryer from ZenLife and they never disappoint. The materials feel premium and it performs flawlessly so far.,2025-04-06,Y,N,3
R9JD4NK8456,B0CWALEK2Y,ZenLife Air Fryer — Dishwasher Safe & Non-Stick Coating,CUST-01464,US,5,Best purchase this year,This is my second air fryer from ZenLife and they never disappoint. The materials feel premium and it performs flawlessly so far.,2025-06-17,Y,N,2
RU8TADGZMKK,B0CWALEK2Y,ZenLife Air Fryer — Dishwasher Safe & Non-Stick Coating,CUST-00153,US,5,Exactly as described,I've been using the air fryer for a few weeks now and it works great. Setup was easy and the quality feels solid. Would definitely recommend it to a friend.,2026-07-04,Y,N,0
R0LXVGBQ0EL,B0CWALEK2Y,ZenLife Air Fryer — Dishwasher Safe & Non-Stick Coating,CUST-01644,US,5,Best purchase this year,"Really impressed with the build quality of this air fryer. It arrived quickly, was packaged well, and does exactly what it promises. Excellent value.",2025-12-08,Y,N,0
RBTGLFVRVE2,B0CWALEK2Y,ZenLife Air Fryer — Dishwasher Safe & Non-Stick Coating,CUST-00138,US,4,Great value for the price,"Solid product from ZenLife. It does what it's supposed to do. Not perfect, but for this price point it's a great buy.",2025-09-24,Y,N,0
R33ZGEQ8QMJ,B0CWALEK2Y,ZenLife Air Fryer — Dishwasher Safe & Non-Stick Coating,CUST-00448,US,5,Exceeded my expectations,This is my second air fryer from ZenLife and they never disappoint. The materials feel premium and it performs flawlessly so far.,2025-02-13,Y,N,1
R7FEMHCZHXM,B0CWALEK2Y,ZenLife Air Fryer — Dishwasher Safe & Non-Stick Coating,CUST-01539,US,4,Very good product,Happy with this air fryer. Good quality for the money and it arrived on time. Taking one star off because the color is slightly different from the photos.,2025-04-06,Y,N,2
R4NHPXQYT8D,B0PF199V27,Nordic Home Utensil Set — Non-Stick Coating & BPA-Free,CUST-01766,US,2,Broke quickly,This utensil set stopped working properly after two weeks. Customer service was slow to respond. Not a great experience.,2026-04-30,N,N,0
RQF7J5PLWPS,B0PF199V27,Nordic Home Utensil Set — Non-Stick Coating & BPA-Free,CUST-00644,US,4,Solid quality,The utensil set is quite good overall. It works as expected and the price is fair. Only small thing is the instructions could be clearer.,2026-06-06,Y,N,1
RBXH4PBTDDD,B02SLUXEFA,UrbanKitchen Spice Rack — Easy Clean & Non-Stick Coating,CUST-00581,US,4,Very good product,The spice rack is quite good overall. It works as expected and the price is fair. Only small thing is the instructions could be clearer.,2026-04-30,Y,N,1
RRSTNEZ0ESJ,B02SLUXEFA,UrbanKitchen Spice Rack — Easy Clean & Non-Stick Coating,CUST-01344,US,4,Happy with this purchase,"Solid product from UrbanKitchen. It does what it's supposed to do. Not perfect, but for this price point it's a great buy.",2025-11-22,Y,N,35
RVTCB6SVYSS,B02SLUXEFA,UrbanKitchen Spice Rack — Easy Clean & Non-Stick Coating,CUST-00466,US,5,Best purchase this year,I've been using the spice rack for a few weeks now and it works great. Setup was easy and the quality feels solid. Would definitely recommend it to a friend.,2025-07-25,Y,N,0
R5931UKXLYK,B02SLUXEFA,UrbanKitchen Spice Rack — Easy Clean & Non-Stick Coating,CUST-00830,US,3,It's okay,Average spice rack. It does the job but there's nothing special about it. If you're on a budget it's acceptable.,2026-01-19,Y,N,0
RHQ91LFMG6Q,B02SLUXEFA,UrbanKitchen Spice Rack — Easy Clean & Non-Stick Coating,CUST-00828,US,5,Exactly as described,"Really impressed with the build quality of this spice rack. It arrived quickly, was packaged well, and does exactly what it promises. Excellent value.",2026-07-07,Y,N,5
RDRUHGCNUDQ,B02SLUXEFA,UrbanKitchen Spice Rack — Easy Clean & Non-Stick Coating,CUST-00353,US,5,Best purchase this year,"Really impressed with the build quality of this spice rack. It arrived quickly, was packaged well, and does exactly what it promises. Excellent value.",2025-10-26,N,N,3
RW7CKYN91UQ,B0KMG3BBNV,PureGlo Hair Oil — Ionic Technology & Cruelty-Free,CUST-00699,US,4,Great value for the price,Happy with this hair oil. Good quality for the money and it arrived on time. Taking one star off because the color is slightly different from the photos.,2025-12-27,N,N,2
R6MM3PS8FU5,B0U0VF1HMG,ZenLife Nail Clipper Set — Gentle Formula & Cruelty-Free,CUST-01065,US,4,Very good product,"Solid product from ZenLife. It does what it's supposed to do. Not perfect, but for this price point it's a great buy.",2026-01-11,Y,N,0
R8TJQM2R3C0,B0U0VF1HMG,ZenLife Nail Clipper Set — Gentle Formula & Cruelty-Free,CUST-01453,US,5,Exceeded my expectations,This is my second nail clipper set from ZenLife and they never disappoint. The materials feel premium and it performs flawlessly so far.,2025-04-18,Y,N,0
RAD5Y2QW7WY,B0U0VF1HMG,ZenLife Nail Clipper Set — Gentle Formula & Cruelty-Free,CUST-01453,US,5,Exactly as described,I've been using the nail clipper set for a few weeks now and it works great. Setup was easy and the quality feels solid. Would definitely recommend it to a friend.,2026-04-18,Y,N,20
RNJ5XZWJU8Y,B0U0VF1HMG,ZenLife Nail Clipper Set — Gentle Formula & Cruelty-Free,CUST-00398,US,5,Best purchase this year,I've been using the nail clipper set for a few weeks now and it works great. Setup was easy and the quality feels solid. Would definitely recommend it to a friend.,2026-07-14,Y,N,1
RTEMQGW1BYS,B0U0VF1HMG,ZenLife Nail Clipper Set — Gentle Formula & Cruelty-Free,CUST-00806,US,4,Solid quality,"Solid product from ZenLife. It does what it's supposed to do. Not perfect, but for this price point it's a great buy.",2026-04-14,Y,N,12
RLUPTWHJ3SR,B0U0VF1HMG,ZenLife Nail Clipper Set — Gentle Formula & Cruelty-Free,GUEST-34206,US,5,Exactly as described,"Really impressed with the build quality of this nail clipper set. It arrived quickly, was packaged well, and does exactly what it promises. Excellent value.",2025-05-07,N,N,3
R3A1KR9R7FA,B0U0VF1HMG,ZenLife Nail Clipper Set — Gentle Formula & Cruelty-Free,CUST-01791,US,5,Exceeded my expectations,"Really impressed with the build quality of this nail clipper set. It arrived quickly, was packaged well, and does exactly what it promises. Excellent value.",2026-01-11,Y,N,1
RZ27BSU8JD9,B0U0VF1HMG,ZenLife Nail Clipper Set — Gentle Formula & Cruelty-Free,GUEST-10056,US,5,"Five stars, would buy again",I've been using the nail clipper set for a few weeks now and it works great. Setup was easy and the quality feels solid. Would definitely recommend it to a friend.,2026-04-21,Y,N,12
R6YZ8DTT24W,B0U0VF1HMG,ZenLife Nail Clipper Set — Gentle Formula & Cruelty-Free,CUST-00331,US,4,Solid quality,The nail clipper set is quite good overall. It works as expected and the price is fair. Only small thing is the instructions could be clearer.,2025-12-25,Y,N,0
R8ZVLQGV118,B0U0VF1HMG,ZenLife Nail Clipper Set — Gentle Formula & Cruelty-Free,CUST-00168,US,5,"Five stars, would buy again",This is my second nail clipper set from ZenLife and they never disappoint. The materials feel premium and it performs flawlessly so far.,2025-11-30,Y,N,0
RANXZMHGCEX,B0U0VF1HMG,ZenLife Nail Clipper Set — Gentle Formula & Cruelty-Free,CUST-00093,US,4,Happy with this purchase,The nail clipper set is quite good overall. It works as expected and the price is fair. Only small thing is the instructions could be clearer.,2026-04-01,N,N,0
R6X6HJGNZBL,B0U0VF1HMG,ZenLife Nail Clipper Set — Gentle Formula & Cruelty-Free,CUST-01505,US,4,Solid quality,Happy with this nail clipper set. Good quality for the money and it arrived on time. Taking one star off because the color is slightly different from the photos.,2026-06-27,Y,N,8
RL26A3QB9J1,B0U0VF1HMG,ZenLife Nail Clipper Set — Gentle Formula & Cruelty-Free,CUST-00972,US,4,Happy with this purchase,The nail clipper set is quite good overall. It works as expected and the price is fair. Only small thing is the instructions could be clearer.,2025-02-18,Y,N,0
RJX72QMNJ1Z,B0U0VF1HMG,ZenLife Nail Clipper Set — Gentle Formula & Cruelty-Free,GUEST-73938,US,4,Solid quality,"Solid product from ZenLife. It does what it's supposed to do. Not perfect, but for this price point it's a great buy.",2025-10-20,Y,N,0
RLUAGAWQPG0,B0U0VF1HMG,ZenLife Nail Clipper Set — Gentle Formula & Cruelty-Free,CUST-01032,US,5,Exactly as described,"Really impressed with the build quality of this nail clipper set. It arrived quickly, was packaged well, and does exactly what it promises. Excellent value.",2025-09-01,Y,N,1
REHLY6FZK7X,B085JJ3ZXF,PureGlo Electric Toothbrush — Long Lasting & Dermatologist Tested,CUST-01375,US,5,Exactly as described,This is my second electric toothbrush from PureGlo and they never disappoint. The materials feel premium and it performs flawlessly so far.,2025-12-19,Y,N,0
RSHWPWGJUWH,B085JJ3ZXF,PureGlo Electric Toothbrush — Long Lasting & Dermatologist Tested,CUST-01256,US,1,Arrived damaged,Arrived damaged and non-functional. The electric toothbrush feels like cheap plastic. Very disappointed with this purchase.,2026-04-24,Y,N,0
R2R2FD3ST52,B085JJ3ZXF,PureGlo Electric Toothbrush — Long Lasting & Dermatologist Tested,CUST-01028,US,4,Great value for the price,,2025-04-07,Y,N,0
RTTMF2AX0WX,B085JJ3ZXF,PureGlo Electric Toothbrush — Long Lasting & Dermatologist Tested,CUST-01240,US,3,Does the job,"Mixed feelings about this electric toothbrush. It works fine so far, but I'm not confident it will last long. Time will tell.",2025-03-01,Y,N,0
R8P6R76ERCJ,B085JJ3ZXF,PureGlo Electric Toothbrush — Long Lasting & Dermatologist Tested,CUST-01182,US,1,Do not buy,This electric toothbrush is a complete waste of money. It broke within days and the seller was unhelpful. Stay away from PureGlo.,2026-05-19,Y,N,0
RJCFASZVLZX,B085JJ3ZXF,PureGlo Electric Toothbrush — Long Lasting & Dermatologist Tested,CUST-01447,US,5,Best purchase this year,This is my second electric toothbrush from PureGlo and they never disappoint. The materials feel premium and it performs flawlessly so far.,2025-12-20,N,N,0
RJZ5K9JU5CV,B085JJ3ZXF,PureGlo Electric Toothbrush — Long Lasting & Dermatologist Tested,GUEST-44066,US,5,"Five stars, would buy again",This is my second electric toothbrush from PureGlo and they never disappoint. The materials feel premium and it performs flawlessly so far.,2025-11-18,Y,N,0
RHB96CGBRHN,B085JJ3ZXF,PureGlo Electric Toothbrush — Long Lasting & Dermatologist Tested,GUEST-64028,US,4,Great value for the price,"Solid product from PureGlo. It does what it's supposed to do. Not perfect, but for this price point it's a great buy.",2025-08-24,Y,N,5
RE9WV90ZCRM,B085JJ3ZXF,PureGlo Electric Toothbrush — Long Lasting & Dermatologist Tested,CUST-01678,US,4,"Good, with minor nitpicks",The electric toothbrush is quite good overall. It works as expected and the price is fair. Only small thing is the instructions could be clearer.,2025-05-03,Y,N,0
R36YLBHXF67,B085JJ3ZXF,PureGlo Electric Toothbrush — Long Lasting & Dermatologist Tested,CUST-01466,US,5,Exactly as described,I've been using the electric toothbrush for a few weeks now and it works great. Setup was easy and the quality feels solid. Would definitely recommend it to a friend.,2025-10-28,Y,N,0
RSUNCRHM3V6,B085JJ3ZXF,PureGlo Electric Toothbrush — Long Lasting & Dermatologist Tested,CUST-00984,US,3,Mixed feelings,"Mixed feelings about this electric toothbrush. It works fine so far, but I'm not confident it will last long. Time will tell.",2026-02-16,N,N,0
R5DTQ6W2W6Q,B085JJ3ZXF,PureGlo Electric Toothbrush — Long Lasting & Dermatologist Tested,CUST-01145,US,4,Great value for the price,Happy with this electric toothbrush. Good quality for the money and it arrived on time. Taking one star off because the color is slightly different from the photos.,2026-07-16,N,N,0
RLEL8D4JQXJ,B0XHVV9SEX,ZenLife Makeup Brush Set — Ionic Technology & Long Lasting,CUST-00269,US,5,"Five stars, would buy again",I've been using the makeup brush set for a few weeks now and it works great. Setup was easy and the quality feels solid. Would definitely recommend it to a friend.,2026-02-02,Y,N,0
RYKE2ZZEKG1,B0XHVV9SEX,ZenLife Makeup Brush Set — Ionic Technology & Long Lasting,CUST-00882,US,5,Love it!,I've been using the makeup brush set for a few weeks now and it works great. Setup was easy and the quality feels solid. Would definitely recommend it to a friend.,2025-10-20,Y,N,2
R4695JA23Q4,B0XHVV9SEX,ZenLife Makeup Brush Set — Ionic Technology & Long Lasting,CUST-01651,US,2,Quality could be better,This makeup brush set stopped working properly after two weeks. Customer service was slow to respond. Not a great experience.,2025-12-12,Y,N,8
R6AWK4TCLTC,B0XHVV9SEX,ZenLife Makeup Brush Set — Ionic Technology & Long Lasting,CUST-00266,US,1,Do not buy,This makeup brush set is a complete waste of money. It broke within days and the seller was unhelpful. Stay away from ZenLife.,2026-06-24,Y,N,0
RLAYQQKYM9W,B0XHVV9SEX,ZenLife Makeup Brush Set — Ionic Technology & Long Lasting,CUST-00520,US,5,Best purchase this year,"Really impressed with the build quality of this makeup brush set. It arrived quickly, was packaged well, and does exactly what it promises. Excellent value.",2025-08-22,Y,N,0
RCHGHDVW6TF,B0FA6PK7S1,PureGlo Body Scrub — Ionic Technology & Gentle Formula,GUEST-94863,US,5,Exceeded my expectations,I've been using the body scrub for a few weeks now and it works great. Setup was easy and the quality feels solid. Would definitely recommend it to a friend.,2026-03-05,Y,N,0
RQ04DW1VQ6F,B0FA6PK7S1,PureGlo Body Scrub — Ionic Technology & Gentle Formula,CUST-00980,US,4,Happy with this purchase,The body scrub is quite good overall. It works as expected and the price is fair. Only small thing is the instructions could be clearer.,2026-03-21,Y,N,3
RAPT6AZYN9K,B0FA6PK7S1,PureGlo Body Scrub — Ionic Technology & Gentle Formula,CUST-00277,US,5,Exactly as described,This is my second body scrub from PureGlo and they never disappoint. The materials feel premium and it performs flawlessly so far.,2025-08-25,Y,N,0
RSS01FDEXMM,B0FA6PK7S1,PureGlo Body Scrub — Ionic Technology & Gentle Formula,CUST-00750,US,5,Best purchase this year,I've been using the body scrub for a few weeks now and it works great. Setup was easy and the quality feels solid. Would definitely recommend it to a friend.,2026-02-28,Y,N,0
RWHVJABF8T2,B0FA6PK7S1,PureGlo Body Scrub — Ionic Technology & Gentle Formula,GUEST-19483,US,4,Great value for the price,"Solid product from PureGlo. It does what it's supposed to do. Not perfect, but for this price point it's a great buy.",2025-10-27,Y,N,3
R5BQLB12K78,B0FA6PK7S1,PureGlo Body Scrub — Ionic Technology & Gentle Formula,CUST-00048,US,4,Solid quality,"Solid product from PureGlo. It does what it's supposed to do. Not perfect, but for this price point it's a great buy.",2025-12-07,Y,N,3
RZ9AET7K9EU,B0FA6PK7S1,PureGlo Body Scrub — Ionic Technology & Gentle Formula,CUST-00995,US,4,Solid quality,"Solid product from PureGlo. It does what it's supposed to do. Not perfect, but for this price point it's a great buy.",2026-02-15,Y,N,1
RZEUGSVKBBC,B0FA6PK7S1,PureGlo Body Scrub — Ionic Technology & Gentle Formula,CUST-01669,US,4,Solid quality,The body scrub is quite good overall. It works as expected and the price is fair. Only small thing is the instructions could be clearer.,2025-03-17,Y,N,3
RWLEY4DPPZW,B0FA6PK7S1,PureGlo Body Scrub — Ionic Technology & Gentle Formula,GUEST-66654,US,5,Exceeded my expectations,"Really impressed with the build quality of this body scrub. It arrived quickly, was packaged well, and does exactly what it promises. Excellent value.",2026-06-13,Y,N,8
RK5LQ65SE6G,B0FA6PK7S1,PureGlo Body Scrub — Ionic Technology & Gentle Formula,CUST-00930,US,5,Love it!,This is my second body scrub from PureGlo and they never disappoint. The materials feel premium and it performs flawlessly so far.,2026-04-21,Y,N,0
RCRU9B1LRCJ,B0FA6PK7S1,PureGlo Body Scrub — Ionic Technology & Gentle Formula,CUST-00938,US,4,Solid quality,"Solid product from PureGlo. It does what it's supposed to do. Not perfect, but for this price point it's a great buy.",2026-03-22,Y,N,0
RAZF9SXB825,B0GJL7P973,PureGlo Hair Straightener — Cruelty-Free & Ionic Technology,CUST-01442,US,5,Love it!,I've been using the hair straightener for a few weeks now and it works great. Setup was easy and the quality feels solid. Would definitely recommend it to a friend.,2026-07-11,Y,N,0
RBZ20NHGEJE,B0GJL7P973,PureGlo Hair Straightener — Cruelty-Free & Ionic Technology,CUST-01684,US,4,Very good product,The hair straightener is quite good overall. It works as expected and the price is fair. Only small thing is the instructions could be clearer.,2025-09-01,Y,N,0
R2HC6VXEFLG,B0GJL7P973,PureGlo Hair Straightener — Cruelty-Free & Ionic Technology,CUST-01490,US,2,Would not recommend,This hair straightener stopped working properly after two weeks. Customer service was slow to respond. Not a great experience.,2026-01-06,Y,N,0
RPZETSA00YW,B0GJL7P973,PureGlo Hair Straightener — Cruelty-Free & Ionic Technology,GUEST-77747,US,5,Best purchase this year,"Really impressed with the build quality of this hair straightener. It arrived quickly, was packaged well, and does exactly what it promises. Excellent value.",2025-02-11,Y,N,3
RX0BFJRDHFJ,B0GJL7P973,PureGlo Hair Straightener — Cruelty-Free & Ionic Technology,GUEST-61637,US,5,Exceeded my expectations,"Really impressed with the build quality of this hair straightener. It arrived quickly, was packaged well, and does exactly what it promises. Excellent value.",2026-05-10,Y,N,0
RJCU815RQY6,B0GJL7P973,PureGlo Hair Straightener — Cruelty-Free & Ionic Technology,CUST-01510,US,5,Best purchase this year,"Really impressed with the build quality of this hair straightener. It arrived quickly, was packaged well, and does exactly what it promises. Excellent value.",2026-03-27,Y,N,3
R7WEVDCP8TD,B0GJL7P973,PureGlo Hair Straightener — Cruelty-Free & Ionic Technology,CUST-01048,US,5,"Five stars, would buy again","Really impressed with the build quality of this hair straightener. It arrived quickly, was packaged well, and does exactly what it promises. Excellent value.",2026-01-21,N,N,12
R9HLW0GRA60,B0GJL7P973,PureGlo Hair Straightener — Cruelty-Free & Ionic Technology,GUEST-39229,US,1,Waste of money,This hair straightener is a complete waste of money. It broke within days and the seller was unhelpful. Stay away from PureGlo.,2025-12-28,Y,N,0
RAFENSJ3RB3,B0GJL7P973,PureGlo Hair Straightener — Cruelty-Free & Ionic Technology,CUST-01542,US,5,Love it!,"Really impressed with the build quality of this hair straightener. It arrived quickly, was packaged well, and does exactly what it promises. Excellent value.",2025-01-20,Y,N,3
R3HF9FNLGS7,B0GJL7P973,PureGlo Hair Straightener — Cruelty-Free & Ionic Technology,CUST-00175,US,1,Waste of money,Terrible quality. The hair straightener stopped working after a week and getting a refund was a hassle. Would give zero stars if I could.,2025-01-26,N,N,0
RZ55CP8FL67,B0GJL7P973,PureGlo Hair Straightener — Cruelty-Free & Ionic Technology,CUST-00078,US,3,Decent but not amazing,"The hair straightener is okay but I expected a bit more. It works, though the materials feel cheaper than the photos suggest. Probably fine for light use.",2026-03-20,Y,N,0
RUJV0ZB6NBR,B0GJL7P973,PureGlo Hair Straightener — Cruelty-Free & Ionic Technology,CUST-00294,US,5,Exceeded my expectations,"Really impressed with the build quality of this hair straightener. It arrived quickly, was packaged well, and does exactly what it promises. Excellent value.",2025-08-24,N,N,2
RRXC84Q4NZM,B0GJL7P973,PureGlo Hair Straightener — Cruelty-Free & Ionic Technology,CUST-00724,US,5,"Five stars, would buy again",This is my second hair straightener from PureGlo and they never disappoint. The materials feel premium and it performs flawlessly so far.,2025-03-26,Y,N,0
RCWUYJFKWAC,B0GJL7P973,PureGlo Hair Straightener — Cruelty-Free & Ionic Technology,CUST-00412,US,4,Great value for the price,"Solid product from PureGlo. It does what it's supposed to do. Not perfect, but for this price point it's a great buy.",2025-03-09,Y,N,5
REXRRWH5GPX,B0C4JKS52V,ZenLife Face Roller — Cruelty-Free & Gentle Formula,CUST-01714,US,5,Exactly as described,This is my second face roller from ZenLife and they never disappoint. The materials feel premium and it performs flawlessly so far.,2025-10-28,Y,N,8
RXVPAGQVW4B,B0C4JKS52V,ZenLife Face Roller — Cruelty-Free & Gentle Formula,CUST-00888,US,5,Best purchase this year,I've been using the face roller for a few weeks now and it works great. Setup was easy and the quality feels solid. Would definitely recommend it to a friend.,2025-12-27,N,N,2
RL1GU66FN3N,B0C4JKS52V,ZenLife Face Roller — Cruelty-Free & Gentle Formula,CUST-01515,US,5,"Five stars, would buy again","Really impressed with the build quality of this face roller. It arrived quickly, was packaged well, and does exactly what it promises. Excellent value.",2026-02-21,N,N,1
RDQZUQFEPCN,B0C4JKS52V,ZenLife Face Roller — Cruelty-Free & Gentle Formula,CUST-01241,US,2,Disappointed,Disappointed in this face roller. It arrived with minor damage and the quality is below what I expected for the price. Returning it.,2026-07-02,Y,N,5
RH9DSAYSGSS,B0C4JKS52V,ZenLife Face Roller — Cruelty-Free & Gentle Formula,GUEST-97122,US,3,Mixed feelings,"The face roller is okay but I expected a bit more. It works, though the materials feel cheaper than the photos suggest. Probably fine for light use.",2026-01-01,Y,N,2
R7BU430SUGZ,B0C4JKS52V,ZenLife Face Roller — Cruelty-Free & Gentle Formula,CUST-01683,US,4,Solid quality,The face roller is quite good overall. It works as expected and the price is fair. Only small thing is the instructions could be clearer.,2026-04-12,Y,N,0
RL3ES7XY1X3,B0P5FBKME8,PureGlo Bath Bomb Set — Dermatologist Tested & Gentle Formula,CUST-00242,US,2,Not what I expected,Disappointed in this bath bomb set. It arrived with minor damage and the quality is below what I expected for the price. Returning it.,2025-06-04,Y,N,0
RGA23T8X6SV,B0P5FBKME8,PureGlo Bath Bomb Set — Dermatologist Tested & Gentle Formula,CUST-01272,US,2,Would not recommend,Not thrilled with this bath bomb set. It feels flimsy and the performance is inconsistent. I probably wouldn't buy from PureGlo again.,2026-02-23,N,N,0
R1TK7AV8HFQ,B0P5FBKME8,PureGlo Bath Bomb Set — Dermatologist Tested & Gentle Formula,CUST-01736,US,4,Very good product,The bath bomb set is quite good overall. It works as expected and the price is fair. Only small thing is the instructions could be clearer.,2025-03-25,Y,N,0
RBJHXNMCWTP,B0P5FBKME8,PureGlo Bath Bomb Set — Dermatologist Tested & Gentle Formula,CUST-00842,US,5,Exceeded my expectations,"Really impressed with the build quality of this bath bomb set. It arrived quickly, was packaged well, and does exactly what it promises. Excellent value.",2025-07-06,Y,N,0
RPAY7GLSH1U,B0P5FBKME8,PureGlo Bath Bomb Set — Dermatologist Tested & Gentle Formula,CUST-00502,US,5,"Five stars, would buy again",I've been using the bath bomb set for a few weeks now and it works great. Setup was easy and the quality feels solid. Would definitely recommend it to a friend.,2026-06-16,Y,N,1
RYJB939YY93,B0P5FBKME8,PureGlo Bath Bomb Set — Dermatologist Tested & Gentle Formula,CUST-00492,US,4,Great value for the price,The bath bomb set is quite good overall. It works as expected and the price is fair. Only small thing is the instructions could be clearer.,2025-09-01,N,N,0
RP125J0XF6S,B0P5FBKME8,PureGlo Bath Bomb Set — Dermatologist Tested & Gentle Formula,CUST-01474,US,5,Love it!,"Really impressed with the build quality of this bath bomb set. It arrived quickly, was packaged well, and does exactly what it promises. Excellent value.",2025-09-13,N,N,5
R1U9832ZNWP,B0P5FBKME8,PureGlo Bath Bomb Set — Dermatologist Tested & Gentle Formula,CUST-01695,US,5,"Five stars, would buy again","Really impressed with the build quality of this bath bomb set. It arrived quickly, was packaged well, and does exactly what it promises. Excellent value.",2025-07-02,Y,N,0
RTGB98350AZ,B0P5FBKME8,PureGlo Bath Bomb Set — Dermatologist Tested & Gentle Formula,CUST-00109,US,4,Solid quality,"Solid product from PureGlo. It does what it's supposed to do. Not perfect, but for this price point it's a great buy.",2025-11-22,Y,N,0
R4FH8Q9LWEX,B0P5FBKME8,PureGlo Bath Bomb Set — Dermatologist Tested & Gentle Formula,CUST-00685,US,4,"Good, with minor nitpicks",Happy with this bath bomb set. Good quality for the money and it arrived on time. Taking one star off because the color is slightly different from the photos.,2026-01-03,Y,N,1
R9YVMY00YDL,B0P5FBKME8,PureGlo Bath Bomb Set — Dermatologist Tested & Gentle Formula,GUEST-14417,US,4,Solid quality,The bath bomb set is quite good overall. It works as expected and the price is fair. Only small thing is the instructions could be clearer.,2026-01-01,Y,N,1
RZ6NV2PKKLN,B0P5FBKME8,PureGlo Bath Bomb Set — Dermatologist Tested & Gentle Formula,CUST-00071,US,5,"Five stars, would buy again",This is my second bath bomb set from PureGlo and they never disappoint. The materials feel premium and it performs flawlessly so far.,2025-02-07,Y,N,2
R5NSFNECA9Q,B0P5FBKME8,PureGlo Bath Bomb Set — Dermatologist Tested & Gentle Formula,CUST-01473,US,3,Average product,Average bath bomb set. It does the job but there's nothing special about it. If you're on a budget it's acceptable.,2026-05-23,Y,N,8
RGE3PQM4YR5,B0P5FBKME8,PureGlo Bath Bomb Set — Dermatologist Tested & Gentle Formula,CUST-00887,US,5,Exceeded my expectations,This is my second bath bomb set from PureGlo and they never disappoint. The materials feel premium and it performs flawlessly so far.,2026-03-25,Y,N,0
RFNMEWH1P5V,B0P5FBKME8,PureGlo Bath Bomb Set — Dermatologist Tested & Gentle Formula,CUST-00911,US,3,It's okay,"The bath bomb set is okay but I expected a bit more. It works, though the materials feel cheaper than the photos suggest. Probably fine for light use.",2025-07-15,N,N,0
R29RENDC5M1,B0P5FBKME8,PureGlo Bath Bomb Set — Dermatologist Tested & Gentle Formula,CUST-01403,US,5,Exceeded my expectations,"Really impressed with the build quality of this bath bomb set. It arrived quickly, was packaged well, and does exactly what it promises. Excellent value.",2025-07-27,N,N,0
RSRYMXBV6JH,B0P5FBKME8,PureGlo Bath Bomb Set — Dermatologist Tested & Gentle Formula,CUST-01074,US,5,Love it!,This is my second bath bomb set from PureGlo and they never disappoint. The materials feel premium and it performs flawlessly so far.,2026-05-01,Y,N,8
RNPZ0A84RAM,B0UD0VSZWR,ZenLife Facial Cleanser — Gentle Formula & Cruelty-Free,CUST-01325,US,5,Love it!,This is my second facial cleanser from ZenLife and they never disappoint. The materials feel premium and it performs flawlessly so far.,2026-02-13,Y,N,0
RS5Y7ES1U0N,B043M1S1C4,PureGlo Sunscreen Lotion — Ionic Technology & Dermatologist Tested,CUST-01529,US,2,Broke quickly,Not thrilled with this sunscreen lotion. It feels flimsy and the performance is inconsistent. I probably wouldn't buy from PureGlo again.,2026-03-02,Y,N,0
R1XVWXKCZ35,B043M1S1C4,PureGlo Sunscreen Lotion — Ionic Technology & Dermatologist Tested,CUST-01278,US,5,Love it!,"Really impressed with the build quality of this sunscreen lotion. It arrived quickly, was packaged well, and does exactly what it promises. Excellent value.",2026-06-22,Y,N,0
RE7MDYAUJ8N,B043M1S1C4,PureGlo Sunscreen Lotion — Ionic Technology & Dermatologist Tested,CUST-01077,US,4,"Good, with minor nitpicks","Solid product from PureGlo. It does what it's supposed to do. Not perfect, but for this price point it's a great buy.",2026-03-15,Y,N,1
R4B7RQJ0K8H,B043M1S1C4,PureGlo Sunscreen Lotion — Ionic Technology & Dermatologist Tested,CUST-00004,US,3,It's okay,"The sunscreen lotion is okay but I expected a bit more. It works, though the materials feel cheaper than the photos suggest. Probably fine for light use.",2025-12-24,Y,N,0
R1FCEEGC8J7,B043M1S1C4,PureGlo Sunscreen Lotion — Ionic Technology & Dermatologist Tested,CUST-00737,US,5,Love it!,I've been using the sunscreen lotion for a few weeks now and it works great. Setup was easy and the quality feels solid. Would definitely recommend it to a friend.,2026-04-21,Y,N,0
RG9D90A78Q5,B043M1S1C4,PureGlo Sunscreen Lotion — Ionic Technology & Dermatologist Tested,CUST-01007,US,2,Broke quickly,This sunscreen lotion stopped working properly after two weeks. Customer service was slow to respond. Not a great experience.,2026-07-22,N,N,0
RJ1P5LUT674,B043M1S1C4,PureGlo Sunscreen Lotion — Ionic Technology & Dermatologist Tested,CUST-01167,US,3,Mixed feelings,"Mixed feelings about this sunscreen lotion. It works fine so far, but I'm not confident it will last long. Time will tell.",2026-06-16,Y,N,1
R3KTHFMM2P5,B08UGTRB3Y,ZenLife Vitamin C Serum — Dermatologist Tested & Long Lasting,CUST-00318,US,5,Love it!,I've been using the vitamin c serum for a few weeks now and it works great. Setup was easy and the quality feels solid. Would definitely recommend it to a friend.,2026-03-24,Y,N,0
R58DNBC1H94,B08UGTRB3Y,ZenLife Vitamin C Serum — Dermatologist Tested & Long Lasting,CUST-01224,US,5,Best purchase this year,I've been using the vitamin c serum for a few weeks now and it works great. Setup was easy and the quality feels solid. Would definitely recommend it to a friend.,2025-11-09,Y,N,2
RKZ12LL0RGQ,B08UGTRB3Y,ZenLife Vitamin C Serum — Dermatologist Tested & Long Lasting,CUST-00945,US,4,"Good, with minor nitpicks",,2026-03-31,Y,N,0
R7G0S3SJEQ0,B08UGTRB3Y,ZenLife Vitamin C Serum — Dermatologist Tested & Long Lasting,CUST-00993,US,5,Love it!,I've been using the vitamin c serum for a few weeks now and it works great. Setup was easy and the quality feels solid. Would definitely recommend it to a friend.,2025-10-26,Y,N,0
RTAUVVAD7BN,B08UGTRB3Y,ZenLife Vitamin C Serum — Dermatologist Tested & Long Lasting,CUST-00716,US,5,"Five stars, would buy again",This is my second vitamin c serum from ZenLife and they never disappoint. The materials feel premium and it performs flawlessly so far.,2025-07-17,Y,N,3
R0VK1JAHBZR,B08UGTRB3Y,ZenLife Vitamin C Serum — Dermatologist Tested & Long Lasting,CUST-01233,US,5,Exactly as described,This is my second vitamin c serum from ZenLife and they never disappoint. The materials feel premium and it performs flawlessly so far.,2025-01-22,Y,N,0
RWBJBN82TFB,B08UGTRB3Y,ZenLife Vitamin C Serum — Dermatologist Tested & Long Lasting,CUST-00946,US,5,Best purchase this year,I've been using the vitamin c serum for a few weeks now and it works great. Setup was easy and the quality feels solid. Would definitely recommend it to a friend.,2025-03-17,N,N,3
R11KFSW0HLX,B08UGTRB3Y,ZenLife Vitamin C Serum — Dermatologist Tested & Long Lasting,CUST-01287,US,4,Very good product,The vitamin c serum is quite good overall. It works as expected and the price is fair. Only small thing is the instructions could be clearer.,2026-02-22,Y,N,1
RH6CWUP9TFP,B08UGTRB3Y,ZenLife Vitamin C Serum — Dermatologist Tested & Long Lasting,CUST-00404,US,4,Great value for the price,The vitamin c serum is quite good overall. It works as expected and the price is fair. Only small thing is the instructions could be clearer.,2025-08-06,Y,N,0
RK3PVUFN8HC,B08UGTRB3Y,ZenLife Vitamin C Serum — Dermatologist Tested & Long Lasting,CUST-00590,US,4,"Good, with minor nitpicks",The vitamin c serum is quite good overall. It works as expected and the price is fair. Only small thing is the instructions could be clearer.,2026-03-15,Y,N,0
RLTMGKD7UTD,B08UGTRB3Y,ZenLife Vitamin C Serum — Dermatologist Tested & Long Lasting,CUST-01618,US,5,Exactly as described,"Really impressed with the build quality of this vitamin c serum. It arrived quickly, was packaged well, and does exactly what it promises. Excellent value.",2025-09-29,Y,N,1
R7BGPLC1SDJ,B0NKTX370W,PureGlo Shampoo & Conditioner — Gentle Formula & Ionic Technology,CUST-00534,US,4,Great value for the price,The shampoo & conditioner is quite good overall. It works as expected and the price is fair. Only small thing is the instructions could be clearer.,2026-03-21,N,N,0
RDHJ7WSVFFD,B0NKTX370W,PureGlo Shampoo & Conditioner — Gentle Formula & Ionic Technology,CUST-01523,US,1,Do not buy,This shampoo & conditioner is a complete waste of money. It broke within days and the seller was unhelpful. Stay away from PureGlo.,2025-01-26,Y,N,0
R9W8WZFWYE5,B0NKTX370W,PureGlo Shampoo & Conditioner — Gentle Formula & Ionic Technology,CUST-01375,US,5,Exactly as described,This is my second shampoo & conditioner from PureGlo and they never disappoint. The materials feel premium and it performs flawlessly so far.,2026-03-30,Y,N,12
RJ8TFK20EYB,B0NKTX370W,PureGlo Shampoo & Conditioner — Gentle Formula & Ionic Technology,CUST-00466,US,5,"Five stars, would buy again",This is my second shampoo & conditioner from PureGlo and they never disappoint. The materials feel premium and it performs flawlessly so far.,2026-03-18,Y,N,5
RAYUP8D8JZQ,B0NKTX370W,PureGlo Shampoo & Conditioner — Gentle Formula & Ionic Technology,CUST-00071,US,3,It's okay,"Mixed feelings about this shampoo & conditioner. It works fine so far, but I'm not confident it will last long. Time will tell.",2025-12-14,Y,N,2
RLPKFYMXJQD,B0NKTX370W,PureGlo Shampoo & Conditioner — Gentle Formula & Ionic Technology,CUST-00810,US,2,Would not recommend,Not thrilled with this shampoo & conditioner. It feels flimsy and the performance is inconsistent. I probably wouldn't buy from PureGlo again.,2026-04-23,Y,N,0
RVAP2VCCVNM,B0NKTX370W,PureGlo Shampoo & Conditioner — Gentle Formula & Ionic Technology,CUST-00444,US,5,Love it!,This is my second shampoo & conditioner from PureGlo and they never disappoint. The materials feel premium and it performs flawlessly so far.,2025-09-08,N,N,2
RUR4PGZ02EP,B0NKTX370W,PureGlo Shampoo & Conditioner — Gentle Formula & Ionic Technology,CUST-01789,US,4,Very good product,The shampoo & conditioner is quite good overall. It works as expected and the price is fair. Only small thing is the instructions could be clearer.,2025-09-18,Y,N,0
RK8T6NWCH5L,B0NKTX370W,PureGlo Shampoo & Conditioner — Gentle Formula & Ionic Technology,GUEST-27405,US,5,Love it!,"Really impressed with the build quality of this shampoo & conditioner. It arrived quickly, was packaged well, and does exactly what it promises. Excellent value.",2025-07-08,Y,N,0
R0EQ9TC1221,B0G3W4FNRY,ZenLife Beard Trimmer — Cruelty-Free & Gentle Formula,CUST-00227,US,3,It's okay,"Mixed feelings about this beard trimmer. It works fine so far, but I'm not confident it will last long. Time will tell.",2026-01-11,Y,N,0
R9C6XNUJC3X,B09YYU37MZ,TrailBlaze Jump Rope — Heavy Duty & Waterproof,CUST-01695,US,5,Exceeded my expectations,"Really impressed with the build quality of this jump rope. It arrived quickly, was packaged well, and does exactly what it promises. Excellent value.",2026-06-29,Y,N,1
RFBKHYD09DU,B09YYU37MZ,TrailBlaze Jump Rope — Heavy Duty & Waterproof,GUEST-52920,US,5,Exceeded my expectations,This is my second jump rope from TrailBlaze and they never disappoint. The materials feel premium and it performs flawlessly so far.,2025-11-27,Y,N,0
RY7KJGFWN3K,B09YYU37MZ,TrailBlaze Jump Rope — Heavy Duty & Waterproof,CUST-00637,US,5,Exceeded my expectations,"Really impressed with the build quality of this jump rope. It arrived quickly, was packaged well, and does exactly what it promises. Excellent value.",2025-12-30,Y,N,0
R9TYDA0BUUY,B09YYU37MZ,TrailBlaze Jump Rope — Heavy Duty & Waterproof,CUST-01249,US,5,Best purchase this year,I've been using the jump rope for a few weeks now and it works great. Setup was easy and the quality feels solid. Would definitely recommend it to a friend.,2026-02-23,Y,N,0
RRJ2HVN1BHN,B09YYU37MZ,TrailBlaze Jump Rope — Heavy Duty & Waterproof,CUST-00170,US,5,Best purchase this year,"Really impressed with the build quality of this jump rope. It arrived quickly, was packaged well, and does exactly what it promises. Excellent value.",2025-10-31,Y,N,1
RWCKY6LDKLG,B09YYU37MZ,TrailBlaze Jump Rope — Heavy Duty & Waterproof,CUST-00869,US,5,Exactly as described,"Really impressed with the build quality of this jump rope. It arrived quickly, was packaged well, and does exactly what it promises. Excellent value.",2026-01-24,Y,N,5
RH5AGBQ9FXV,B09YYU37MZ,TrailBlaze Jump Rope — Heavy Duty & Waterproof,CUST-00200,US,5,"Five stars, would buy again",This is my second jump rope from TrailBlaze and they never disappoint. The materials feel premium and it performs flawlessly so far.,2025-10-24,Y,N,0
R2NWR87GUTB,B09YYU37MZ,TrailBlaze Jump Rope — Heavy Duty & Waterproof,CUST-01565,US,2,Would not recommend,Disappointed in this jump rope. It arrived with minor damage and the quality is below what I expected for the price. Returning it.,2025-12-20,Y,N,0
R4ZL5DHV421,B0SSL9ZZJT,EverPeak Trekking Poles — Heavy Duty & Anti-Slip,CUST-01549,US,5,Exceeded my expectations,I've been using the trekking poles for a few weeks now and it works great. Setup was easy and the quality feels solid. Would definitely recommend it to a friend.,2026-02-22,Y,N,3
R7FCFC9CBU3,B0SSL9ZZJT,EverPeak Trekking Poles — Heavy Duty & Anti-Slip,CUST-00727,US,5,"Five stars, would buy again",This is my second trekking poles from EverPeak and they never disappoint. The materials feel premium and it performs flawlessly so far.,2026-05-12,Y,N,0
RZHPDKBUDYE,B0SSL9ZZJT,EverPeak Trekking Poles — Heavy Duty & Anti-Slip,CUST-01643,US,0,"Five stars, would buy again","Really impressed with the build quality of this trekking poles. It arrived quickly, was packaged well, and does exactly what it promises. Excellent value.",2025-12-24,N,N,1
RJ07JYMEWXY,B0SSL9ZZJT,EverPeak Trekking Poles — Heavy Duty & Anti-Slip,CUST-00180,US,4,"Good, with minor nitpicks",Happy with this trekking poles. Good quality for the money and it arrived on time. Taking one star off because the color is slightly different from the photos.,2026-01-24,Y,N,2
RPKZMUA6M7M,B0SSL9ZZJT,EverPeak Trekking Poles — Heavy Duty & Anti-Slip,CUST-00775,US,5,Exactly as described,I've been using the trekking poles for a few weeks now and it works great. Setup was easy and the quality feels solid. Would definitely recommend it to a friend.,2026-01-22,N,N,0
RR9MALP26MV,B0SSL9ZZJT,EverPeak Trekking Poles — Heavy Duty & Anti-Slip,CUST-01691,US,4,Very good product,"Solid product from EverPeak. It does what it's supposed to do. Not perfect, but for this price point it's a great buy.",2025-12-21,Y,N,20
RL879DD6JTY,B0E32FCLF7,TrailBlaze Camping Tent — Lightweight & Waterproof,CUST-01475,US,4,Very good product,The camping tent is quite good overall. It works as expected and the price is fair. Only small thing is the instructions could be clearer.,2026-07-15,Y,N,20
RAQQMVV1E9C,B0E32FCLF7,TrailBlaze Camping Tent — Lightweight & Waterproof,CUST-00754,US,4,Happy with this purchase,The camping tent is quite good overall. It works as expected and the price is fair. Only small thing is the instructions could be clearer.,2026-03-29,Y,N,8
RPB2RP3X9QU,B0E32FCLF7,TrailBlaze Camping Tent — Lightweight & Waterproof,CUST-01293,US,5,Exceeded my expectations,This is my second camping tent from TrailBlaze and they never disappoint. The materials feel premium and it performs flawlessly so far.,2026-03-24,Y,N,0
RSLFUV4M0BY,B0E32FCLF7,TrailBlaze Camping Tent — Lightweight & Waterproof,CUST-00267,US,5,Exceeded my expectations,This is my second camping tent from TrailBlaze and they never disappoint. The materials feel premium and it performs flawlessly so far.,2026-07-21,N,N,0
RT5GTXN3RKT,B0E32FCLF7,TrailBlaze Camping Tent — Lightweight & Waterproof,CUST-01757,US,2,Broke quickly,This camping tent stopped working properly after two weeks. Customer service was slow to respond. Not a great experience.,2025-12-17,Y,N,0
RYPWZQ5JYN4,B03QFWA54M,EverPeak Running Belt — Anti-Slip & Waterproof,CUST-00191,US,4,Happy with this purchase,The running belt is quite good overall. It works as expected and the price is fair. Only small thing is the instructions could be clearer.,2025-09-12,Y,N,3
RGQ8TQP4AMQ,B0SQ7F7BFE,TrailBlaze Dumbbell Set — Waterproof & Portable,GUEST-57290,US,5,Exceeded my expectations,I've been using the dumbbell set for a few weeks now and it works great. Setup was easy and the quality feels solid. Would definitely recommend it to a friend.,2025-09-29,Y,N,2
R907XT3TBFU,B0SQ7F7BFE,TrailBlaze Dumbbell Set — Waterproof & Portable,CUST-01679,US,5,"Five stars, would buy again","Really impressed with the build quality of this dumbbell set. It arrived quickly, was packaged well, and does exactly what it promises. Excellent value.",2026-04-03,Y,N,0
RZEWKENCQPN,B0SQ7F7BFE,TrailBlaze Dumbbell Set — Waterproof & Portable,CUST-00810,US,5,Exceeded my expectations,"Really impressed with the build quality of this dumbbell set. It arrived quickly, was packaged well, and does exactly what it promises. Excellent value.",2025-06-26,Y,N,2
RMCQNVHK9WW,B0SQ7F7BFE,TrailBlaze Dumbbell Set — Waterproof & Portable,CUST-01568,US,5,Best purchase this year,"Really impressed with the build quality of this dumbbell set. It arrived quickly, was packaged well, and does exactly what it promises. Excellent value.",2025-06-01,Y,N,0
R99JMT72NU3,B0SQ7F7BFE,TrailBlaze Dumbbell Set — Waterproof & Portable,CUST-00486,US,4,"Good, with minor nitpicks",The dumbbell set is quite good overall. It works as expected and the price is fair. Only small thing is the instructions could be clearer.,2025-04-27,Y,N,5
R8TYX1YN7S4,B0SQ7F7BFE,TrailBlaze Dumbbell Set — Waterproof & Portable,CUST-01010,US,5,Exactly as described,"Really impressed with the build quality of this dumbbell set. It arrived quickly, was packaged well, and does exactly what it promises. Excellent value.",2026-03-23,Y,N,0
RMN8J95VKRY,B0SQ7F7BFE,TrailBlaze Dumbbell Set — Waterproof & Portable,CUST-00094,US,5,"Five stars, would buy again",This is my second dumbbell set from TrailBlaze and they never disappoint. The materials feel premium and it performs flawlessly so far.,2025-05-20,Y,N,0
RNB1QG88YWL,B0SQ7F7BFE,TrailBlaze Dumbbell Set — Waterproof & Portable,CUST-01768,US,4,Happy with this purchase,The dumbbell set is quite good overall. It works as expected and the price is fair. Only small thing is the instructions could be clearer.,2025-02-24,N,N,0
R8W3KBXUW1U,B0SQ7F7BFE,TrailBlaze Dumbbell Set — Waterproof & Portable,GUEST-66154,US,4,Solid quality,Happy with this dumbbell set. Good quality for the money and it arrived on time. Taking one star off because the color is slightly different from the photos.,2025-10-22,Y,N,0
RGB3KDFPBZ2,B0SQ7F7BFE,TrailBlaze Dumbbell Set — Waterproof & Portable,CUST-00059,US,2,Would not recommend,Not thrilled with this dumbbell set. It feels flimsy and the performance is inconsistent. I probably wouldn't buy from TrailBlaze again.,2026-05-13,Y,N,5
RXS2MSLFMYU,B0SQ7F7BFE,TrailBlaze Dumbbell Set — Waterproof & Portable,CUST-00860,US,3,It's okay,Average dumbbell set. It does the job but there's nothing special about it. If you're on a budget it's acceptable.,2025-04-04,Y,N,3
RCEWAPUSA0B,B0SQ7F7BFE,TrailBlaze Dumbbell Set — Waterproof & Portable,CUST-00009,US,5,Love it!,This is my second dumbbell set from TrailBlaze and they never disappoint. The materials feel premium and it performs flawlessly so far.,2025-03-17,Y,N,0
RPMXKBSZ3X4,B03RTJKKB4,EverPeak Hiking Backpack — Waterproof & Anti-Slip,CUST-00458,US,2,Not what I expected,This hiking backpack stopped working properly after two weeks. Customer service was slow to respond. Not a great experience.,2026-04-23,Y,N,0
RA3685MHN77,B03RTJKKB4,EverPeak Hiking Backpack — Waterproof & Anti-Slip,CUST-01317,US,1,Do not buy,Arrived damaged and non-functional. The hiking backpack feels like cheap plastic. Very disappointed with this purchase.,2025-12-20,Y,N,3
R3LCQ6FKMVL,B03RTJKKB4,EverPeak Hiking Backpack — Waterproof & Anti-Slip,CUST-00255,US,5,"Five stars, would buy again","Really impressed with the build quality of this hiking backpack. It arrived quickly, was packaged well, and does exactly what it promises. Excellent value.",2026-01-07,Y,N,0
RH8DZN9YXU2,B03RTJKKB4,EverPeak Hiking Backpack — Waterproof & Anti-Slip,GUEST-93957,US,5,Best purchase this year,This is my second hiking backpack from EverPeak and they never disappoint. The materials feel premium and it performs flawlessly so far.,2026-02-10,Y,N,1
R5AKAD9XRVD,B03RTJKKB4,EverPeak Hiking Backpack — Waterproof & Anti-Slip,GUEST-21275,US,5,Exceeded my expectations,This is my second hiking backpack from EverPeak and they never disappoint. The materials feel premium and it performs flawlessly so far.,2026-04-01,Y,N,0
RWMBQDCW103,B03RTJKKB4,EverPeak Hiking Backpack — Waterproof & Anti-Slip,CUST-01561,US,4,Solid quality,"Solid product from EverPeak. It does what it's supposed to do. Not perfect, but for this price point it's a great buy.",2026-04-29,Y,N,0
RALA0N4VMY8,B03RTJKKB4,EverPeak Hiking Backpack — Waterproof & Anti-Slip,CUST-00282,US,5,Love it!,"Really impressed with the build quality of this hiking backpack. It arrived quickly, was packaged well, and does exactly what it promises. Excellent value.",2026-03-22,Y,N,0
RDML32X0GAJ,B0GUBJ397E,TrailBlaze Yoga Mat — Portable & Lightweight,CUST-01358,US,4,Happy with this purchase,"Solid product from TrailBlaze. It does what it's supposed to do. Not perfect, but for this price point it's a great buy.",2025-11-23,Y,N,0
RVXMLVCB3HU,B0GUBJ397E,TrailBlaze Yoga Mat — Portable & Lightweight,CUST-01110,US,5,Exactly as described,This is my second yoga mat from TrailBlaze and they never disappoint. The materials feel premium and it performs flawlessly so far.,2025-05-23,Y,N,0
RR5KGUFJ0BE,B0GUBJ397E,TrailBlaze Yoga Mat — Portable & Lightweight,CUST-01268,US,2,Disappointed,This yoga mat stopped working properly after two weeks. Customer service was slow to respond. Not a great experience.,2025-08-15,Y,N,0
R9ESFFM97N5,B0GUBJ397E,TrailBlaze Yoga Mat — Portable & Lightweight,CUST-01756,US,5,Exactly as described,"Really impressed with the build quality of this yoga mat. It arrived quickly, was packaged well, and does exactly what it promises. Excellent value.",2025-11-27,N,N,8
RQ3VXGXNYKT,B0GUBJ397E,TrailBlaze Yoga Mat — Portable & Lightweight,CUST-01420,US,4,Great value for the price,The yoga mat is quite good overall. It works as expected and the price is fair. Only small thing is the instructions could be clearer.,2025-03-14,Y,N,0
R3UDX4STR66,B04N2RZ3JC,EverPeak Sleeping Bag — Waterproof & Lightweight,CUST-01030,US,5,"Five stars, would buy again","Really impressed with the build quality of this sleeping bag. It arrived quickly, was packaged well, and does exactly what it promises. Excellent value.",2025-07-04,Y,N,5
RGRCTQC7YAG,B04N2RZ3JC,EverPeak Sleeping Bag — Waterproof & Lightweight,CUST-00642,US,5,Love it!,I've been using the sleeping bag for a few weeks now and it works great. Setup was easy and the quality feels solid. Would definitely recommend it to a friend.,2025-10-23,Y,N,0
RHKL4S2T9J7,B0NGF9R3E9,TrailBlaze Cooler Bag — Waterproof & Lightweight,GUEST-93260,US,5,Love it!,,2026-01-15,Y,N,0
RNNU3C1XR8F,B0NGF9R3E9,TrailBlaze Cooler Bag — Waterproof & Lightweight,CUST-00621,US,5,Exactly as described,This is my second cooler bag from TrailBlaze and they never disappoint. The materials feel premium and it performs flawlessly so far.,2025-06-07,N,N,1
RAWQUT22UVW,B0M9DY5YFP,TrailBlaze Bike Helmet — Lightweight & Portable,CUST-01404,US,5,Love it!,This is my second bike helmet from TrailBlaze and they never disappoint. The materials feel premium and it performs flawlessly so far.,2025-06-03,Y,N,0
R95KMTNV52T,B0S2MJ6SBY,EverPeak Resistance Band Set — Heavy Duty & Portable,CUST-01449,US,1,Arrived damaged,Terrible quality. The resistance band set stopped working after a week and getting a refund was a hassle. Would give zero stars if I could.,2025-11-21,Y,N,0
R98MFBVABX0,B0S2MJ6SBY,EverPeak Resistance Band Set — Heavy Duty & Portable,CUST-01569,US,5,Best purchase this year,"Really impressed with the build quality of this resistance band set. It arrived quickly, was packaged well, and does exactly what it promises. Excellent value.",2026-03-22,N,N,0
RG5P2FZZ4FC,B0S2MJ6SBY,EverPeak Resistance Band Set — Heavy Duty & Portable,CUST-00478,US,3,Average product,Average resistance band set. It does the job but there's nothing special about it. If you're on a budget it's acceptable.,2026-02-15,N,N,0
RGZRBCH1CWV,B0S2MJ6SBY,EverPeak Resistance Band Set — Heavy Duty & Portable,CUST-01333,US,1,Stopped working after a week,This resistance band set is a complete waste of money. It broke within days and the seller was unhelpful. Stay away from EverPeak.,2026-03-17,Y,N,5
RM78EQZA5RU,B0FKKPVMZA,TrailBlaze Foam Roller — Heavy Duty & Anti-Slip,CUST-00574,US,5,Exactly as described,This is my second foam roller from TrailBlaze and they never disappoint. The materials feel premium and it performs flawlessly so far.,2026-06-05,Y,N,1
R17BSHXYW06,B0FKKPVMZA,TrailBlaze Foam Roller — Heavy Duty & Anti-Slip,CUST-00592,US,1,Terrible product,Terrible quality. The foam roller stopped working after a week and getting a refund was a hassle. Would give zero stars if I could.,2026-04-07,N,N,1
R5ME95YNE2K,B0FKKPVMZA,TrailBlaze Foam Roller — Heavy Duty & Anti-Slip,GUEST-66340,US,4,"Good, with minor nitpicks","Solid product from TrailBlaze. It does what it's supposed to do. Not perfect, but for this price point it's a great buy.",2026-06-01,Y,N,2
RMNLCKJMTXY,B0FKKPVMZA,TrailBlaze Foam Roller — Heavy Duty & Anti-Slip,CUST-00626,US,5,"Five stars, would buy again","Really impressed with the build quality of this foam roller. It arrived quickly, was packaged well, and does exactly what it promises. Excellent value.",2025-10-19,Y,N,2
R4N1AL75H4M,B0FKKPVMZA,TrailBlaze Foam Roller — Heavy Duty & Anti-Slip,CUST-01170,US,4,Great value for the price,Happy with this foam roller. Good quality for the money and it arrived on time. Taking one star off because the color is slightly different from the photos.,2025-03-10,Y,N,0
RFS1162ALWZ,B0FKKPVMZA,TrailBlaze Foam Roller — Heavy Duty & Anti-Slip,CUST-01446,US,5,"Five stars, would buy again",I've been using the foam roller for a few weeks now and it works great. Setup was easy and the quality feels solid. Would definitely recommend it to a friend.,2026-06-02,Y,N,0
RUR5CZW499F,B0FKKPVMZA,TrailBlaze Foam Roller — Heavy Duty & Anti-Slip,CUST-00334,US,5,"Five stars, would buy again",I've been using the foam roller for a few weeks now and it works great. Setup was easy and the quality feels solid. Would definitely recommend it to a friend.,2025-07-26,N,N,0
R4VU36XDRCT,B01U2VVLHF,EverPeak Water Bottle — Portable & Waterproof,CUST-01350,US,5,"Five stars, would buy again",This is my second water bottle from EverPeak and they never disappoint. The materials feel premium and it performs flawlessly so far.,2026-01-09,Y,N,0
RD25JJQJTUA,B01U2VVLHF,EverPeak Water Bottle — Portable & Waterproof,CUST-00707,US,5,"Five stars, would buy again",I've been using the water bottle for a few weeks now and it works great. Setup was easy and the quality feels solid. Would definitely recommend it to a friend.,2025-09-20,Y,N,1
RZQB1DQ7Q7E,B01U2VVLHF,EverPeak Water Bottle — Portable & Waterproof,CUST-01580,US,5,Love it!,I've been using the water bottle for a few weeks now and it works great. Setup was easy and the quality feels solid. Would definitely recommend it to a friend.,2026-07-17,Y,N,3
R55Z5H4DFA3,B01U2VVLHF,EverPeak Water Bottle — Portable & Waterproof,CUST-00935,US,1,Arrived damaged,Terrible quality. The water bottle stopped working after a week and getting a refund was a hassle. Would give zero stars if I could.,2026-06-27,Y,N,1
RALFVR3RGAG,B01U2VVLHF,EverPeak Water Bottle — Portable & Waterproof,CUST-00179,US,4,Very good product,Happy with this water bottle. Good quality for the money and it arrived on time. Taking one star off because the color is slightly different from the photos.,2026-03-05,Y,N,1
RVCAP6DSMM7,B01U2VVLHF,EverPeak Water Bottle — Portable & Waterproof,CUST-01798,US,5,"Five stars, would buy again","Really impressed with the build quality of this water bottle. It arrived quickly, was packaged well, and does exactly what it promises. Excellent value.",2025-04-03,Y,N,0
RK6CPGVGJKW,B01U2VVLHF,EverPeak Water Bottle — Portable & Waterproof,CUST-00233,US,4,Happy with this purchase,Happy with this water bottle. Good quality for the money and it arrived on time. Taking one star off because the color is slightly different from the photos.,2026-05-26,Y,N,0
RV9QPU8V4YA,B01U2VVLHF,EverPeak Water Bottle — Portable & Waterproof,CUST-00399,US,2,Quality could be better,Disappointed in this water bottle. It arrived with minor damage and the quality is below what I expected for the price. Returning it.,2025-02-22,Y,N,0
RZPKP9SCXB9,B01U2VVLHF,EverPeak Water Bottle — Portable & Waterproof,GUEST-32164,US,5,Exactly as described,"Really impressed with the build quality of this water bottle. It arrived quickly, was packaged well, and does exactly what it promises. Excellent value.",2025-05-29,Y,N,0
RS8BLQYSUVX,B01U2VVLHF,EverPeak Water Bottle — Portable & Waterproof,CUST-00403,US,2,Quality could be better,Disappointed in this water bottle. It arrived with minor damage and the quality is below what I expected for the price. Returning it.,2026-06-16,Y,N,0
R0PPLXKJA2G,B0C9DBLSN2,KiddoCraft Board Game — STEM Learning & Ages 3+,CUST-01227,US,5,Exceeded my expectations,I've been using the board game for a few weeks now and it works great. Setup was easy and the quality feels solid. Would definitely recommend it to a friend.,2026-07-13,Y,N,20
R13SEZTD2NL,B0C9DBLSN2,KiddoCraft Board Game — STEM Learning & Ages 3+,CUST-01494,US,2,Would not recommend,This board game stopped working properly after two weeks. Customer service was slow to respond. Not a great experience.,2025-11-21,Y,N,20
RQ3GZFE57KV,B0C9DBLSN2,KiddoCraft Board Game — STEM Learning & Ages 3+,CUST-00378,US,3,It's okay,"The board game is okay but I expected a bit more. It works, though the materials feel cheaper than the photos suggest. Probably fine for light use.",2026-03-13,N,N,0
RPEB9V8H7BV,B0C9DBLSN2,KiddoCraft Board Game — STEM Learning & Ages 3+,GUEST-78867,US,1,Arrived damaged,Terrible quality. The board game stopped working after a week and getting a refund was a hassle. Would give zero stars if I could.,2025-07-20,Y,N,0
RPSCFS43RHE,B0DLXACSTN,CloudNest Plush Toy — Non-Toxic & Ages 3+,CUST-01692,US,3,Does the job,"The plush toy is okay but I expected a bit more. It works, though the materials feel cheaper than the photos suggest. Probably fine for light use.",2025-07-04,Y,N,2
RBP3TKWPF3T,B0DLXACSTN,CloudNest Plush Toy — Non-Toxic & Ages 3+,CUST-01578,US,4,Great value for the price,Happy with this plush toy. Good quality for the money and it arrived on time. Taking one star off because the color is slightly different from the photos.,2026-02-22,Y,N,1
R8HBGXNJLWU,B0DLXACSTN,CloudNest Plush Toy — Non-Toxic & Ages 3+,CUST-00904,US,5,Exactly as described,I've been using the plush toy for a few weeks now and it works great. Setup was easy and the quality feels solid. Would definitely recommend it to a friend.,2026-02-28,Y,N,0
RUHZG196YYA,B0DLXACSTN,CloudNest Plush Toy — Non-Toxic & Ages 3+,CUST-00929,US,5,Exceeded my expectations,"Really impressed with the build quality of this plush toy. It arrived quickly, was packaged well, and does exactly what it promises. Excellent value.",2026-06-20,Y,N,8
R7A8Z75NGTW,B0DLXACSTN,CloudNest Plush Toy — Non-Toxic & Ages 3+,CUST-01666,US,5,Exactly as described,This is my second plush toy from CloudNest and they never disappoint. The materials feel premium and it performs flawlessly so far.,2025-04-01,Y,N,8
RBL4PCJ9UZ1,B0DLXACSTN,CloudNest Plush Toy — Non-Toxic & Ages 3+,CUST-01216,US,3,Average product,"Mixed feelings about this plush toy. It works fine so far, but I'm not confident it will last long. Time will tell.",2025-04-02,N,N,3
RVMXY4AYP9W,B0DLXACSTN,CloudNest Plush Toy — Non-Toxic & Ages 3+,CUST-01239,US,4,Very good product,Happy with this plush toy. Good quality for the money and it arrived on time. Taking one star off because the color is slightly different from the photos.,2025-03-07,Y,N,0
R0VPPVVG7CF,B0DLXACSTN,CloudNest Plush Toy — Non-Toxic & Ages 3+,CUST-01693,US,5,Exceeded my expectations,I've been using the plush toy for a few weeks now and it works great. Setup was easy and the quality feels solid. Would definitely recommend it to a friend.,2025-05-24,Y,N,1
RMZFZA0SY2A,B0Z5ASHJRH,KiddoCraft Fidget Toy Pack — Non-Toxic & Educational,CUST-00995,US,4,"Good, with minor nitpicks",The fidget toy pack is quite good overall. It works as expected and the price is fair. Only small thing is the instructions could be clearer.,2025-12-25,Y,N,2
RGDUH3MRBZZ,B0Z5ASHJRH,KiddoCraft Fidget Toy Pack — Non-Toxic & Educational,CUST-00573,US,4,"Good, with minor nitpicks","Solid product from KiddoCraft. It does what it's supposed to do. Not perfect, but for this price point it's a great buy.",2026-03-03,Y,N,20
RR7FT3UAAD3,B0Z5ASHJRH,KiddoCraft Fidget Toy Pack — Non-Toxic & Educational,CUST-00567,US,2,Disappointed,This fidget toy pack stopped working properly after two weeks. Customer service was slow to respond. Not a great experience.,2025-09-28,Y,N,8
RE9UQJ9JUK2,B0Z5ASHJRH,KiddoCraft Fidget Toy Pack — Non-Toxic & Educational,CUST-01215,US,5,Exceeded my expectations,This is my second fidget toy pack from KiddoCraft and they never disappoint. The materials feel premium and it performs flawlessly so far.,2025-10-05,Y,N,0
R9VB90P6NRS,B0Z5ASHJRH,KiddoCraft Fidget Toy Pack — Non-Toxic & Educational,CUST-01322,US,4,Great value for the price,The fidget toy pack is quite good overall. It works as expected and the price is fair. Only small thing is the instructions could be clearer.,2026-03-10,Y,N,5
RQT2KQMYHNK,B0Z5ASHJRH,KiddoCraft Fidget Toy Pack — Non-Toxic & Educational,CUST-00805,US,4,"Good, with minor nitpicks","Solid product from KiddoCraft. It does what it's supposed to do. Not perfect, but for this price point it's a great buy.",2025-10-04,Y,N,0
RXPJR45TPY9,B01CQYLRS7,CloudNest Art Supplies Kit — STEM Learning & Interactive,CUST-01629,US,5,"Five stars, would buy again","Really impressed with the build quality of this art supplies kit. It arrived quickly, was packaged well, and does exactly what it promises. Excellent value.",2025-04-26,Y,N,0
R8W9XZ6J8HJ,B01CQYLRS7,CloudNest Art Supplies Kit — STEM Learning & Interactive,CUST-01686,US,5,"Five stars, would buy again",I've been using the art supplies kit for a few weeks now and it works great. Setup was easy and the quality feels solid. Would definitely recommend it to a friend.,2025-09-07,N,N,1
RH30YR9PW45,B01CQYLRS7,CloudNest Art Supplies Kit — STEM Learning & Interactive,CUST-00077,US,5,Love it!,"Really impressed with the build quality of this art supplies kit. It arrived quickly, was packaged well, and does exactly what it promises. Excellent value.",2025-03-24,Y,N,0
RY98KCM7N1F,B01CQYLRS7,CloudNest Art Supplies Kit — STEM Learning & Interactive,CUST-00136,US,5,Exceeded my expectations,"Really impressed with the build quality of this art supplies kit. It arrived quickly, was packaged well, and does exactly what it promises. Excellent value.",2025-04-04,Y,N,5
R7TLXERYG45,B01CQYLRS7,CloudNest Art Supplies Kit — STEM Learning & Interactive,CUST-01332,US,5,Exactly as described,"Really impressed with the build quality of this art supplies kit. It arrived quickly, was packaged well, and does exactly what it promises. Excellent value.",2025-10-19,Y,N,5
RQ7VHN9L786,B01CQYLRS7,CloudNest Art Supplies Kit — STEM Learning & Interactive,CUST-00231,US,5,"Five stars, would buy again","Really impressed with the build quality of this art supplies kit. It arrived quickly, was packaged well, and does exactly what it promises. Excellent value.",2026-03-16,Y,N,3
R7UFD6B17JK,B01CQYLRS7,CloudNest Art Supplies Kit — STEM Learning & Interactive,CUST-00122,US,4,Very good product,The art supplies kit is quite good overall. It works as expected and the price is fair. Only small thing is the instructions could be clearer.,2026-05-15,Y,N,0
RA57FT87R1W,B01CQYLRS7,CloudNest Art Supplies Kit — STEM Learning & Interactive,GUEST-83765,US,5,"Five stars, would buy again",I've been using the art supplies kit for a few weeks now and it works great. Setup was easy and the quality feels solid. Would definitely recommend it to a friend.,2025-07-06,Y,N,0
R9YB4FGULEK,B01CQYLRS7,CloudNest Art Supplies Kit — STEM Learning & Interactive,CUST-00305,US,5,Love it!,This is my second art supplies kit from CloudNest and they never disappoint. The materials feel premium and it performs flawlessly so far.,2025-07-09,N,N,0
RBP3WT1JZWX,B01CQYLRS7,CloudNest Art Supplies Kit — STEM Learning & Interactive,GUEST-49759,US,3,Decent but not amazing,"Mixed feelings about this art supplies kit. It works fine so far, but I'm not confident it will last long. Time will tell.",2025-06-02,Y,N,0
R2KLYUAXF8Q,B01CQYLRS7,CloudNest Art Supplies Kit — STEM Learning & Interactive,CUST-01243,US,4,"Good, with minor nitpicks","Solid product from CloudNest. It does what it's supposed to do. Not perfect, but for this price point it's a great buy.",2025-07-10,Y,N,0
R6HTZSLRB1P,B01CQYLRS7,CloudNest Art Supplies Kit — STEM Learning & Interactive,CUST-01006,US,1,Waste of money,This art supplies kit is a complete waste of money. It broke within days and the seller was unhelpful. Stay away from CloudNest.,2026-07-30,Y,N,5
RGYP788HEJJ,B01CQYLRS7,CloudNest Art Supplies Kit — STEM Learning & Interactive,CUST-01099,US,0,"Five stars, would buy again","Really impressed with the build quality of this art supplies kit. It arrived quickly, was packaged well, and does exactly what it promises. Excellent value.",2025-02-17,N,N,0
RJY1KH6HN7Q,B0HE56LV1G,KiddoCraft Play Kitchen Set — Interactive & Ages 3+,CUST-01582,US,4,Solid quality,Happy with this play kitchen set. Good quality for the money and it arrived on time. Taking one star off because the color is slightly different from the photos.,2025-03-25,Y,N,0
RYH19XWM2J2,B0HE56LV1G,KiddoCraft Play Kitchen Set — Interactive & Ages 3+,CUST-01379,US,2,Quality could be better,This play kitchen set stopped working properly after two weeks. Customer service was slow to respond. Not a great experience.,2025-03-07,N,N,0
R2WARNDEZ2Z,B0HE56LV1G,KiddoCraft Play Kitchen Set — Interactive & Ages 3+,CUST-01008,US,2,Not what I expected,Not thrilled with this play kitchen set. It feels flimsy and the performance is inconsistent. I probably wouldn't buy from KiddoCraft again.,2025-04-04,Y,N,0
RF0QR93VDS8,B0HE56LV1G,KiddoCraft Play Kitchen Set — Interactive & Ages 3+,GUEST-32437,US,5,Love it!,I've been using the play kitchen set for a few weeks now and it works great. Setup was easy and the quality feels solid. Would definitely recommend it to a friend.,2026-01-15,Y,N,0
RZH59BABV4D,B0HE56LV1G,KiddoCraft Play Kitchen Set — Interactive & Ages 3+,CUST-00391,US,5,"Five stars, would buy again",This is my second play kitchen set from KiddoCraft and they never disappoint. The materials feel premium and it performs flawlessly so far.,2026-06-18,Y,N,0
R84UTM6DT4Q,B0HE56LV1G,KiddoCraft Play Kitchen Set — Interactive & Ages 3+,CUST-00231,US,1,Waste of money,This play kitchen set is a complete waste of money. It broke within days and the seller was unhelpful. Stay away from KiddoCraft.,2025-07-30,Y,N,0
RENYN7TBSVL,B0HE56LV1G,KiddoCraft Play Kitchen Set — Interactive & Ages 3+,CUST-00361,US,5,Best purchase this year,This is my second play kitchen set from KiddoCraft and they never disappoint. The materials feel premium and it performs flawlessly so far.,2025-04-24,N,N,0
RGETRZ77MJW,B0HE56LV1G,KiddoCraft Play Kitchen Set — Interactive & Ages 3+,CUST-00106,US,2,Not what I expected,Disappointed in this play kitchen set. It arrived with minor damage and the quality is below what I expected for the price. Returning it.,2025-08-01,N,N,0
RSWTF64ADK2,B0HE56LV1G,KiddoCraft Play Kitchen Set — Interactive & Ages 3+,CUST-00803,US,2,Disappointed,Disappointed in this play kitchen set. It arrived with minor damage and the quality is below what I expected for the price. Returning it.,2025-07-07,N,N,0
RQYJJFD87HM,B0HE56LV1G,KiddoCraft Play Kitchen Set — Interactive & Ages 3+,GUEST-67857,US,5,"Five stars, would buy again",This is my second play kitchen set from KiddoCraft and they never disappoint. The materials feel premium and it performs flawlessly so far.,2025-04-13,Y,N,0
RSCEU3617JG,B0HE56LV1G,KiddoCraft Play Kitchen Set — Interactive & Ages 3+,CUST-00420,US,5,"Five stars, would buy again",I've been using the play kitchen set for a few weeks now and it works great. Setup was easy and the quality feels solid. Would definitely recommend it to a friend.,2025-02-16,Y,N,3
RV5AHVYXV0Y,B0HE56LV1G,KiddoCraft Play Kitchen Set — Interactive & Ages 3+,CUST-00905,US,5,Best purchase this year,This is my second play kitchen set from KiddoCraft and they never disappoint. The materials feel premium and it performs flawlessly so far.,2025-05-29,Y,N,5
RD1Q0GDZ5EH,B0HE56LV1G,KiddoCraft Play Kitchen Set — Interactive & Ages 3+,CUST-01127,US,5,Best purchase this year,"Really impressed with the build quality of this play kitchen set. It arrived quickly, was packaged well, and does exactly what it promises. Excellent value.",2025-07-06,Y,N,1
RVVFNL01ML2,B0HE56LV1G,KiddoCraft Play Kitchen Set — Interactive & Ages 3+,CUST-01281,US,5,Exactly as described,I've been using the play kitchen set for a few weeks now and it works great. Setup was easy and the quality feels solid. Would definitely recommend it to a friend.,2025-04-30,Y,N,2
R5P455EUQ4U,B0HE56LV1G,KiddoCraft Play Kitchen Set — Interactive & Ages 3+,CUST-00043,US,2,Quality could be better,Not thrilled with this play kitchen set. It feels flimsy and the performance is inconsistent. I probably wouldn't buy from KiddoCraft again.,2025-06-26,Y,N,5
R48VZFQ7HG0,B0HE56LV1G,KiddoCraft Play Kitchen Set — Interactive & Ages 3+,GUEST-74000,US,3,Mixed feelings,Average play kitchen set. It does the job but there's nothing special about it. If you're on a budget it's acceptable.,2026-06-01,Y,N,1
R3TLYZNN05A,B0HE56LV1G,KiddoCraft Play Kitchen Set — Interactive & Ages 3+,CUST-01585,US,5,Exceeded my expectations,I've been using the play kitchen set for a few weeks now and it works great. Setup was easy and the quality feels solid. Would definitely recommend it to a friend.,2026-07-21,Y,N,0
R0CNELTY9CK,B0HE56LV1G,KiddoCraft Play Kitchen Set — Interactive & Ages 3+,CUST-01645,US,5,Love it!,I've been using the play kitchen set for a few weeks now and it works great. Setup was easy and the quality feels solid. Would definitely recommend it to a friend.,2026-01-04,Y,N,0
R826DNGYLMT,B0HE56LV1G,KiddoCraft Play Kitchen Set — Interactive & Ages 3+,CUST-00264,US,5,Exactly as described,I've been using the play kitchen set for a few weeks now and it works great. Setup was easy and the quality feels solid. Would definitely recommend it to a friend.,2025-08-11,N,N,8
RU3SY6NXU7E,B03WTWXEDC,CloudNest Magnetic Tiles — STEM Learning & Educational,CUST-00211,US,1,Waste of money,This magnetic tiles is a complete waste of money. It broke within days and the seller was unhelpful. Stay away from CloudNest.,2025-10-10,N,N,0
RUA4AZMSCLU,B03WTWXEDC,CloudNest Magnetic Tiles — STEM Learning & Educational,CUST-00101,US,1,Terrible product,,2026-07-11,Y,N,2
RE9ZCCQPQ8Q,B03WTWXEDC,CloudNest Magnetic Tiles — STEM Learning & Educational,CUST-00181,US,2,Not what I expected,This magnetic tiles stopped working properly after two weeks. Customer service was slow to respond. Not a great experience.,2026-05-01,Y,N,0
R0YQ8CV58Y0,B03WTWXEDC,CloudNest Magnetic Tiles — STEM Learning & Educational,CUST-01559,US,4,"Good, with minor nitpicks",Happy with this magnetic tiles. Good quality for the money and it arrived on time. Taking one star off because the color is slightly different from the photos.,2026-05-12,Y,N,1
RYWD3DGX6PK,B03WTWXEDC,CloudNest Magnetic Tiles — STEM Learning & Educational,CUST-00370,US,5,Exceeded my expectations,"Really impressed with the build quality of this magnetic tiles. It arrived quickly, was packaged well, and does exactly what it promises. Excellent value.",2025-12-18,Y,N,2
RLMY5B1GA4N,B03WTWXEDC,CloudNest Magnetic Tiles — STEM Learning & Educational,GUEST-13420,US,5,"Five stars, would buy again",I've been using the magnetic tiles for a few weeks now and it works great. Setup was easy and the quality feels solid. Would definitely recommend it to a friend.,2026-02-08,Y,N,0
RKPZPPJ4KY7,B03WTWXEDC,CloudNest Magnetic Tiles — STEM Learning & Educational,CUST-01609,US,5,Love it!,I've been using the magnetic tiles for a few weeks now and it works great. Setup was easy and the quality feels solid. Would definitely recommend it to a friend.,2026-06-22,Y,N,0
RS9L6QAFA0H,B03WTWXEDC,CloudNest Magnetic Tiles — STEM Learning & Educational,GUEST-29372,US,5,"Five stars, would buy again",I've been using the magnetic tiles for a few weeks now and it works great. Setup was easy and the quality feels solid. Would definitely recommend it to a friend.,2025-03-23,Y,N,1
RT2ZDEBW56C,B03WTWXEDC,CloudNest Magnetic Tiles — STEM Learning & Educational,CUST-01247,US,1,Waste of money,Arrived damaged and non-functional. The magnetic tiles feels like cheap plastic. Very disappointed with this purchase.,2025-05-10,Y,N,2
RQH6ZWRF0B6,B03WTWXEDC,CloudNest Magnetic Tiles — STEM Learning & Educational,CUST-00015,US,5,Best purchase this year,This is my second magnetic tiles from CloudNest and they never disappoint. The materials feel premium and it performs flawlessly so far.,2025-06-18,Y,N,0
RXUQDUHPP5P,B03WTWXEDC,CloudNest Magnetic Tiles — STEM Learning & Educational,CUST-00470,US,5,"Five stars, would buy again","Really impressed with the build quality of this magnetic tiles. It arrived quickly, was packaged well, and does exactly what it promises. Excellent value.",2025-11-23,Y,N,2
RLM39PCKUH8,B03WTWXEDC,CloudNest Magnetic Tiles — STEM Learning & Educational,CUST-00508,US,2,Quality could be better,This magnetic tiles stopped working properly after two weeks. Customer service was slow to respond. Not a great experience.,2025-02-10,Y,N,2
R0AC3WN3K51,B03WTWXEDC,CloudNest Magnetic Tiles — STEM Learning & Educational,CUST-00631,US,2,Disappointed,Not thrilled with this magnetic tiles. It feels flimsy and the performance is inconsistent. I probably wouldn't buy from CloudNest again.,2025-02-04,Y,N,0
R3X8PFJEPUE,B03WTWXEDC,CloudNest Magnetic Tiles — STEM Learning & Educational,CUST-00302,US,4,Very good product,Happy with this magnetic tiles. Good quality for the money and it arrived on time. Taking one star off because the color is slightly different from the photos.,2025-04-15,Y,N,8
RNW5KTDHKPK,B03WTWXEDC,CloudNest Magnetic Tiles — STEM Learning & Educational,CUST-01369,US,5,Love it!,This is my second magnetic tiles from CloudNest and they never disappoint. The materials feel premium and it performs flawlessly so far.,2026-05-08,Y,N,0
RB4S8PCETTX,B03WTWXEDC,CloudNest Magnetic Tiles — STEM Learning & Educational,CUST-01029,US,5,Love it!,This is my second magnetic tiles from CloudNest and they never disappoint. The materials feel premium and it performs flawlessly so far.,2025-10-29,N,N,2
R8W4QWLEN63,B03WTWXEDC,CloudNest Magnetic Tiles — STEM Learning & Educational,CUST-01274,US,5,Love it!,This is my second magnetic tiles from CloudNest and they never disappoint. The materials feel premium and it performs flawlessly so far.,2025-03-24,Y,N,0
R95TY22C933,B0M2UGJMKQ,CloudNest RC Car — STEM Learning & Interactive,CUST-00726,US,4,Solid quality,"Solid product from CloudNest. It does what it's supposed to do. Not perfect, but for this price point it's a great buy.",2025-04-19,Y,N,0
RFJZ1GD2ULR,B0M2UGJMKQ,CloudNest RC Car — STEM Learning & Interactive,CUST-01764,US,5,Exactly as described,I've been using the rc car for a few weeks now and it works great. Setup was easy and the quality feels solid. Would definitely recommend it to a friend.,2025-11-02,Y,N,0
RLSXAZD537Y,B0M2UGJMKQ,CloudNest RC Car — STEM Learning & Interactive,CUST-01761,US,5,"Five stars, would buy again",This is my second rc car from CloudNest and they never disappoint. The materials feel premium and it performs flawlessly so far.,2025-06-27,Y,N,2
RH4XWLBJ5XX,B0M2UGJMKQ,CloudNest RC Car — STEM Learning & Interactive,CUST-00094,US,5,"Five stars, would buy again","Really impressed with the build quality of this rc car. It arrived quickly, was packaged well, and does exactly what it promises. Excellent value.",2026-01-12,Y,N,0
RC5J8H922A4,B0M2UGJMKQ,CloudNest RC Car — STEM Learning & Interactive,CUST-01279,US,5,Exceeded my expectations,"Really impressed with the build quality of this rc car. It arrived quickly, was packaged well, and does exactly what it promises. Excellent value.",2026-05-11,N,N,8
RTLCJPJP80H,B0M2UGJMKQ,CloudNest RC Car — STEM Learning & Interactive,CUST-01726,US,5,Love it!,I've been using the rc car for a few weeks now and it works great. Setup was easy and the quality feels solid. Would definitely recommend it to a friend.,2025-04-06,Y,N,1
RHFDW2NK7WZ,B0M2UGJMKQ,CloudNest RC Car — STEM Learning & Interactive,CUST-01433,US,5,Best purchase this year,I've been using the rc car for a few weeks now and it works great. Setup was easy and the quality feels solid. Would definitely recommend it to a friend.,2025-02-25,Y,N,5
RSK2AX77PYU,B0M2UGJMKQ,CloudNest RC Car — STEM Learning & Interactive,CUST-00181,US,5,Best purchase this year,"Really impressed with the build quality of this rc car. It arrived quickly, was packaged well, and does exactly what it promises. Excellent value.",2026-06-27,Y,N,2
RB3XVZNRU7V,B0M2UGJMKQ,CloudNest RC Car — STEM Learning & Interactive,CUST-01173,US,5,Love it!,I've been using the rc car for a few weeks now and it works great. Setup was easy and the quality feels solid. Would definitely recommend it to a friend.,2026-05-28,N,N,3
RWD38S3YGTE,B0SH0V1DCR,KiddoCraft Nerf-Style Blaster — Ages 3+ & Interactive,CUST-01728,US,1,Do not buy,Arrived damaged and non-functional. The nerf-style blaster feels like cheap plastic. Very disappointed with this purchase.,2026-05-20,Y,N,0
RN5KBYMKHL5,B0SH0V1DCR,KiddoCraft Nerf-Style Blaster — Ages 3+ & Interactive,CUST-00766,US,3,Average product,"The nerf-style blaster is okay but I expected a bit more. It works, though the materials feel cheaper than the photos suggest. Probably fine for light use.",2025-04-10,Y,N,1
RD6527JGY40,B0SH0V1DCR,KiddoCraft Nerf-Style Blaster — Ages 3+ & Interactive,CUST-00858,US,5,Love it!,This is my second nerf-style blaster from KiddoCraft and they never disappoint. The materials feel premium and it performs flawlessly so far.,2025-09-09,Y,N,0
RHNEAYUTKEE,B0SH0V1DCR,KiddoCraft Nerf-Style Blaster — Ages 3+ & Interactive,CUST-00999,US,1,Waste of money,Terrible quality. The nerf-style blaster stopped working after a week and getting a refund was a hassle. Would give zero stars if I could.,2026-07-13,Y,N,1
RE7ACXEP7SD,B0SH0V1DCR,KiddoCraft Nerf-Style Blaster — Ages 3+ & Interactive,CUST-01084,US,3,Average product,"The nerf-style blaster is okay but I expected a bit more. It works, though the materials feel cheaper than the photos suggest. Probably fine for light use.",2025-11-30,Y,N,0
RCSS6VXKZK2,B0FPMT2SF9,CloudNest Science Kit — Educational & Non-Toxic,CUST-01732,US,2,Disappointed,This science kit stopped working properly after two weeks. Customer service was slow to respond. Not a great experience.,2025-12-12,Y,N,1
RPG793V1ZXR,B0FPMT2SF9,CloudNest Science Kit — Educational & Non-Toxic,CUST-01068,US,5,Love it!,This is my second science kit from CloudNest and they never disappoint. The materials feel premium and it performs flawlessly so far.,2025-05-09,Y,N,5
R5GMZ8AL6G1,B0FPMT2SF9,CloudNest Science Kit — Educational & Non-Toxic,CUST-00080,US,4,Great value for the price,The science kit is quite good overall. It works as expected and the price is fair. Only small thing is the instructions could be clearer.,2026-03-07,Y,N,3
RSW602EWGVU,B0FPMT2SF9,CloudNest Science Kit — Educational & Non-Toxic,CUST-01412,US,2,Broke quickly,This science kit stopped working properly after two weeks. Customer service was slow to respond. Not a great experience.,2026-05-07,Y,N,0
R41QG3LL0WC,B0FPMT2SF9,CloudNest Science Kit — Educational & Non-Toxic,CUST-00958,US,5,"Five stars, would buy again","Really impressed with the build quality of this science kit. It arrived quickly, was packaged well, and does exactly what it promises. Excellent value.",2025-09-13,N,N,0
R926JBMWFML,B0FPMT2SF9,CloudNest Science Kit — Educational & Non-Toxic,CUST-01697,US,1,Stopped working after a week,Terrible quality. The science kit stopped working after a week and getting a refund was a hassle. Would give zero stars if I could.,2025-07-07,Y,N,0
RNBB9RT66T0,B0FPMT2SF9,CloudNest Science Kit — Educational & Non-Toxic,CUST-01290,US,3,Mixed feelings,"Mixed feelings about this science kit. It works fine so far, but I'm not confident it will last long. Time will tell.",2025-03-27,Y,N,0
RTTW0ZZ9F78,B0FPMT2SF9,CloudNest Science Kit — Educational & Non-Toxic,CUST-00407,US,1,Stopped working after a week,Terrible quality. The science kit stopped working after a week and getting a refund was a hassle. Would give zero stars if I could.,2026-04-21,N,N,0
R2FS9AG4VSR,B0FPMT2SF9,CloudNest Science Kit — Educational & Non-Toxic,CUST-00197,US,4,Very good product,The science kit is quite good overall. It works as expected and the price is fair. Only small thing is the instructions could be clearer.,2026-07-10,Y,N,0
RGWWZ0BRKW3,B09V1N9TED,KiddoCraft Puzzle Set — Non-Toxic & STEM Learning,CUST-01051,US,2,Disappointed,This puzzle set stopped working properly after two weeks. Customer service was slow to respond. Not a great experience.,2026-01-18,Y,N,2
R50UU58WDDT,B09V1N9TED,KiddoCraft Puzzle Set — Non-Toxic & STEM Learning,CUST-00839,US,1,Waste of money,Arrived damaged and non-functional. The puzzle set feels like cheap plastic. Very disappointed with this purchase.,2026-07-05,Y,N,3
R9MXAZ97GM8,B09V1N9TED,KiddoCraft Puzzle Set — Non-Toxic & STEM Learning,CUST-00607,US,5,"Five stars, would buy again",I've been using the puzzle set for a few weeks now and it works great. Setup was easy and the quality feels solid. Would definitely recommend it to a friend.,2025-04-14,Y,N,0
RES9UVP5CRQ,B09V1N9TED,KiddoCraft Puzzle Set — Non-Toxic & STEM Learning,CUST-00035,US,1,Arrived damaged,Terrible quality. The puzzle set stopped working after a week and getting a refund was a hassle. Would give zero stars if I could.,2026-04-19,Y,N,0
RNRNXXQF3Z0,B09V1N9TED,KiddoCraft Puzzle Set — Non-Toxic & STEM Learning,CUST-01468,US,1,Do not buy,Arrived damaged and non-functional. The puzzle set feels like cheap plastic. Very disappointed with this purchase.,2025-09-20,Y,N,2
RY7BHB8RPB4,B09V1N9TED,KiddoCraft Puzzle Set — Non-Toxic & STEM Learning,CUST-01289,US,1,Waste of money,Arrived damaged and non-functional. The puzzle set feels like cheap plastic. Very disappointed with this purchase.,2025-01-23,Y,N,1
RT4XS27JR77,B02LTJA2NA,CloudNest Dollhouse — Ages 3+ & Interactive,CUST-00165,US,0,Exceeded my expectations,I've been using the dollhouse for a few weeks now and it works great. Setup was easy and the quality feels solid. Would definitely recommend it to a friend.,2025-11-24,Y,N,20
RN7RYJDASAU,B02LTJA2NA,CloudNest Dollhouse — Ages 3+ & Interactive,CUST-00063,US,5,Exactly as described,This is my second dollhouse from CloudNest and they never disappoint. The materials feel premium and it performs flawlessly so far.,2025-04-11,N,N,0
RRF36X3R2Q5,B02LTJA2NA,CloudNest Dollhouse — Ages 3+ & Interactive,GUEST-54442,US,2,Quality could be better,Not thrilled with this dollhouse. It feels flimsy and the performance is inconsistent. I probably wouldn't buy from CloudNest again.,2025-12-03,Y,N,0
RS6V3YKL5E7,B02LTJA2NA,CloudNest Dollhouse — Ages 3+ & Interactive,CUST-00231,US,4,Very good product,"Solid product from CloudNest. It does what it's supposed to do. Not perfect, but for this price point it's a great buy.",2025-12-24,Y,N,0
RPJC029MAL5,B02LTJA2NA,CloudNest Dollhouse — Ages 3+ & Interactive,CUST-00346,US,5,Best purchase this year,This is my second dollhouse from CloudNest and they never disappoint. The materials feel premium and it performs flawlessly so far.,2026-07-17,Y,N,5
R73BUP4M4SE,B02LTJA2NA,CloudNest Dollhouse — Ages 3+ & Interactive,CUST-00801,US,5,"Five stars, would buy again",This is my second dollhouse from CloudNest and they never disappoint. The materials feel premium and it performs flawlessly so far.,2026-01-02,Y,N,12
R549GDQPKDP,B02LTJA2NA,CloudNest Dollhouse — Ages 3+ & Interactive,CUST-00192,US,4,Solid quality,The dollhouse is quite good overall. It works as expected and the price is fair. Only small thing is the instructions could be clearer.,2025-07-11,Y,N,0
RC5BFB57F51,B02LTJA2NA,CloudNest Dollhouse — Ages 3+ & Interactive,CUST-00543,US,5,Best purchase this year,I've been using the dollhouse for a few weeks now and it works great. Setup was easy and the quality feels solid. Would definitely recommend it to a friend.,2025-04-12,Y,N,2
R6T661P7AEM,B0E48MCY15,WriteWell Label Maker — Durable & Multipurpose,CUST-00944,US,4,Very good product,Happy with this label maker. Good quality for the money and it arrived on time. Taking one star off because the color is slightly different from the photos.,2026-06-15,Y,N,0
R2HZG4LC1AW,B0E48MCY15,WriteWell Label Maker — Durable & Multipurpose,CUST-00957,US,5,Exceeded my expectations,This is my second label maker from WriteWell and they never disappoint. The materials feel premium and it performs flawlessly so far.,2025-09-08,Y,N,1
RWFEALK71QZ,B0E48MCY15,WriteWell Label Maker — Durable & Multipurpose,CUST-00010,US,5,Love it!,"Really impressed with the build quality of this label maker. It arrived quickly, was packaged well, and does exactly what it promises. Excellent value.",2025-04-01,Y,N,1
RC32QT4LZ7N,B0E48MCY15,WriteWell Label Maker — Durable & Multipurpose,CUST-00605,US,5,Best purchase this year,I've been using the label maker for a few weeks now and it works great. Setup was easy and the quality feels solid. Would definitely recommend it to a friend.,2025-11-17,Y,N,0
RE3NMNECAS5,B0E48MCY15,WriteWell Label Maker — Durable & Multipurpose,CUST-01543,US,5,Best purchase this year,This is my second label maker from WriteWell and they never disappoint. The materials feel premium and it performs flawlessly so far.,2026-02-04,Y,N,1
RPWF0LHKNWL,B0E48MCY15,WriteWell Label Maker — Durable & Multipurpose,CUST-01378,US,4,Great value for the price,The label maker is quite good overall. It works as expected and the price is fair. Only small thing is the instructions could be clearer.,2025-07-21,Y,N,0
RBJ2WY8WNRU,B0E48MCY15,WriteWell Label Maker — Durable & Multipurpose,CUST-01695,US,5,Exceeded my expectations,"Really impressed with the build quality of this label maker. It arrived quickly, was packaged well, and does exactly what it promises. Excellent value.",2025-12-02,Y,N,1
RKQBX9HKAFH,B0E48MCY15,WriteWell Label Maker — Durable & Multipurpose,CUST-01049,US,5,Love it!,"Really impressed with the build quality of this label maker. It arrived quickly, was packaged well, and does exactly what it promises. Excellent value.",2026-02-20,Y,N,1
R8JUPLPQPG9,B0E48MCY15,WriteWell Label Maker — Durable & Multipurpose,CUST-00143,US,4,"Good, with minor nitpicks",The label maker is quite good overall. It works as expected and the price is fair. Only small thing is the instructions could be clearer.,2025-08-17,Y,N,0
R6CAG7YP6QB,B0E48MCY15,WriteWell Label Maker — Durable & Multipurpose,CUST-01645,US,4,Great value for the price,The label maker is quite good overall. It works as expected and the price is fair. Only small thing is the instructions could be clearer.,2026-01-28,Y,N,0
RJECCPAWBNX,B06HX4SP7L,ProGrip Gel Pen Set — Ergonomic & Durable,CUST-01356,US,4,Very good product,Happy with this gel pen set. Good quality for the money and it arrived on time. Taking one star off because the color is slightly different from the photos.,2025-10-01,Y,N,2
R8RBA4KQ193,B06HX4SP7L,ProGrip Gel Pen Set — Ergonomic & Durable,CUST-00184,US,4,Great value for the price,Happy with this gel pen set. Good quality for the money and it arrived on time. Taking one star off because the color is slightly different from the photos.,2026-03-09,Y,N,0
R1W9VZ7MSXM,B06HX4SP7L,ProGrip Gel Pen Set — Ergonomic & Durable,CUST-00135,US,5,Love it!,"Really impressed with the build quality of this gel pen set. It arrived quickly, was packaged well, and does exactly what it promises. Excellent value.",2025-06-18,Y,N,2
R6RN1QY48FM,B06HX4SP7L,ProGrip Gel Pen Set — Ergonomic & Durable,CUST-01048,US,4,"Good, with minor nitpicks","Solid product from ProGrip. It does what it's supposed to do. Not perfect, but for this price point it's a great buy.",2025-10-16,Y,N,2
R927X123W10,B0NQJ9A5QP,WriteWell Paper Shredder — Ergonomic & Space Saving,CUST-01454,US,1,Terrible product,Arrived damaged and non-functional. The paper shredder feels like cheap plastic. Very disappointed with this purchase.,2025-12-08,N,N,2
R2Y0DHADERW,B0NQJ9A5QP,WriteWell Paper Shredder — Ergonomic & Space Saving,CUST-01214,US,4,Solid quality,The paper shredder is quite good overall. It works as expected and the price is fair. Only small thing is the instructions could be clearer.,2025-09-05,N,N,0
RC5ADPD016M,B0NQJ9A5QP,WriteWell Paper Shredder — Ergonomic & Space Saving,GUEST-18569,US,4,Happy with this purchase,The paper shredder is quite good overall. It works as expected and the price is fair. Only small thing is the instructions could be clearer.,2025-12-05,N,N,0
R9G0X4SDS8F,B0NQJ9A5QP,WriteWell Paper Shredder — Ergonomic & Space Saving,GUEST-61919,US,5,"Five stars, would buy again",This is my second paper shredder from WriteWell and they never disappoint. The materials feel premium and it performs flawlessly so far.,2025-03-08,Y,N,0
RTKPYUQH98N,B0NQJ9A5QP,WriteWell Paper Shredder — Ergonomic & Space Saving,CUST-00124,US,5,Exceeded my expectations,"Really impressed with the build quality of this paper shredder. It arrived quickly, was packaged well, and does exactly what it promises. Excellent value.",2026-05-30,Y,N,2
R8L17ECY9WD,B0NQJ9A5QP,WriteWell Paper Shredder — Ergonomic & Space Saving,CUST-01106,US,5,Best purchase this year,"Really impressed with the build quality of this paper shredder. It arrived quickly, was packaged well, and does exactly what it promises. Excellent value.",2026-03-10,Y,N,1
RE892P82V6P,B0NQJ9A5QP,WriteWell Paper Shredder — Ergonomic & Space Saving,CUST-00649,US,4,Happy with this purchase,The paper shredder is quite good overall. It works as expected and the price is fair. Only small thing is the instructions could be clearer.,2025-01-30,N,N,2
RE3ADJW0QYK,B0NQJ9A5QP,WriteWell Paper Shredder — Ergonomic & Space Saving,CUST-00358,US,5,"Five stars, would buy again",This is my second paper shredder from WriteWell and they never disappoint. The materials feel premium and it performs flawlessly so far.,2025-01-19,Y,N,3
RCDNSXSCH7Y,B0NQJ9A5QP,WriteWell Paper Shredder — Ergonomic & Space Saving,CUST-00625,US,5,"Five stars, would buy again",I've been using the paper shredder for a few weeks now and it works great. Setup was easy and the quality feels solid. Would definitely recommend it to a friend.,2026-05-16,Y,N,0
R4X77A79F49,B0NQJ9A5QP,WriteWell Paper Shredder — Ergonomic & Space Saving,CUST-00710,US,4,Great value for the price,Happy with this paper shredder. Good quality for the money and it arrived on time. Taking one star off because the color is slightly different from the photos.,2025-01-29,Y,N,0
RHGV8JFRC3W,B0NQJ9A5QP,WriteWell Paper Shredder — Ergonomic & Space Saving,CUST-00506,US,5,Best purchase this year,"Really impressed with the build quality of this paper shredder. It arrived quickly, was packaged well, and does exactly what it promises. Excellent value.",2025-09-21,Y,N,0
RKVBPCZQKDK,B0NQJ9A5QP,WriteWell Paper Shredder — Ergonomic & Space Saving,CUST-00175,US,5,Best purchase this year,"Really impressed with the build quality of this paper shredder. It arrived quickly, was packaged well, and does exactly what it promises. Excellent value.",2026-05-15,Y,N,1
RLRDMSTBLTF,B0NQJ9A5QP,WriteWell Paper Shredder — Ergonomic & Space Saving,CUST-00452,US,5,"Five stars, would buy again","Really impressed with the build quality of this paper shredder. It arrived quickly, was packaged well, and does exactly what it promises. Excellent value.",2026-02-27,Y,N,0
RC4WX3DBMGU,B0NQJ9A5QP,WriteWell Paper Shredder — Ergonomic & Space Saving,CUST-00475,US,5,Exceeded my expectations,This is my second paper shredder from WriteWell and they never disappoint. The materials feel premium and it performs flawlessly so far.,2025-09-09,Y,N,8
RV6LC4CB4ML,B0NQJ9A5QP,WriteWell Paper Shredder — Ergonomic & Space Saving,CUST-01480,US,5,Love it!,This is my second paper shredder from WriteWell and they never disappoint. The materials feel premium and it performs flawlessly so far.,2025-09-04,Y,N,0
RG1THK57PBF,B0NQJ9A5QP,WriteWell Paper Shredder — Ergonomic & Space Saving,CUST-00851,US,4,Very good product,The paper shredder is quite good overall. It works as expected and the price is fair. Only small thing is the instructions could be clearer.,2025-06-11,N,N,1
RZZCGTNNPKB,B0NQJ9A5QP,WriteWell Paper Shredder — Ergonomic & Space Saving,CUST-00649,US,5,Best purchase this year,I've been using the paper shredder for a few weeks now and it works great. Setup was easy and the quality feels solid. Would definitely recommend it to a friend.,2025-11-14,Y,N,0
RCRA26Q7JZ1,B0NQJ9A5QP,WriteWell Paper Shredder — Ergonomic & Space Saving,CUST-01639,US,5,Exactly as described,I've been using the paper shredder for a few weeks now and it works great. Setup was easy and the quality feels solid. Would definitely recommend it to a friend.,2026-04-30,N,N,1
RCGCGRWJLR4,B0NQJ9A5QP,WriteWell Paper Shredder — Ergonomic & Space Saving,GUEST-20546,US,3,Average product,"The paper shredder is okay but I expected a bit more. It works, though the materials feel cheaper than the photos suggest. Probably fine for light use.",2026-06-25,Y,N,0
RE6WL233JBX,B0NQJ9A5QP,WriteWell Paper Shredder — Ergonomic & Space Saving,CUST-01662,US,5,"Five stars, would buy again",,2026-01-08,Y,N,2
RF63ND7JHUK,B0NQJ9A5QP,WriteWell Paper Shredder — Ergonomic & Space Saving,CUST-00477,US,4,Great value for the price,Happy with this paper shredder. Good quality for the money and it arrived on time. Taking one star off because the color is slightly different from the photos.,2026-02-18,N,N,0
RZSWR8MLXTK,B0NQJ9A5QP,WriteWell Paper Shredder — Ergonomic & Space Saving,CUST-00605,US,2,Broke quickly,Disappointed in this paper shredder. It arrived with minor damage and the quality is below what I expected for the price. Returning it.,2025-02-15,Y,N,0
RD8FFLWUS43,B0NQJ9A5QP,WriteWell Paper Shredder — Ergonomic & Space Saving,CUST-00969,US,5,Exceeded my expectations,I've been using the paper shredder for a few weeks now and it works great. Setup was easy and the quality feels solid. Would definitely recommend it to a friend.,2025-04-24,Y,N,0
RCNEEZFE4XD,B0NQJ9A5QP,WriteWell Paper Shredder — Ergonomic & Space Saving,CUST-01272,US,4,Happy with this purchase,Happy with this paper shredder. Good quality for the money and it arrived on time. Taking one star off because the color is slightly different from the photos.,2026-03-18,Y,N,3
RMCGWU0UHZD,B0TJL2AZQH,ProGrip File Folders — Ergonomic & Multipurpose,GUEST-55137,US,1,Do not buy,Terrible quality. The file folders stopped working after a week and getting a refund was a hassle. Would give zero stars if I could.,2026-05-01,Y,N,3
RX2A5AMLHEW,B0TJL2AZQH,ProGrip File Folders — Ergonomic & Multipurpose,CUST-00755,US,5,Love it!,I've been using the file folders for a few weeks now and it works great. Setup was easy and the quality feels solid. Would definitely recommend it to a friend.,2025-12-17,Y,N,2
RZSM2QJYFW6,B0TJL2AZQH,ProGrip File Folders — Ergonomic & Multipurpose,GUEST-85426,US,5,Exceeded my expectations,I've been using the file folders for a few weeks now and it works great. Setup was easy and the quality feels solid. Would definitely recommend it to a friend.,2026-01-17,Y,N,0
RGVTK9VDKKQ,B0TJL2AZQH,ProGrip File Folders — Ergonomic & Multipurpose,CUST-01767,US,4,Great value for the price,The file folders is quite good overall. It works as expected and the price is fair. Only small thing is the instructions could be clearer.,2025-09-03,Y,N,0
RRR236584CX,B0M6YEW145,WriteWell Standing Desk Converter — Durable & Multipurpose,CUST-01024,US,5,Love it!,This is my second standing desk converter from WriteWell and they never disappoint. The materials feel premium and it performs flawlessly so far.,2025-07-14,Y,N,5
RKTM9RFB79Y,B0M6YEW145,WriteWell Standing Desk Converter — Durable & Multipurpose,CUST-01765,US,4,Solid quality,"Solid product from WriteWell. It does what it's supposed to do. Not perfect, but for this price point it's a great buy.",2025-06-16,Y,N,0
R8JGNB92R05,B0M6YEW145,WriteWell Standing Desk Converter — Durable & Multipurpose,CUST-00750,US,5,Exactly as described,"Really impressed with the build quality of this standing desk converter. It arrived quickly, was packaged well, and does exactly what it promises. Excellent value.",2025-05-09,N,N,1
RQNS7BAEDWM,B0M6YEW145,WriteWell Standing Desk Converter — Durable & Multipurpose,CUST-01002,US,5,Best purchase this year,I've been using the standing desk converter for a few weeks now and it works great. Setup was easy and the quality feels solid. Would definitely recommend it to a friend.,2025-12-07,N,N,0
RRBF776Y8Y3,B0M6YEW145,WriteWell Standing Desk Converter — Durable & Multipurpose,CUST-00346,US,4,Happy with this purchase,Happy with this standing desk converter. Good quality for the money and it arrived on time. Taking one star off because the color is slightly different from the photos.,2025-08-15,Y,N,3
R9G19URFCGG,B0M6YEW145,WriteWell Standing Desk Converter — Durable & Multipurpose,CUST-01743,US,5,Exactly as described,I've been using the standing desk converter for a few weeks now and it works great. Setup was easy and the quality feels solid. Would definitely recommend it to a friend.,2025-09-22,Y,N,12
RAKHKP73S03,B0M6YEW145,WriteWell Standing Desk Converter — Durable & Multipurpose,CUST-01121,US,2,Not what I expected,Disappointed in this standing desk converter. It arrived with minor damage and the quality is below what I expected for the price. Returning it.,2025-05-12,Y,N,0
RRFA5UZK8SP,B0M6YEW145,WriteWell Standing Desk Converter — Durable & Multipurpose,CUST-01584,US,4,Great value for the price,The standing desk converter is quite good overall. It works as expected and the price is fair. Only small thing is the instructions could be clearer.,2026-05-24,Y,N,0
RKF2SVNWS26,B0M6YEW145,WriteWell Standing Desk Converter — Durable & Multipurpose,CUST-01238,US,5,"Five stars, would buy again","Really impressed with the build quality of this standing desk converter. It arrived quickly, was packaged well, and does exactly what it promises. Excellent value.",2025-06-07,Y,N,3
RZ3DQH2YPHD,B0M6YEW145,WriteWell Standing Desk Converter — Durable & Multipurpose,CUST-00007,US,2,Not what I expected,This standing desk converter stopped working properly after two weeks. Customer service was slow to respond. Not a great experience.,2025-04-22,N,N,3
RV4PZY8PQGA,B0M6YEW145,WriteWell Standing Desk Converter — Durable & Multipurpose,CUST-00567,US,5,Exactly as described,"Really impressed with the build quality of this standing desk converter. It arrived quickly, was packaged well, and does exactly what it promises. Excellent value.",2025-10-01,Y,N,2
RP4E0KTMSWY,B0M6YEW145,WriteWell Standing Desk Converter — Durable & Multipurpose,CUST-00487,US,5,"Five stars, would buy again",This is my second standing desk converter from WriteWell and they never disappoint. The materials feel premium and it performs flawlessly so far.,2025-10-17,Y,N,0
RVLQBS3KLMR,B0M6YEW145,WriteWell Standing Desk Converter — Durable & Multipurpose,CUST-00893,US,2,Quality could be better,Disappointed in this standing desk converter. It arrived with minor damage and the quality is below what I expected for the price. Returning it.,2026-07-28,Y,N,2
RCUN9W7TCZM,B0M6YEW145,WriteWell Standing Desk Converter — Durable & Multipurpose,CUST-00322,US,4,"Good, with minor nitpicks","Solid product from WriteWell. It does what it's supposed to do. Not perfect, but for this price point it's a great buy.",2025-12-19,Y,N,1
RDNK1BLT978,B0M6YEW145,WriteWell Standing Desk Converter — Durable & Multipurpose,CUST-00904,US,4,Very good product,Happy with this standing desk converter. Good quality for the money and it arrived on time. Taking one star off because the color is slightly different from the photos.,2025-11-17,Y,N,1
REJA32JE4KW,B0M6YEW145,WriteWell Standing Desk Converter — Durable & Multipurpose,CUST-01678,US,4,"Good, with minor nitpicks",Happy with this standing desk converter. Good quality for the money and it arrived on time. Taking one star off because the color is slightly different from the photos.,2025-01-17,N,N,2
RLW1EW3074Z,B0J4AJH5Y5,ProGrip Monitor Stand — Space Saving & Multipurpose,GUEST-63230,US,2,Disappointed,Not thrilled with this monitor stand. It feels flimsy and the performance is inconsistent. I probably wouldn't buy from ProGrip again.,2025-03-31,Y,N,3
R1SXX1ZGVTP,B0J4AJH5Y5,ProGrip Monitor Stand — Space Saving & Multipurpose,GUEST-28249,US,3,Mixed feelings,Average monitor stand. It does the job but there's nothing special about it. If you're on a budget it's acceptable.,2025-02-28,Y,N,5
RY5LN1VNGXF,B0J4AJH5Y5,ProGrip Monitor Stand — Space Saving & Multipurpose,CUST-00842,US,5,"Five stars, would buy again",I've been using the monitor stand for a few weeks now and it works great. Setup was easy and the quality feels solid. Would definitely recommend it to a friend.,2026-06-29,Y,N,0
RJMT4QNF7ZU,B0J4AJH5Y5,ProGrip Monitor Stand — Space Saving & Multipurpose,CUST-01334,US,5,Exceeded my expectations,This is my second monitor stand from ProGrip and they never disappoint. The materials feel premium and it performs flawlessly so far.,2025-04-19,Y,N,0
RUZAL5PEKEE,B0J4AJH5Y5,ProGrip Monitor Stand — Space Saving & Multipurpose,CUST-00104,US,4,Happy with this purchase,Happy with this monitor stand. Good quality for the money and it arrived on time. Taking one star off because the color is slightly different from the photos.,2025-03-18,Y,N,0
R0ZV4LNRC8L,B0J4AJH5Y5,ProGrip Monitor Stand — Space Saving & Multipurpose,CUST-01501,US,5,Exceeded my expectations,"Really impressed with the build quality of this monitor stand. It arrived quickly, was packaged well, and does exactly what it promises. Excellent value.",2026-06-24,Y,N,0
R084YQB6BAY,B0M1WJMA8T,WriteWell Planner Notebook — Ergonomic & Multipurpose,CUST-00052,US,5,Love it!,"Really impressed with the build quality of this planner notebook. It arrived quickly, was packaged well, and does exactly what it promises. Excellent value.",2025-10-25,Y,N,0
RKYAXLX8BDU,B0M1WJMA8T,WriteWell Planner Notebook — Ergonomic & Multipurpose,CUST-01037,US,4,Solid quality,Happy with this planner notebook. Good quality for the money and it arrived on time. Taking one star off because the color is slightly different from the photos.,2025-06-11,N,N,2
RB08EV2V67J,B0M1WJMA8T,WriteWell Planner Notebook — Ergonomic & Multipurpose,CUST-01592,US,4,Great value for the price,"Solid product from WriteWell. It does what it's supposed to do. Not perfect, but for this price point it's a great buy.",2026-02-23,Y,N,0
RAT894E7BA1,B0M1WJMA8T,WriteWell Planner Notebook — Ergonomic & Multipurpose,CUST-01595,US,5,Best purchase this year,I've been using the planner notebook for a few weeks now and it works great. Setup was easy and the quality feels solid. Would definitely recommend it to a friend.,2026-07-14,N,N,3
RWKLP4VRY7X,B0M1WJMA8T,WriteWell Planner Notebook — Ergonomic & Multipurpose,CUST-01044,US,5,Exactly as described,This is my second planner notebook from WriteWell and they never disappoint. The materials feel premium and it performs flawlessly so far.,2025-05-09,Y,N,3
RZJNYHQH0CU,B0M1WJMA8T,WriteWell Planner Notebook — Ergonomic & Multipurpose,CUST-01415,US,5,"Five stars, would buy again",This is my second planner notebook from WriteWell and they never disappoint. The materials feel premium and it performs flawlessly so far.,2025-03-28,Y,N,0
R4KTL4CQG9H,B0M1WJMA8T,WriteWell Planner Notebook — Ergonomic & Multipurpose,CUST-00942,US,5,Exactly as described,"Really impressed with the build quality of this planner notebook. It arrived quickly, was packaged well, and does exactly what it promises. Excellent value.",2026-06-14,Y,N,0
R2QU2EKD0LG,B0AZBDRH38,ProGrip Sticky Notes Pack — Ergonomic & Multipurpose,CUST-01694,US,4,Great value for the price,Happy with this sticky notes pack. Good quality for the money and it arrived on time. Taking one star off because the color is slightly different from the photos.,2025-11-27,Y,N,20
RKF86D7FH98,B0AZBDRH38,ProGrip Sticky Notes Pack — Ergonomic & Multipurpose,CUST-00102,US,5,Best purchase this year,"Really impressed with the build quality of this sticky notes pack. It arrived quickly, was packaged well, and does exactly what it promises. Excellent value.",2025-03-05,N,N,0
RYP3ZD1NR9L,B0AZBDRH38,ProGrip Sticky Notes Pack — Ergonomic & Multipurpose,CUST-01249,US,4,"Good, with minor nitpicks",The sticky notes pack is quite good overall. It works as expected and the price is fair. Only small thing is the instructions could be clearer.,2025-07-13,Y,N,1
RZDFD1FSWTN,B0AZBDRH38,ProGrip Sticky Notes Pack — Ergonomic & Multipurpose,CUST-00645,US,4,"Good, with minor nitpicks","Solid product from ProGrip. It does what it's supposed to do. Not perfect, but for this price point it's a great buy.",2025-12-30,Y,N,0
R5UAFDB98HA,B0AZBDRH38,ProGrip Sticky Notes Pack — Ergonomic & Multipurpose,GUEST-21510,US,5,Exceeded my expectations,"Really impressed with the build quality of this sticky notes pack. It arrived quickly, was packaged well, and does exactly what it promises. Excellent value.",2025-12-26,Y,N,8
RFCV3XX3TGA,B0AZBDRH38,ProGrip Sticky Notes Pack — Ergonomic & Multipurpose,CUST-01023,US,1,Terrible product,Terrible quality. The sticky notes pack stopped working after a week and getting a refund was a hassle. Would give zero stars if I could.,2025-12-16,Y,N,3
R7VBQATGX4D,B0AZBDRH38,ProGrip Sticky Notes Pack — Ergonomic & Multipurpose,GUEST-25995,US,4,Solid quality,The sticky notes pack is quite good overall. It works as expected and the price is fair. Only small thing is the instructions could be clearer.,2025-06-16,Y,N,1
R7SRF8G3RQC,B0AZBDRH38,ProGrip Sticky Notes Pack — Ergonomic & Multipurpose,GUEST-95065,US,5,Exactly as described,I've been using the sticky notes pack for a few weeks now and it works great. Setup was easy and the quality feels solid. Would definitely recommend it to a friend.,2025-11-05,N,N,0
RMNLWC7U8U6,B0AZBDRH38,ProGrip Sticky Notes Pack — Ergonomic & Multipurpose,CUST-00780,US,5,Exactly as described,This is my second sticky notes pack from ProGrip and they never disappoint. The materials feel premium and it performs flawlessly so far.,2025-05-29,Y,N,1
R6KYZRV8BK0,B0AZBDRH38,ProGrip Sticky Notes Pack — Ergonomic & Multipurpose,CUST-00377,US,4,Happy with this purchase,Happy with this sticky notes pack. Good quality for the money and it arrived on time. Taking one star off because the color is slightly different from the photos.,2025-10-26,Y,N,0
R0ZS615JLHC,B0AZBDRH38,ProGrip Sticky Notes Pack — Ergonomic & Multipurpose,CUST-01646,US,0,Love it!,This is my second sticky notes pack from ProGrip and they never disappoint. The materials feel premium and it performs flawlessly so far.,2025-11-12,Y,N,0
RX0ZYV6SF2T,B0AZBDRH38,ProGrip Sticky Notes Pack — Ergonomic & Multipurpose,CUST-00354,US,5,Exceeded my expectations,I've been using the sticky notes pack for a few weeks now and it works great. Setup was easy and the quality feels solid. Would definitely recommend it to a friend.,2026-06-20,Y,N,8
R7NK98QFHND,B0AZBDRH38,ProGrip Sticky Notes Pack — Ergonomic & Multipurpose,CUST-00419,US,5,Exceeded my expectations,I've been using the sticky notes pack for a few weeks now and it works great. Setup was easy and the quality feels solid. Would definitely recommend it to a friend.,2026-01-14,Y,N,2
RVGH9WXHDW8,B0AZBDRH38,ProGrip Sticky Notes Pack — Ergonomic & Multipurpose,CUST-00303,US,5,Love it!,I've been using the sticky notes pack for a few weeks now and it works great. Setup was easy and the quality feels solid. Would definitely recommend it to a friend.,2025-09-08,Y,N,0
R8V2F8BUDZR,B0AZBDRH38,ProGrip Sticky Notes Pack — Ergonomic & Multipurpose,CUST-00687,US,5,"Five stars, would buy again",I've been using the sticky notes pack for a few weeks now and it works great. Setup was easy and the quality feels solid. Would definitely recommend it to a friend.,2026-01-31,Y,N,1
RXD1H6HAPGS,B0AZBDRH38,ProGrip Sticky Notes Pack — Ergonomic & Multipurpose,CUST-00452,US,5,"Five stars, would buy again",This is my second sticky notes pack from ProGrip and they never disappoint. The materials feel premium and it performs flawlessly so far.,2026-01-07,Y,N,0
R2T7WZ42QNA,B0AZBDRH38,ProGrip Sticky Notes Pack — Ergonomic & Multipurpose,CUST-01687,US,5,"Five stars, would buy again",I've been using the sticky notes pack for a few weeks now and it works great. Setup was easy and the quality feels solid. Would definitely recommend it to a friend.,2025-04-14,N,N,0
R41Y7CKPA96,B0AZBDRH38,ProGrip Sticky Notes Pack — Ergonomic & Multipurpose,CUST-00494,US,1,Do not buy,Arrived damaged and non-functional. The sticky notes pack feels like cheap plastic. Very disappointed with this purchase.,2025-07-10,Y,N,1
RBL91S5M2D7,B0TXQ65ZFV,WriteWell Desk Organizer — Ergonomic & Multipurpose,CUST-00431,US,3,Average product,"Mixed feelings about this desk organizer. It works fine so far, but I'm not confident it will last long. Time will tell.",2025-06-20,Y,N,3
RMDZBL8G18Z,B0TXQ65ZFV,WriteWell Desk Organizer — Ergonomic & Multipurpose,GUEST-66285,US,4,Great value for the price,Happy with this desk organizer. Good quality for the money and it arrived on time. Taking one star off because the color is slightly different from the photos.,2025-04-18,Y,N,0
RUWEUP4GVKT,B0TXQ65ZFV,WriteWell Desk Organizer — Ergonomic & Multipurpose,CUST-01572,US,5,"Five stars, would buy again","Really impressed with the build quality of this desk organizer. It arrived quickly, was packaged well, and does exactly what it promises. Excellent value.",2026-03-21,Y,N,0
RM09397JA8E,B0TXQ65ZFV,WriteWell Desk Organizer — Ergonomic & Multipurpose,CUST-00661,US,4,Great value for the price,"Solid product from WriteWell. It does what it's supposed to do. Not perfect, but for this price point it's a great buy.",2026-06-11,Y,N,3
RL4RQVEH2ES,B0TXQ65ZFV,WriteWell Desk Organizer — Ergonomic & Multipurpose,CUST-01056,US,5,Love it!,I've been using the desk organizer for a few weeks now and it works great. Setup was easy and the quality feels solid. Would definitely recommend it to a friend.,2025-06-02,Y,N,0
R2BN14K35ER,B0TXQ65ZFV,WriteWell Desk Organizer — Ergonomic & Multipurpose,CUST-00067,US,4,Happy with this purchase,The desk organizer is quite good overall. It works as expected and the price is fair. Only small thing is the instructions could be clearer.,2026-04-28,N,N,12
R8EUEFAWKBT,B0TXQ65ZFV,WriteWell Desk Organizer — Ergonomic & Multipurpose,CUST-01573,US,4,Solid quality,Happy with this desk organizer. Good quality for the money and it arrived on time. Taking one star off because the color is slightly different from the photos.,2025-05-15,Y,N,0
RJHHEFQG5XK,B0TXQ65ZFV,WriteWell Desk Organizer — Ergonomic & Multipurpose,CUST-00803,US,3,Average product,Average desk organizer. It does the job but there's nothing special about it. If you're on a budget it's acceptable.,2026-05-02,Y,N,0
RR7FCE11W7K,B0TXQ65ZFV,WriteWell Desk Organizer — Ergonomic & Multipurpose,CUST-01370,US,1,Arrived damaged,This desk organizer is a complete waste of money. It broke within days and the seller was unhelpful. Stay away from WriteWell.,2025-12-14,Y,N,2
RGSY5049SSK,B0TXQ65ZFV,WriteWell Desk Organizer — Ergonomic & Multipurpose,CUST-01282,US,2,Broke quickly,This desk organizer stopped working properly after two weeks. Customer service was slow to respond. Not a great experience.,2025-11-20,Y,N,3
RL1GQZS93D0,B0TXQ65ZFV,WriteWell Desk Organizer — Ergonomic & Multipurpose,CUST-01746,US,4,Happy with this purchase,Happy with this desk organizer. Good quality for the money and it arrived on time. Taking one star off because the color is slightly different from the photos.,2025-08-02,N,N,0
RGFVQHLS5XS,B0TXQ65ZFV,WriteWell Desk Organizer — Ergonomic & Multipurpose,CUST-00299,US,4,"Good, with minor nitpicks",The desk organizer is quite good overall. It works as expected and the price is fair. Only small thing is the instructions could be clearer.,2025-08-27,Y,N,2
RMN4WDRZKDR,B0TXQ65ZFV,WriteWell Desk Organizer — Ergonomic & Multipurpose,CUST-00513,US,4,Happy with this purchase,Happy with this desk organizer. Good quality for the money and it arrived on time. Taking one star off because the color is slightly different from the photos.,2025-04-01,N,N,5
RZFXTQEFY45,B0TXQ65ZFV,WriteWell Desk Organizer — Ergonomic & Multipurpose,CUST-00376,US,2,Not what I expected,Not thrilled with this desk organizer. It feels flimsy and the performance is inconsistent. I probably wouldn't buy from WriteWell again.,2025-10-02,Y,N,0
RSV6HM7X9BV,B0TXQ65ZFV,WriteWell Desk Organizer — Ergonomic & Multipurpose,CUST-01141,US,3,Decent but not amazing,Average desk organizer. It does the job but there's nothing special about it. If you're on a budget it's acceptable.,2025-08-24,N,N,8
RJJFT25WYXN,B0TXQ65ZFV,WriteWell Desk Organizer — Ergonomic & Multipurpose,CUST-01270,US,5,Exactly as described,This is my second desk organizer from WriteWell and they never disappoint. The materials feel premium and it performs flawlessly so far.,2025-10-23,Y,N,12
RVV0BJ7P7QA,B0TXQ65ZFV,WriteWell Desk Organizer — Ergonomic & Multipurpose,CUST-00711,US,4,Happy with this purchase,Happy with this desk organizer. Good quality for the money and it arrived on time. Taking one star off because the color is slightly different from the photos.,2025-01-31,Y,N,3
R45VJNE9MSE,B0TXQ65ZFV,WriteWell Desk Organizer — Ergonomic & Multipurpose,CUST-01439,US,5,"Five stars, would buy again",I've been using the desk organizer for a few weeks now and it works great. Setup was easy and the quality feels solid. Would definitely recommend it to a friend.,2026-03-27,Y,N,0
RWT9VZH075K,B0TXQ65ZFV,WriteWell Desk Organizer — Ergonomic & Multipurpose,CUST-00576,US,5,Exactly as described,"Really impressed with the build quality of this desk organizer. It arrived quickly, was packaged well, and does exactly what it promises. Excellent value.",2026-02-02,Y,N,0
R7ELD5AFP08,B0TXQ65ZFV,WriteWell Desk Organizer — Ergonomic & Multipurpose,CUST-00841,US,4,"Good, with minor nitpicks","Solid product from WriteWell. It does what it's supposed to do. Not perfect, but for this price point it's a great buy.",2026-01-13,Y,N,0
RVL9WZAF04K,B0TXQ65ZFV,WriteWell Desk Organizer — Ergonomic & Multipurpose,CUST-01513,US,5,Love it!,I've been using the desk organizer for a few weeks now and it works great. Setup was easy and the quality feels solid. Would definitely recommend it to a friend.,2025-03-30,Y,N,0
RGHWVR4K3GP,B0TXQ65ZFV,WriteWell Desk Organizer — Ergonomic & Multipurpose,CUST-00212,US,5,Exceeded my expectations,"Really impressed with the build quality of this desk organizer. It arrived quickly, was packaged well, and does exactly what it promises. Excellent value.",2025-04-06,Y,N,0
RT3XS5LQ33M,B0TXQ65ZFV,WriteWell Desk Organizer — Ergonomic & Multipurpose,CUST-01635,US,3,Decent but not amazing,"Mixed feelings about this desk organizer. It works fine so far, but I'm not confident it will last long. Time will tell.",2026-05-04,Y,N,0
RELDR1W8ET0,B0N90348CD,ProGrip Desk Chair Cushion — Multipurpose & Ergonomic,CUST-01213,US,5,Best purchase this year,"Really impressed with the build quality of this desk chair cushion. It arrived quickly, was packaged well, and does exactly what it promises. Excellent value.",2026-06-04,N,N,2
RK938BZ5N29,B0N90348CD,ProGrip Desk Chair Cushion — Multipurpose & Ergonomic,CUST-01595,US,4,Solid quality,Happy with this desk chair cushion. Good quality for the money and it arrived on time. Taking one star off because the color is slightly different from the photos.,2025-07-06,N,N,2
R0DAAWURXNZ,B0N90348CD,ProGrip Desk Chair Cushion — Multipurpose & Ergonomic,CUST-01443,US,4,Solid quality,The desk chair cushion is quite good overall. It works as expected and the price is fair. Only small thing is the instructions could be clearer.,2025-03-09,Y,N,2
RNZQW2Z0TYG,B0N90348CD,ProGrip Desk Chair Cushion — Multipurpose & Ergonomic,CUST-00395,US,5,Exactly as described,This is my second desk chair cushion from ProGrip and they never disappoint. The materials feel premium and it performs flawlessly so far.,2025-11-22,Y,N,0
R91X4XSSDV3,B0N90348CD,ProGrip Desk Chair Cushion — Multipurpose & Ergonomic,CUST-00454,US,5,Exactly as described,This is my second desk chair cushion from ProGrip and they never disappoint. The materials feel premium and it performs flawlessly so far.,2025-07-26,Y,N,0
RD27JD7TBK7,B0N90348CD,ProGrip Desk Chair Cushion — Multipurpose & Ergonomic,CUST-00831,US,4,"Good, with minor nitpicks",Happy with this desk chair cushion. Good quality for the money and it arrived on time. Taking one star off because the color is slightly different from the photos.,2025-03-14,Y,N,0
RXF9BTUY01R,B0N90348CD,ProGrip Desk Chair Cushion — Multipurpose & Ergonomic,CUST-00215,US,4,Solid quality,The desk chair cushion is quite good overall. It works as expected and the price is fair. Only small thing is the instructions could be clearer.,2025-12-24,Y,N,5
RRJKCPAZ83S,B0N90348CD,ProGrip Desk Chair Cushion — Multipurpose & Ergonomic,CUST-01670,US,5,Best purchase this year,I've been using the desk chair cushion for a few weeks now and it works great. Setup was easy and the quality feels solid. Would definitely recommend it to a friend.,2025-02-19,Y,N,0
RB82WYYPW13,B0N90348CD,ProGrip Desk Chair Cushion — Multipurpose & Ergonomic,CUST-00293,US,5,Exactly as described,This is my second desk chair cushion from ProGrip and they never disappoint. The materials feel premium and it performs flawlessly so far.,2026-06-04,Y,N,0
RQQ2WGLEYVY,B0N90348CD,ProGrip Desk Chair Cushion — Multipurpose & Ergonomic,CUST-00356,US,3,Decent but not amazing,"The desk chair cushion is okay but I expected a bit more. It works, though the materials feel cheaper than the photos suggest. Probably fine for light use.",2025-12-31,Y,N,0
RC3X8T3U0VE,B0N90348CD,ProGrip Desk Chair Cushion — Multipurpose & Ergonomic,CUST-00739,US,5,Best purchase this year,This is my second desk chair cushion from ProGrip and they never disappoint. The materials feel premium and it performs flawlessly so far.,2025-12-15,Y,N,5
R6SLGBGMZKA,B0N90348CD,ProGrip Desk Chair Cushion — Multipurpose & Ergonomic,CUST-00173,US,5,Best purchase this year,This is my second desk chair cushion from ProGrip and they never disappoint. The materials feel premium and it performs flawlessly so far.,2025-01-26,N,N,0
RP0SYMZD8VE,B0N90348CD,ProGrip Desk Chair Cushion — Multipurpose & Ergonomic,CUST-01311,US,2,Disappointed,This desk chair cushion stopped working properly after two weeks. Customer service was slow to respond. Not a great experience.,2026-06-14,Y,N,0
RT5YTUFZ0LB,B0N90348CD,ProGrip Desk Chair Cushion — Multipurpose & Ergonomic,GUEST-26219,US,4,Happy with this purchase,The desk chair cushion is quite good overall. It works as expected and the price is fair. Only small thing is the instructions could be clearer.,2026-01-16,Y,N,0
REETE78EENC,B0N90348CD,ProGrip Desk Chair Cushion — Multipurpose & Ergonomic,CUST-00151,US,4,Great value for the price,Happy with this desk chair cushion. Good quality for the money and it arrived on time. Taking one star off because the color is slightly different from the photos.,2025-07-27,N,N,0
RW87TZSXBGQ,B0N90348CD,ProGrip Desk Chair Cushion — Multipurpose & Ergonomic,GUEST-15992,US,5,Love it!,I've been using the desk chair cushion for a few weeks now and it works great. Setup was easy and the quality feels solid. Would definitely recommend it to a friend.,2026-07-23,N,N,1
RM3FAKTKXC0,B0LD11QTH5,PawPals Dog Bed — Easy to Clean & Durable,CUST-00359,US,4,Very good product,The dog bed is quite good overall. It works as expected and the price is fair. Only small thing is the instructions could be clearer.,2025-11-12,Y,N,0
RGREDTXXUZ6,B0LD11QTH5,PawPals Dog Bed — Easy to Clean & Durable,CUST-01028,US,4,Happy with this purchase,"Solid product from PawPals. It does what it's supposed to do. Not perfect, but for this price point it's a great buy.",2026-07-19,Y,N,2
R9AT423DF26,B0LD11QTH5,PawPals Dog Bed — Easy to Clean & Durable,CUST-01316,US,4,Great value for the price,Happy with this dog bed. Good quality for the money and it arrived on time. Taking one star off because the color is slightly different from the photos.,2025-10-16,Y,N,0
RJC5JXK9X58,B0GKG0B3EA,PawPals Dog Leash — Easy to Clean & Vet Recommended,CUST-01202,US,5,"Five stars, would buy again",This is my second dog leash from PawPals and they never disappoint. The materials feel premium and it performs flawlessly so far.,2025-12-08,Y,N,1
R9A183NQQMG,B0GKG0B3EA,PawPals Dog Leash — Easy to Clean & Vet Recommended,GUEST-63677,US,5,Exceeded my expectations,This is my second dog leash from PawPals and they never disappoint. The materials feel premium and it performs flawlessly so far.,2026-03-12,N,N,5
R4JTYB95WBB,B0GKG0B3EA,PawPals Dog Leash — Easy to Clean & Vet Recommended,CUST-01392,US,5,Exactly as described,I've been using the dog leash for a few weeks now and it works great. Setup was easy and the quality feels solid. Would definitely recommend it to a friend.,2026-07-06,Y,N,12
RGTE8AD97GZ,B0GKG0B3EA,PawPals Dog Leash — Easy to Clean & Vet Recommended,CUST-01268,US,5,"Five stars, would buy again",I've been using the dog leash for a few weeks now and it works great. Setup was easy and the quality feels solid. Would definitely recommend it to a friend.,2025-01-26,Y,N,8
R5FRDRDNPD9,B0GKG0B3EA,PawPals Dog Leash — Easy to Clean & Vet Recommended,CUST-00224,US,4,Happy with this purchase,"Solid product from PawPals. It does what it's supposed to do. Not perfect, but for this price point it's a great buy.",2025-05-09,Y,N,0
RV8R4R4TJKS,B0GKG0B3EA,PawPals Dog Leash — Easy to Clean & Vet Recommended,GUEST-72856,US,4,Happy with this purchase,The dog leash is quite good overall. It works as expected and the price is fair. Only small thing is the instructions could be clearer.,2025-01-28,Y,N,3
RY08W2G0V12,B0GKG0B3EA,PawPals Dog Leash — Easy to Clean & Vet Recommended,CUST-00579,US,5,"Five stars, would buy again",I've been using the dog leash for a few weeks now and it works great. Setup was easy and the quality feels solid. Would definitely recommend it to a friend.,2026-03-24,Y,N,2
R4YHUMTY2BX,B0GKG0B3EA,PawPals Dog Leash — Easy to Clean & Vet Recommended,GUEST-66087,US,1,Do not buy,Arrived damaged and non-functional. The dog leash feels like cheap plastic. Very disappointed with this purchase.,2025-02-15,Y,N,0
R9N6SEPPBQZ,B0GKG0B3EA,PawPals Dog Leash — Easy to Clean & Vet Recommended,CUST-01383,US,5,"Five stars, would buy again",I've been using the dog leash for a few weeks now and it works great. Setup was easy and the quality feels solid. Would definitely recommend it to a friend.,2026-05-22,Y,N,1
R8LYUJMUH81,B0GKG0B3EA,PawPals Dog Leash — Easy to Clean & Vet Recommended,CUST-00050,US,4,Very good product,"Solid product from PawPals. It does what it's supposed to do. Not perfect, but for this price point it's a great buy.",2025-05-16,N,N,3
RGA6R50WTM7,B0GKG0B3EA,PawPals Dog Leash — Easy to Clean & Vet Recommended,CUST-01546,US,4,Solid quality,The dog leash is quite good overall. It works as expected and the price is fair. Only small thing is the instructions could be clearer.,2026-02-05,Y,N,1
RNYTC0RXZNV,B05P1Y30A5,PawPals Slow Feeder Bowl — Easy to Clean & Non-Toxic,CUST-00288,US,5,"Five stars, would buy again","Really impressed with the build quality of this slow feeder bowl. It arrived quickly, was packaged well, and does exactly what it promises. Excellent value.",2025-06-02,N,N,8
RLRU8LNDUVY,B05P1Y30A5,PawPals Slow Feeder Bowl — Easy to Clean & Non-Toxic,CUST-01098,US,5,Exceeded my expectations,This is my second slow feeder bowl from PawPals and they never disappoint. The materials feel premium and it performs flawlessly so far.,2025-06-10,Y,N,0
RTNDPE7C9NW,B05P1Y30A5,PawPals Slow Feeder Bowl — Easy to Clean & Non-Toxic,CUST-00345,US,5,Exactly as described,I've been using the slow feeder bowl for a few weeks now and it works great. Setup was easy and the quality feels solid. Would definitely recommend it to a friend.,2025-10-17,Y,N,3
RDEFZFWU1ND,B05P1Y30A5,PawPals Slow Feeder Bowl — Easy to Clean & Non-Toxic,CUST-01536,US,5,Best purchase this year,I've been using the slow feeder bowl for a few weeks now and it works great. Setup was easy and the quality feels solid. Would definitely recommend it to a friend.,2025-10-17,Y,N,3
RNXG0N8C71Y,B05P1Y30A5,PawPals Slow Feeder Bowl — Easy to Clean & Non-Toxic,CUST-00015,US,4,Solid quality,The slow feeder bowl is quite good overall. It works as expected and the price is fair. Only small thing is the instructions could be clearer.,2025-10-13,Y,N,0
RFBE6YNSGQV,B05P1Y30A5,PawPals Slow Feeder Bowl — Easy to Clean & Non-Toxic,CUST-01218,US,5,"Five stars, would buy again","Really impressed with the build quality of this slow feeder bowl. It arrived quickly, was packaged well, and does exactly what it promises. Excellent value.",2025-01-07,Y,N,1
RR7SUHSSH92,B05P1Y30A5,PawPals Slow Feeder Bowl — Easy to Clean & Non-Toxic,CUST-01445,US,5,Exceeded my expectations,"Really impressed with the build quality of this slow feeder bowl. It arrived quickly, was packaged well, and does exactly what it promises. Excellent value.",2025-03-10,N,N,0
RVDSX2JNG2F,B05P1Y30A5,PawPals Slow Feeder Bowl — Easy to Clean & Non-Toxic,CUST-00444,US,5,"Five stars, would buy again",I've been using the slow feeder bowl for a few weeks now and it works great. Setup was easy and the quality feels solid. Would definitely recommend it to a friend.,2026-05-11,Y,N,0
R4CX99R75UJ,B05P1Y30A5,PawPals Slow Feeder Bowl — Easy to Clean & Non-Toxic,CUST-00227,US,5,"Five stars, would buy again",I've been using the slow feeder bowl for a few weeks now and it works great. Setup was easy and the quality feels solid. Would definitely recommend it to a friend.,2025-02-21,Y,N,2
R0ZSJN32DLN,B05P1Y30A5,PawPals Slow Feeder Bowl — Easy to Clean & Non-Toxic,CUST-01288,US,4,Solid quality,Happy with this slow feeder bowl. Good quality for the money and it arrived on time. Taking one star off because the color is slightly different from the photos.,2025-07-23,Y,N,3
RT12XSTHKWU,B05P1Y30A5,PawPals Slow Feeder Bowl — Easy to Clean & Non-Toxic,CUST-00965,US,5,Exactly as described,"Really impressed with the build quality of this slow feeder bowl. It arrived quickly, was packaged well, and does exactly what it promises. Excellent value.",2026-06-22,Y,N,0
RZ3ZLAMVGG9,B05P1Y30A5,PawPals Slow Feeder Bowl — Easy to Clean & Non-Toxic,CUST-01674,US,5,Exceeded my expectations,This is my second slow feeder bowl from PawPals and they never disappoint. The materials feel premium and it performs flawlessly so far.,2026-04-22,Y,N,0
R3AU8D3GETB,B05P1Y30A5,PawPals Slow Feeder Bowl — Easy to Clean & Non-Toxic,CUST-01776,US,4,Solid quality,The slow feeder bowl is quite good overall. It works as expected and the price is fair. Only small thing is the instructions could be clearer.,2026-03-08,N,N,2
RPCCFN40UPD,B05P1Y30A5,PawPals Slow Feeder Bowl — Easy to Clean & Non-Toxic,CUST-01024,US,5,Exactly as described,This is my second slow feeder bowl from PawPals and they never disappoint. The materials feel premium and it performs flawlessly so far.,2025-07-19,N,N,0
R1W6DDDUZ82,B05P1Y30A5,PawPals Slow Feeder Bowl — Easy to Clean & Non-Toxic,CUST-01579,US,5,"Five stars, would buy again",This is my second slow feeder bowl from PawPals and they never disappoint. The materials feel premium and it performs flawlessly so far.,2025-02-11,Y,N,0
R8TNXVU007G,B0CYFJJNVP,PawPals Pet Grooming Brush — Vet Recommended & Non-Toxic,CUST-01559,US,4,Very good product,Happy with this pet grooming brush. Good quality for the money and it arrived on time. Taking one star off because the color is slightly different from the photos.,2026-06-26,Y,N,1
RAGD24S0JM1,B0CYFJJNVP,PawPals Pet Grooming Brush — Vet Recommended & Non-Toxic,CUST-00651,US,4,"Good, with minor nitpicks",Happy with this pet grooming brush. Good quality for the money and it arrived on time. Taking one star off because the color is slightly different from the photos.,2026-07-19,Y,N,8
R94SX5LE0EJ,B0CYFJJNVP,PawPals Pet Grooming Brush — Vet Recommended & Non-Toxic,CUST-01472,US,3,It's okay,"Mixed feelings about this pet grooming brush. It works fine so far, but I'm not confident it will last long. Time will tell.",2026-01-18,Y,N,0
RB9XQHD1XSZ,B0CYFJJNVP,PawPals Pet Grooming Brush — Vet Recommended & Non-Toxic,GUEST-68588,US,5,Exactly as described,I've been using the pet grooming brush for a few weeks now and it works great. Setup was easy and the quality feels solid. Would definitely recommend it to a friend.,2025-11-04,N,N,3
R3GYSL6FWDZ,B0CYFJJNVP,PawPals Pet Grooming Brush — Vet Recommended & Non-Toxic,CUST-00354,US,5,Best purchase this year,I've been using the pet grooming brush for a few weeks now and it works great. Setup was easy and the quality feels solid. Would definitely recommend it to a friend.,2025-11-09,Y,N,5
R5E6HQ00DNF,B0CYFJJNVP,PawPals Pet Grooming Brush — Vet Recommended & Non-Toxic,CUST-00076,US,5,"Five stars, would buy again","Really impressed with the build quality of this pet grooming brush. It arrived quickly, was packaged well, and does exactly what it promises. Excellent value.",2025-03-24,Y,N,12
RWC6NKDHTNC,B0PGGKXQ9K,PawPals Pet Water Fountain — Easy to Clean & Vet Recommended,CUST-01229,US,4,Great value for the price,Happy with this pet water fountain. Good quality for the money and it arrived on time. Taking one star off because the color is slightly different from the photos.,2026-06-28,Y,N,0
RWD5JJH1X8J,B0PGGKXQ9K,PawPals Pet Water Fountain — Easy to Clean & Vet Recommended,CUST-01131,US,1,Waste of money,Terrible quality. The pet water fountain stopped working after a week and getting a refund was a hassle. Would give zero stars if I could.,2025-04-02,Y,N,1
RNVQ3RQYE3V,B0PGGKXQ9K,PawPals Pet Water Fountain — Easy to Clean & Vet Recommended,CUST-00740,US,1,Terrible product,Arrived damaged and non-functional. The pet water fountain feels like cheap plastic. Very disappointed with this purchase.,2025-12-21,Y,N,3
RCS8LD854NF,B0PGGKXQ9K,PawPals Pet Water Fountain — Easy to Clean & Vet Recommended,CUST-00011,US,5,"Five stars, would buy again","Really impressed with the build quality of this pet water fountain. It arrived quickly, was packaged well, and does exactly what it promises. Excellent value.",2025-11-07,Y,N,2
RW9NGRQ9YU9,B0PGGKXQ9K,PawPals Pet Water Fountain — Easy to Clean & Vet Recommended,CUST-00911,US,5,Exceeded my expectations,"Really impressed with the build quality of this pet water fountain. It arrived quickly, was packaged well, and does exactly what it promises. Excellent value.",2026-04-23,Y,N,0
RFLQTR5CL32,B0PGGKXQ9K,PawPals Pet Water Fountain — Easy to Clean & Vet Recommended,CUST-00418,US,1,Waste of money,This pet water fountain is a complete waste of money. It broke within days and the seller was unhelpful. Stay away from PawPals.,2026-07-03,Y,N,2
REHZ76BDFSC,B0PGGKXQ9K,PawPals Pet Water Fountain — Easy to Clean & Vet Recommended,CUST-01391,US,5,"Five stars, would buy again",This is my second pet water fountain from PawPals and they never disappoint. The materials feel premium and it performs flawlessly so far.,2025-03-16,Y,N,2
REE9J3XBQFE,B0PGGKXQ9K,PawPals Pet Water Fountain — Easy to Clean & Vet Recommended,CUST-00907,US,4,Great value for the price,The pet water fountain is quite good overall. It works as expected and the price is fair. Only small thing is the instructions could be clearer.,2026-06-28,Y,N,0
RF5XK6K6DYR,B0R7U9K93R,PawPals Pet Carrier — Non-Toxic & Durable,CUST-00962,US,4,Solid quality,The pet carrier is quite good overall. It works as expected and the price is fair. Only small thing is the instructions could be clearer.,2025-01-20,N,N,0
RN1523YJWBV,B0R7U9K93R,PawPals Pet Carrier — Non-Toxic & Durable,CUST-00523,US,5,"Five stars, would buy again",This is my second pet carrier from PawPals and they never disappoint. The materials feel premium and it performs flawlessly so far.,2026-07-13,Y,N,0
RCHYT52HFBT,B0R7U9K93R,PawPals Pet Carrier — Non-Toxic & Durable,CUST-01625,US,5,Love it!,This is my second pet carrier from PawPals and they never disappoint. The materials feel premium and it performs flawlessly so far.,2025-06-22,Y,N,0
RTRRY8H2ULX,B0R7U9K93R,PawPals Pet Carrier — Non-Toxic & Durable,CUST-00720,US,5,Love it!,"Really impressed with the build quality of this pet carrier. It arrived quickly, was packaged well, and does exactly what it promises. Excellent value.",2026-01-27,Y,N,0
RZ94ZTF5895,B0R7U9K93R,PawPals Pet Carrier — Non-Toxic & Durable,CUST-00537,US,4,Solid quality,"Solid product from PawPals. It does what it's supposed to do. Not perfect, but for this price point it's a great buy.",2025-07-13,Y,N,0
RURE9AGGN2Q,B00JXDXVG6,PawPals Dog Treat Pouch — Easy to Clean & Non-Toxic,CUST-00089,US,2,Quality could be better,Not thrilled with this dog treat pouch. It feels flimsy and the performance is inconsistent. I probably wouldn't buy from PawPals again.,2026-04-21,Y,N,1
R152BTAJED9,B00JXDXVG6,PawPals Dog Treat Pouch — Easy to Clean & Non-Toxic,CUST-01760,US,5,Exceeded my expectations,I've been using the dog treat pouch for a few weeks now and it works great. Setup was easy and the quality feels solid. Would definitely recommend it to a friend.,2025-01-31,Y,N,0
RTQ0SGHCDWZ,B00JXDXVG6,PawPals Dog Treat Pouch — Easy to Clean & Non-Toxic,CUST-00213,US,3,Does the job,"The dog treat pouch is okay but I expected a bit more. It works, though the materials feel cheaper than the photos suggest. Probably fine for light use.",2026-02-24,Y,N,12
R93CHT7TTT4,B00JXDXVG6,PawPals Dog Treat Pouch — Easy to Clean & Non-Toxic,CUST-00371,US,5,Exactly as described,"Really impressed with the build quality of this dog treat pouch. It arrived quickly, was packaged well, and does exactly what it promises. Excellent value.",2026-02-18,N,N,3
RJG1F8RPG4H,B00JXDXVG6,PawPals Dog Treat Pouch — Easy to Clean & Non-Toxic,GUEST-86197,US,5,Exactly as described,I've been using the dog treat pouch for a few weeks now and it works great. Setup was easy and the quality feels solid. Would definitely recommend it to a friend.,2026-04-23,Y,N,2
RCPWNY2XAA3,B00JXDXVG6,PawPals Dog Treat Pouch — Easy to Clean & Non-Toxic,CUST-00659,US,5,Exactly as described,This is my second dog treat pouch from PawPals and they never disappoint. The materials feel premium and it performs flawlessly so far.,2026-03-19,N,N,1
RHSW2RZXW1C,B00JXDXVG6,PawPals Dog Treat Pouch — Easy to Clean & Non-Toxic,GUEST-81079,US,4,Solid quality,The dog treat pouch is quite good overall. It works as expected and the price is fair. Only small thing is the instructions could be clearer.,2025-12-04,N,N,8
RPM6ZYNLLH3,B00JXDXVG6,PawPals Dog Treat Pouch — Easy to Clean & Non-Toxic,CUST-01315,US,5,Exceeded my expectations,This is my second dog treat pouch from PawPals and they never disappoint. The materials feel premium and it performs flawlessly so far.,2025-07-16,Y,N,0
R9VY2C00598,B00JXDXVG6,PawPals Dog Treat Pouch — Easy to Clean & Non-Toxic,CUST-00519,US,5,Exactly as described,I've been using the dog treat pouch for a few weeks now and it works great. Setup was easy and the quality feels solid. Would definitely recommend it to a friend.,2025-07-16,Y,N,1
RKU1BS5YGKT,B00JXDXVG6,PawPals Dog Treat Pouch — Easy to Clean & Non-Toxic,CUST-01003,US,3,It's okay,Average dog treat pouch. It does the job but there's nothing special about it. If you're on a budget it's acceptable.,2025-04-28,Y,N,1
R8C9A666DD3,B00JXDXVG6,PawPals Dog Treat Pouch — Easy to Clean & Non-Toxic,CUST-00747,US,5,Exceeded my expectations,This is my second dog treat pouch from PawPals and they never disappoint. The materials feel premium and it performs flawlessly so far.,2026-02-13,N,N,0
RVVVXFSL6HW,B0UX1US6RV,PawPals Cat Scratching Post — Durable & Non-Toxic,GUEST-84984,US,4,Very good product,Happy with this cat scratching post. Good quality for the money and it arrived on time. Taking one star off because the color is slightly different from the photos.,2026-05-03,Y,N,0
R14JBBLMGHE,B0UX1US6RV,PawPals Cat Scratching Post — Durable & Non-Toxic,CUST-01381,US,4,Great value for the price,The cat scratching post is quite good overall. It works as expected and the price is fair. Only small thing is the instructions could be clearer.,2026-01-09,Y,N,0
RZC5GB3LFVM,B0UX1US6RV,PawPals Cat Scratching Post — Durable & Non-Toxic,CUST-01167,US,5,Love it!,I've been using the cat scratching post for a few weeks now and it works great. Setup was easy and the quality feels solid. Would definitely recommend it to a friend.,2025-08-12,Y,N,2
R8M0KUPY321,B0UX1US6RV,PawPals Cat Scratching Post — Durable & Non-Toxic,CUST-00258,US,5,Best purchase this year,"Really impressed with the build quality of this cat scratching post. It arrived quickly, was packaged well, and does exactly what it promises. Excellent value.",2026-05-02,Y,N,8
RKJXSJRSQXF,B0UX1US6RV,PawPals Cat Scratching Post — Durable & Non-Toxic,CUST-00400,US,4,Great value for the price,Happy with this cat scratching post. Good quality for the money and it arrived on time. Taking one star off because the color is slightly different from the photos.,2026-02-11,Y,N,5
RJCQ3F8RA1S,B0UX1US6RV,PawPals Cat Scratching Post — Durable & Non-Toxic,CUST-00777,US,4,Happy with this purchase,The cat scratching post is quite good overall. It works as expected and the price is fair. Only small thing is the instructions could be clearer.,2026-06-05,Y,N,0
R7JD3LB4RFQ,B0UX1US6RV,PawPals Cat Scratching Post — Durable & Non-Toxic,CUST-00410,US,5,"Five stars, would buy again",I've been using the cat scratching post for a few weeks now and it works great. Setup was easy and the quality feels solid. Would definitely recommend it to a friend.,2025-04-28,N,N,3
RY1S99LCR3S,B0UX1US6RV,PawPals Cat Scratching Post — Durable & Non-Toxic,CUST-00857,US,2,Quality could be better,Disappointed in this cat scratching post. It arrived with minor damage and the quality is below what I expected for the price. Returning it.,2025-12-17,Y,N,0
RYUVCV53JS9,B0UX1US6RV,PawPals Cat Scratching Post — Durable & Non-Toxic,GUEST-83289,US,5,Best purchase this year,I've been using the cat scratching post for a few weeks now and it works great. Setup was easy and the quality feels solid. Would definitely recommend it to a friend.,2025-06-21,Y,N,0
R0MMKJ7UFQK,B0F635F86R,PawPals Dog Chew Toys — Durable & Easy to Clean,GUEST-59769,US,4,Solid quality,"Solid product from PawPals. It does what it's supposed to do. Not perfect, but for this price point it's a great buy.",2026-04-29,Y,N,1
RF7LDKNK553,B0F635F86R,PawPals Dog Chew Toys — Durable & Easy to Clean,CUST-01148,US,4,Happy with this purchase,"Solid product from PawPals. It does what it's supposed to do. Not perfect, but for this price point it's a great buy.",2026-02-26,N,N,12
RTDMA6XL6ZN,B0F635F86R,PawPals Dog Chew Toys — Durable & Easy to Clean,CUST-00444,US,5,Exactly as described,This is my second dog chew toys from PawPals and they never disappoint. The materials feel premium and it performs flawlessly so far.,2025-11-27,Y,N,1
RL02LKHL15V,B0F635F86R,PawPals Dog Chew Toys — Durable & Easy to Clean,CUST-00659,US,5,"Five stars, would buy again","Really impressed with the build quality of this dog chew toys. It arrived quickly, was packaged well, and does exactly what it promises. Excellent value.",2025-08-13,N,N,1
R2T8894DVEN,B0F635F86R,PawPals Dog Chew Toys — Durable & Easy to Clean,CUST-01460,US,5,Exactly as described,"Really impressed with the build quality of this dog chew toys. It arrived quickly, was packaged well, and does exactly what it promises. Excellent value.",2026-05-06,Y,N,0
R10M9Z32Q02,B0F635F86R,PawPals Dog Chew Toys — Durable & Easy to Clean,CUST-00620,US,5,Exactly as described,This is my second dog chew toys from PawPals and they never disappoint. The materials feel premium and it performs flawlessly so far.,2025-06-02,N,N,0
RNDRCXFZ5XW,B0F635F86R,PawPals Dog Chew Toys — Durable & Easy to Clean,CUST-01456,US,5,Exceeded my expectations,"Really impressed with the build quality of this dog chew toys. It arrived quickly, was packaged well, and does exactly what it promises. Excellent value.",2026-07-22,Y,N,3
R1E74L9ABR5,B0F635F86R,PawPals Dog Chew Toys — Durable & Easy to Clean,CUST-00648,US,3,Average product,"The dog chew toys is okay but I expected a bit more. It works, though the materials feel cheaper than the photos suggest. Probably fine for light use.",2025-04-09,Y,N,0
RV8YAXCEGBP,B0F635F86R,PawPals Dog Chew Toys — Durable & Easy to Clean,CUST-00110,US,5,"Five stars, would buy again","Really impressed with the build quality of this dog chew toys. It arrived quickly, was packaged well, and does exactly what it promises. Excellent value.",2025-11-11,Y,N,0
RJFP8YD539R,B0F635F86R,PawPals Dog Chew Toys — Durable & Easy to Clean,CUST-00677,US,5,Love it!,"Really impressed with the build quality of this dog chew toys. It arrived quickly, was packaged well, and does exactly what it promises. Excellent value.",2026-06-04,Y,N,0
RW6VXN9TTTE,B0F635F86R,PawPals Dog Chew Toys — Durable & Easy to Clean,GUEST-15523,US,5,Best purchase this year,"Really impressed with the build quality of this dog chew toys. It arrived quickly, was packaged well, and does exactly what it promises. Excellent value.",2025-04-10,N,N,12
RGRM16XKQVB,B0F635F86R,PawPals Dog Chew Toys — Durable & Easy to Clean,CUST-00118,US,5,Exactly as described,This is my second dog chew toys from PawPals and they never disappoint. The materials feel premium and it performs flawlessly so far.,2025-03-17,N,N,1
RDNVKEPSDWB,B0F635F86R,PawPals Dog Chew Toys — Durable & Easy to Clean,CUST-00471,US,4,Great value for the price,The dog chew toys is quite good overall. It works as expected and the price is fair. Only small thing is the instructions could be clearer.,2026-04-04,N,N,0
R2U84RSVS6M,B0F635F86R,PawPals Dog Chew Toys — Durable & Easy to Clean,CUST-01433,US,5,Exceeded my expectations,"Really impressed with the build quality of this dog chew toys. It arrived quickly, was packaged well, and does exactly what it promises. Excellent value.",2026-01-28,Y,N,0
RXS0W3V3GDK,B0F635F86R,PawPals Dog Chew Toys — Durable & Easy to Clean,CUST-01105,US,5,Love it!,"Really impressed with the build quality of this dog chew toys. It arrived quickly, was packaged well, and does exactly what it promises. Excellent value.",2026-05-27,Y,N,0
RJPUVSKDNMJ,B0F635F86R,PawPals Dog Chew Toys — Durable & Easy to Clean,CUST-01659,US,5,Exceeded my expectations,This is my second dog chew toys from PawPals and they never disappoint. The materials feel premium and it performs flawlessly so far.,2026-07-15,N,N,0
RQ2P11YURZT,B0F635F86R,PawPals Dog Chew Toys — Durable & Easy to Clean,CUST-01409,US,3,It's okay,"The dog chew toys is okay but I expected a bit more. It works, though the materials feel cheaper than the photos suggest. Probably fine for light use.",2026-02-13,N,N,1
RBS2YVFPE7Y,B0F635F86R,PawPals Dog Chew Toys — Durable & Easy to Clean,CUST-01651,US,5,Best purchase this year,I've been using the dog chew toys for a few weeks now and it works great. Setup was easy and the quality feels solid. Would definitely recommend it to a friend.,2026-03-08,N,N,0
R5XB9H7CZRB,B0F635F86R,PawPals Dog Chew Toys — Durable & Easy to Clean,GUEST-16841,US,5,"Five stars, would buy again","Really impressed with the build quality of this dog chew toys. It arrived quickly, was packaged well, and does exactly what it promises. Excellent value.",2026-05-04,Y,N,2
RU6C6N9LHL9,B0F635F86R,PawPals Dog Chew Toys — Durable & Easy to Clean,CUST-00571,US,5,"Five stars, would buy again",This is my second dog chew toys from PawPals and they never disappoint. The materials feel premium and it performs flawlessly so far.,2026-03-03,Y,N,0
R5M4VQ5JT6T,B03ZGX0DF9,PawPals Catnip Toys — Easy to Clean & Non-Toxic,GUEST-39550,US,5,Love it!,This is my second catnip toys from PawPals and they never disappoint. The materials feel premium and it performs flawlessly so far.,2025-07-25,N,N,12
RFTK2GH58XX,B03ZGX0DF9,PawPals Catnip Toys — Easy to Clean & Non-Toxic,CUST-00281,US,5,Best purchase this year,I've been using the catnip toys for a few weeks now and it works great. Setup was easy and the quality feels solid. Would definitely recommend it to a friend.,2026-05-20,Y,N,0
RBT851B1ASK,B03ZGX0DF9,PawPals Catnip Toys — Easy to Clean & Non-Toxic,GUEST-46172,US,5,Love it!,This is my second catnip toys from PawPals and they never disappoint. The materials feel premium and it performs flawlessly so far.,2025-10-25,Y,N,5
RCDQ654GZ1N,B03ZGX0DF9,PawPals Catnip Toys — Easy to Clean & Non-Toxic,CUST-01693,US,5,Exactly as described,This is my second catnip toys from PawPals and they never disappoint. The materials feel premium and it performs flawlessly so far.,2025-06-14,N,N,20
RH93YR18S42,B03ZGX0DF9,PawPals Catnip Toys — Easy to Clean & Non-Toxic,CUST-00011,US,3,Average product,"Mixed feelings about this catnip toys. It works fine so far, but I'm not confident it will last long. Time will tell.",2026-07-30,Y,N,2
RYDYVSMF5SC,B03ZGX0DF9,PawPals Catnip Toys — Easy to Clean & Non-Toxic,CUST-01611,US,5,"Five stars, would buy again","Really impressed with the build quality of this catnip toys. It arrived quickly, was packaged well, and does exactly what it promises. Excellent value.",2025-08-05,Y,N,0
REN7ZEEUP2Z,B03ZGX0DF9,PawPals Catnip Toys — Easy to Clean & Non-Toxic,CUST-01639,US,4,Solid quality,Happy with this catnip toys. Good quality for the money and it arrived on time. Taking one star off because the color is slightly different from the photos.,2025-11-11,Y,N,0
RHKEDHPDZ0L,B0TURPLSHH,PawPals Automatic Pet Feeder — Easy to Clean & Vet Recommended,CUST-00621,US,3,It's okay,Average automatic pet feeder. It does the job but there's nothing special about it. If you're on a budget it's acceptable.,2025-01-07,Y,N,0
RA7SB7ZJEP8,B0TURPLSHH,PawPals Automatic Pet Feeder — Easy to Clean & Vet Recommended,CUST-01328,US,2,Quality could be better,This automatic pet feeder stopped working properly after two weeks. Customer service was slow to respond. Not a great experience.,2025-01-30,Y,N,0
RVDBP29Q6SB,B0TURPLSHH,PawPals Automatic Pet Feeder — Easy to Clean & Vet Recommended,CUST-01617,US,5,Exceeded my expectations,"Really impressed with the build quality of this automatic pet feeder. It arrived quickly, was packaged well, and does exactly what it promises. Excellent value.",2026-07-20,N,N,0
RGL2B4BRKA5,B0TURPLSHH,PawPals Automatic Pet Feeder — Easy to Clean & Vet Recommended,CUST-00272,US,1,Do not buy,Arrived damaged and non-functional. The automatic pet feeder feels like cheap plastic. Very disappointed with this purchase.,2025-08-27,Y,N,0
RJG8847MT3Q,B0TURPLSHH,PawPals Automatic Pet Feeder — Easy to Clean & Vet Recommended,CUST-00839,US,1,Do not buy,,2025-02-22,Y,N,5
R9Q9XVVVTQ5,B0TURPLSHH,PawPals Automatic Pet Feeder — Easy to Clean & Vet Recommended,CUST-00089,US,2,Quality could be better,Disappointed in this automatic pet feeder. It arrived with minor damage and the quality is below what I expected for the price. Returning it.,2025-08-23,N,N,0
RAJMF5WWW8T,B0TURPLSHH,PawPals Automatic Pet Feeder — Easy to Clean & Vet Recommended,CUST-01046,US,5,Exactly as described,I've been using the automatic pet feeder for a few weeks now and it works great. Setup was easy and the quality feels solid. Would definitely recommend it to a friend.,2025-12-12,Y,N,0
RJ7U5VZUG22,B0TURPLSHH,PawPals Automatic Pet Feeder — Easy to Clean & Vet Recommended,CUST-00064,US,1,Terrible product,This automatic pet feeder is a complete waste of money. It broke within days and the seller was unhelpful. Stay away from PawPals.,2026-05-10,Y,N,1
RCX05GD6LNL,B0TURPLSHH,PawPals Automatic Pet Feeder — Easy to Clean & Vet Recommended,CUST-01626,US,5,Exactly as described,I've been using the automatic pet feeder for a few weeks now and it works great. Setup was easy and the quality feels solid. Would definitely recommend it to a friend.,2026-04-18,N,N,0
RL9Y9WD4QYS,B0TURPLSHH,PawPals Automatic Pet Feeder — Easy to Clean & Vet Recommended,CUST-00584,US,4,Solid quality,Happy with this automatic pet feeder. Good quality for the money and it arrived on time. Taking one star off because the color is slightly different from the photos.,2026-03-20,Y,N,5
R4H82NKHXQL,B0TURPLSHH,PawPals Automatic Pet Feeder — Easy to Clean & Vet Recommended,CUST-00923,US,5,Exactly as described,I've been using the automatic pet feeder for a few weeks now and it works great. Setup was easy and the quality feels solid. Would definitely recommend it to a friend.,2025-11-23,Y,N,1
RZ8H6CA5PVX,B0TURPLSHH,PawPals Automatic Pet Feeder — Easy to Clean & Vet Recommended,CUST-01467,US,4,Very good product,Happy with this automatic pet feeder. Good quality for the money and it arrived on time. Taking one star off because the color is slightly different from the photos.,2025-04-09,Y,N,12
R94PNB4SA05,B0TURPLSHH,PawPals Automatic Pet Feeder — Easy to Clean & Vet Recommended,CUST-00977,US,4,Great value for the price,Happy with this automatic pet feeder. Good quality for the money and it arrived on time. Taking one star off because the color is slightly different from the photos.,2025-02-11,Y,N,0
R5RNQPVCKUM,B0HTFHF1FT,LittleNest Silicone Bibs — Hypoallergenic & Safety Certified,CUST-01517,US,2,Quality could be better,Disappointed in this silicone bibs. It arrived with minor damage and the quality is below what I expected for the price. Returning it.,2026-03-18,N,N,2
R736DUP8AVB,B0HTFHF1FT,LittleNest Silicone Bibs — Hypoallergenic & Safety Certified,GUEST-33963,US,4,Happy with this purchase,Happy with this silicone bibs. Good quality for the money and it arrived on time. Taking one star off because the color is slightly different from the photos.,2026-05-02,Y,N,5
RT8QNTL1C04,B0HTFHF1FT,LittleNest Silicone Bibs — Hypoallergenic & Safety Certified,CUST-00264,US,5,Best purchase this year,This is my second silicone bibs from LittleNest and they never disappoint. The materials feel premium and it performs flawlessly so far.,2026-03-10,Y,N,1
RBQY9XFH2A3,B02X1DSSZM,LittleNest Diaper Bag — Hypoallergenic & Easy to Clean,CUST-01555,US,2,Broke quickly,Not thrilled with this diaper bag. It feels flimsy and the performance is inconsistent. I probably wouldn't buy from LittleNest again.,2025-05-25,Y,N,0
RYQ56Z1ZXK1,B02X1DSSZM,LittleNest Diaper Bag — Hypoallergenic & Easy to Clean,CUST-01194,US,3,It's okay,Average diaper bag. It does the job but there's nothing special about it. If you're on a budget it's acceptable.,2026-07-03,Y,N,0
R4GXUFR0Q8Y,B02X1DSSZM,LittleNest Diaper Bag — Hypoallergenic & Easy to Clean,CUST-01584,US,5,Exactly as described,,2026-07-27,Y,N,0
RGW7U9FYL6L,B02X1DSSZM,LittleNest Diaper Bag — Hypoallergenic & Easy to Clean,CUST-00785,US,4,Happy with this purchase,Happy with this diaper bag. Good quality for the money and it arrived on time. Taking one star off because the color is slightly different from the photos.,2026-05-03,Y,N,3
R46XU00NUWY,B02X1DSSZM,LittleNest Diaper Bag — Hypoallergenic & Easy to Clean,CUST-00856,US,5,Exactly as described,I've been using the diaper bag for a few weeks now and it works great. Setup was easy and the quality feels solid. Would definitely recommend it to a friend.,2026-01-31,Y,N,2
RKDT6AG4HYW,B02X1DSSZM,LittleNest Diaper Bag — Hypoallergenic & Easy to Clean,CUST-00610,US,5,"Five stars, would buy again",,2026-01-07,Y,N,0
RJ3V93A475J,B02X1DSSZM,LittleNest Diaper Bag — Hypoallergenic & Easy to Clean,GUEST-37126,US,5,Exceeded my expectations,This is my second diaper bag from LittleNest and they never disappoint. The materials feel premium and it performs flawlessly so far.,2025-12-18,Y,N,1
R8S6TK0MKYX,B02X1DSSZM,LittleNest Diaper Bag — Hypoallergenic & Easy to Clean,CUST-00328,US,1,Terrible product,This diaper bag is a complete waste of money. It broke within days and the seller was unhelpful. Stay away from LittleNest.,2025-11-11,Y,N,2
RX6GYVXUC6P,B02X1DSSZM,LittleNest Diaper Bag — Hypoallergenic & Easy to Clean,CUST-01709,US,1,Waste of money,This diaper bag is a complete waste of money. It broke within days and the seller was unhelpful. Stay away from LittleNest.,2026-04-27,Y,N,0
R3WTJS76ZW1,B02X1DSSZM,LittleNest Diaper Bag — Hypoallergenic & Easy to Clean,CUST-00731,US,4,Great value for the price,The diaper bag is quite good overall. It works as expected and the price is fair. Only small thing is the instructions could be clearer.,2025-11-04,Y,N,0
RT9QNFT99BK,B02X1DSSZM,LittleNest Diaper Bag — Hypoallergenic & Easy to Clean,CUST-01060,US,5,"Five stars, would buy again","Really impressed with the build quality of this diaper bag. It arrived quickly, was packaged well, and does exactly what it promises. Excellent value.",2026-06-02,N,N,1
RXHMXRSWGT4,B02X1DSSZM,LittleNest Diaper Bag — Hypoallergenic & Easy to Clean,CUST-00109,US,5,Exactly as described,This is my second diaper bag from LittleNest and they never disappoint. The materials feel premium and it performs flawlessly so far.,2026-04-11,Y,N,0
RLNYQ664W0T,B02X1DSSZM,LittleNest Diaper Bag — Hypoallergenic & Easy to Clean,CUST-01110,US,1,Arrived damaged,Arrived damaged and non-functional. The diaper bag feels like cheap plastic. Very disappointed with this purchase.,2025-05-26,Y,N,0
R2K39FY7ML2,B02X1DSSZM,LittleNest Diaper Bag — Hypoallergenic & Easy to Clean,CUST-00766,US,4,Great value for the price,"Solid product from LittleNest. It does what it's supposed to do. Not perfect, but for this price point it's a great buy.",2026-05-27,Y,N,5
RWNNUT2960V,B02X1DSSZM,LittleNest Diaper Bag — Hypoallergenic & Easy to Clean,CUST-01004,US,5,Exactly as described,I've been using the diaper bag for a few weeks now and it works great. Setup was easy and the quality feels solid. Would definitely recommend it to a friend.,2026-03-18,N,N,0
RYGA16NE37R,B02X1DSSZM,LittleNest Diaper Bag — Hypoallergenic & Easy to Clean,CUST-01453,US,5,Exactly as described,I've been using the diaper bag for a few weeks now and it works great. Setup was easy and the quality feels solid. Would definitely recommend it to a friend.,2026-02-13,N,N,0
RH1DR21998L,B02X1DSSZM,LittleNest Diaper Bag — Hypoallergenic & Easy to Clean,CUST-01537,US,4,Solid quality,The diaper bag is quite good overall. It works as expected and the price is fair. Only small thing is the instructions could be clearer.,2025-02-24,Y,N,0
RB4CW7CK6Q2,B02X1DSSZM,LittleNest Diaper Bag — Hypoallergenic & Easy to Clean,CUST-00505,US,4,Happy with this purchase,Happy with this diaper bag. Good quality for the money and it arrived on time. Taking one star off because the color is slightly different from the photos.,2025-05-28,N,N,12
RF23BMHVF5N,B02X1DSSZM,LittleNest Diaper Bag — Hypoallergenic & Easy to Clean,CUST-00954,US,4,Great value for the price,Happy with this diaper bag. Good quality for the money and it arrived on time. Taking one star off because the color is slightly different from the photos.,2025-10-24,Y,N,3
RR2TPV5RJU1,B02X1DSSZM,LittleNest Diaper Bag — Hypoallergenic & Easy to Clean,CUST-00982,US,2,Not what I expected,This diaper bag stopped working properly after two weeks. Customer service was slow to respond. Not a great experience.,2025-04-19,Y,N,2
RT3YST6VXBA,B02X1DSSZM,LittleNest Diaper Bag — Hypoallergenic & Easy to Clean,CUST-01114,US,5,Best purchase this year,I've been using the diaper bag for a few weeks now and it works great. Setup was easy and the quality feels solid. Would definitely recommend it to a friend.,2025-05-29,N,N,2
R8DCS8DZ5EA,B02X1DSSZM,LittleNest Diaper Bag — Hypoallergenic & Easy to Clean,CUST-00209,US,2,Broke quickly,This diaper bag stopped working properly after two weeks. Customer service was slow to respond. Not a great experience.,2026-04-03,Y,N,0
R0E0CNYHTUL,B02X1DSSZM,LittleNest Diaper Bag — Hypoallergenic & Easy to Clean,CUST-01011,US,3,Mixed feelings,"Mixed feelings about this diaper bag. It works fine so far, but I'm not confident it will last long. Time will tell.",2025-12-31,Y,N,0
RZZAQLPM0VR,B04ZD4ZURZ,LittleNest Baby Monitor — Safety Certified & Hypoallergenic,CUST-00793,US,5,Exceeded my expectations,"Really impressed with the build quality of this baby monitor. It arrived quickly, was packaged well, and does exactly what it promises. Excellent value.",2025-11-01,Y,N,1
R5SBZFHUJ7U,B04ZD4ZURZ,LittleNest Baby Monitor — Safety Certified & Hypoallergenic,GUEST-71335,US,3,Average product,"Mixed feelings about this baby monitor. It works fine so far, but I'm not confident it will last long. Time will tell.",2026-02-26,N,N,1
RTU8QJFPUDP,B04ZD4ZURZ,LittleNest Baby Monitor — Safety Certified & Hypoallergenic,CUST-00409,US,4,Solid quality,"Solid product from LittleNest. It does what it's supposed to do. Not perfect, but for this price point it's a great buy.",2026-05-24,Y,N,0
RRC4E5UN7KG,B04ZD4ZURZ,LittleNest Baby Monitor — Safety Certified & Hypoallergenic,CUST-00335,US,5,Exactly as described,"Really impressed with the build quality of this baby monitor. It arrived quickly, was packaged well, and does exactly what it promises. Excellent value.",2025-04-05,N,N,1
RZH9ZMZ3MT9,B04ZD4ZURZ,LittleNest Baby Monitor — Safety Certified & Hypoallergenic,CUST-01456,US,5,Exceeded my expectations,,2025-06-19,Y,N,2
RX4DE7MYR38,B04ZD4ZURZ,LittleNest Baby Monitor — Safety Certified & Hypoallergenic,CUST-01059,US,5,Exceeded my expectations,I've been using the baby monitor for a few weeks now and it works great. Setup was easy and the quality feels solid. Would definitely recommend it to a friend.,2026-06-24,N,N,2
R7DJTW80W8S,B04ZD4ZURZ,LittleNest Baby Monitor — Safety Certified & Hypoallergenic,CUST-00964,US,4,Happy with this purchase,Happy with this baby monitor. Good quality for the money and it arrived on time. Taking one star off because the color is slightly different from the photos.,2025-03-22,Y,N,0
RGSLXZH17E0,B04ZD4ZURZ,LittleNest Baby Monitor — Safety Certified & Hypoallergenic,CUST-01603,US,5,Best purchase this year,I've been using the baby monitor for a few weeks now and it works great. Setup was easy and the quality feels solid. Would definitely recommend it to a friend.,2026-06-04,Y,N,3
R7Z7RGMQCG7,B04ZD4ZURZ,LittleNest Baby Monitor — Safety Certified & Hypoallergenic,CUST-00033,US,5,Love it!,This is my second baby monitor from LittleNest and they never disappoint. The materials feel premium and it performs flawlessly so far.,2026-03-28,Y,N,1
RH982RE5TDY,B04ZD4ZURZ,LittleNest Baby Monitor — Safety Certified & Hypoallergenic,GUEST-59041,US,5,Best purchase this year,I've been using the baby monitor for a few weeks now and it works great. Setup was easy and the quality feels solid. Would definitely recommend it to a friend.,2025-06-20,Y,N,0
RVZSENE0G6P,B04ZD4ZURZ,LittleNest Baby Monitor — Safety Certified & Hypoallergenic,CUST-00544,US,4,"Good, with minor nitpicks","Solid product from LittleNest. It does what it's supposed to do. Not perfect, but for this price point it's a great buy.",2026-06-09,Y,N,0
R6E99744BHJ,B04ZD4ZURZ,LittleNest Baby Monitor — Safety Certified & Hypoallergenic,CUST-00463,US,2,Not what I expected,Disappointed in this baby monitor. It arrived with minor damage and the quality is below what I expected for the price. Returning it.,2026-06-13,N,N,3
R4MS98YQNG7,B04ZD4ZURZ,LittleNest Baby Monitor — Safety Certified & Hypoallergenic,CUST-01243,US,3,Decent but not amazing,Average baby monitor. It does the job but there's nothing special about it. If you're on a budget it's acceptable.,2025-04-19,Y,N,1
RJH3QSEGSPV,B04ZD4ZURZ,LittleNest Baby Monitor — Safety Certified & Hypoallergenic,CUST-00920,US,4,Great value for the price,"Solid product from LittleNest. It does what it's supposed to do. Not perfect, but for this price point it's a great buy.",2025-08-22,Y,N,0
RFJWJ4YQDV6,B01NLXW82L,LittleNest Bassinet — Safety Certified & BPA-Free,CUST-00638,US,5,Love it!,This is my second bassinet from LittleNest and they never disappoint. The materials feel premium and it performs flawlessly so far.,2025-10-03,Y,N,3
RL8WVRDM6MJ,B01NLXW82L,LittleNest Bassinet — Safety Certified & BPA-Free,CUST-01310,US,1,Waste of money,This bassinet is a complete waste of money. It broke within days and the seller was unhelpful. Stay away from LittleNest.,2025-06-23,Y,N,1
RECEKEHDAY4,B01NLXW82L,LittleNest Bassinet — Safety Certified & BPA-Free,CUST-00749,US,2,Quality could be better,This bassinet stopped working properly after two weeks. Customer service was slow to respond. Not a great experience.,2026-06-13,Y,N,12
RYF99Q9UVJ2,B01NLXW82L,LittleNest Bassinet — Safety Certified & BPA-Free,CUST-00177,US,5,"Five stars, would buy again",I've been using the bassinet for a few weeks now and it works great. Setup was easy and the quality feels solid. Would definitely recommend it to a friend.,2025-02-25,Y,N,0
RY6A82RS4H3,B01NLXW82L,LittleNest Bassinet — Safety Certified & BPA-Free,CUST-00599,US,5,"Five stars, would buy again","Really impressed with the build quality of this bassinet. It arrived quickly, was packaged well, and does exactly what it promises. Excellent value.",2026-03-09,N,N,1
R4KJEPYD6CC,B01NLXW82L,LittleNest Bassinet — Safety Certified & BPA-Free,CUST-01421,US,5,Exceeded my expectations,"Really impressed with the build quality of this bassinet. It arrived quickly, was packaged well, and does exactly what it promises. Excellent value.",2026-04-29,Y,N,0
RQ77PAEMA92,B01NLXW82L,LittleNest Bassinet — Safety Certified & BPA-Free,CUST-00170,US,4,Great value for the price,The bassinet is quite good overall. It works as expected and the price is fair. Only small thing is the instructions could be clearer.,2025-02-26,Y,N,0
RMG67EVT2ME,B01NLXW82L,LittleNest Bassinet — Safety Certified & BPA-Free,CUST-01446,US,2,Not what I expected,Disappointed in this bassinet. It arrived with minor damage and the quality is below what I expected for the price. Returning it.,2026-07-03,Y,N,0
R99VQW00FH3,B01NLXW82L,LittleNest Bassinet — Safety Certified & BPA-Free,CUST-00653,US,2,Would not recommend,This bassinet stopped working properly after two weeks. Customer service was slow to respond. Not a great experience.,2026-07-05,Y,N,2
RKPTNEL2XBQ,B01NLXW82L,LittleNest Bassinet — Safety Certified & BPA-Free,CUST-00117,US,4,Great value for the price,The bassinet is quite good overall. It works as expected and the price is fair. Only small thing is the instructions could be clearer.,2026-06-27,Y,N,0
RDLVW5B4M8M,B04Z7XKKST,LittleNest Swaddle Blankets — BPA-Free & Safety Certified,CUST-00095,US,5,Exactly as described,This is my second swaddle blankets from LittleNest and they never disappoint. The materials feel premium and it performs flawlessly so far.,2025-08-16,Y,N,0
RD77Q29QEW1,B04Z7XKKST,LittleNest Swaddle Blankets — BPA-Free & Safety Certified,CUST-00991,US,5,Best purchase this year,"Really impressed with the build quality of this swaddle blankets. It arrived quickly, was packaged well, and does exactly what it promises. Excellent value.",2025-02-13,Y,N,0
RR2FEYZMTAS,B04Z7XKKST,LittleNest Swaddle Blankets — BPA-Free & Safety Certified,CUST-01660,US,5,Love it!,I've been using the swaddle blankets for a few weeks now and it works great. Setup was easy and the quality feels solid. Would definitely recommend it to a friend.,2026-03-09,Y,N,3
R7X7D1C2HR6,B04Z7XKKST,LittleNest Swaddle Blankets — BPA-Free & Safety Certified,GUEST-97136,US,5,"Five stars, would buy again","Really impressed with the build quality of this swaddle blankets. It arrived quickly, was packaged well, and does exactly what it promises. Excellent value.",2025-05-23,N,N,3
R8T0MTJLKY4,B04Z7XKKST,LittleNest Swaddle Blankets — BPA-Free & Safety Certified,CUST-00098,US,4,Very good product,The swaddle blankets is quite good overall. It works as expected and the price is fair. Only small thing is the instructions could be clearer.,2025-04-13,Y,N,0
RTJM03CU2SA,B04Z7XKKST,LittleNest Swaddle Blankets — BPA-Free & Safety Certified,CUST-01081,US,4,Solid quality,"Solid product from LittleNest. It does what it's supposed to do. Not perfect, but for this price point it's a great buy.",2026-07-09,Y,N,3
RK30HDC1SC4,B04Z7XKKST,LittleNest Swaddle Blankets — BPA-Free & Safety Certified,CUST-01693,US,5,Exactly as described,I've been using the swaddle blankets for a few weeks now and it works great. Setup was easy and the quality feels solid. Would definitely recommend it to a friend.,2026-01-16,Y,N,0
R0WAZD4XRQH,B04Z7XKKST,LittleNest Swaddle Blankets — BPA-Free & Safety Certified,CUST-01666,US,5,"Five stars, would buy again",This is my second swaddle blankets from LittleNest and they never disappoint. The materials feel premium and it performs flawlessly so far.,2025-09-11,N,N,35
RQ9799FDEAQ,B04Z7XKKST,LittleNest Swaddle Blankets — BPA-Free & Safety Certified,CUST-01335,US,4,Great value for the price,"Solid product from LittleNest. It does what it's supposed to do. Not perfect, but for this price point it's a great buy.",2026-03-23,Y,N,0
RT7TNZQEPJM,B04Z7XKKST,LittleNest Swaddle Blankets — BPA-Free & Safety Certified,CUST-00762,US,4,Happy with this purchase,"Solid product from LittleNest. It does what it's supposed to do. Not perfect, but for this price point it's a great buy.",2026-04-03,Y,N,1
RCS5QLW79HZ,B04Z7XKKST,LittleNest Swaddle Blankets — BPA-Free & Safety Certified,CUST-01075,US,5,Best purchase this year,I've been using the swaddle blankets for a few weeks now and it works great. Setup was easy and the quality feels solid. Would definitely recommend it to a friend.,2025-08-24,Y,N,0
RSXUYBNYNB4,B04Z7XKKST,LittleNest Swaddle Blankets — BPA-Free & Safety Certified,CUST-01691,US,4,"Good, with minor nitpicks","Solid product from LittleNest. It does what it's supposed to do. Not perfect, but for this price point it's a great buy.",2025-04-09,Y,N,3
R0HUK29YCR7,B04Z7XKKST,LittleNest Swaddle Blankets — BPA-Free & Safety Certified,CUST-00859,US,5,"Five stars, would buy again",I've been using the swaddle blankets for a few weeks now and it works great. Setup was easy and the quality feels solid. Would definitely recommend it to a friend.,2025-02-06,Y,N,0
RHQGGUF2N8C,B04Z7XKKST,LittleNest Swaddle Blankets — BPA-Free & Safety Certified,CUST-00851,US,5,"Five stars, would buy again",This is my second swaddle blankets from LittleNest and they never disappoint. The materials feel premium and it performs flawlessly so far.,2025-10-18,Y,N,0
RYRRBFGN657,B04Z7XKKST,LittleNest Swaddle Blankets — BPA-Free & Safety Certified,CUST-00708,US,4,"Good, with minor nitpicks",The swaddle blankets is quite good overall. It works as expected and the price is fair. Only small thing is the instructions could be clearer.,2026-02-28,Y,N,8
RL5Q0SVK3X2,B0EGZYNSAE,LittleNest Baby Bath Tub — Hypoallergenic & Safety Certified,CUST-00259,US,4,"Good, with minor nitpicks","Solid product from LittleNest. It does what it's supposed to do. Not perfect, but for this price point it's a great buy.",2025-11-16,Y,N,20
R1DE1CD4L6B,B0EGZYNSAE,LittleNest Baby Bath Tub — Hypoallergenic & Safety Certified,CUST-01039,US,4,Happy with this purchase,The baby bath tub is quite good overall. It works as expected and the price is fair. Only small thing is the instructions could be clearer.,2026-03-23,Y,N,3
R4AZ03TGRW3,B0EGZYNSAE,LittleNest Baby Bath Tub — Hypoallergenic & Safety Certified,CUST-00519,US,4,Great value for the price,"Solid product from LittleNest. It does what it's supposed to do. Not perfect, but for this price point it's a great buy.",2026-05-16,Y,N,5
R08C7FGW6G1,B0EGZYNSAE,LittleNest Baby Bath Tub — Hypoallergenic & Safety Certified,CUST-00043,US,4,"Good, with minor nitpicks","Solid product from LittleNest. It does what it's supposed to do. Not perfect, but for this price point it's a great buy.",2026-07-14,Y,N,3
RFSRBN3777D,B0EGZYNSAE,LittleNest Baby Bath Tub — Hypoallergenic & Safety Certified,CUST-01616,US,5,"Five stars, would buy again","Really impressed with the build quality of this baby bath tub. It arrived quickly, was packaged well, and does exactly what it promises. Excellent value.",2025-04-26,Y,N,5
RLWM6G1YNQK,B0EGZYNSAE,LittleNest Baby Bath Tub — Hypoallergenic & Safety Certified,CUST-00969,US,4,Very good product,Happy with this baby bath tub. Good quality for the money and it arrived on time. Taking one star off because the color is slightly different from the photos.,2026-03-20,Y,N,0
R7QH4RDZY9D,B0EGZYNSAE,LittleNest Baby Bath Tub — Hypoallergenic & Safety Certified,CUST-00740,US,4,"Good, with minor nitpicks",Happy with this baby bath tub. Good quality for the money and it arrived on time. Taking one star off because the color is slightly different from the photos.,2026-02-22,Y,N,0
RS7WSG7B9EJ,B0EGZYNSAE,LittleNest Baby Bath Tub — Hypoallergenic & Safety Certified,CUST-00962,US,5,Best purchase this year,I've been using the baby bath tub for a few weeks now and it works great. Setup was easy and the quality feels solid. Would definitely recommend it to a friend.,2025-11-12,Y,N,0
RKT7J1NSHUP,B0EGZYNSAE,LittleNest Baby Bath Tub — Hypoallergenic & Safety Certified,CUST-00883,US,5,Exceeded my expectations,I've been using the baby bath tub for a few weeks now and it works great. Setup was easy and the quality feels solid. Would definitely recommend it to a friend.,2026-05-12,Y,N,0
RNRHEKY9FUF,B0EGZYNSAE,LittleNest Baby Bath Tub — Hypoallergenic & Safety Certified,CUST-00785,US,5,Exactly as described,"Really impressed with the build quality of this baby bath tub. It arrived quickly, was packaged well, and does exactly what it promises. Excellent value.",2026-04-19,N,N,8
RPTFS68F97K,B0EGZYNSAE,LittleNest Baby Bath Tub — Hypoallergenic & Safety Certified,CUST-01470,US,4,Happy with this purchase,The baby bath tub is quite good overall. It works as expected and the price is fair. Only small thing is the instructions could be clearer.,2025-11-07,Y,N,0
R9TATJZ3WKQ,B0EGZYNSAE,LittleNest Baby Bath Tub — Hypoallergenic & Safety Certified,CUST-01765,US,5,Exactly as described,This is my second baby bath tub from LittleNest and they never disappoint. The materials feel premium and it performs flawlessly so far.,2026-03-07,Y,N,0
RGYWG4P69HS,B0EGZYNSAE,LittleNest Baby Bath Tub — Hypoallergenic & Safety Certified,CUST-00537,US,5,Exceeded my expectations,This is my second baby bath tub from LittleNest and they never disappoint. The materials feel premium and it performs flawlessly so far.,2026-07-01,Y,N,0
RQU7FB1D4K2,B0YJ486MXU,LittleNest Baby Safety Gate — Safety Certified & BPA-Free,CUST-00760,US,2,Not what I expected,Not thrilled with this baby safety gate. It feels flimsy and the performance is inconsistent. I probably wouldn't buy from LittleNest again.,2026-02-27,N,N,0
RU3WG2C3PL4,B0YJ486MXU,LittleNest Baby Safety Gate — Safety Certified & BPA-Free,CUST-00043,US,5,Exceeded my expectations,I've been using the baby safety gate for a few weeks now and it works great. Setup was easy and the quality feels solid. Would definitely recommend it to a friend.,2025-12-18,Y,N,0
RNX8PHV1DDP,B0YJ486MXU,LittleNest Baby Safety Gate — Safety Certified & BPA-Free,GUEST-42920,US,4,"Good, with minor nitpicks",Happy with this baby safety gate. Good quality for the money and it arrived on time. Taking one star off because the color is slightly different from the photos.,2026-06-22,Y,N,1
RUEZ8VLNSAS,B0YJ486MXU,LittleNest Baby Safety Gate — Safety Certified & BPA-Free,GUEST-88553,US,4,Very good product,The baby safety gate is quite good overall. It works as expected and the price is fair. Only small thing is the instructions could be clearer.,2025-02-22,Y,N,0
RSKCS3W1QLB,B0YJ486MXU,LittleNest Baby Safety Gate — Safety Certified & BPA-Free,GUEST-27568,US,5,Exactly as described,This is my second baby safety gate from LittleNest and they never disappoint. The materials feel premium and it performs flawlessly so far.,2025-10-24,Y,N,0
RD2N0NHCBUX,B0YJ486MXU,LittleNest Baby Safety Gate — Safety Certified & BPA-Free,CUST-01567,US,5,"Five stars, would buy again",This is my second baby safety gate from LittleNest and they never disappoint. The materials feel premium and it performs flawlessly so far.,2025-04-14,N,N,0
RMR1SDBKN9R,B0YJ486MXU,LittleNest Baby Safety Gate — Safety Certified & BPA-Free,CUST-00930,US,5,Best purchase this year,This is my second baby safety gate from LittleNest and they never disappoint. The materials feel premium and it performs flawlessly so far.,2025-08-10,Y,N,0
R307EYQL3VX,B0QKGVBY0X,LittleNest Baby Bottle Set — BPA-Free & Hypoallergenic,CUST-01680,US,4,Very good product,The baby bottle set is quite good overall. It works as expected and the price is fair. Only small thing is the instructions could be clearer.,2026-07-07,Y,N,1
RQVJRDSY023,B0QKGVBY0X,LittleNest Baby Bottle Set — BPA-Free & Hypoallergenic,CUST-00710,US,5,Best purchase this year,"Really impressed with the build quality of this baby bottle set. It arrived quickly, was packaged well, and does exactly what it promises. Excellent value.",2025-05-03,Y,N,1
R0RASVGYEDR,B0QKGVBY0X,LittleNest Baby Bottle Set — BPA-Free & Hypoallergenic,CUST-00674,US,5,Exceeded my expectations,This is my second baby bottle set from LittleNest and they never disappoint. The materials feel premium and it performs flawlessly so far.,2025-12-10,Y,N,0
RA6XB51T28R,B0QKGVBY0X,LittleNest Baby Bottle Set — BPA-Free & Hypoallergenic,CUST-01409,US,4,"Good, with minor nitpicks",Happy with this baby bottle set. Good quality for the money and it arrived on time. Taking one star off because the color is slightly different from the photos.,2026-07-03,Y,N,0
RXYXT3TLUY0,B0QKGVBY0X,LittleNest Baby Bottle Set — BPA-Free & Hypoallergenic,CUST-01204,US,5,"Five stars, would buy again",I've been using the baby bottle set for a few weeks now and it works great. Setup was easy and the quality feels solid. Would definitely recommend it to a friend.,2026-03-19,N,N,0
R7MA6TCQ71U,B0QKGVBY0X,LittleNest Baby Bottle Set — BPA-Free & Hypoallergenic,CUST-00308,US,4,"Good, with minor nitpicks",Happy with this baby bottle set. Good quality for the money and it arrived on time. Taking one star off because the color is slightly different from the photos.,2026-02-23,Y,N,0
RWGXUWDTF0U,B0QKGVBY0X,LittleNest Baby Bottle Set — BPA-Free & Hypoallergenic,CUST-00892,US,5,Love it!,I've been using the baby bottle set for a few weeks now and it works great. Setup was easy and the quality feels solid. Would definitely recommend it to a friend.,2026-01-23,Y,N,0
RPB5P2NYY3M,B0QKGVBY0X,LittleNest Baby Bottle Set — BPA-Free & Hypoallergenic,CUST-00400,US,4,"Good, with minor nitpicks","Solid product from LittleNest. It does what it's supposed to do. Not perfect, but for this price point it's a great buy.",2026-06-17,Y,N,0
RAP6J1ENDQ1,B0QKGVBY0X,LittleNest Baby Bottle Set — BPA-Free & Hypoallergenic,CUST-01709,US,5,Exceeded my expectations,I've been using the baby bottle set for a few weeks now and it works great. Setup was easy and the quality feels solid. Would definitely recommend it to a friend.,2025-05-31,Y,N,0
RNBNJZ6NZEX,B0QKGVBY0X,LittleNest Baby Bottle Set — BPA-Free & Hypoallergenic,CUST-01193,US,5,"Five stars, would buy again",This is my second baby bottle set from LittleNest and they never disappoint. The materials feel premium and it performs flawlessly so far.,2025-08-16,N,N,1
RAZMVFS2M2E,B0QKGVBY0X,LittleNest Baby Bottle Set — BPA-Free & Hypoallergenic,CUST-01332,US,5,Love it!,"Really impressed with the build quality of this baby bottle set. It arrived quickly, was packaged well, and does exactly what it promises. Excellent value.",2026-02-17,N,N,0
RD6CGF4BE31,B0FTQRA6A1,DriveGuard Dash Cam — Heavy Duty & Easy Install,CUST-00968,US,5,Exceeded my expectations,I've been using the dash cam for a few weeks now and it works great. Setup was easy and the quality feels solid. Would definitely recommend it to a friend.,2025-08-27,Y,N,1
R7QXXK3SD24,B0FTQRA6A1,DriveGuard Dash Cam — Heavy Duty & Easy Install,GUEST-61916,US,5,Love it!,This is my second dash cam from DriveGuard and they never disappoint. The materials feel premium and it performs flawlessly so far.,2025-11-29,Y,N,5
RYY5LQPXRH1,B0FTQRA6A1,DriveGuard Dash Cam — Heavy Duty & Easy Install,CUST-00474,US,4,Happy with this purchase,The dash cam is quite good overall. It works as expected and the price is fair. Only small thing is the instructions could be clearer.,2025-04-26,Y,N,5
R2GFN219DZV,B0FTQRA6A1,DriveGuard Dash Cam — Heavy Duty & Easy Install,CUST-00668,US,5,Best purchase this year,"Really impressed with the build quality of this dash cam. It arrived quickly, was packaged well, and does exactly what it promises. Excellent value.",2025-10-19,Y,N,0
RDDDJPT41U8,B0FTQRA6A1,DriveGuard Dash Cam — Heavy Duty & Easy Install,CUST-00985,US,1,Terrible product,Arrived damaged and non-functional. The dash cam feels like cheap plastic. Very disappointed with this purchase.,2025-02-05,N,N,0
RM1NWX4SSHX,B0FTQRA6A1,DriveGuard Dash Cam — Heavy Duty & Easy Install,CUST-00723,US,5,Exceeded my expectations,This is my second dash cam from DriveGuard and they never disappoint. The materials feel premium and it performs flawlessly so far.,2025-06-25,Y,N,3
RZDP81N52DK,B0FTQRA6A1,DriveGuard Dash Cam — Heavy Duty & Easy Install,CUST-01108,US,5,Best purchase this year,"Really impressed with the build quality of this dash cam. It arrived quickly, was packaged well, and does exactly what it promises. Excellent value.",2025-07-17,Y,N,2
RZGFL6298SG,B0FTQRA6A1,DriveGuard Dash Cam — Heavy Duty & Easy Install,CUST-01722,US,5,"Five stars, would buy again",This is my second dash cam from DriveGuard and they never disappoint. The materials feel premium and it performs flawlessly so far.,2025-01-23,N,N,0
RSYVEAGTLLR,B0FTQRA6A1,DriveGuard Dash Cam — Heavy Duty & Easy Install,CUST-01769,US,3,Average product,"Mixed feelings about this dash cam. It works fine so far, but I'm not confident it will last long. Time will tell.",2025-03-28,Y,N,0
RZGLJV42ZY5,B0FTQRA6A1,DriveGuard Dash Cam — Heavy Duty & Easy Install,CUST-01096,US,4,Great value for the price,"Solid product from DriveGuard. It does what it's supposed to do. Not perfect, but for this price point it's a great buy.",2025-07-15,N,N,0
RG7MM1S26NB,B0FTQRA6A1,DriveGuard Dash Cam — Heavy Duty & Easy Install,CUST-01346,US,4,"Good, with minor nitpicks",The dash cam is quite good overall. It works as expected and the price is fair. Only small thing is the instructions could be clearer.,2026-01-16,Y,N,5
RVV4D0GA4XE,B0FTQRA6A1,DriveGuard Dash Cam — Heavy Duty & Easy Install,CUST-00401,US,3,Does the job,"Mixed feelings about this dash cam. It works fine so far, but I'm not confident it will last long. Time will tell.",2026-04-21,Y,N,0
R2H89BPEQSM,B0FTQRA6A1,DriveGuard Dash Cam — Heavy Duty & Easy Install,GUEST-63150,US,4,Solid quality,Happy with this dash cam. Good quality for the money and it arrived on time. Taking one star off because the color is slightly different from the photos.,2026-07-05,Y,N,2
R1SL10M27KL,B0FTQRA6A1,DriveGuard Dash Cam — Heavy Duty & Easy Install,CUST-00817,US,5,Best purchase this year,"Really impressed with the build quality of this dash cam. It arrived quickly, was packaged well, and does exactly what it promises. Excellent value.",2025-11-01,Y,N,0
RSCRV64B9YT,B0FTQRA6A1,DriveGuard Dash Cam — Heavy Duty & Easy Install,GUEST-96501,US,5,Best purchase this year,This is my second dash cam from DriveGuard and they never disappoint. The materials feel premium and it performs flawlessly so far.,2025-06-16,Y,N,3
RYTBAEE0W8M,B0FTQRA6A1,DriveGuard Dash Cam — Heavy Duty & Easy Install,CUST-00882,US,4,Great value for the price,"Solid product from DriveGuard. It does what it's supposed to do. Not perfect, but for this price point it's a great buy.",2025-07-28,Y,N,0
RQ3A0880C46,B0FTQRA6A1,DriveGuard Dash Cam — Heavy Duty & Easy Install,CUST-01224,US,4,"Good, with minor nitpicks",Happy with this dash cam. Good quality for the money and it arrived on time. Taking one star off because the color is slightly different from the photos.,2025-04-26,N,N,0
RCHJWA9BFEQ,B0FTQRA6A1,DriveGuard Dash Cam — Heavy Duty & Easy Install,CUST-01029,US,5,Best purchase this year,,2025-10-12,N,N,2
RL4YXPH6GLA,B0YBRGQRFQ,DriveGuard Car Vacuum — Long Cord & Easy Install,CUST-00729,US,5,Exceeded my expectations,"Really impressed with the build quality of this car vacuum. It arrived quickly, was packaged well, and does exactly what it promises. Excellent value.",2025-12-29,Y,N,0
RX1HE3NCCCS,B0YBRGQRFQ,DriveGuard Car Vacuum — Long Cord & Easy Install,CUST-01050,US,5,Best purchase this year,This is my second car vacuum from DriveGuard and they never disappoint. The materials feel premium and it performs flawlessly so far.,2025-11-23,N,N,0
RVW5LNFC6D6,B0YBRGQRFQ,DriveGuard Car Vacuum — Long Cord & Easy Install,CUST-00629,US,5,Love it!,I've been using the car vacuum for a few weeks now and it works great. Setup was easy and the quality feels solid. Would definitely recommend it to a friend.,2026-06-21,N,N,0
R02R462CYHL,B0YBRGQRFQ,DriveGuard Car Vacuum — Long Cord & Easy Install,CUST-01145,US,5,Exceeded my expectations,I've been using the car vacuum for a few weeks now and it works great. Setup was easy and the quality feels solid. Would definitely recommend it to a friend.,2025-08-09,Y,N,1
RJW73QVW0U1,B02T104M25,DriveGuard Jump Starter — Long Cord & Universal Fit,GUEST-42479,US,5,Love it!,"Really impressed with the build quality of this jump starter. It arrived quickly, was packaged well, and does exactly what it promises. Excellent value.",2026-04-14,Y,N,3
RE7X5ATEC8J,B02T104M25,DriveGuard Jump Starter — Long Cord & Universal Fit,CUST-01102,US,4,Great value for the price,"Solid product from DriveGuard. It does what it's supposed to do. Not perfect, but for this price point it's a great buy.",2026-04-19,Y,N,0
REBCG6UFZ4K,B02T104M25,DriveGuard Jump Starter — Long Cord & Universal Fit,GUEST-19626,US,4,"Good, with minor nitpicks",The jump starter is quite good overall. It works as expected and the price is fair. Only small thing is the instructions could be clearer.,2025-03-07,Y,N,0
RZPJN6FCU2A,B02T104M25,DriveGuard Jump Starter — Long Cord & Universal Fit,CUST-01266,US,5,Best purchase this year,I've been using the jump starter for a few weeks now and it works great. Setup was easy and the quality feels solid. Would definitely recommend it to a friend.,2026-01-04,Y,N,2
RSTGM3PAUD7,B02T104M25,DriveGuard Jump Starter — Long Cord & Universal Fit,CUST-00889,US,5,Love it!,I've been using the jump starter for a few weeks now and it works great. Setup was easy and the quality feels solid. Would definitely recommend it to a friend.,2025-12-19,Y,N,0
R5SC160UF5F,B02T104M25,DriveGuard Jump Starter — Long Cord & Universal Fit,CUST-00668,US,5,Exactly as described,I've been using the jump starter for a few weeks now and it works great. Setup was easy and the quality feels solid. Would definitely recommend it to a friend.,2026-06-03,Y,N,5
RHMAJD4832U,B02T104M25,DriveGuard Jump Starter — Long Cord & Universal Fit,CUST-00544,US,4,Great value for the price,The jump starter is quite good overall. It works as expected and the price is fair. Only small thing is the instructions could be clearer.,2025-10-13,Y,N,5
R9WJR7SL8RA,B02T104M25,DriveGuard Jump Starter — Long Cord & Universal Fit,CUST-01125,US,5,Exceeded my expectations,"Really impressed with the build quality of this jump starter. It arrived quickly, was packaged well, and does exactly what it promises. Excellent value.",2026-02-16,N,N,1
RUPXFMSWQNM,B02T104M25,DriveGuard Jump Starter — Long Cord & Universal Fit,CUST-01376,US,5,Exactly as described,This is my second jump starter from DriveGuard and they never disappoint. The materials feel premium and it performs flawlessly so far.,2026-01-12,Y,N,5
RT3U6L8N05R,B02T104M25,DriveGuard Jump Starter — Long Cord & Universal Fit,CUST-01028,US,5,Best purchase this year,I've been using the jump starter for a few weeks now and it works great. Setup was easy and the quality feels solid. Would definitely recommend it to a friend.,2025-05-21,Y,N,8
R6XYMUSB04C,B02T104M25,DriveGuard Jump Starter — Long Cord & Universal Fit,CUST-01402,US,5,"Five stars, would buy again",This is my second jump starter from DriveGuard and they never disappoint. The materials feel premium and it performs flawlessly so far.,2025-02-14,N,N,1
RRZNEMWQ9GW,B02T104M25,DriveGuard Jump Starter — Long Cord & Universal Fit,CUST-01455,US,4,Happy with this purchase,The jump starter is quite good overall. It works as expected and the price is fair. Only small thing is the instructions could be clearer.,2026-07-02,Y,N,0
RXDD753DAVB,B02T104M25,DriveGuard Jump Starter — Long Cord & Universal Fit,CUST-00470,US,5,Love it!,This is my second jump starter from DriveGuard and they never disappoint. The materials feel premium and it performs flawlessly so far.,2025-03-06,Y,N,1
RGSYKKB59VG,B02T104M25,DriveGuard Jump Starter — Long Cord & Universal Fit,GUEST-94180,US,4,Very good product,The jump starter is quite good overall. It works as expected and the price is fair. Only small thing is the instructions could be clearer.,2026-06-14,Y,N,0
R51EQJVDGV2,B02T104M25,DriveGuard Jump Starter — Long Cord & Universal Fit,CUST-01760,US,5,Exactly as described,"Really impressed with the build quality of this jump starter. It arrived quickly, was packaged well, and does exactly what it promises. Excellent value.",2026-04-06,Y,N,0
R6YX1A6TWWT,B02T104M25,DriveGuard Jump Starter — Long Cord & Universal Fit,CUST-01694,US,4,Happy with this purchase,"Solid product from DriveGuard. It does what it's supposed to do. Not perfect, but for this price point it's a great buy.",2026-07-07,Y,N,3
R4QVS90TRSM,B02T104M25,DriveGuard Jump Starter — Long Cord & Universal Fit,CUST-01637,US,5,Love it!,"Really impressed with the build quality of this jump starter. It arrived quickly, was packaged well, and does exactly what it promises. Excellent value.",2026-05-09,Y,N,0
RJ4X1D0SC3G,B02T104M25,DriveGuard Jump Starter — Long Cord & Universal Fit,CUST-00343,US,4,Happy with this purchase,"Solid product from DriveGuard. It does what it's supposed to do. Not perfect, but for this price point it's a great buy.",2025-11-03,Y,N,0
R42S0LF6WGY,B02T104M25,DriveGuard Jump Starter — Long Cord & Universal Fit,GUEST-16592,US,5,Exactly as described,I've been using the jump starter for a few weeks now and it works great. Setup was easy and the quality feels solid. Would definitely recommend it to a friend.,2025-09-14,N,N,2
RLCWPPK8CBG,B0J9HPEX6X,DriveGuard Tire Pressure Gauge — Long Cord & Heavy Duty,CUST-00778,US,5,"Five stars, would buy again","Really impressed with the build quality of this tire pressure gauge. It arrived quickly, was packaged well, and does exactly what it promises. Excellent value.",2026-03-04,Y,N,8
RA09XPK5HZX,B0J9HPEX6X,DriveGuard Tire Pressure Gauge — Long Cord & Heavy Duty,CUST-00147,US,5,Best purchase this year,I've been using the tire pressure gauge for a few weeks now and it works great. Setup was easy and the quality feels solid. Would definitely recommend it to a friend.,2025-11-18,Y,N,0
RUVYZ80ZM23,B0J9HPEX6X,DriveGuard Tire Pressure Gauge — Long Cord & Heavy Duty,CUST-00027,US,4,Solid quality,Happy with this tire pressure gauge. Good quality for the money and it arrived on time. Taking one star off because the color is slightly different from the photos.,2025-12-05,Y,N,0
R3RE6G9ZZ30,B0J9HPEX6X,DriveGuard Tire Pressure Gauge — Long Cord & Heavy Duty,CUST-00381,US,5,"Five stars, would buy again",I've been using the tire pressure gauge for a few weeks now and it works great. Setup was easy and the quality feels solid. Would definitely recommend it to a friend.,2025-10-14,Y,N,2
RG884AWVT05,B0J9HPEX6X,DriveGuard Tire Pressure Gauge — Long Cord & Heavy Duty,CUST-00035,US,5,Best purchase this year,This is my second tire pressure gauge from DriveGuard and they never disappoint. The materials feel premium and it performs flawlessly so far.,2026-04-16,Y,N,1
RFGLAU8YDWE,B0J9HPEX6X,DriveGuard Tire Pressure Gauge — Long Cord & Heavy Duty,CUST-00749,US,4,Happy with this purchase,"Solid product from DriveGuard. It does what it's supposed to do. Not perfect, but for this price point it's a great buy.",2025-10-24,Y,N,3
R42FN70UU7Z,B0J9HPEX6X,DriveGuard Tire Pressure Gauge — Long Cord & Heavy Duty,CUST-00611,US,4,Great value for the price,The tire pressure gauge is quite good overall. It works as expected and the price is fair. Only small thing is the instructions could be clearer.,2026-05-26,Y,N,0
RVEZ2XSC3W4,B0J9HPEX6X,DriveGuard Tire Pressure Gauge — Long Cord & Heavy Duty,CUST-01554,US,4,Solid quality,"Solid product from DriveGuard. It does what it's supposed to do. Not perfect, but for this price point it's a great buy.",2025-05-10,Y,N,8
R1XJNJUBGQ0,B0J9HPEX6X,DriveGuard Tire Pressure Gauge — Long Cord & Heavy Duty,CUST-01275,US,1,Waste of money,Terrible quality. The tire pressure gauge stopped working after a week and getting a refund was a hassle. Would give zero stars if I could.,2025-09-18,Y,N,8
RSPJ7BVAU7L,B0J9HPEX6X,DriveGuard Tire Pressure Gauge — Long Cord & Heavy Duty,CUST-00142,US,5,Exceeded my expectations,This is my second tire pressure gauge from DriveGuard and they never disappoint. The materials feel premium and it performs flawlessly so far.,2025-04-08,Y,N,0
RC8N3750NU6,B0J9HPEX6X,DriveGuard Tire Pressure Gauge — Long Cord & Heavy Duty,GUEST-65738,US,5,Best purchase this year,This is my second tire pressure gauge from DriveGuard and they never disappoint. The materials feel premium and it performs flawlessly so far.,2025-05-16,N,N,8
RCS74H6PV88,B0PAU2ZN1D,DriveGuard Car Organizer — Heavy Duty & Easy Install,CUST-01488,US,5,Exactly as described,"Really impressed with the build quality of this car organizer. It arrived quickly, was packaged well, and does exactly what it promises. Excellent value.",2026-06-23,Y,N,12
RAARHRFKLXX,B0ZWX7WPK9,DriveGuard Seat Covers — Universal Fit & Heavy Duty,CUST-01002,US,2,Disappointed,This seat covers stopped working properly after two weeks. Customer service was slow to respond. Not a great experience.,2025-04-06,Y,N,0
RH9XM862Q0Z,B0ZWX7WPK9,DriveGuard Seat Covers — Universal Fit & Heavy Duty,CUST-01097,US,5,Exceeded my expectations,"Really impressed with the build quality of this seat covers. It arrived quickly, was packaged well, and does exactly what it promises. Excellent value.",2025-06-05,Y,N,0
R2NCVJP9U3T,B0ZWX7WPK9,DriveGuard Seat Covers — Universal Fit & Heavy Duty,CUST-00522,US,5,"Five stars, would buy again","Really impressed with the build quality of this seat covers. It arrived quickly, was packaged well, and does exactly what it promises. Excellent value.",2025-05-20,N,N,1
RFKN657B3KD,B0ZWX7WPK9,DriveGuard Seat Covers — Universal Fit & Heavy Duty,CUST-00402,US,5,Exceeded my expectations,This is my second seat covers from DriveGuard and they never disappoint. The materials feel premium and it performs flawlessly so far.,2026-05-14,Y,N,0
R2CQ8CKV7ZD,B0ZWX7WPK9,DriveGuard Seat Covers — Universal Fit & Heavy Duty,GUEST-58032,US,5,Exceeded my expectations,This is my second seat covers from DriveGuard and they never disappoint. The materials feel premium and it performs flawlessly so far.,2026-02-28,Y,N,1
RFCQ48Q7L5Z,B0ZWX7WPK9,DriveGuard Seat Covers — Universal Fit & Heavy Duty,CUST-01043,US,1,Terrible product,This seat covers is a complete waste of money. It broke within days and the seller was unhelpful. Stay away from DriveGuard.,2025-07-13,N,N,8
R1E7049GT50,B0ZWX7WPK9,DriveGuard Seat Covers — Universal Fit & Heavy Duty,CUST-01223,US,5,Exactly as described,I've been using the seat covers for a few weeks now and it works great. Setup was easy and the quality feels solid. Would definitely recommend it to a friend.,2025-04-11,Y,N,2
R9Y8B8RUK3X,B0ZWX7WPK9,DriveGuard Seat Covers — Universal Fit & Heavy Duty,CUST-00343,US,2,Would not recommend,Not thrilled with this seat covers. It feels flimsy and the performance is inconsistent. I probably wouldn't buy from DriveGuard again.,2025-07-14,N,N,12
RRN7E22PRCQ,B0ZWX7WPK9,DriveGuard Seat Covers — Universal Fit & Heavy Duty,CUST-01141,US,3,Does the job,"Mixed feelings about this seat covers. It works fine so far, but I'm not confident it will last long. Time will tell.",2025-06-17,Y,N,0
RC16YD6NPPG,B0ZWX7WPK9,DriveGuard Seat Covers — Universal Fit & Heavy Duty,CUST-00778,US,5,Love it!,I've been using the seat covers for a few weeks now and it works great. Setup was easy and the quality feels solid. Would definitely recommend it to a friend.,2026-07-16,Y,N,0
RKSM8TEM7FY,B0ZWX7WPK9,DriveGuard Seat Covers — Universal Fit & Heavy Duty,CUST-01269,US,4,Happy with this purchase,"Solid product from DriveGuard. It does what it's supposed to do. Not perfect, but for this price point it's a great buy.",2026-04-01,N,N,0
RQY9BCUUNKX,B0ZWX7WPK9,DriveGuard Seat Covers — Universal Fit & Heavy Duty,CUST-00685,US,5,"Five stars, would buy again",This is my second seat covers from DriveGuard and they never disappoint. The materials feel premium and it performs flawlessly so far.,2025-05-13,N,N,0
RQ5LSLFG79P,B0ZWX7WPK9,DriveGuard Seat Covers — Universal Fit & Heavy Duty,CUST-00870,US,5,Love it!,I've been using the seat covers for a few weeks now and it works great. Setup was easy and the quality feels solid. Would definitely recommend it to a friend.,2025-08-23,Y,N,0
RHX2BF9TUQE,B0ZWX7WPK9,DriveGuard Seat Covers — Universal Fit & Heavy Duty,CUST-00505,US,5,Best purchase this year,I've been using the seat covers for a few weeks now and it works great. Setup was easy and the quality feels solid. Would definitely recommend it to a friend.,2026-07-02,Y,N,0
RUSFX122LJJ,B0ZWX7WPK9,DriveGuard Seat Covers — Universal Fit & Heavy Duty,CUST-01564,US,4,Solid quality,Happy with this seat covers. Good quality for the money and it arrived on time. Taking one star off because the color is slightly different from the photos.,2026-04-22,Y,N,0
RUCUHSVR947,B0ZWX7WPK9,DriveGuard Seat Covers — Universal Fit & Heavy Duty,GUEST-79785,US,1,Terrible product,This seat covers is a complete waste of money. It broke within days and the seller was unhelpful. Stay away from DriveGuard.,2025-10-05,Y,N,2
R5JUDBAE113,B0ZWX7WPK9,DriveGuard Seat Covers — Universal Fit & Heavy Duty,CUST-01770,US,5,Exceeded my expectations,"Really impressed with the build quality of this seat covers. It arrived quickly, was packaged well, and does exactly what it promises. Excellent value.",2025-09-23,Y,N,12
R8J7LG7TLZ8,B0ZWX7WPK9,DriveGuard Seat Covers — Universal Fit & Heavy Duty,GUEST-33499,US,3,Average product,Average seat covers. It does the job but there's nothing special about it. If you're on a budget it's acceptable.,2025-02-16,Y,N,2
RQFH4QLVR5X,B0ZWX7WPK9,DriveGuard Seat Covers — Universal Fit & Heavy Duty,CUST-01420,US,5,Exceeded my expectations,This is my second seat covers from DriveGuard and they never disappoint. The materials feel premium and it performs flawlessly so far.,2026-05-28,Y,N,1
R15W3QSNQ85,B0ZWX7WPK9,DriveGuard Seat Covers — Universal Fit & Heavy Duty,CUST-00718,US,3,It's okay,"The seat covers is okay but I expected a bit more. It works, though the materials feel cheaper than the photos suggest. Probably fine for light use.",2025-04-07,N,N,8
R3WFSNS427R,B0ZWX7WPK9,DriveGuard Seat Covers — Universal Fit & Heavy Duty,CUST-01508,US,2,Broke quickly,Not thrilled with this seat covers. It feels flimsy and the performance is inconsistent. I probably wouldn't buy from DriveGuard again.,2026-05-17,Y,N,0
R46Y1XE3Y1V,B0ZWX7WPK9,DriveGuard Seat Covers — Universal Fit & Heavy Duty,CUST-00532,US,1,Terrible product,Arrived damaged and non-functional. The seat covers feels like cheap plastic. Very disappointed with this purchase.,2025-03-16,Y,N,5
RSU9S75ZVT9,B0KKUPJDRS,ProGrip LED Work Light — Cordless & High Torque,CUST-00918,US,5,Exactly as described,I've been using the led work light for a few weeks now and it works great. Setup was easy and the quality feels solid. Would definitely recommend it to a friend.,2025-12-27,Y,N,12
RBF26HX4AKC,B0KKUPJDRS,ProGrip LED Work Light — Cordless & High Torque,CUST-01059,US,5,Exactly as described,"Really impressed with the build quality of this led work light. It arrived quickly, was packaged well, and does exactly what it promises. Excellent value.",2026-05-19,Y,N,0
RFB7354QQ23,B0KKUPJDRS,ProGrip LED Work Light — Cordless & High Torque,CUST-01153,US,5,Exactly as described,I've been using the led work light for a few weeks now and it works great. Setup was easy and the quality feels solid. Would definitely recommend it to a friend.,2025-05-19,Y,N,0
R0PTAGG2SUR,B0KKUPJDRS,ProGrip LED Work Light — Cordless & High Torque,CUST-01080,US,4,Very good product,"Solid product from ProGrip. It does what it's supposed to do. Not perfect, but for this price point it's a great buy.",2025-11-24,Y,N,3
RGZDWT8FQJY,B0KKUPJDRS,ProGrip LED Work Light — Cordless & High Torque,CUST-01106,US,5,Exceeded my expectations,I've been using the led work light for a few weeks now and it works great. Setup was easy and the quality feels solid. Would definitely recommend it to a friend.,2025-11-30,Y,N,20
R5DGNKKM5YP,B0KKUPJDRS,ProGrip LED Work Light — Cordless & High Torque,CUST-01787,US,5,Exceeded my expectations,"Really impressed with the build quality of this led work light. It arrived quickly, was packaged well, and does exactly what it promises. Excellent value.",2026-01-29,Y,N,20
RSZPS6FU9RH,B0S19ZGCXE,EverPeak Screwdriver Set — Cordless & High Torque,CUST-01766,US,4,Very good product,The screwdriver set is quite good overall. It works as expected and the price is fair. Only small thing is the instructions could be clearer.,2026-01-11,Y,N,20
R78WWETB75Q,B0S19ZGCXE,EverPeak Screwdriver Set — Cordless & High Torque,CUST-00725,US,5,Love it!,I've been using the screwdriver set for a few weeks now and it works great. Setup was easy and the quality feels solid. Would definitely recommend it to a friend.,2026-05-03,Y,N,0
RGCP3MHR3LD,B0S19ZGCXE,EverPeak Screwdriver Set — Cordless & High Torque,CUST-01482,US,5,Exceeded my expectations,This is my second screwdriver set from EverPeak and they never disappoint. The materials feel premium and it performs flawlessly so far.,2026-05-07,Y,N,0
RSAW4Y58UFK,B0S19ZGCXE,EverPeak Screwdriver Set — Cordless & High Torque,CUST-00687,US,5,Exceeded my expectations,This is my second screwdriver set from EverPeak and they never disappoint. The materials feel premium and it performs flawlessly so far.,2025-04-08,Y,N,2
R6FTNUVNT0D,B0A30AC946,ProGrip Stud Finder — Ergonomic Grip & Rust Resistant,CUST-00245,US,5,Exactly as described,"Really impressed with the build quality of this stud finder. It arrived quickly, was packaged well, and does exactly what it promises. Excellent value.",2025-12-27,Y,N,0
R3C6D78UV0S,B0A30AC946,ProGrip Stud Finder — Ergonomic Grip & Rust Resistant,CUST-01070,US,5,Best purchase this year,"Really impressed with the build quality of this stud finder. It arrived quickly, was packaged well, and does exactly what it promises. Excellent value.",2025-02-05,Y,N,0
R6KKTFKDTQL,B0A30AC946,ProGrip Stud Finder — Ergonomic Grip & Rust Resistant,CUST-01190,US,4,Great value for the price,"Solid product from ProGrip. It does what it's supposed to do. Not perfect, but for this price point it's a great buy.",2026-05-22,N,N,12
RFW0C0WJA66,B0A30AC946,ProGrip Stud Finder — Ergonomic Grip & Rust Resistant,CUST-00069,US,4,Very good product,"Solid product from ProGrip. It does what it's supposed to do. Not perfect, but for this price point it's a great buy.",2026-05-05,Y,N,0
RBWP7CW9CVN,B0A30AC946,ProGrip Stud Finder — Ergonomic Grip & Rust Resistant,CUST-00808,US,5,Love it!,"Really impressed with the build quality of this stud finder. It arrived quickly, was packaged well, and does exactly what it promises. Excellent value.",2025-08-15,Y,N,0
R31K23Z0EDA,B0A30AC946,ProGrip Stud Finder — Ergonomic Grip & Rust Resistant,CUST-00515,US,5,Exactly as described,"Really impressed with the build quality of this stud finder. It arrived quickly, was packaged well, and does exactly what it promises. Excellent value.",2026-03-09,N,N,0
R8EHXYGS819,B0A30AC946,ProGrip Stud Finder — Ergonomic Grip & Rust Resistant,CUST-01041,US,4,Solid quality,Happy with this stud finder. Good quality for the money and it arrived on time. Taking one star off because the color is slightly different from the photos.,2026-02-06,N,N,0
R405H2ZYFZJ,B0A30AC946,ProGrip Stud Finder — Ergonomic Grip & Rust Resistant,CUST-00888,US,4,"Good, with minor nitpicks",The stud finder is quite good overall. It works as expected and the price is fair. Only small thing is the instructions could be clearer.,2026-02-07,Y,N,5
R2VPLL01XF5,B0A30AC946,ProGrip Stud Finder — Ergonomic Grip & Rust Resistant,CUST-01570,US,5,Best purchase this year,I've been using the stud finder for a few weeks now and it works great. Setup was easy and the quality feels solid. Would definitely recommend it to a friend.,2026-05-16,Y,N,8
RLWGJJ6USC5,B0A30AC946,ProGrip Stud Finder — Ergonomic Grip & Rust Resistant,GUEST-66496,US,4,Solid quality,Happy with this stud finder. Good quality for the money and it arrived on time. Taking one star off because the color is slightly different from the photos.,2025-12-16,Y,N,0
RWBUY8DWF8M,B0A30AC946,ProGrip Stud Finder — Ergonomic Grip & Rust Resistant,CUST-00970,US,5,Love it!,I've been using the stud finder for a few weeks now and it works great. Setup was easy and the quality feels solid. Would definitely recommend it to a friend.,2026-07-09,Y,N,2
R778TTXPNUB,B09D2WWZK5,EverPeak Cordless Drill — Cordless & High Torque,CUST-01368,US,5,Love it!,"Really impressed with the build quality of this cordless drill. It arrived quickly, was packaged well, and does exactly what it promises. Excellent value.",2025-04-07,N,N,0
RUU5YT7QMAL,B09D2WWZK5,EverPeak Cordless Drill — Cordless & High Torque,CUST-01538,US,4,Solid quality,"Solid product from EverPeak. It does what it's supposed to do. Not perfect, but for this price point it's a great buy.",2025-02-26,Y,N,3
R7G8Z1VB26U,B088ML63AY,ProGrip Socket Set — Rust Resistant & Ergonomic Grip,GUEST-71202,US,1,Do not buy,Terrible quality. The socket set stopped working after a week and getting a refund was a hassle. Would give zero stars if I could.,2026-01-06,Y,N,0
RPHK903BN5H,B088ML63AY,ProGrip Socket Set — Rust Resistant & Ergonomic Grip,CUST-00634,US,5,"Five stars, would buy again","Really impressed with the build quality of this socket set. It arrived quickly, was packaged well, and does exactly what it promises. Excellent value.",2026-02-16,Y,N,2
R5LNUQTBZMS,B088ML63AY,ProGrip Socket Set — Rust Resistant & Ergonomic Grip,CUST-00084,US,5,"Five stars, would buy again",I've been using the socket set for a few weeks now and it works great. Setup was easy and the quality feels solid. Would definitely recommend it to a friend.,2026-02-28,N,N,12
RA1857UK02T,B088ML63AY,ProGrip Socket Set — Rust Resistant & Ergonomic Grip,CUST-00758,US,4,Great value for the price,"Solid product from ProGrip. It does what it's supposed to do. Not perfect, but for this price point it's a great buy.",2025-08-21,Y,N,2
RUS6BLWH17R,B088ML63AY,ProGrip Socket Set — Rust Resistant & Ergonomic Grip,CUST-01575,US,3,Does the job,Average socket set. It does the job but there's nothing special about it. If you're on a budget it's acceptable.,2025-05-19,Y,N,0
RNM5DAD7WPF,B088ML63AY,ProGrip Socket Set — Rust Resistant & Ergonomic Grip,CUST-01128,US,4,Great value for the price,The socket set is quite good overall. It works as expected and the price is fair. Only small thing is the instructions could be clearer.,2026-02-07,Y,N,0
RFK7FXT29QM,B0LPG6DAQM,EverPeak Tool Bag — Rust Resistant & Ergonomic Grip,CUST-00271,US,5,Exceeded my expectations,This is my second tool bag from EverPeak and they never disappoint. The materials feel premium and it performs flawlessly so far.,2026-03-31,Y,N,0
R71DRMRU466,B0LPG6DAQM,EverPeak Tool Bag — Rust Resistant & Ergonomic Grip,CUST-01484,US,4,Solid quality,"Solid product from EverPeak. It does what it's supposed to do. Not perfect, but for this price point it's a great buy.",2026-02-16,Y,N,2
RMF9M37X7UW,B0LPG6DAQM,EverPeak Tool Bag — Rust Resistant & Ergonomic Grip,CUST-01628,US,2,Disappointed,Not thrilled with this tool bag. It feels flimsy and the performance is inconsistent. I probably wouldn't buy from EverPeak again.,2025-07-05,Y,N,12
RAN9H4NX49A,B0LPG6DAQM,EverPeak Tool Bag — Rust Resistant & Ergonomic Grip,CUST-00540,US,4,Great value for the price,The tool bag is quite good overall. It works as expected and the price is fair. Only small thing is the instructions could be clearer.,2025-12-28,Y,N,3
R26LYTXXLPN,B0LPG6DAQM,EverPeak Tool Bag — Rust Resistant & Ergonomic Grip,CUST-00032,US,2,Quality could be better,This tool bag stopped working properly after two weeks. Customer service was slow to respond. Not a great experience.,2025-04-26,Y,N,20
RKJM7TXSSC3,B0LPG6DAQM,EverPeak Tool Bag — Rust Resistant & Ergonomic Grip,CUST-01667,US,4,Great value for the price,"Solid product from EverPeak. It does what it's supposed to do. Not perfect, but for this price point it's a great buy.",2025-11-18,N,N,20
RTTMF2AX0WX,B085JJ3ZXF,PureGlo Electric Toothbrush — Long Lasting & Dermatologist Tested,CUST-01240,US,3,Does the job,"Mixed feelings about this electric toothbrush. It works fine so far, but I'm not confident it will last long. Time will tell.",2025-03-01,Y,N,0
R4KJEPYD6CC,B01NLXW82L,LittleNest Bassinet — Safety Certified & BPA-Free,CUST-01421,US,5,Exceeded my expectations,"Really impressed with the build quality of this bassinet. It arrived quickly, was packaged well, and does exactly what it promises. Excellent value.",2026-04-29,Y,N,0
RF5CSEMG7J0,B08H6XVAML,EverPeak Gaming Mouse — RGB Backlit & Compact Design,CUST-01299,US,5,Best purchase this year,I've been using the gaming mouse for a few weeks now and it works great. Setup was easy and the quality feels solid. Would definitely recommend it to a friend.,2025-09-16,Y,N,5
RSCRV64B9YT,B0FTQRA6A1,DriveGuard Dash Cam — Heavy Duty & Easy Install,GUEST-96501,US,5,Best purchase this year,This is my second dash cam from DriveGuard and they never disappoint. The materials feel premium and it performs flawlessly so far.,2025-06-16,Y,N,3
